INFO 08-14 23:17:32 launcher.py:102] init_router: ravel_unified
INFO 08-14 23:17:32 request_generator.py:339] Generating 500 JITServe requests with SLO profile=paper_collective, ratio=None, native_mean_gap=0.0227s, time_scale=0.2500, arrival_speedup=4.0000
INFO 08-14 23:17:33 shared.py:299] Adding task for request 0 to replica 2,session_id=0
DEBUG 08-14 23:17:33 replica.py:226] add_request - replica_id=[2], request=0,self.replica_slo_budget-sum_pending_tokens==current_budget:True,1048576-383==1048193
INFO 08-14 23:17:33 open_ai.py:115] async_send_request:request._id=0,session=0,https://u722127-b80a-4e3f9d5d.cqa1.seetacloud.com:8443
INFO 08-14 23:17:33 shared.py:299] Adding task for request 1 to replica 3,session_id=1
DEBUG 08-14 23:17:33 replica.py:226] add_request - replica_id=[3], request=1,self.replica_slo_budget-sum_pending_tokens==current_budget:True,1048576-341==1048235
INFO 08-14 23:17:33 open_ai.py:115] async_send_request:request._id=1,session=1,https://uu722127-b80a-4e3f9d5d.cqa1.seetacloud.com:8443
INFO 08-14 23:17:34 shared.py:299] Adding task for request 2 to replica 3,session_id=2
DEBUG 08-14 23:17:34 replica.py:226] add_request - replica_id=[3], request=2,self.replica_slo_budget-sum_pending_tokens==current_budget:True,1048576-697==1047879
INFO 08-14 23:17:34 open_ai.py:115] async_send_request:request._id=2,session=2,https://uu722127-b80a-4e3f9d5d.cqa1.seetacloud.com:8443
DEBUG 08-14 23:17:34 open_ai.py:335] async_send_request: request finish prefill, 0
INFO 08-14 23:17:34 open_ai.py:352] async_send_request: prefill completed: req=0,replica_id=2
DEBUG 08-14 23:17:34 replica.py:146] complete_request_prefill: replica_id=[2], request=0, current_budget=383,last_prefill_completed_at=30614662.15874881,last_ttft=0.1813
DEBUG 08-14 23:17:34 replica.py:153] complete_request_prefill - replica_id=[2], request=0,self.replica_slo_budget-sum_pending_tokens==current_budget:True,1048576-0==1048576
INFO 08-14 23:17:34 shared.py:299] Adding task for request 3 to replica 1,session_id=3
DEBUG 08-14 23:17:34 replica.py:226] add_request - replica_id=[1], request=3,self.replica_slo_budget-sum_pending_tokens==current_budget:True,1048576-353==1048223
INFO 08-14 23:17:34 open_ai.py:115] async_send_request:request._id=3,session=3,127.0.0.1:8001
INFO 08-14 23:17:34 shared.py:299] Adding task for request 4 to replica 0,session_id=4
DEBUG 08-14 23:17:34 replica.py:226] add_request - replica_id=[0], request=4,self.replica_slo_budget-sum_pending_tokens==current_budget:True,1048576-351==1048225
INFO 08-14 23:17:34 open_ai.py:115] async_send_request:request._id=4,session=4,127.0.0.1:8000
DEBUG 08-14 23:17:34 open_ai.py:335] async_send_request: request finish prefill, 1
INFO 08-14 23:17:34 open_ai.py:352] async_send_request: prefill completed: req=1,replica_id=3
DEBUG 08-14 23:17:34 replica.py:146] complete_request_prefill: replica_id=[3], request=1, current_budget=341,last_prefill_completed_at=30614662.206184752,last_ttft=0.2128
DEBUG 08-14 23:17:34 replica.py:153] complete_request_prefill - replica_id=[3], request=1,self.replica_slo_budget-sum_pending_tokens==current_budget:True,1048576-356==1048220
INFO 08-14 23:17:34 shared.py:299] Adding task for request 5 to replica 2,session_id=5
DEBUG 08-14 23:17:34 replica.py:226] add_request - replica_id=[2], request=5,self.replica_slo_budget-sum_pending_tokens==current_budget:True,1048576-349==1048227
INFO 08-14 23:17:34 open_ai.py:115] async_send_request:request._id=5,session=5,https://u722127-b80a-4e3f9d5d.cqa1.seetacloud.com:8443
DEBUG 08-14 23:17:34 open_ai.py:335] async_send_request: request finish prefill, 3
INFO 08-14 23:17:34 open_ai.py:352] async_send_request: prefill completed: req=3,replica_id=1
DEBUG 08-14 23:17:34 replica.py:146] complete_request_prefill: replica_id=[1], request=3, current_budget=353,last_prefill_completed_at=30614662.23415221,last_ttft=0.0608
DEBUG 08-14 23:17:34 replica.py:153] complete_request_prefill - replica_id=[1], request=3,self.replica_slo_budget-sum_pending_tokens==current_budget:True,1048576-0==1048576
DEBUG 08-14 23:17:34 open_ai.py:335] async_send_request: request finish prefill, 4
INFO 08-14 23:17:34 open_ai.py:352] async_send_request: prefill completed: req=4,replica_id=0
DEBUG 08-14 23:17:34 replica.py:146] complete_request_prefill: replica_id=[0], request=4, current_budget=351,last_prefill_completed_at=30614662.240855064,last_ttft=0.0627
DEBUG 08-14 23:17:34 replica.py:153] complete_request_prefill - replica_id=[0], request=4,self.replica_slo_budget-sum_pending_tokens==current_budget:True,1048576-0==1048576
INFO 08-14 23:17:34 shared.py:299] Adding task for request 6 to replica 2,session_id=1
DEBUG 08-14 23:17:34 replica.py:226] add_request - replica_id=[2], request=6,self.replica_slo_budget-sum_pending_tokens==current_budget:True,1048576-491==1048085
INFO 08-14 23:17:34 open_ai.py:115] async_send_request:request._id=6,session=1,https://u722127-b80a-4e3f9d5d.cqa1.seetacloud.com:8443
INFO 08-14 23:17:34 shared.py:299] Adding task for request 10 to replica 3,session_id=0
DEBUG 08-14 23:17:34 replica.py:226] add_request - replica_id=[3], request=10,self.replica_slo_budget-sum_pending_tokens==current_budget:True,1048576-510==1048066
INFO 08-14 23:17:34 shared.py:299] Adding task for request 11 to replica 0,session_id=0
DEBUG 08-14 23:17:34 replica.py:226] add_request - replica_id=[0], request=11,self.replica_slo_budget-sum_pending_tokens==current_budget:True,1048576-146==1048430
INFO 08-14 23:17:34 shared.py:299] Adding task for request 7 to replica 0,session_id=6
DEBUG 08-14 23:17:34 replica.py:226] add_request - replica_id=[0], request=7,self.replica_slo_budget-sum_pending_tokens==current_budget:True,1048576-526==1048050
INFO 08-14 23:17:34 shared.py:299] Adding task for request 8 to replica 1,session_id=7
DEBUG 08-14 23:17:34 replica.py:226] add_request - replica_id=[1], request=8,self.replica_slo_budget-sum_pending_tokens==current_budget:True,1048576-351==1048225
INFO 08-14 23:17:34 open_ai.py:115] async_send_request:request._id=10,session=0,https://uu722127-b80a-4e3f9d5d.cqa1.seetacloud.com:8443
INFO 08-14 23:17:34 open_ai.py:115] async_send_request:request._id=11,session=0,127.0.0.1:8000
INFO 08-14 23:17:34 open_ai.py:115] async_send_request:request._id=7,session=6,127.0.0.1:8000
INFO 08-14 23:17:34 open_ai.py:115] async_send_request:request._id=8,session=7,127.0.0.1:8001
INFO 08-14 23:17:34 shared.py:299] Adding task for request 9 to replica 4,session_id=8
DEBUG 08-14 23:17:34 replica.py:226] add_request - replica_id=[4], request=9,self.replica_slo_budget-sum_pending_tokens==current_budget:True,1048576-350==1048226
INFO 08-14 23:17:34 open_ai.py:115] async_send_request:request._id=9,session=8,https://u722127-8cb5-f6dc13db.nmb1.seetacloud.com:8443
INFO 08-14 23:17:34 shared.py:299] Adding task for request 12 to replica 1,session_id=9
DEBUG 08-14 23:17:34 replica.py:226] add_request - replica_id=[1], request=12,self.replica_slo_budget-sum_pending_tokens==current_budget:True,1048576-724==1047852
INFO 08-14 23:17:34 shared.py:299] Adding task for request 13 to replica 4,session_id=10
DEBUG 08-14 23:17:34 replica.py:226] add_request - replica_id=[4], request=13,self.replica_slo_budget-sum_pending_tokens==current_budget:True,1048576-2378==1046198
INFO 08-14 23:17:34 open_ai.py:115] async_send_request:request._id=12,session=9,127.0.0.1:8001
INFO 08-14 23:17:34 open_ai.py:115] async_send_request:request._id=13,session=10,https://u722127-8cb5-f6dc13db.nmb1.seetacloud.com:8443
INFO 08-14 23:17:34 shared.py:299] Adding task for request 15 to replica 1,session_id=12
DEBUG 08-14 23:17:34 replica.py:226] add_request - replica_id=[1], request=15,self.replica_slo_budget-sum_pending_tokens==current_budget:True,1048576-1165==1047411
INFO 08-14 23:17:34 shared.py:299] Adding task for request 14 to replica 1,session_id=11
DEBUG 08-14 23:17:34 replica.py:226] add_request - replica_id=[1], request=14,self.replica_slo_budget-sum_pending_tokens==current_budget:True,1048576-1516==1047060
INFO 08-14 23:17:34 open_ai.py:115] async_send_request:request._id=15,session=12,127.0.0.1:8001
INFO 08-14 23:17:34 open_ai.py:115] async_send_request:request._id=14,session=11,127.0.0.1:8001
INFO 08-14 23:17:34 shared.py:299] Adding task for request 16 to replica 4,session_id=13
DEBUG 08-14 23:17:34 replica.py:226] add_request - replica_id=[4], request=16,self.replica_slo_budget-sum_pending_tokens==current_budget:True,1048576-2721==1045855
INFO 08-14 23:17:34 open_ai.py:115] async_send_request:request._id=16,session=13,https://u722127-8cb5-f6dc13db.nmb1.seetacloud.com:8443
DEBUG 08-14 23:17:34 open_ai.py:335] async_send_request: request finish prefill, 7
INFO 08-14 23:17:34 open_ai.py:352] async_send_request: prefill completed: req=7,replica_id=0
DEBUG 08-14 23:17:34 replica.py:146] complete_request_prefill: replica_id=[0], request=7, current_budget=380,last_prefill_completed_at=30614662.32176863,last_ttft=0.0801
DEBUG 08-14 23:17:34 replica.py:153] complete_request_prefill - replica_id=[0], request=7,self.replica_slo_budget-sum_pending_tokens==current_budget:True,1048576-146==1048430
DEBUG 08-14 23:17:34 open_ai.py:335] async_send_request: request finish prefill, 11
INFO 08-14 23:17:34 open_ai.py:352] async_send_request: prefill completed: req=11,replica_id=0
DEBUG 08-14 23:17:34 replica.py:146] complete_request_prefill: replica_id=[0], request=11, current_budget=146,last_prefill_completed_at=30614662.32219853,last_ttft=0.0711
DEBUG 08-14 23:17:34 replica.py:153] complete_request_prefill - replica_id=[0], request=11,self.replica_slo_budget-sum_pending_tokens==current_budget:True,1048576-0==1048576
INFO 08-14 23:17:34 shared.py:299] Adding task for request 17 to replica 2,session_id=14
DEBUG 08-14 23:17:34 replica.py:226] add_request - replica_id=[2], request=17,self.replica_slo_budget-sum_pending_tokens==current_budget:True,1048576-845==1047731
INFO 08-14 23:17:34 open_ai.py:115] async_send_request:request._id=17,session=14,https://u722127-b80a-4e3f9d5d.cqa1.seetacloud.com:8443
DEBUG 08-14 23:17:34 open_ai.py:335] async_send_request: request finish prefill, 8
INFO 08-14 23:17:34 open_ai.py:352] async_send_request: prefill completed: req=8,replica_id=1
DEBUG 08-14 23:17:34 replica.py:146] complete_request_prefill: replica_id=[1], request=8, current_budget=351,last_prefill_completed_at=30614662.332740486,last_ttft=0.0886
DEBUG 08-14 23:17:34 replica.py:153] complete_request_prefill - replica_id=[1], request=8,self.replica_slo_budget-sum_pending_tokens==current_budget:True,1048576-1165==1047411
DEBUG 08-14 23:17:34 open_ai.py:335] async_send_request: request finish prefill, 12
INFO 08-14 23:17:34 open_ai.py:352] async_send_request: prefill completed: req=12,replica_id=1
DEBUG 08-14 23:17:34 replica.py:146] complete_request_prefill: replica_id=[1], request=12, current_budget=373,last_prefill_completed_at=30614662.333190672,last_ttft=0.0796
DEBUG 08-14 23:17:34 replica.py:153] complete_request_prefill - replica_id=[1], request=12,self.replica_slo_budget-sum_pending_tokens==current_budget:True,1048576-792==1047784
DEBUG 08-14 23:17:34 open_ai.py:335] async_send_request: request finish prefill, 2
INFO 08-14 23:17:34 open_ai.py:352] async_send_request: prefill completed: req=2,replica_id=3
DEBUG 08-14 23:17:34 replica.py:146] complete_request_prefill: replica_id=[3], request=2, current_budget=356,last_prefill_completed_at=30614662.34486929,last_ttft=0.1962
DEBUG 08-14 23:17:34 replica.py:153] complete_request_prefill - replica_id=[3], request=2,self.replica_slo_budget-sum_pending_tokens==current_budget:True,1048576-154==1048422
INFO 08-14 23:17:34 shared.py:299] Adding task for request 18 to replica 3,session_id=15
DEBUG 08-14 23:17:34 replica.py:226] add_request - replica_id=[3], request=18,self.replica_slo_budget-sum_pending_tokens==current_budget:True,1048576-3590==1044986
INFO 08-14 23:17:34 open_ai.py:115] async_send_request:request._id=18,session=15,https://uu722127-b80a-4e3f9d5d.cqa1.seetacloud.com:8443
DEBUG 08-14 23:17:34 open_ai.py:335] async_send_request: request finish prefill, 15
INFO 08-14 23:17:34 open_ai.py:352] async_send_request: prefill completed: req=15,replica_id=1
DEBUG 08-14 23:17:34 replica.py:146] complete_request_prefill: replica_id=[1], request=15, current_budget=441,last_prefill_completed_at=30614662.37096354,last_ttft=0.0868
DEBUG 08-14 23:17:34 replica.py:153] complete_request_prefill - replica_id=[1], request=15,self.replica_slo_budget-sum_pending_tokens==current_budget:True,1048576-351==1048225
DEBUG 08-14 23:17:34 open_ai.py:335] async_send_request: request finish prefill, 14
INFO 08-14 23:17:34 open_ai.py:352] async_send_request: prefill completed: req=14,replica_id=1
DEBUG 08-14 23:17:34 replica.py:146] complete_request_prefill: replica_id=[1], request=14, current_budget=351,last_prefill_completed_at=30614662.371247154,last_ttft=0.0885
DEBUG 08-14 23:17:34 replica.py:153] complete_request_prefill - replica_id=[1], request=14,self.replica_slo_budget-sum_pending_tokens==current_budget:True,1048576-0==1048576
INFO 08-14 23:17:34 shared.py:299] Adding task for request 19 to replica 1,session_id=16
DEBUG 08-14 23:17:34 replica.py:226] add_request - replica_id=[1], request=19,self.replica_slo_budget-sum_pending_tokens==current_budget:True,1048576-344==1048232
INFO 08-14 23:17:34 shared.py:299] Adding task for request 20 to replica 1,session_id=17
DEBUG 08-14 23:17:34 replica.py:226] add_request - replica_id=[1], request=20,self.replica_slo_budget-sum_pending_tokens==current_budget:True,1048576-688==1047888
INFO 08-14 23:17:34 open_ai.py:115] async_send_request:request._id=19,session=16,127.0.0.1:8001
INFO 08-14 23:17:34 open_ai.py:115] async_send_request:request._id=20,session=17,127.0.0.1:8001
INFO 08-14 23:17:34 shared.py:299] Adding task for request 21 to replica 1,session_id=18
DEBUG 08-14 23:17:34 replica.py:226] add_request - replica_id=[1], request=21,self.replica_slo_budget-sum_pending_tokens==current_budget:True,1048576-1041==1047535
INFO 08-14 23:17:34 shared.py:299] Adding task for request 22 to replica 1,session_id=19
DEBUG 08-14 23:17:34 replica.py:226] add_request - replica_id=[1], request=22,self.replica_slo_budget-sum_pending_tokens==current_budget:True,1048576-1388==1047188
INFO 08-14 23:17:34 open_ai.py:115] async_send_request:request._id=21,session=18,127.0.0.1:8001
INFO 08-14 23:17:34 open_ai.py:115] async_send_request:request._id=22,session=19,127.0.0.1:8001
INFO 08-14 23:17:34 shared.py:299] Adding task for request 23 to replica 4,session_id=20
DEBUG 08-14 23:17:34 replica.py:226] add_request - replica_id=[4], request=23,self.replica_slo_budget-sum_pending_tokens==current_budget:True,1048576-3128==1045448
INFO 08-14 23:17:34 shared.py:299] Adding task for request 24 to replica 4,session_id=21
DEBUG 08-14 23:17:34 replica.py:226] add_request - replica_id=[4], request=24,self.replica_slo_budget-sum_pending_tokens==current_budget:True,1048576-3479==1045097
INFO 08-14 23:17:34 open_ai.py:115] async_send_request:request._id=23,session=20,https://u722127-8cb5-f6dc13db.nmb1.seetacloud.com:8443
INFO 08-14 23:17:34 open_ai.py:115] async_send_request:request._id=24,session=21,https://u722127-8cb5-f6dc13db.nmb1.seetacloud.com:8443
DEBUG 08-14 23:17:34 open_ai.py:335] async_send_request: request finish prefill, 5
INFO 08-14 23:17:34 open_ai.py:352] async_send_request: prefill completed: req=5,replica_id=2
DEBUG 08-14 23:17:34 replica.py:146] complete_request_prefill: replica_id=[2], request=5, current_budget=349,last_prefill_completed_at=30614662.40600465,last_ttft=0.2079
DEBUG 08-14 23:17:34 replica.py:153] complete_request_prefill - replica_id=[2], request=5,self.replica_slo_budget-sum_pending_tokens==current_budget:True,1048576-496==1048080
INFO 08-14 23:17:34 shared.py:299] Adding task for request 28 to replica 1,session_id=25
DEBUG 08-14 23:17:34 replica.py:226] add_request - replica_id=[1], request=28,self.replica_slo_budget-sum_pending_tokens==current_budget:True,1048576-1739==1046837
INFO 08-14 23:17:34 shared.py:299] Adding task for request 25 to replica 1,session_id=22
DEBUG 08-14 23:17:34 replica.py:226] add_request - replica_id=[1], request=25,self.replica_slo_budget-sum_pending_tokens==current_budget:True,1048576-2083==1046493
INFO 08-14 23:17:34 shared.py:299] Adding task for request 26 to replica 1,session_id=23
DEBUG 08-14 23:17:34 replica.py:226] add_request - replica_id=[1], request=26,self.replica_slo_budget-sum_pending_tokens==current_budget:True,1048576-2474==1046102
INFO 08-14 23:17:34 shared.py:299] Adding task for request 27 to replica 4,session_id=24
DEBUG 08-14 23:17:34 replica.py:226] add_request - replica_id=[4], request=27,self.replica_slo_budget-sum_pending_tokens==current_budget:True,1048576-3951==1044625
INFO 08-14 23:17:34 open_ai.py:115] async_send_request:request._id=28,session=25,127.0.0.1:8001
INFO 08-14 23:17:34 open_ai.py:115] async_send_request:request._id=25,session=22,127.0.0.1:8001
INFO 08-14 23:17:34 open_ai.py:115] async_send_request:request._id=26,session=23,127.0.0.1:8001
INFO 08-14 23:17:34 open_ai.py:115] async_send_request:request._id=27,session=24,https://u722127-8cb5-f6dc13db.nmb1.seetacloud.com:8443
INFO 08-14 23:17:34 shared.py:299] Adding task for request 30 to replica 2,session_id=4
DEBUG 08-14 23:17:34 replica.py:226] add_request - replica_id=[2], request=30,self.replica_slo_budget-sum_pending_tokens==current_budget:True,1048576-662==1047914
INFO 08-14 23:17:34 open_ai.py:115] async_send_request:request._id=30,session=4,https://u722127-b80a-4e3f9d5d.cqa1.seetacloud.com:8443
INFO 08-14 23:17:34 shared.py:299] Adding task for request 29 to replica 4,session_id=26
DEBUG 08-14 23:17:34 replica.py:226] add_request - replica_id=[4], request=29,self.replica_slo_budget-sum_pending_tokens==current_budget:True,1048576-4318==1044258
INFO 08-14 23:17:34 open_ai.py:115] async_send_request:request._id=29,session=26,https://u722127-8cb5-f6dc13db.nmb1.seetacloud.com:8443
DEBUG 08-14 23:17:34 open_ai.py:335] async_send_request: request finish prefill, 6
INFO 08-14 23:17:34 open_ai.py:352] async_send_request: prefill completed: req=6,replica_id=2
DEBUG 08-14 23:17:34 replica.py:146] complete_request_prefill: replica_id=[2], request=6, current_budget=142,last_prefill_completed_at=30614662.429305237,last_ttft=0.2039
DEBUG 08-14 23:17:34 replica.py:153] complete_request_prefill - replica_id=[2], request=6,self.replica_slo_budget-sum_pending_tokens==current_budget:True,1048576-520==1048056
DEBUG 08-14 23:17:34 open_ai.py:335] async_send_request: request finish prefill, 10
INFO 08-14 23:17:34 open_ai.py:352] async_send_request: prefill completed: req=10,replica_id=3
DEBUG 08-14 23:17:34 replica.py:146] complete_request_prefill: replica_id=[3], request=10, current_budget=154,last_prefill_completed_at=30614662.431574114,last_ttft=0.1813
DEBUG 08-14 23:17:34 replica.py:153] complete_request_prefill - replica_id=[3], request=10,self.replica_slo_budget-sum_pending_tokens==current_budget:True,1048576-3436==1045140
INFO 08-14 23:17:34 shared.py:299] Adding task for request 31 to replica 2,session_id=27
DEBUG 08-14 23:17:34 replica.py:226] add_request - replica_id=[2], request=31,self.replica_slo_budget-sum_pending_tokens==current_budget:True,1048576-860==1047716
INFO 08-14 23:17:34 open_ai.py:115] async_send_request:request._id=31,session=27,https://u722127-b80a-4e3f9d5d.cqa1.seetacloud.com:8443
INFO 08-14 23:17:34 shared.py:299] Adding task for request 34 to replica 0,session_id=2
DEBUG 08-14 23:17:34 replica.py:226] add_request - replica_id=[0], request=34,self.replica_slo_budget-sum_pending_tokens==current_budget:True,1048576-146==1048430
INFO 08-14 23:17:34 shared.py:299] Adding task for request 33 to replica 1,session_id=2
DEBUG 08-14 23:17:34 replica.py:226] add_request - replica_id=[1], request=33,self.replica_slo_budget-sum_pending_tokens==current_budget:True,1048576-2624==1045952
INFO 08-14 23:17:34 shared.py:299] Adding task for request 32 to replica 3,session_id=5
DEBUG 08-14 23:17:34 replica.py:226] add_request - replica_id=[3], request=32,self.replica_slo_budget-sum_pending_tokens==current_budget:True,1048576-3580==1044996
INFO 08-14 23:17:34 open_ai.py:115] async_send_request:request._id=34,session=2,127.0.0.1:8000
INFO 08-14 23:17:34 open_ai.py:115] async_send_request:request._id=33,session=2,127.0.0.1:8001
INFO 08-14 23:17:34 open_ai.py:115] async_send_request:request._id=32,session=5,https://uu722127-b80a-4e3f9d5d.cqa1.seetacloud.com:8443
INFO 08-14 23:17:34 shared.py:299] Adding task for request 35 to replica 3,session_id=2
DEBUG 08-14 23:17:34 replica.py:226] add_request - replica_id=[3], request=35,self.replica_slo_budget-sum_pending_tokens==current_budget:True,1048576-3728==1044848
INFO 08-14 23:17:34 open_ai.py:115] async_send_request:request._id=35,session=2,https://uu722127-b80a-4e3f9d5d.cqa1.seetacloud.com:8443
INFO 08-14 23:17:34 shared.py:299] Adding task for request 36 to replica 2,session_id=3
DEBUG 08-14 23:17:34 replica.py:226] add_request - replica_id=[2], request=36,self.replica_slo_budget-sum_pending_tokens==current_budget:True,1048576-1012==1047564
INFO 08-14 23:17:34 shared.py:299] Adding task for request 37 to replica 4,session_id=28
DEBUG 08-14 23:17:34 replica.py:226] add_request - replica_id=[4], request=37,self.replica_slo_budget-sum_pending_tokens==current_budget:True,1048576-4661==1043915
INFO 08-14 23:17:34 open_ai.py:115] async_send_request:request._id=36,session=3,https://u722127-b80a-4e3f9d5d.cqa1.seetacloud.com:8443
INFO 08-14 23:17:34 open_ai.py:115] async_send_request:request._id=37,session=28,https://u722127-8cb5-f6dc13db.nmb1.seetacloud.com:8443
INFO 08-14 23:17:34 shared.py:299] Adding task for request 38 to replica 4,session_id=29
DEBUG 08-14 23:17:34 replica.py:226] add_request - replica_id=[4], request=38,self.replica_slo_budget-sum_pending_tokens==current_budget:True,1048576-5048==1043528
INFO 08-14 23:17:34 open_ai.py:115] async_send_request:request._id=38,session=29,https://u722127-8cb5-f6dc13db.nmb1.seetacloud.com:8443
INFO 08-14 23:17:34 shared.py:299] Adding task for request 39 to replica 4,session_id=30
DEBUG 08-14 23:17:34 replica.py:226] add_request - replica_id=[4], request=39,self.replica_slo_budget-sum_pending_tokens==current_budget:True,1048576-5401==1043175
INFO 08-14 23:17:34 open_ai.py:115] async_send_request:request._id=39,session=30,https://u722127-8cb5-f6dc13db.nmb1.seetacloud.com:8443
INFO 08-14 23:17:34 shared.py:299] Adding task for request 40 to replica 4,session_id=31
DEBUG 08-14 23:17:34 replica.py:226] add_request - replica_id=[4], request=40,self.replica_slo_budget-sum_pending_tokens==current_budget:True,1048576-5748==1042828
INFO 08-14 23:17:34 open_ai.py:115] async_send_request:request._id=40,session=31,https://u722127-8cb5-f6dc13db.nmb1.seetacloud.com:8443
INFO 08-14 23:17:34 shared.py:299] Adding task for request 41 to replica 4,session_id=32
DEBUG 08-14 23:17:34 replica.py:226] add_request - replica_id=[4], request=41,self.replica_slo_budget-sum_pending_tokens==current_budget:True,1048576-6103==1042473
INFO 08-14 23:17:34 open_ai.py:115] async_send_request:request._id=41,session=32,https://u722127-8cb5-f6dc13db.nmb1.seetacloud.com:8443
DEBUG 08-14 23:17:34 open_ai.py:335] async_send_request: request finish prefill, 13
INFO 08-14 23:17:34 open_ai.py:352] async_send_request: prefill completed: req=13,replica_id=4
DEBUG 08-14 23:17:34 replica.py:146] complete_request_prefill: replica_id=[4], request=13, current_budget=2028,last_prefill_completed_at=30614662.494208172,last_ttft=0.2311
DEBUG 08-14 23:17:34 replica.py:153] complete_request_prefill - replica_id=[4], request=13,self.replica_slo_budget-sum_pending_tokens==current_budget:True,1048576-4075==1044501
DEBUG 08-14 23:17:34 open_ai.py:335] async_send_request: request finish prefill, 9
INFO 08-14 23:17:34 open_ai.py:352] async_send_request: prefill completed: req=9,replica_id=4
DEBUG 08-14 23:17:34 replica.py:146] complete_request_prefill: replica_id=[4], request=9, current_budget=350,last_prefill_completed_at=30614662.496710274,last_ttft=0.2486
DEBUG 08-14 23:17:34 replica.py:153] complete_request_prefill - replica_id=[4], request=9,self.replica_slo_budget-sum_pending_tokens==current_budget:True,1048576-3725==1044851
INFO 08-14 23:17:34 shared.py:299] Adding task for request 43 to replica 4,session_id=33
DEBUG 08-14 23:17:34 replica.py:226] add_request - replica_id=[4], request=43,self.replica_slo_budget-sum_pending_tokens==current_budget:True,1048576-4086==1044490
INFO 08-14 23:17:34 open_ai.py:115] async_send_request:request._id=43,session=33,https://u722127-8cb5-f6dc13db.nmb1.seetacloud.com:8443
DEBUG 08-14 23:17:34 open_ai.py:335] async_send_request: request finish prefill, 17
INFO 08-14 23:17:34 open_ai.py:352] async_send_request: prefill completed: req=17,replica_id=2
DEBUG 08-14 23:17:34 replica.py:146] complete_request_prefill: replica_id=[2], request=17, current_budget=354,last_prefill_completed_at=30614662.503369898,last_ttft=0.1933
DEBUG 08-14 23:17:34 replica.py:153] complete_request_prefill - replica_id=[2], request=17,self.replica_slo_budget-sum_pending_tokens==current_budget:True,1048576-658==1047918
DEBUG 08-14 23:17:34 open_ai.py:335] async_send_request: request finish prefill, 34
INFO 08-14 23:17:34 open_ai.py:352] async_send_request: prefill completed: req=34,replica_id=0
DEBUG 08-14 23:17:34 replica.py:146] complete_request_prefill: replica_id=[0], request=34, current_budget=146,last_prefill_completed_at=30614662.50695347,last_ttft=0.0791
DEBUG 08-14 23:17:34 replica.py:153] complete_request_prefill - replica_id=[0], request=34,self.replica_slo_budget-sum_pending_tokens==current_budget:True,1048576-0==1048576
INFO 08-14 23:17:34 shared.py:299] Adding task for request 44 to replica 4,session_id=34
DEBUG 08-14 23:17:34 replica.py:226] add_request - replica_id=[4], request=44,self.replica_slo_budget-sum_pending_tokens==current_budget:True,1048576-4447==1044129
INFO 08-14 23:17:34 open_ai.py:115] async_send_request:request._id=44,session=34,https://u722127-8cb5-f6dc13db.nmb1.seetacloud.com:8443
DEBUG 08-14 23:17:34 open_ai.py:335] async_send_request: request finish prefill, 20
INFO 08-14 23:17:34 open_ai.py:352] async_send_request: prefill completed: req=20,replica_id=1
DEBUG 08-14 23:17:34 replica.py:146] complete_request_prefill: replica_id=[1], request=20, current_budget=344,last_prefill_completed_at=30614662.524333943,last_ttft=0.1512
DEBUG 08-14 23:17:34 replica.py:153] complete_request_prefill - replica_id=[1], request=20,self.replica_slo_budget-sum_pending_tokens==current_budget:True,1048576-2280==1046296
INFO 08-14 23:17:34 shared.py:299] Adding task for request 45 to replica 1,session_id=35
DEBUG 08-14 23:17:34 replica.py:226] add_request - replica_id=[1], request=45,self.replica_slo_budget-sum_pending_tokens==current_budget:True,1048576-2642==1045934
DEBUG 08-14 23:17:34 open_ai.py:335] async_send_request: request finish prefill, 19
INFO 08-14 23:17:34 open_ai.py:352] async_send_request: prefill completed: req=19,replica_id=1
DEBUG 08-14 23:17:34 replica.py:146] complete_request_prefill: replica_id=[1], request=19, current_budget=344,last_prefill_completed_at=30614662.52711726,last_ttft=0.1556
DEBUG 08-14 23:17:34 replica.py:153] complete_request_prefill - replica_id=[1], request=19,self.replica_slo_budget-sum_pending_tokens==current_budget:True,1048576-2298==1046278
INFO 08-14 23:17:34 open_ai.py:115] async_send_request:request._id=45,session=35,127.0.0.1:8001
INFO 08-14 23:17:34 shared.py:299] Adding task for request 46 to replica 4,session_id=36
DEBUG 08-14 23:17:34 replica.py:226] add_request - replica_id=[4], request=46,self.replica_slo_budget-sum_pending_tokens==current_budget:True,1048576-4789==1043787
INFO 08-14 23:17:34 open_ai.py:115] async_send_request:request._id=46,session=36,https://u722127-8cb5-f6dc13db.nmb1.seetacloud.com:8443
DEBUG 08-14 23:17:34 open_ai.py:335] async_send_request: request finish prefill, 22
INFO 08-14 23:17:34 open_ai.py:352] async_send_request: prefill completed: req=22,replica_id=1
DEBUG 08-14 23:17:34 replica.py:146] complete_request_prefill: replica_id=[1], request=22, current_budget=347,last_prefill_completed_at=30614662.545047294,last_ttft=0.1661
DEBUG 08-14 23:17:34 replica.py:153] complete_request_prefill - replica_id=[1], request=22,self.replica_slo_budget-sum_pending_tokens==current_budget:True,1048576-1951==1046625
DEBUG 08-14 23:17:34 open_ai.py:335] async_send_request: request finish prefill, 21
INFO 08-14 23:17:34 open_ai.py:352] async_send_request: prefill completed: req=21,replica_id=1
DEBUG 08-14 23:17:34 replica.py:146] complete_request_prefill: replica_id=[1], request=21, current_budget=353,last_prefill_completed_at=30614662.5475441,last_ttft=0.1695
DEBUG 08-14 23:17:34 replica.py:153] complete_request_prefill - replica_id=[1], request=21,self.replica_slo_budget-sum_pending_tokens==current_budget:True,1048576-1598==1046978
DEBUG 08-14 23:17:34 open_ai.py:335] async_send_request: request finish prefill, 28
INFO 08-14 23:17:34 open_ai.py:352] async_send_request: prefill completed: req=28,replica_id=1
DEBUG 08-14 23:17:34 replica.py:146] complete_request_prefill: replica_id=[1], request=28, current_budget=351,last_prefill_completed_at=30614662.54980566,last_ttft=0.1577
DEBUG 08-14 23:17:34 replica.py:153] complete_request_prefill - replica_id=[1], request=28,self.replica_slo_budget-sum_pending_tokens==current_budget:True,1048576-1247==1047329
INFO 08-14 23:17:34 shared.py:299] Adding task for request 47 to replica 0,session_id=9
DEBUG 08-14 23:17:34 replica.py:226] add_request - replica_id=[0], request=47,self.replica_slo_budget-sum_pending_tokens==current_budget:True,1048576-149==1048427
DEBUG 08-14 23:17:34 open_ai.py:335] async_send_request: request finish prefill, 25
INFO 08-14 23:17:34 open_ai.py:352] async_send_request: prefill completed: req=25,replica_id=1
DEBUG 08-14 23:17:34 replica.py:146] complete_request_prefill: replica_id=[1], request=25, current_budget=344,last_prefill_completed_at=30614662.55203033,last_ttft=0.1625
DEBUG 08-14 23:17:34 replica.py:153] complete_request_prefill - replica_id=[1], request=25,self.replica_slo_budget-sum_pending_tokens==current_budget:True,1048576-903==1047673
INFO 08-14 23:17:34 shared.py:299] Adding task for request 48 to replica 1,session_id=9
DEBUG 08-14 23:17:34 replica.py:226] add_request - replica_id=[1], request=48,self.replica_slo_budget-sum_pending_tokens==current_budget:True,1048576-1050==1047526
DEBUG 08-14 23:17:34 open_ai.py:335] async_send_request: request finish prefill, 16
INFO 08-14 23:17:34 open_ai.py:352] async_send_request: prefill completed: req=16,replica_id=4
DEBUG 08-14 23:17:34 replica.py:146] complete_request_prefill: replica_id=[4], request=16, current_budget=343,last_prefill_completed_at=30614662.55388806,last_ttft=0.2618
DEBUG 08-14 23:17:34 replica.py:153] complete_request_prefill - replica_id=[4], request=16,self.replica_slo_budget-sum_pending_tokens==current_budget:True,1048576-4446==1044130
INFO 08-14 23:17:34 shared.py:299] Adding task for request 49 to replica 3,session_id=9
DEBUG 08-14 23:17:34 replica.py:226] add_request - replica_id=[3], request=49,self.replica_slo_budget-sum_pending_tokens==current_budget:True,1048576-3877==1044699
INFO 08-14 23:17:34 open_ai.py:115] async_send_request:request._id=47,session=9,127.0.0.1:8000
INFO 08-14 23:17:34 open_ai.py:115] async_send_request:request._id=48,session=9,127.0.0.1:8001
INFO 08-14 23:17:34 open_ai.py:115] async_send_request:request._id=49,session=9,https://uu722127-b80a-4e3f9d5d.cqa1.seetacloud.com:8443
DEBUG 08-14 23:17:34 open_ai.py:335] async_send_request: request finish prefill, 33
INFO 08-14 23:17:34 open_ai.py:352] async_send_request: prefill completed: req=33,replica_id=1
DEBUG 08-14 23:17:34 replica.py:146] complete_request_prefill: replica_id=[1], request=33, current_budget=150,last_prefill_completed_at=30614662.56933161,last_ttft=0.1422
DEBUG 08-14 23:17:34 replica.py:153] complete_request_prefill - replica_id=[1], request=33,self.replica_slo_budget-sum_pending_tokens==current_budget:True,1048576-900==1047676
DEBUG 08-14 23:17:34 open_ai.py:335] async_send_request: request finish prefill, 26
INFO 08-14 23:17:34 open_ai.py:352] async_send_request: prefill completed: req=26,replica_id=1
DEBUG 08-14 23:17:34 replica.py:146] complete_request_prefill: replica_id=[1], request=26, current_budget=391,last_prefill_completed_at=30614662.572047777,last_ttft=0.1815
DEBUG 08-14 23:17:34 replica.py:153] complete_request_prefill - replica_id=[1], request=26,self.replica_slo_budget-sum_pending_tokens==current_budget:True,1048576-509==1048067
INFO 08-14 23:17:34 shared.py:299] Adding task for request 51 to replica 0,session_id=9
DEBUG 08-14 23:17:34 replica.py:226] add_request - replica_id=[0], request=51,self.replica_slo_budget-sum_pending_tokens==current_budget:True,1048576-293==1048283
INFO 08-14 23:17:34 shared.py:299] Adding task for request 50 to replica 2,session_id=9
DEBUG 08-14 23:17:34 replica.py:226] add_request - replica_id=[2], request=50,self.replica_slo_budget-sum_pending_tokens==current_budget:True,1048576-807==1047769
INFO 08-14 23:17:34 shared.py:299] Adding task for request 52 to replica 4,session_id=6
DEBUG 08-14 23:17:34 replica.py:226] add_request - replica_id=[4], request=52,self.replica_slo_budget-sum_pending_tokens==current_budget:True,1048576-4614==1043962
INFO 08-14 23:17:34 open_ai.py:115] async_send_request:request._id=51,session=9,127.0.0.1:8000
INFO 08-14 23:17:34 open_ai.py:115] async_send_request:request._id=50,session=9,https://u722127-b80a-4e3f9d5d.cqa1.seetacloud.com:8443
INFO 08-14 23:17:34 open_ai.py:115] async_send_request:request._id=52,session=6,https://u722127-8cb5-f6dc13db.nmb1.seetacloud.com:8443
INFO 08-14 23:17:34 shared.py:299] Adding task for request 53 to replica 2,session_id=6
DEBUG 08-14 23:17:34 replica.py:226] add_request - replica_id=[2], request=53,self.replica_slo_budget-sum_pending_tokens==current_budget:True,1048576-971==1047605
INFO 08-14 23:17:34 open_ai.py:115] async_send_request:request._id=53,session=6,https://u722127-b80a-4e3f9d5d.cqa1.seetacloud.com:8443
INFO 08-14 23:17:34 shared.py:299] Adding task for request 54 to replica 3,session_id=13
DEBUG 08-14 23:17:34 replica.py:226] add_request - replica_id=[3], request=54,self.replica_slo_budget-sum_pending_tokens==current_budget:True,1048576-4031==1044545
INFO 08-14 23:17:34 open_ai.py:115] async_send_request:request._id=54,session=13,https://uu722127-b80a-4e3f9d5d.cqa1.seetacloud.com:8443
INFO 08-14 23:17:34 shared.py:299] Adding task for request 55 to replica 1,session_id=11
DEBUG 08-14 23:17:34 replica.py:226] add_request - replica_id=[1], request=55,self.replica_slo_budget-sum_pending_tokens==current_budget:True,1048576-673==1047903
INFO 08-14 23:17:34 open_ai.py:115] async_send_request:request._id=55,session=11,127.0.0.1:8001
DEBUG 08-14 23:17:34 open_ai.py:335] async_send_request: request finish prefill, 45
INFO 08-14 23:17:34 open_ai.py:352] async_send_request: prefill completed: req=45,replica_id=1
DEBUG 08-14 23:17:34 replica.py:146] complete_request_prefill: replica_id=[1], request=45, current_budget=362,last_prefill_completed_at=30614662.609153807,last_ttft=0.1031
DEBUG 08-14 23:17:34 replica.py:153] complete_request_prefill - replica_id=[1], request=45,self.replica_slo_budget-sum_pending_tokens==current_budget:True,1048576-311==1048265
INFO 08-14 23:17:34 shared.py:299] Adding task for request 56 to replica 4,session_id=37
DEBUG 08-14 23:17:34 replica.py:226] add_request - replica_id=[4], request=56,self.replica_slo_budget-sum_pending_tokens==current_budget:True,1048576-4969==1043607
INFO 08-14 23:17:34 shared.py:299] Adding task for request 57 to replica 4,session_id=38
DEBUG 08-14 23:17:34 replica.py:226] add_request - replica_id=[4], request=57,self.replica_slo_budget-sum_pending_tokens==current_budget:True,1048576-5344==1043232
INFO 08-14 23:17:34 open_ai.py:115] async_send_request:request._id=56,session=37,https://u722127-8cb5-f6dc13db.nmb1.seetacloud.com:8443
INFO 08-14 23:17:34 open_ai.py:115] async_send_request:request._id=57,session=38,https://u722127-8cb5-f6dc13db.nmb1.seetacloud.com:8443
DEBUG 08-14 23:17:34 open_ai.py:335] async_send_request: request finish prefill, 24
INFO 08-14 23:17:34 open_ai.py:352] async_send_request: prefill completed: req=24,replica_id=4
DEBUG 08-14 23:17:34 replica.py:146] complete_request_prefill: replica_id=[4], request=24, current_budget=351,last_prefill_completed_at=30614662.617248263,last_ttft=0.2306
DEBUG 08-14 23:17:34 replica.py:153] complete_request_prefill - replica_id=[4], request=24,self.replica_slo_budget-sum_pending_tokens==current_budget:True,1048576-4993==1043583
DEBUG 08-14 23:17:34 open_ai.py:335] async_send_request: request finish prefill, 23
INFO 08-14 23:17:34 open_ai.py:352] async_send_request: prefill completed: req=23,replica_id=4
DEBUG 08-14 23:17:34 replica.py:146] complete_request_prefill: replica_id=[4], request=23, current_budget=407,last_prefill_completed_at=30614662.61823534,last_ttft=0.2339
DEBUG 08-14 23:17:34 replica.py:153] complete_request_prefill - replica_id=[4], request=23,self.replica_slo_budget-sum_pending_tokens==current_budget:True,1048576-4586==1043990
DEBUG 08-14 23:17:34 open_ai.py:335] async_send_request: request finish prefill, 27
INFO 08-14 23:17:34 open_ai.py:352] async_send_request: prefill completed: req=27,replica_id=4
DEBUG 08-14 23:17:34 replica.py:146] complete_request_prefill: replica_id=[4], request=27, current_budget=472,last_prefill_completed_at=30614662.62952516,last_ttft=0.2379
DEBUG 08-14 23:17:34 replica.py:153] complete_request_prefill - replica_id=[4], request=27,self.replica_slo_budget-sum_pending_tokens==current_budget:True,1048576-4114==1044462
DEBUG 08-14 23:17:34 open_ai.py:335] async_send_request: request finish prefill, 37
INFO 08-14 23:17:34 open_ai.py:352] async_send_request: prefill completed: req=37,replica_id=4
DEBUG 08-14 23:17:34 replica.py:146] complete_request_prefill: replica_id=[4], request=37, current_budget=343,last_prefill_completed_at=30614662.631796576,last_ttft=0.1955
DEBUG 08-14 23:17:34 replica.py:153] complete_request_prefill - replica_id=[4], request=37,self.replica_slo_budget-sum_pending_tokens==current_budget:True,1048576-3771==1044805
DEBUG 08-14 23:17:34 open_ai.py:335] async_send_request: request finish prefill, 29
INFO 08-14 23:17:34 open_ai.py:352] async_send_request: prefill completed: req=29,replica_id=4
DEBUG 08-14 23:17:34 replica.py:146] complete_request_prefill: replica_id=[4], request=29, current_budget=367,last_prefill_completed_at=30614662.633842777,last_ttft=0.2288
DEBUG 08-14 23:17:34 replica.py:153] complete_request_prefill - replica_id=[4], request=29,self.replica_slo_budget-sum_pending_tokens==current_budget:True,1048576-3404==1045172
INFO 08-14 23:17:34 shared.py:299] Adding task for request 58 to replica 0,session_id=39
DEBUG 08-14 23:17:34 replica.py:226] add_request - replica_id=[0], request=58,self.replica_slo_budget-sum_pending_tokens==current_budget:True,1048576-642==1047934
INFO 08-14 23:17:34 open_ai.py:115] async_send_request:request._id=58,session=39,127.0.0.1:8000
DEBUG 08-14 23:17:34 replica.py:171] complete_request_decode:num_saved_toekens=16
DEBUG 08-14 23:17:34 open_ai.py:452] good request:https://uu722127-b80a-4e3f9d5d.cqa1.seetacloud.com:8443:good,request._id=1,input=341,output=24
DEBUG 08-14 23:17:34 metrics_store.py:131] update_metrics:request_id=1
INFO 08-14 23:17:34 shared.py:299] Adding task for request 59 to replica 3,session_id=17
DEBUG 08-14 23:17:34 replica.py:226] add_request - replica_id=[3], request=59,self.replica_slo_budget-sum_pending_tokens==current_budget:True,1048576-4175==1044401
INFO 08-14 23:17:34 open_ai.py:115] async_send_request:request._id=59,session=17,https://uu722127-b80a-4e3f9d5d.cqa1.seetacloud.com:8443
DEBUG 08-14 23:17:34 shared.py:180] Removed task for request 1 on https://uu722127-b80a-4e3f9d5d.cqa1.seetacloud.com:8443
DEBUG 08-14 23:17:34 open_ai.py:335] async_send_request: request finish prefill, 48
INFO 08-14 23:17:34 open_ai.py:352] async_send_request: prefill completed: req=48,replica_id=1
DEBUG 08-14 23:17:34 replica.py:146] complete_request_prefill: replica_id=[1], request=48, current_budget=147,last_prefill_completed_at=30614662.644343432,last_ttft=0.1177
DEBUG 08-14 23:17:34 replica.py:153] complete_request_prefill - replica_id=[1], request=48,self.replica_slo_budget-sum_pending_tokens==current_budget:True,1048576-164==1048412
DEBUG 08-14 23:17:34 open_ai.py:335] async_send_request: request finish prefill, 30
INFO 08-14 23:17:34 open_ai.py:352] async_send_request: prefill completed: req=30,replica_id=2
DEBUG 08-14 23:17:34 replica.py:146] complete_request_prefill: replica_id=[2], request=30, current_budget=166,last_prefill_completed_at=30614662.64756132,last_ttft=0.235
DEBUG 08-14 23:17:34 replica.py:153] complete_request_prefill - replica_id=[2], request=30,self.replica_slo_budget-sum_pending_tokens==current_budget:True,1048576-805==1047771
DEBUG 08-14 23:17:34 open_ai.py:335] async_send_request: request finish prefill, 51
INFO 08-14 23:17:34 open_ai.py:352] async_send_request: prefill completed: req=51,replica_id=0
DEBUG 08-14 23:17:34 replica.py:146] complete_request_prefill: replica_id=[0], request=51, current_budget=144,last_prefill_completed_at=30614662.650671847,last_ttft=0.1221
DEBUG 08-14 23:17:34 replica.py:153] complete_request_prefill - replica_id=[0], request=51,self.replica_slo_budget-sum_pending_tokens==current_budget:True,1048576-498==1048078
DEBUG 08-14 23:17:34 open_ai.py:335] async_send_request: request finish prefill, 47
INFO 08-14 23:17:34 open_ai.py:352] async_send_request: prefill completed: req=47,replica_id=0
DEBUG 08-14 23:17:34 replica.py:146] complete_request_prefill: replica_id=[0], request=47, current_budget=149,last_prefill_completed_at=30614662.651602812,last_ttft=0.1258
DEBUG 08-14 23:17:34 replica.py:153] complete_request_prefill - replica_id=[0], request=47,self.replica_slo_budget-sum_pending_tokens==current_budget:True,1048576-349==1048227
DEBUG 08-14 23:17:34 open_ai.py:335] async_send_request: request finish prefill, 55
INFO 08-14 23:17:34 open_ai.py:352] async_send_request: prefill completed: req=55,replica_id=1
DEBUG 08-14 23:17:34 replica.py:146] complete_request_prefill: replica_id=[1], request=55, current_budget=164,last_prefill_completed_at=30614662.66220394,last_ttft=0.0859
DEBUG 08-14 23:17:34 replica.py:153] complete_request_prefill - replica_id=[1], request=55,self.replica_slo_budget-sum_pending_tokens==current_budget:True,1048576-0==1048576
DEBUG 08-14 23:17:34 open_ai.py:335] async_send_request: request finish prefill, 41
INFO 08-14 23:17:34 open_ai.py:352] async_send_request: prefill completed: req=41,replica_id=4
DEBUG 08-14 23:17:34 replica.py:146] complete_request_prefill: replica_id=[4], request=41, current_budget=355,last_prefill_completed_at=30614662.66558316,last_ttft=0.2102
DEBUG 08-14 23:17:34 replica.py:153] complete_request_prefill - replica_id=[4], request=41,self.replica_slo_budget-sum_pending_tokens==current_budget:True,1048576-3049==1045527
DEBUG 08-14 23:17:34 open_ai.py:335] async_send_request: request finish prefill, 38
INFO 08-14 23:17:34 open_ai.py:352] async_send_request: prefill completed: req=38,replica_id=4
DEBUG 08-14 23:17:34 replica.py:146] complete_request_prefill: replica_id=[4], request=38, current_budget=387,last_prefill_completed_at=30614662.66677144,last_ttft=0.2277
DEBUG 08-14 23:17:34 replica.py:153] complete_request_prefill - replica_id=[4], request=38,self.replica_slo_budget-sum_pending_tokens==current_budget:True,1048576-2662==1045914
DEBUG 08-14 23:17:34 open_ai.py:335] async_send_request: request finish prefill, 40
INFO 08-14 23:17:34 open_ai.py:352] async_send_request: prefill completed: req=40,replica_id=4
DEBUG 08-14 23:17:34 replica.py:146] complete_request_prefill: replica_id=[4], request=40, current_budget=347,last_prefill_completed_at=30614662.667694345,last_ttft=0.2181
DEBUG 08-14 23:17:34 replica.py:153] complete_request_prefill - replica_id=[4], request=40,self.replica_slo_budget-sum_pending_tokens==current_budget:True,1048576-2315==1046261
DEBUG 08-14 23:17:34 open_ai.py:335] async_send_request: request finish prefill, 39
INFO 08-14 23:17:34 open_ai.py:352] async_send_request: prefill completed: req=39,replica_id=4
DEBUG 08-14 23:17:34 replica.py:146] complete_request_prefill: replica_id=[4], request=39, current_budget=353,last_prefill_completed_at=30614662.668830927,last_ttft=0.2205
DEBUG 08-14 23:17:34 replica.py:153] complete_request_prefill - replica_id=[4], request=39,self.replica_slo_budget-sum_pending_tokens==current_budget:True,1048576-1962==1046614
DEBUG 08-14 23:17:34 open_ai.py:335] async_send_request: request finish prefill, 36
INFO 08-14 23:17:34 open_ai.py:352] async_send_request: prefill completed: req=36,replica_id=2
DEBUG 08-14 23:17:34 replica.py:146] complete_request_prefill: replica_id=[2], request=36, current_budget=152,last_prefill_completed_at=30614662.66977254,last_ttft=0.2352
DEBUG 08-14 23:17:34 replica.py:153] complete_request_prefill - replica_id=[2], request=36,self.replica_slo_budget-sum_pending_tokens==current_budget:True,1048576-653==1047923
DEBUG 08-14 23:17:34 open_ai.py:335] async_send_request: request finish prefill, 31
INFO 08-14 23:17:34 open_ai.py:352] async_send_request: prefill completed: req=31,replica_id=2
DEBUG 08-14 23:17:34 replica.py:146] complete_request_prefill: replica_id=[2], request=31, current_budget=340,last_prefill_completed_at=30614662.670889594,last_ttft=0.2528
DEBUG 08-14 23:17:34 replica.py:153] complete_request_prefill - replica_id=[2], request=31,self.replica_slo_budget-sum_pending_tokens==current_budget:True,1048576-313==1048263
INFO 08-14 23:17:34 shared.py:299] Adding task for request 60 to replica 4,session_id=40
DEBUG 08-14 23:17:34 replica.py:226] add_request - replica_id=[4], request=60,self.replica_slo_budget-sum_pending_tokens==current_budget:True,1048576-2306==1046270
INFO 08-14 23:17:34 shared.py:299] Adding task for request 63 to replica 2,session_id=14
DEBUG 08-14 23:17:34 replica.py:226] add_request - replica_id=[2], request=63,self.replica_slo_budget-sum_pending_tokens==current_budget:True,1048576-467==1048109
INFO 08-14 23:17:34 shared.py:299] Adding task for request 64 to replica 0,session_id=14
DEBUG 08-14 23:17:34 replica.py:226] add_request - replica_id=[0], request=64,self.replica_slo_budget-sum_pending_tokens==current_budget:True,1048576-507==1048069
INFO 08-14 23:17:34 shared.py:299] Adding task for request 66 to replica 1,session_id=14
DEBUG 08-14 23:17:34 replica.py:226] add_request - replica_id=[1], request=66,self.replica_slo_budget-sum_pending_tokens==current_budget:True,1048576-154==1048422
INFO 08-14 23:17:34 shared.py:299] Adding task for request 65 to replica 4,session_id=19
DEBUG 08-14 23:17:34 replica.py:226] add_request - replica_id=[4], request=65,self.replica_slo_budget-sum_pending_tokens==current_budget:True,1048576-2472==1046104
INFO 08-14 23:17:34 shared.py:299] Adding task for request 67 to replica 3,session_id=14
DEBUG 08-14 23:17:34 replica.py:226] add_request - replica_id=[3], request=67,self.replica_slo_budget-sum_pending_tokens==current_budget:True,1048576-4331==1044245
INFO 08-14 23:17:34 shared.py:299] Adding task for request 68 to replica 2,session_id=14
DEBUG 08-14 23:17:34 replica.py:226] add_request - replica_id=[2], request=68,self.replica_slo_budget-sum_pending_tokens==current_budget:True,1048576-627==1047949
INFO 08-14 23:17:34 shared.py:299] Adding task for request 69 to replica 3,session_id=27
DEBUG 08-14 23:17:34 replica.py:226] add_request - replica_id=[3], request=69,self.replica_slo_budget-sum_pending_tokens==current_budget:True,1048576-4475==1044101
INFO 08-14 23:17:34 open_ai.py:115] async_send_request:request._id=60,session=40,https://u722127-8cb5-f6dc13db.nmb1.seetacloud.com:8443
INFO 08-14 23:17:34 open_ai.py:115] async_send_request:request._id=63,session=14,https://u722127-b80a-4e3f9d5d.cqa1.seetacloud.com:8443
INFO 08-14 23:17:34 open_ai.py:115] async_send_request:request._id=64,session=14,127.0.0.1:8000
INFO 08-14 23:17:34 open_ai.py:115] async_send_request:request._id=66,session=14,127.0.0.1:8001
INFO 08-14 23:17:34 open_ai.py:115] async_send_request:request._id=65,session=19,https://u722127-8cb5-f6dc13db.nmb1.seetacloud.com:8443
INFO 08-14 23:17:34 open_ai.py:115] async_send_request:request._id=67,session=14,https://uu722127-b80a-4e3f9d5d.cqa1.seetacloud.com:8443
INFO 08-14 23:17:34 open_ai.py:115] async_send_request:request._id=68,session=14,https://u722127-b80a-4e3f9d5d.cqa1.seetacloud.com:8443
INFO 08-14 23:17:34 open_ai.py:115] async_send_request:request._id=69,session=27,https://uu722127-b80a-4e3f9d5d.cqa1.seetacloud.com:8443
INFO 08-14 23:17:34 shared.py:299] Adding task for request 70 to replica 0,session_id=41
DEBUG 08-14 23:17:34 replica.py:226] add_request - replica_id=[0], request=70,self.replica_slo_budget-sum_pending_tokens==current_budget:True,1048576-883==1047693
INFO 08-14 23:17:34 shared.py:299] Adding task for request 71 to replica 1,session_id=7
DEBUG 08-14 23:17:34 replica.py:226] add_request - replica_id=[1], request=71,self.replica_slo_budget-sum_pending_tokens==current_budget:True,1048576-324==1048252
DEBUG 08-14 23:17:34 open_ai.py:335] async_send_request: request finish prefill, 58
INFO 08-14 23:17:34 open_ai.py:352] async_send_request: prefill completed: req=58,replica_id=0
DEBUG 08-14 23:17:34 replica.py:146] complete_request_prefill: replica_id=[0], request=58, current_budget=349,last_prefill_completed_at=30614662.729569953,last_ttft=0.1202
DEBUG 08-14 23:17:34 replica.py:153] complete_request_prefill - replica_id=[0], request=58,self.replica_slo_budget-sum_pending_tokens==current_budget:True,1048576-534==1048042
INFO 08-14 23:17:34 shared.py:299] Adding task for request 72 to replica 0,session_id=22
DEBUG 08-14 23:17:34 replica.py:226] add_request - replica_id=[0], request=72,self.replica_slo_budget-sum_pending_tokens==current_budget:True,1048576-678==1047898
DEBUG 08-14 23:17:34 open_ai.py:335] async_send_request: request finish prefill, 46
INFO 08-14 23:17:34 open_ai.py:352] async_send_request: prefill completed: req=46,replica_id=4
DEBUG 08-14 23:17:34 replica.py:146] complete_request_prefill: replica_id=[4], request=46, current_budget=342,last_prefill_completed_at=30614662.732421953,last_ttft=0.2216
DEBUG 08-14 23:17:34 replica.py:153] complete_request_prefill - replica_id=[4], request=46,self.replica_slo_budget-sum_pending_tokens==current_budget:True,1048576-2130==1046446
DEBUG 08-14 23:17:34 open_ai.py:335] async_send_request: request finish prefill, 43
INFO 08-14 23:17:34 open_ai.py:352] async_send_request: prefill completed: req=43,replica_id=4
DEBUG 08-14 23:17:34 replica.py:146] complete_request_prefill: replica_id=[4], request=43, current_budget=361,last_prefill_completed_at=30614662.73409802,last_ttft=0.2493
DEBUG 08-14 23:17:34 replica.py:153] complete_request_prefill - replica_id=[4], request=43,self.replica_slo_budget-sum_pending_tokens==current_budget:True,1048576-1769==1046807
DEBUG 08-14 23:17:34 open_ai.py:335] async_send_request: request finish prefill, 44
INFO 08-14 23:17:34 open_ai.py:352] async_send_request: prefill completed: req=44,replica_id=4
DEBUG 08-14 23:17:34 replica.py:146] complete_request_prefill: replica_id=[4], request=44, current_budget=361,last_prefill_completed_at=30614662.735757288,last_ttft=0.2367
DEBUG 08-14 23:17:34 replica.py:153] complete_request_prefill - replica_id=[4], request=44,self.replica_slo_budget-sum_pending_tokens==current_budget:True,1048576-1408==1047168
INFO 08-14 23:17:34 open_ai.py:115] async_send_request:request._id=70,session=41,127.0.0.1:8000
INFO 08-14 23:17:34 open_ai.py:115] async_send_request:request._id=71,session=7,127.0.0.1:8001
INFO 08-14 23:17:34 open_ai.py:115] async_send_request:request._id=72,session=22,127.0.0.1:8000
INFO 08-14 23:17:34 shared.py:299] Adding task for request 74 to replica 0,session_id=10
DEBUG 08-14 23:17:34 replica.py:226] add_request - replica_id=[0], request=74,self.replica_slo_budget-sum_pending_tokens==current_budget:True,1048576-852==1047724
INFO 08-14 23:17:34 shared.py:299] Adding task for request 75 to replica 2,session_id=10
DEBUG 08-14 23:17:34 replica.py:226] add_request - replica_id=[2], request=75,self.replica_slo_budget-sum_pending_tokens==current_budget:True,1048576-787==1047789
INFO 08-14 23:17:34 shared.py:299] Adding task for request 76 to replica 4,session_id=10
DEBUG 08-14 23:17:34 replica.py:226] add_request - replica_id=[4], request=76,self.replica_slo_budget-sum_pending_tokens==current_budget:True,1048576-1576==1047000
DEBUG 08-14 23:17:34 open_ai.py:335] async_send_request: request finish prefill, 32
INFO 08-14 23:17:34 open_ai.py:352] async_send_request: prefill completed: req=32,replica_id=3
DEBUG 08-14 23:17:34 replica.py:146] complete_request_prefill: replica_id=[3], request=32, current_budget=144,last_prefill_completed_at=30614662.774981126,last_ttft=0.3509
DEBUG 08-14 23:17:34 replica.py:153] complete_request_prefill - replica_id=[3], request=32,self.replica_slo_budget-sum_pending_tokens==current_budget:True,1048576-4331==1044245
INFO 08-14 23:17:34 shared.py:299] Adding task for request 78 to replica 2,session_id=25
DEBUG 08-14 23:17:34 replica.py:226] add_request - replica_id=[2], request=78,self.replica_slo_budget-sum_pending_tokens==current_budget:True,1048576-951==1047625
INFO 08-14 23:17:34 shared.py:299] Adding task for request 77 to replica 3,session_id=21
DEBUG 08-14 23:17:34 replica.py:226] add_request - replica_id=[3], request=77,self.replica_slo_budget-sum_pending_tokens==current_budget:True,1048576-4485==1044091
DEBUG 08-14 23:17:34 open_ai.py:335] async_send_request: request finish prefill, 52
INFO 08-14 23:17:34 open_ai.py:352] async_send_request: prefill completed: req=52,replica_id=4
DEBUG 08-14 23:17:34 replica.py:146] complete_request_prefill: replica_id=[4], request=52, current_budget=168,last_prefill_completed_at=30614662.779839262,last_ttft=0.2421
DEBUG 08-14 23:17:34 replica.py:153] complete_request_prefill - replica_id=[4], request=52,self.replica_slo_budget-sum_pending_tokens==current_budget:True,1048576-1408==1047168
DEBUG 08-14 23:17:34 open_ai.py:335] async_send_request: request finish prefill, 18
INFO 08-14 23:17:34 open_ai.py:352] async_send_request: prefill completed: req=18,replica_id=3
DEBUG 08-14 23:17:34 replica.py:146] complete_request_prefill: replica_id=[3], request=18, current_budget=3436,last_prefill_completed_at=30614662.782943137,last_ttft=0.4154
DEBUG 08-14 23:17:34 replica.py:153] complete_request_prefill - replica_id=[3], request=18,self.replica_slo_budget-sum_pending_tokens==current_budget:True,1048576-1049==1047527
INFO 08-14 23:17:34 open_ai.py:115] async_send_request:request._id=74,session=10,127.0.0.1:8000
INFO 08-14 23:17:34 open_ai.py:115] async_send_request:request._id=75,session=10,https://u722127-b80a-4e3f9d5d.cqa1.seetacloud.com:8443
INFO 08-14 23:17:34 open_ai.py:115] async_send_request:request._id=76,session=10,https://u722127-8cb5-f6dc13db.nmb1.seetacloud.com:8443
INFO 08-14 23:17:34 open_ai.py:115] async_send_request:request._id=78,session=25,https://u722127-b80a-4e3f9d5d.cqa1.seetacloud.com:8443
INFO 08-14 23:17:34 open_ai.py:115] async_send_request:request._id=77,session=21,https://uu722127-b80a-4e3f9d5d.cqa1.seetacloud.com:8443
DEBUG 08-14 23:17:34 open_ai.py:335] async_send_request: request finish prefill, 35
INFO 08-14 23:17:34 open_ai.py:352] async_send_request: prefill completed: req=35,replica_id=3
DEBUG 08-14 23:17:34 replica.py:146] complete_request_prefill: replica_id=[3], request=35, current_budget=148,last_prefill_completed_at=30614662.788039967,last_ttft=0.3594
DEBUG 08-14 23:17:34 replica.py:153] complete_request_prefill - replica_id=[3], request=35,self.replica_slo_budget-sum_pending_tokens==current_budget:True,1048576-901==1047675
DEBUG 08-14 23:17:34 replica.py:171] complete_request_decode:num_saved_toekens=32
DEBUG 08-14 23:17:34 open_ai.py:452] good request:https://u722127-b80a-4e3f9d5d.cqa1.seetacloud.com:8443:good,request._id=5,input=349,output=28
DEBUG 08-14 23:17:34 open_ai.py:335] async_send_request: request finish prefill, 53
INFO 08-14 23:17:34 open_ai.py:352] async_send_request: prefill completed: req=53,replica_id=2
DEBUG 08-14 23:17:34 replica.py:146] complete_request_prefill: replica_id=[2], request=53, current_budget=164,last_prefill_completed_at=30614662.795612495,last_ttft=0.2575
DEBUG 08-14 23:17:34 replica.py:153] complete_request_prefill - replica_id=[2], request=53,self.replica_slo_budget-sum_pending_tokens==current_budget:True,1048576-787==1047789
DEBUG 08-14 23:17:34 open_ai.py:335] async_send_request: request finish prefill, 49
INFO 08-14 23:17:34 open_ai.py:352] async_send_request: prefill completed: req=49,replica_id=3
DEBUG 08-14 23:17:34 replica.py:146] complete_request_prefill: replica_id=[3], request=49, current_budget=149,last_prefill_completed_at=30614662.799879126,last_ttft=0.2725
DEBUG 08-14 23:17:34 replica.py:153] complete_request_prefill - replica_id=[3], request=49,self.replica_slo_budget-sum_pending_tokens==current_budget:True,1048576-752==1047824
DEBUG 08-14 23:17:34 open_ai.py:335] async_send_request: request finish prefill, 59
INFO 08-14 23:17:34 open_ai.py:352] async_send_request: prefill completed: req=59,replica_id=3
DEBUG 08-14 23:17:34 replica.py:146] complete_request_prefill: replica_id=[3], request=59, current_budget=144,last_prefill_completed_at=30614662.80249037,last_ttft=0.1903
DEBUG 08-14 23:17:34 replica.py:153] complete_request_prefill - replica_id=[3], request=59,self.replica_slo_budget-sum_pending_tokens==current_budget:True,1048576-608==1047968
DEBUG 08-14 23:17:34 open_ai.py:335] async_send_request: request finish prefill, 56
INFO 08-14 23:17:34 open_ai.py:352] async_send_request: prefill completed: req=56,replica_id=4
DEBUG 08-14 23:17:34 replica.py:146] complete_request_prefill: replica_id=[4], request=56, current_budget=355,last_prefill_completed_at=30614662.804953106,last_ttft=0.2281
DEBUG 08-14 23:17:34 replica.py:153] complete_request_prefill - replica_id=[4], request=56,self.replica_slo_budget-sum_pending_tokens==current_budget:True,1048576-1053==1047523
DEBUG 08-14 23:17:34 open_ai.py:335] async_send_request: request finish prefill, 57
INFO 08-14 23:17:34 open_ai.py:352] async_send_request: prefill completed: req=57,replica_id=4
DEBUG 08-14 23:17:34 replica.py:146] complete_request_prefill: replica_id=[4], request=57, current_budget=375,last_prefill_completed_at=30614662.80763259,last_ttft=0.2106
DEBUG 08-14 23:17:34 replica.py:153] complete_request_prefill - replica_id=[4], request=57,self.replica_slo_budget-sum_pending_tokens==current_budget:True,1048576-678==1047898
INFO 08-14 23:17:34 shared.py:299] Adding task for request 80 to replica 1,session_id=15
DEBUG 08-14 23:17:34 replica.py:226] add_request - replica_id=[1], request=80,self.replica_slo_budget-sum_pending_tokens==current_budget:True,1048576-470==1048106
INFO 08-14 23:17:34 shared.py:299] Adding task for request 81 to replica 3,session_id=15
DEBUG 08-14 23:17:34 replica.py:226] add_request - replica_id=[3], request=81,self.replica_slo_budget-sum_pending_tokens==current_budget:True,1048576-754==1047822
INFO 08-14 23:17:34 shared.py:299] Adding task for request 83 to replica 0,session_id=42
DEBUG 08-14 23:17:34 replica.py:226] add_request - replica_id=[0], request=83,self.replica_slo_budget-sum_pending_tokens==current_budget:True,1048576-1199==1047377
INFO 08-14 23:17:34 shared.py:299] Adding task for request 82 to replica 0,session_id=15
DEBUG 08-14 23:17:34 replica.py:226] add_request - replica_id=[0], request=82,self.replica_slo_budget-sum_pending_tokens==current_budget:True,1048576-1347==1047229
INFO 08-14 23:17:34 shared.py:299] Adding task for request 84 to replica 1,session_id=43
DEBUG 08-14 23:17:34 replica.py:226] add_request - replica_id=[1], request=84,self.replica_slo_budget-sum_pending_tokens==current_budget:True,1048576-1022==1047554
INFO 08-14 23:17:34 shared.py:299] Adding task for request 85 to replica 2,session_id=30
DEBUG 08-14 23:17:34 replica.py:226] add_request - replica_id=[2], request=85,self.replica_slo_budget-sum_pending_tokens==current_budget:True,1048576-937==1047639
INFO 08-14 23:17:34 shared.py:299] Adding task for request 86 to replica 4,session_id=44
DEBUG 08-14 23:17:34 replica.py:226] add_request - replica_id=[4], request=86,self.replica_slo_budget-sum_pending_tokens==current_budget:True,1048576-1230==1047346
INFO 08-14 23:17:34 open_ai.py:115] async_send_request:request._id=80,session=15,127.0.0.1:8001
INFO 08-14 23:17:34 open_ai.py:115] async_send_request:request._id=81,session=15,https://uu722127-b80a-4e3f9d5d.cqa1.seetacloud.com:8443
INFO 08-14 23:17:34 open_ai.py:115] async_send_request:request._id=83,session=42,127.0.0.1:8000
INFO 08-14 23:17:34 open_ai.py:115] async_send_request:request._id=82,session=15,127.0.0.1:8000
INFO 08-14 23:17:34 open_ai.py:115] async_send_request:request._id=84,session=43,127.0.0.1:8001
INFO 08-14 23:17:34 open_ai.py:115] async_send_request:request._id=85,session=30,https://u722127-b80a-4e3f9d5d.cqa1.seetacloud.com:8443
INFO 08-14 23:17:34 open_ai.py:115] async_send_request:request._id=86,session=44,https://u722127-8cb5-f6dc13db.nmb1.seetacloud.com:8443
INFO 08-14 23:17:34 shared.py:299] Adding task for request 88 to replica 1,session_id=45
DEBUG 08-14 23:17:34 replica.py:226] add_request - replica_id=[1], request=88,self.replica_slo_budget-sum_pending_tokens==current_budget:True,1048576-1383==1047193
INFO 08-14 23:17:34 shared.py:299] Adding task for request 87 to replica 3,session_id=18
DEBUG 08-14 23:17:34 replica.py:226] add_request - replica_id=[3], request=87,self.replica_slo_budget-sum_pending_tokens==current_budget:True,1048576-904==1047672
DEBUG 08-14 23:17:34 open_ai.py:335] async_send_request: request finish prefill, 71
INFO 08-14 23:17:34 open_ai.py:352] async_send_request: prefill completed: req=71,replica_id=1
DEBUG 08-14 23:17:34 replica.py:146] complete_request_prefill: replica_id=[1], request=71, current_budget=170,last_prefill_completed_at=30614662.877790287,last_ttft=0.2241
DEBUG 08-14 23:17:34 replica.py:153] complete_request_prefill - replica_id=[1], request=71,self.replica_slo_budget-sum_pending_tokens==current_budget:True,1048576-1213==1047363
INFO 08-14 23:17:34 shared.py:299] Adding task for request 89 to replica 1,session_id=31
DEBUG 08-14 23:17:34 replica.py:226] add_request - replica_id=[1], request=89,self.replica_slo_budget-sum_pending_tokens==current_budget:True,1048576-1359==1047217
DEBUG 08-14 23:17:34 open_ai.py:335] async_send_request: request finish prefill, 66
INFO 08-14 23:17:34 open_ai.py:352] async_send_request: prefill completed: req=66,replica_id=1
DEBUG 08-14 23:17:34 replica.py:146] complete_request_prefill: replica_id=[1], request=66, current_budget=154,last_prefill_completed_at=30614662.8813828,last_ttft=0.2406
DEBUG 08-14 23:17:34 replica.py:153] complete_request_prefill - replica_id=[1], request=66,self.replica_slo_budget-sum_pending_tokens==current_budget:True,1048576-1205==1047371
DEBUG 08-14 23:17:34 open_ai.py:335] async_send_request: request finish prefill, 64
INFO 08-14 23:17:34 open_ai.py:352] async_send_request: prefill completed: req=64,replica_id=0
DEBUG 08-14 23:17:34 replica.py:146] complete_request_prefill: replica_id=[0], request=64, current_budget=158,last_prefill_completed_at=30614662.884116095,last_ttft=0.2445
DEBUG 08-14 23:17:34 replica.py:153] complete_request_prefill - replica_id=[0], request=64,self.replica_slo_budget-sum_pending_tokens==current_budget:True,1048576-1189==1047387
INFO 08-14 23:17:34 open_ai.py:115] async_send_request:request._id=88,session=45,127.0.0.1:8001
INFO 08-14 23:17:34 open_ai.py:115] async_send_request:request._id=87,session=18,https://uu722127-b80a-4e3f9d5d.cqa1.seetacloud.com:8443
INFO 08-14 23:17:34 open_ai.py:115] async_send_request:request._id=89,session=31,127.0.0.1:8001
DEBUG 08-14 23:17:34 open_ai.py:335] async_send_request: request finish prefill, 72
INFO 08-14 23:17:34 open_ai.py:352] async_send_request: prefill completed: req=72,replica_id=0
DEBUG 08-14 23:17:34 replica.py:146] complete_request_prefill: replica_id=[0], request=72, current_budget=144,last_prefill_completed_at=30614662.893214375,last_ttft=0.2387
DEBUG 08-14 23:17:34 replica.py:153] complete_request_prefill - replica_id=[0], request=72,self.replica_slo_budget-sum_pending_tokens==current_budget:True,1048576-1045==1047531
DEBUG 08-14 23:17:34 open_ai.py:335] async_send_request: request finish prefill, 70
INFO 08-14 23:17:34 open_ai.py:352] async_send_request: prefill completed: req=70,replica_id=0
DEBUG 08-14 23:17:34 replica.py:146] complete_request_prefill: replica_id=[0], request=70, current_budget=376,last_prefill_completed_at=30614662.89568676,last_ttft=0.2451
DEBUG 08-14 23:17:34 replica.py:153] complete_request_prefill - replica_id=[0], request=70,self.replica_slo_budget-sum_pending_tokens==current_budget:True,1048576-669==1047907
DEBUG 08-14 23:17:34 open_ai.py:335] async_send_request: request finish prefill, 54
INFO 08-14 23:17:34 open_ai.py:352] async_send_request: prefill completed: req=54,replica_id=3
DEBUG 08-14 23:17:34 replica.py:146] complete_request_prefill: replica_id=[3], request=54, current_budget=154,last_prefill_completed_at=30614662.898164332,last_ttft=0.3293
DEBUG 08-14 23:17:34 replica.py:153] complete_request_prefill - replica_id=[3], request=54,self.replica_slo_budget-sum_pending_tokens==current_budget:True,1048576-750==1047826
DEBUG 08-14 23:17:34 metrics_store.py:131] update_metrics:request_id=5
DEBUG 08-14 23:17:34 shared.py:180] Removed task for request 5 on https://u722127-b80a-4e3f9d5d.cqa1.seetacloud.com:8443
INFO 08-14 23:17:34 shared.py:299] Adding task for request 90 to replica 2,session_id=26
DEBUG 08-14 23:17:34 replica.py:226] add_request - replica_id=[2], request=90,self.replica_slo_budget-sum_pending_tokens==current_budget:True,1048576-1103==1047473
INFO 08-14 23:17:34 shared.py:299] Adding task for request 91 to replica 4,session_id=46
DEBUG 08-14 23:17:34 replica.py:226] add_request - replica_id=[4], request=91,self.replica_slo_budget-sum_pending_tokens==current_budget:True,1048576-1574==1047002
INFO 08-14 23:17:34 shared.py:299] Adding task for request 96 to replica 4,session_id=47
DEBUG 08-14 23:17:34 replica.py:226] add_request - replica_id=[4], request=96,self.replica_slo_budget-sum_pending_tokens==current_budget:True,1048576-2233==1046343
INFO 08-14 23:17:34 shared.py:299] Adding task for request 97 to replica 4,session_id=48
DEBUG 08-14 23:17:34 replica.py:226] add_request - replica_id=[4], request=97,self.replica_slo_budget-sum_pending_tokens==current_budget:True,1048576-2611==1045965
INFO 08-14 23:17:34 open_ai.py:115] async_send_request:request._id=90,session=26,https://u722127-b80a-4e3f9d5d.cqa1.seetacloud.com:8443
INFO 08-14 23:17:34 open_ai.py:115] async_send_request:request._id=91,session=46,https://u722127-8cb5-f6dc13db.nmb1.seetacloud.com:8443
INFO 08-14 23:17:34 open_ai.py:115] async_send_request:request._id=96,session=47,https://u722127-8cb5-f6dc13db.nmb1.seetacloud.com:8443
INFO 08-14 23:17:34 open_ai.py:115] async_send_request:request._id=97,session=48,https://u722127-8cb5-f6dc13db.nmb1.seetacloud.com:8443
INFO 08-14 23:17:34 shared.py:299] Adding task for request 99 to replica 0,session_id=23
DEBUG 08-14 23:17:34 replica.py:226] add_request - replica_id=[0], request=99,self.replica_slo_budget-sum_pending_tokens==current_budget:True,1048576-823==1047753
INFO 08-14 23:17:34 shared.py:299] Adding task for request 98 to replica 4,session_id=49
DEBUG 08-14 23:17:34 replica.py:226] add_request - replica_id=[4], request=98,self.replica_slo_budget-sum_pending_tokens==current_budget:True,1048576-2964==1045612
DEBUG 08-14 23:17:34 open_ai.py:335] async_send_request: request finish prefill, 65
INFO 08-14 23:17:34 open_ai.py:352] async_send_request: prefill completed: req=65,replica_id=4
DEBUG 08-14 23:17:34 replica.py:146] complete_request_prefill: replica_id=[4], request=65, current_budget=166,last_prefill_completed_at=30614662.97933475,last_ttft=0.3393
DEBUG 08-14 23:17:34 replica.py:153] complete_request_prefill - replica_id=[4], request=65,self.replica_slo_budget-sum_pending_tokens==current_budget:True,1048576-2798==1045778
DEBUG 08-14 23:17:34 open_ai.py:335] async_send_request: request finish prefill, 74
INFO 08-14 23:17:34 open_ai.py:352] async_send_request: prefill completed: req=74,replica_id=0
DEBUG 08-14 23:17:34 replica.py:146] complete_request_prefill: replica_id=[0], request=74, current_budget=174,last_prefill_completed_at=30614662.983201142,last_ttft=0.2924
DEBUG 08-14 23:17:34 replica.py:153] complete_request_prefill - replica_id=[0], request=74,self.replica_slo_budget-sum_pending_tokens==current_budget:True,1048576-649==1047927
DEBUG 08-14 23:17:34 open_ai.py:335] async_send_request: request finish prefill, 60
INFO 08-14 23:17:34 open_ai.py:352] async_send_request: prefill completed: req=60,replica_id=4
DEBUG 08-14 23:17:34 replica.py:146] complete_request_prefill: replica_id=[4], request=60, current_budget=344,last_prefill_completed_at=30614662.98842504,last_ttft=0.3549
DEBUG 08-14 23:17:34 replica.py:153] complete_request_prefill - replica_id=[4], request=60,self.replica_slo_budget-sum_pending_tokens==current_budget:True,1048576-2454==1046122
DEBUG 08-14 23:17:34 replica.py:171] complete_request_decode:num_saved_toekens=16
INFO 08-14 23:17:34 open_ai.py:115] async_send_request:request._id=99,session=23,127.0.0.1:8000
INFO 08-14 23:17:34 open_ai.py:115] async_send_request:request._id=98,session=49,https://u722127-8cb5-f6dc13db.nmb1.seetacloud.com:8443
DEBUG 08-14 23:17:34 open_ai.py:452] good request:https://u722127-b80a-4e3f9d5d.cqa1.seetacloud.com:8443:good,request._id=31,input=340,output=22
DEBUG 08-14 23:17:34 open_ai.py:335] async_send_request: request finish prefill, 67
INFO 08-14 23:17:34 open_ai.py:352] async_send_request: prefill completed: req=67,replica_id=3
DEBUG 08-14 23:17:34 replica.py:146] complete_request_prefill: replica_id=[3], request=67, current_budget=156,last_prefill_completed_at=30614663.000707895,last_ttft=0.3596
DEBUG 08-14 23:17:34 replica.py:153] complete_request_prefill - replica_id=[3], request=67,self.replica_slo_budget-sum_pending_tokens==current_budget:True,1048576-594==1047982
INFO 08-14 23:17:34 shared.py:299] Adding task for request 100 to replica 3,session_id=23
DEBUG 08-14 23:17:34 replica.py:226] add_request - replica_id=[3], request=100,self.replica_slo_budget-sum_pending_tokens==current_budget:True,1048576-738==1047838
INFO 08-14 23:17:34 shared.py:299] Adding task for request 101 to replica 4,session_id=50
DEBUG 08-14 23:17:34 replica.py:226] add_request - replica_id=[4], request=101,self.replica_slo_budget-sum_pending_tokens==current_budget:True,1048576-2809==1045767
INFO 08-14 23:17:34 shared.py:299] Adding task for request 102 to replica 4,session_id=51
DEBUG 08-14 23:17:34 replica.py:226] add_request - replica_id=[4], request=102,self.replica_slo_budget-sum_pending_tokens==current_budget:True,1048576-3151==1045425
INFO 08-14 23:17:34 shared.py:299] Adding task for request 103 to replica 4,session_id=52
DEBUG 08-14 23:17:34 replica.py:226] add_request - replica_id=[4], request=103,self.replica_slo_budget-sum_pending_tokens==current_budget:True,1048576-3509==1045067
INFO 08-14 23:17:34 shared.py:299] Adding task for request 104 to replica 4,session_id=53
DEBUG 08-14 23:17:34 replica.py:226] add_request - replica_id=[4], request=104,self.replica_slo_budget-sum_pending_tokens==current_budget:True,1048576-3852==1044724
INFO 08-14 23:17:34 shared.py:299] Adding task for request 105 to replica 3,session_id=35
DEBUG 08-14 23:17:34 replica.py:226] add_request - replica_id=[3], request=105,self.replica_slo_budget-sum_pending_tokens==current_budget:True,1048576-908==1047668
INFO 08-14 23:17:34 shared.py:299] Adding task for request 107 to replica 1,session_id=29
DEBUG 08-14 23:17:34 replica.py:226] add_request - replica_id=[1], request=107,self.replica_slo_budget-sum_pending_tokens==current_budget:True,1048576-1363==1047213
INFO 08-14 23:17:34 shared.py:299] Adding task for request 106 to replica 2,session_id=37
DEBUG 08-14 23:17:34 replica.py:226] add_request - replica_id=[2], request=106,self.replica_slo_budget-sum_pending_tokens==current_budget:True,1048576-1249==1047327
INFO 08-14 23:17:34 shared.py:299] Adding task for request 108 to replica 0,session_id=29
DEBUG 08-14 23:17:34 replica.py:226] add_request - replica_id=[0], request=108,self.replica_slo_budget-sum_pending_tokens==current_budget:True,1048576-801==1047775
INFO 08-14 23:17:34 open_ai.py:115] async_send_request:request._id=100,session=23,https://uu722127-b80a-4e3f9d5d.cqa1.seetacloud.com:8443
INFO 08-14 23:17:34 open_ai.py:115] async_send_request:request._id=101,session=50,https://u722127-8cb5-f6dc13db.nmb1.seetacloud.com:8443
INFO 08-14 23:17:34 open_ai.py:115] async_send_request:request._id=102,session=51,https://u722127-8cb5-f6dc13db.nmb1.seetacloud.com:8443
INFO 08-14 23:17:34 open_ai.py:115] async_send_request:request._id=103,session=52,https://u722127-8cb5-f6dc13db.nmb1.seetacloud.com:8443
INFO 08-14 23:17:34 open_ai.py:115] async_send_request:request._id=104,session=53,https://u722127-8cb5-f6dc13db.nmb1.seetacloud.com:8443
INFO 08-14 23:17:34 open_ai.py:115] async_send_request:request._id=105,session=35,https://uu722127-b80a-4e3f9d5d.cqa1.seetacloud.com:8443
INFO 08-14 23:17:34 open_ai.py:115] async_send_request:request._id=107,session=29,127.0.0.1:8001
INFO 08-14 23:17:34 open_ai.py:115] async_send_request:request._id=106,session=37,https://u722127-b80a-4e3f9d5d.cqa1.seetacloud.com:8443
INFO 08-14 23:17:34 open_ai.py:115] async_send_request:request._id=108,session=29,127.0.0.1:8000
INFO 08-14 23:17:34 shared.py:299] Adding task for request 109 to replica 2,session_id=33
DEBUG 08-14 23:17:34 replica.py:226] add_request - replica_id=[2], request=109,self.replica_slo_budget-sum_pending_tokens==current_budget:True,1048576-1439==1047137
DEBUG 08-14 23:17:34 replica.py:171] complete_request_decode:num_saved_toekens=80
DEBUG 08-14 23:17:34 open_ai.py:335] async_send_request: request finish prefill, 63
INFO 08-14 23:17:34 open_ai.py:352] async_send_request: prefill completed: req=63,replica_id=2
DEBUG 08-14 23:17:34 replica.py:146] complete_request_prefill: replica_id=[2], request=63, current_budget=154,last_prefill_completed_at=30614663.096974917,last_ttft=0.4582
DEBUG 08-14 23:17:34 replica.py:153] complete_request_prefill - replica_id=[2], request=63,self.replica_slo_budget-sum_pending_tokens==current_budget:True,1048576-1285==1047291
DEBUG 08-14 23:17:34 open_ai.py:335] async_send_request: request finish prefill, 68
INFO 08-14 23:17:34 open_ai.py:352] async_send_request: prefill completed: req=68,replica_id=2
DEBUG 08-14 23:17:34 replica.py:146] complete_request_prefill: replica_id=[2], request=68, current_budget=160,last_prefill_completed_at=30614663.101921946,last_ttft=0.4605
DEBUG 08-14 23:17:34 replica.py:153] complete_request_prefill - replica_id=[2], request=68,self.replica_slo_budget-sum_pending_tokens==current_budget:True,1048576-1125==1047451
DEBUG 08-14 23:17:34 open_ai.py:335] async_send_request: request finish prefill, 75
INFO 08-14 23:17:34 open_ai.py:352] async_send_request: prefill completed: req=75,replica_id=2
DEBUG 08-14 23:17:34 replica.py:146] complete_request_prefill: replica_id=[2], request=75, current_budget=160,last_prefill_completed_at=30614663.1059254,last_ttft=0.4143
DEBUG 08-14 23:17:34 replica.py:153] complete_request_prefill - replica_id=[2], request=75,self.replica_slo_budget-sum_pending_tokens==current_budget:True,1048576-965==1047611
DEBUG 08-14 23:17:34 open_ai.py:335] async_send_request: request finish prefill, 83
INFO 08-14 23:17:34 open_ai.py:352] async_send_request: prefill completed: req=83,replica_id=0
DEBUG 08-14 23:17:34 replica.py:146] complete_request_prefill: replica_id=[0], request=83, current_budget=347,last_prefill_completed_at=30614663.11062997,last_ttft=0.3771
DEBUG 08-14 23:17:34 replica.py:153] complete_request_prefill - replica_id=[0], request=83,self.replica_slo_budget-sum_pending_tokens==current_budget:True,1048576-454==1048122
DEBUG 08-14 23:17:34 open_ai.py:335] async_send_request: request finish prefill, 82
INFO 08-14 23:17:34 open_ai.py:352] async_send_request: prefill completed: req=82,replica_id=0
DEBUG 08-14 23:17:34 replica.py:146] complete_request_prefill: replica_id=[0], request=82, current_budget=148,last_prefill_completed_at=30614663.11456588,last_ttft=0.3957
DEBUG 08-14 23:17:34 replica.py:153] complete_request_prefill - replica_id=[0], request=82,self.replica_slo_budget-sum_pending_tokens==current_budget:True,1048576-306==1048270
DEBUG 08-14 23:17:34 replica.py:171] complete_request_decode:num_saved_toekens=32
DEBUG 08-14 23:17:34 replica.py:171] complete_request_decode:num_saved_toekens=48
DEBUG 08-14 23:17:34 open_ai.py:452] good request:127.0.0.1:8001:good,request._id=3,input=353,output=48
DEBUG 08-14 23:17:34 open_ai.py:335] async_send_request: request finish prefill, 85
INFO 08-14 23:17:34 open_ai.py:352] async_send_request: prefill completed: req=85,replica_id=2
DEBUG 08-14 23:17:34 replica.py:146] complete_request_prefill: replica_id=[2], request=85, current_budget=150,last_prefill_completed_at=30614663.121071026,last_ttft=0.3803
DEBUG 08-14 23:17:34 replica.py:153] complete_request_prefill - replica_id=[2], request=85,self.replica_slo_budget-sum_pending_tokens==current_budget:True,1048576-815==1047761
INFO 08-14 23:17:34 open_ai.py:115] async_send_request:request._id=109,session=33,https://u722127-b80a-4e3f9d5d.cqa1.seetacloud.com:8443
DEBUG 08-14 23:17:34 replica.py:171] complete_request_decode:num_saved_toekens=48
DEBUG 08-14 23:17:34 open_ai.py:452] good request:127.0.0.1:8000:good,request._id=4,input=351,output=43
DEBUG 08-14 23:17:34 open_ai.py:335] async_send_request: request finish prefill, 76
INFO 08-14 23:17:34 open_ai.py:352] async_send_request: prefill completed: req=76,replica_id=4
DEBUG 08-14 23:17:34 replica.py:146] complete_request_prefill: replica_id=[4], request=76, current_budget=168,last_prefill_completed_at=30614663.131062277,last_ttft=0.4385
DEBUG 08-14 23:17:34 replica.py:153] complete_request_prefill - replica_id=[4], request=76,self.replica_slo_budget-sum_pending_tokens==current_budget:True,1048576-3684==1044892
DEBUG 08-14 23:17:34 open_ai.py:335] async_send_request: request finish prefill, 88
INFO 08-14 23:17:34 open_ai.py:352] async_send_request: prefill completed: req=88,replica_id=1
DEBUG 08-14 23:17:34 replica.py:146] complete_request_prefill: replica_id=[1], request=88, current_budget=361,last_prefill_completed_at=30614663.136027537,last_ttft=0.3897
DEBUG 08-14 23:17:34 replica.py:153] complete_request_prefill - replica_id=[1], request=88,self.replica_slo_budget-sum_pending_tokens==current_budget:True,1048576-1002==1047574
DEBUG 08-14 23:17:34 open_ai.py:335] async_send_request: request finish prefill, 80
INFO 08-14 23:17:34 open_ai.py:352] async_send_request: prefill completed: req=80,replica_id=1
DEBUG 08-14 23:17:34 replica.py:146] complete_request_prefill: replica_id=[1], request=80, current_budget=146,last_prefill_completed_at=30614663.14017031,last_ttft=0.422
DEBUG 08-14 23:17:34 replica.py:153] complete_request_prefill - replica_id=[1], request=80,self.replica_slo_budget-sum_pending_tokens==current_budget:True,1048576-856==1047720
DEBUG 08-14 23:17:34 open_ai.py:335] async_send_request: request finish prefill, 89
INFO 08-14 23:17:34 open_ai.py:352] async_send_request: prefill completed: req=89,replica_id=1
DEBUG 08-14 23:17:34 replica.py:146] complete_request_prefill: replica_id=[1], request=89, current_budget=146,last_prefill_completed_at=30614663.14399927,last_ttft=0.3918
DEBUG 08-14 23:17:34 replica.py:153] complete_request_prefill - replica_id=[1], request=89,self.replica_slo_budget-sum_pending_tokens==current_budget:True,1048576-710==1047866
DEBUG 08-14 23:17:35 open_ai.py:335] async_send_request: request finish prefill, 84
INFO 08-14 23:17:35 open_ai.py:352] async_send_request: prefill completed: req=84,replica_id=1
DEBUG 08-14 23:17:35 replica.py:146] complete_request_prefill: replica_id=[1], request=84, current_budget=552,last_prefill_completed_at=30614663.14798203,last_ttft=0.4094
DEBUG 08-14 23:17:35 replica.py:153] complete_request_prefill - replica_id=[1], request=84,self.replica_slo_budget-sum_pending_tokens==current_budget:True,1048576-158==1048418
DEBUG 08-14 23:17:35 replica.py:171] complete_request_decode:num_saved_toekens=32
DEBUG 08-14 23:17:35 open_ai.py:452] good request:127.0.0.1:8001:good,request._id=25,input=344,output=33
DEBUG 08-14 23:17:35 metrics_store.py:131] update_metrics:request_id=31
DEBUG 08-14 23:17:35 shared.py:180] Removed task for request 31 on https://u722127-b80a-4e3f9d5d.cqa1.seetacloud.com:8443
INFO 08-14 23:17:35 shared.py:299] Adding task for request 110 to replica 4,session_id=54
DEBUG 08-14 23:17:35 replica.py:226] add_request - replica_id=[4], request=110,self.replica_slo_budget-sum_pending_tokens==current_budget:True,1048576-4028==1044548
INFO 08-14 23:17:35 shared.py:299] Adding task for request 111 to replica 4,session_id=34
DEBUG 08-14 23:17:35 replica.py:226] add_request - replica_id=[4], request=111,self.replica_slo_budget-sum_pending_tokens==current_budget:True,1048576-4190==1044386
INFO 08-14 23:17:35 shared.py:299] Adding task for request 112 to replica 1,session_id=34
DEBUG 08-14 23:17:35 replica.py:226] add_request - replica_id=[1], request=112,self.replica_slo_budget-sum_pending_tokens==current_budget:True,1048576-320==1048256
INFO 08-14 23:17:35 shared.py:299] Adding task for request 113 to replica 3,session_id=34
DEBUG 08-14 23:17:35 replica.py:226] add_request - replica_id=[3], request=113,self.replica_slo_budget-sum_pending_tokens==current_budget:True,1048576-1066==1047510
INFO 08-14 23:17:35 shared.py:299] Adding task for request 114 to replica 0,session_id=55
DEBUG 08-14 23:17:35 replica.py:226] add_request - replica_id=[0], request=114,self.replica_slo_budget-sum_pending_tokens==current_budget:True,1048576-656==1047920
INFO 08-14 23:17:35 shared.py:299] Adding task for request 118 to replica 2,session_id=56
DEBUG 08-14 23:17:35 replica.py:226] add_request - replica_id=[2], request=118,self.replica_slo_budget-sum_pending_tokens==current_budget:True,1048576-1182==1047394
INFO 08-14 23:17:35 open_ai.py:115] async_send_request:request._id=110,session=54,https://u722127-8cb5-f6dc13db.nmb1.seetacloud.com:8443
INFO 08-14 23:17:35 open_ai.py:115] async_send_request:request._id=111,session=34,https://u722127-8cb5-f6dc13db.nmb1.seetacloud.com:8443
INFO 08-14 23:17:35 open_ai.py:115] async_send_request:request._id=112,session=34,127.0.0.1:8001
INFO 08-14 23:17:35 open_ai.py:115] async_send_request:request._id=113,session=34,https://uu722127-b80a-4e3f9d5d.cqa1.seetacloud.com:8443
INFO 08-14 23:17:35 open_ai.py:115] async_send_request:request._id=114,session=55,127.0.0.1:8000
INFO 08-14 23:17:35 open_ai.py:115] async_send_request:request._id=118,session=56,https://u722127-b80a-4e3f9d5d.cqa1.seetacloud.com:8443
INFO 08-14 23:17:35 shared.py:299] Adding task for request 119 to replica 0,session_id=57
DEBUG 08-14 23:17:35 replica.py:226] add_request - replica_id=[0], request=119,self.replica_slo_budget-sum_pending_tokens==current_budget:True,1048576-2129==1046447
DEBUG 08-14 23:17:35 open_ai.py:335] async_send_request: request finish prefill, 99
INFO 08-14 23:17:35 open_ai.py:352] async_send_request: prefill completed: req=99,replica_id=0
DEBUG 08-14 23:17:35 replica.py:146] complete_request_prefill: replica_id=[0], request=99, current_budget=154,last_prefill_completed_at=30614663.267118655,last_ttft=0.4777
DEBUG 08-14 23:17:35 replica.py:153] complete_request_prefill - replica_id=[0], request=99,self.replica_slo_budget-sum_pending_tokens==current_budget:True,1048576-1975==1046601
DEBUG 08-14 23:17:35 open_ai.py:335] async_send_request: request finish prefill, 50
INFO 08-14 23:17:35 open_ai.py:352] async_send_request: prefill completed: req=50,replica_id=2
DEBUG 08-14 23:17:35 replica.py:146] complete_request_prefill: replica_id=[2], request=50, current_budget=149,last_prefill_completed_at=30614663.272583604,last_ttft=0.7449
DEBUG 08-14 23:17:35 replica.py:153] complete_request_prefill - replica_id=[2], request=50,self.replica_slo_budget-sum_pending_tokens==current_budget:True,1048576-1033==1047543
DEBUG 08-14 23:17:35 open_ai.py:335] async_send_request: request finish prefill, 77
INFO 08-14 23:17:35 open_ai.py:352] async_send_request: prefill completed: req=77,replica_id=3
DEBUG 08-14 23:17:35 replica.py:146] complete_request_prefill: replica_id=[3], request=77, current_budget=154,last_prefill_completed_at=30614663.278055277,last_ttft=0.5822
DEBUG 08-14 23:17:35 replica.py:153] complete_request_prefill - replica_id=[3], request=77,self.replica_slo_budget-sum_pending_tokens==current_budget:True,1048576-912==1047664
DEBUG 08-14 23:17:35 open_ai.py:335] async_send_request: request finish prefill, 78
INFO 08-14 23:17:35 open_ai.py:352] async_send_request: prefill completed: req=78,replica_id=2
DEBUG 08-14 23:17:35 replica.py:146] complete_request_prefill: replica_id=[2], request=78, current_budget=164,last_prefill_completed_at=30614663.282959305,last_ttft=0.5828
DEBUG 08-14 23:17:35 replica.py:153] complete_request_prefill - replica_id=[2], request=78,self.replica_slo_budget-sum_pending_tokens==current_budget:True,1048576-869==1047707
INFO 08-14 23:17:35 open_ai.py:115] async_send_request:request._id=119,session=57,127.0.0.1:8000
DEBUG 08-14 23:17:35 replica.py:171] complete_request_decode:num_saved_toekens=48
DEBUG 08-14 23:17:35 open_ai.py:452] good request:127.0.0.1:8001:good,request._id=19,input=344,output=44
DEBUG 08-14 23:17:35 open_ai.py:335] async_send_request: request finish prefill, 81
INFO 08-14 23:17:35 open_ai.py:352] async_send_request: prefill completed: req=81,replica_id=3
DEBUG 08-14 23:17:35 replica.py:146] complete_request_prefill: replica_id=[3], request=81, current_budget=146,last_prefill_completed_at=30614663.293646906,last_ttft=0.5751
DEBUG 08-14 23:17:35 replica.py:153] complete_request_prefill - replica_id=[3], request=81,self.replica_slo_budget-sum_pending_tokens==current_budget:True,1048576-766==1047810
DEBUG 08-14 23:17:35 open_ai.py:335] async_send_request: request finish prefill, 87
INFO 08-14 23:17:35 open_ai.py:352] async_send_request: prefill completed: req=87,replica_id=3
DEBUG 08-14 23:17:35 replica.py:146] complete_request_prefill: replica_id=[3], request=87, current_budget=150,last_prefill_completed_at=30614663.30286396,last_ttft=0.5593
DEBUG 08-14 23:17:35 replica.py:153] complete_request_prefill - replica_id=[3], request=87,self.replica_slo_budget-sum_pending_tokens==current_budget:True,1048576-616==1047960
DEBUG 08-14 23:17:35 open_ai.py:335] async_send_request: request finish prefill, 97
INFO 08-14 23:17:35 open_ai.py:352] async_send_request: prefill completed: req=97,replica_id=4
DEBUG 08-14 23:17:35 replica.py:146] complete_request_prefill: replica_id=[4], request=97, current_budget=378,last_prefill_completed_at=30614663.308352936,last_ttft=0.5238
DEBUG 08-14 23:17:35 replica.py:153] complete_request_prefill - replica_id=[4], request=97,self.replica_slo_budget-sum_pending_tokens==current_budget:True,1048576-3812==1044764
DEBUG 08-14 23:17:35 open_ai.py:335] async_send_request: request finish prefill, 86
INFO 08-14 23:17:35 open_ai.py:352] async_send_request: prefill completed: req=86,replica_id=4
DEBUG 08-14 23:17:35 replica.py:146] complete_request_prefill: replica_id=[4], request=86, current_budget=552,last_prefill_completed_at=30614663.313396055,last_ttft=0.5708
DEBUG 08-14 23:17:35 replica.py:153] complete_request_prefill - replica_id=[4], request=86,self.replica_slo_budget-sum_pending_tokens==current_budget:True,1048576-3260==1045316
DEBUG 08-14 23:17:35 open_ai.py:335] async_send_request: request finish prefill, 91
INFO 08-14 23:17:35 open_ai.py:352] async_send_request: prefill completed: req=91,replica_id=4
DEBUG 08-14 23:17:35 replica.py:146] complete_request_prefill: replica_id=[4], request=91, current_budget=344,last_prefill_completed_at=30614663.31901325,last_ttft=0.5565
DEBUG 08-14 23:17:35 replica.py:153] complete_request_prefill - replica_id=[4], request=91,self.replica_slo_budget-sum_pending_tokens==current_budget:True,1048576-2916==1045660
DEBUG 08-14 23:17:35 open_ai.py:452] good request:https://u722127-b80a-4e3f9d5d.cqa1.seetacloud.com:8443:good,request._id=0,input=383,output=66
DEBUG 08-14 23:17:35 open_ai.py:452] good request:127.0.0.1:8001:good,request._id=20,input=344,output=31
DEBUG 08-14 23:17:35 metrics_store.py:131] update_metrics:request_id=3
DEBUG 08-14 23:17:35 metrics_store.py:131] update_metrics:request_id=4
DEBUG 08-14 23:17:35 shared.py:180] Removed task for request 3 on 127.0.0.1:8001
DEBUG 08-14 23:17:35 metrics_store.py:131] update_metrics:request_id=25
DEBUG 08-14 23:17:35 shared.py:180] Removed task for request 4 on 127.0.0.1:8000
DEBUG 08-14 23:17:35 shared.py:180] Removed task for request 25 on 127.0.0.1:8001
DEBUG 08-14 23:17:35 replica.py:171] complete_request_decode:num_saved_toekens=48
DEBUG 08-14 23:17:35 open_ai.py:452] good request:127.0.0.1:8001:good,request._id=22,input=347,output=43
DEBUG 08-14 23:17:35 replica.py:171] complete_request_decode:num_saved_toekens=64
DEBUG 08-14 23:17:35 open_ai.py:452] good request:127.0.0.1:8001:good,request._id=8,input=351,output=57
DEBUG 08-14 23:17:35 open_ai.py:335] async_send_request: request finish prefill, 107
INFO 08-14 23:17:35 open_ai.py:352] async_send_request: prefill completed: req=107,replica_id=1
DEBUG 08-14 23:17:35 replica.py:146] complete_request_prefill: replica_id=[1], request=107, current_budget=158,last_prefill_completed_at=30614663.38398253,last_ttft=0.5218
DEBUG 08-14 23:17:35 replica.py:153] complete_request_prefill - replica_id=[1], request=107,self.replica_slo_budget-sum_pending_tokens==current_budget:True,1048576-162==1048414
DEBUG 08-14 23:17:35 open_ai.py:335] async_send_request: request finish prefill, 90
INFO 08-14 23:17:35 open_ai.py:352] async_send_request: prefill completed: req=90,replica_id=2
DEBUG 08-14 23:17:35 replica.py:146] complete_request_prefill: replica_id=[2], request=90, current_budget=166,last_prefill_completed_at=30614663.39446067,last_ttft=0.6389
DEBUG 08-14 23:17:35 replica.py:153] complete_request_prefill - replica_id=[2], request=90,self.replica_slo_budget-sum_pending_tokens==current_budget:True,1048576-703==1047873
DEBUG 08-14 23:17:35 open_ai.py:335] async_send_request: request finish prefill, 108
INFO 08-14 23:17:35 open_ai.py:352] async_send_request: prefill completed: req=108,replica_id=0
DEBUG 08-14 23:17:35 replica.py:146] complete_request_prefill: replica_id=[0], request=108, current_budget=152,last_prefill_completed_at=30614663.401072092,last_ttft=0.538
DEBUG 08-14 23:17:35 replica.py:153] complete_request_prefill - replica_id=[0], request=108,self.replica_slo_budget-sum_pending_tokens==current_budget:True,1048576-1823==1046753
INFO 08-14 23:17:35 shared.py:299] Adding task for request 120 to replica 2,session_id=39
DEBUG 08-14 23:17:35 replica.py:226] add_request - replica_id=[2], request=120,self.replica_slo_budget-sum_pending_tokens==current_budget:True,1048576-863==1047713
INFO 08-14 23:17:35 shared.py:299] Adding task for request 121 to replica 0,session_id=58
DEBUG 08-14 23:17:35 replica.py:226] add_request - replica_id=[0], request=121,self.replica_slo_budget-sum_pending_tokens==current_budget:True,1048576-2179==1046397
INFO 08-14 23:17:35 shared.py:299] Adding task for request 122 to replica 0,session_id=59
DEBUG 08-14 23:17:35 replica.py:226] add_request - replica_id=[0], request=122,self.replica_slo_budget-sum_pending_tokens==current_budget:True,1048576-2603==1045973
INFO 08-14 23:17:35 shared.py:299] Adding task for request 123 to replica 0,session_id=60
DEBUG 08-14 23:17:35 replica.py:226] add_request - replica_id=[0], request=123,self.replica_slo_budget-sum_pending_tokens==current_budget:True,1048576-2956==1045620
INFO 08-14 23:17:35 shared.py:299] Adding task for request 124 to replica 4,session_id=61
DEBUG 08-14 23:17:35 replica.py:226] add_request - replica_id=[4], request=124,self.replica_slo_budget-sum_pending_tokens==current_budget:True,1048576-3257==1045319
INFO 08-14 23:17:35 shared.py:299] Adding task for request 125 to replica 1,session_id=62
DEBUG 08-14 23:17:35 replica.py:226] add_request - replica_id=[1], request=125,self.replica_slo_budget-sum_pending_tokens==current_budget:True,1048576-513==1048063
INFO 08-14 23:17:35 shared.py:299] Adding task for request 126 to replica 0,session_id=38
DEBUG 08-14 23:17:35 replica.py:226] add_request - replica_id=[0], request=126,self.replica_slo_budget-sum_pending_tokens==current_budget:True,1048576-3123==1045453
INFO 08-14 23:17:35 shared.py:299] Adding task for request 127 to replica 3,session_id=38
DEBUG 08-14 23:17:35 replica.py:226] add_request - replica_id=[3], request=127,self.replica_slo_budget-sum_pending_tokens==current_budget:True,1048576-785==1047791
INFO 08-14 23:17:35 shared.py:299] Adding task for request 128 to replica 4,session_id=63
DEBUG 08-14 23:17:35 replica.py:226] add_request - replica_id=[4], request=128,self.replica_slo_budget-sum_pending_tokens==current_budget:True,1048576-3601==1044975
DEBUG 08-14 23:17:35 open_ai.py:335] async_send_request: request finish prefill, 69
INFO 08-14 23:17:35 open_ai.py:352] async_send_request: prefill completed: req=69,replica_id=3
DEBUG 08-14 23:17:35 replica.py:146] complete_request_prefill: replica_id=[3], request=69, current_budget=144,last_prefill_completed_at=30614663.49299289,last_ttft=0.8514
DEBUG 08-14 23:17:35 replica.py:153] complete_request_prefill - replica_id=[3], request=69,self.replica_slo_budget-sum_pending_tokens==current_budget:True,1048576-641==1047935
INFO 08-14 23:17:35 shared.py:299] Adding task for request 129 to replica 1,session_id=64
DEBUG 08-14 23:17:35 replica.py:226] add_request - replica_id=[1], request=129,self.replica_slo_budget-sum_pending_tokens==current_budget:True,1048576-866==1047710
DEBUG 08-14 23:17:35 open_ai.py:335] async_send_request: request finish prefill, 98
INFO 08-14 23:17:35 open_ai.py:352] async_send_request: prefill completed: req=98,replica_id=4
DEBUG 08-14 23:17:35 replica.py:146] complete_request_prefill: replica_id=[4], request=98, current_budget=353,last_prefill_completed_at=30614663.500580326,last_ttft=0.7135
DEBUG 08-14 23:17:35 replica.py:153] complete_request_prefill - replica_id=[4], request=98,self.replica_slo_budget-sum_pending_tokens==current_budget:True,1048576-3248==1045328
INFO 08-14 23:17:35 open_ai.py:115] async_send_request:request._id=120,session=39,https://u722127-b80a-4e3f9d5d.cqa1.seetacloud.com:8443
INFO 08-14 23:17:35 open_ai.py:115] async_send_request:request._id=121,session=58,127.0.0.1:8000
INFO 08-14 23:17:35 open_ai.py:115] async_send_request:request._id=122,session=59,127.0.0.1:8000
INFO 08-14 23:17:35 open_ai.py:115] async_send_request:request._id=123,session=60,127.0.0.1:8000
INFO 08-14 23:17:35 open_ai.py:115] async_send_request:request._id=124,session=61,https://u722127-8cb5-f6dc13db.nmb1.seetacloud.com:8443
INFO 08-14 23:17:35 open_ai.py:115] async_send_request:request._id=125,session=62,127.0.0.1:8001
INFO 08-14 23:17:35 open_ai.py:115] async_send_request:request._id=126,session=38,127.0.0.1:8000
INFO 08-14 23:17:35 open_ai.py:115] async_send_request:request._id=127,session=38,https://uu722127-b80a-4e3f9d5d.cqa1.seetacloud.com:8443
INFO 08-14 23:17:35 open_ai.py:115] async_send_request:request._id=128,session=63,https://u722127-8cb5-f6dc13db.nmb1.seetacloud.com:8443
INFO 08-14 23:17:35 open_ai.py:115] async_send_request:request._id=129,session=64,127.0.0.1:8001
DEBUG 08-14 23:17:35 replica.py:171] complete_request_decode:num_saved_toekens=64
DEBUG 08-14 23:17:35 open_ai.py:452] good request:127.0.0.1:8001:good,request._id=14,input=351,output=57
DEBUG 08-14 23:17:35 open_ai.py:335] async_send_request: request finish prefill, 103
INFO 08-14 23:17:35 open_ai.py:352] async_send_request: prefill completed: req=103,replica_id=4
DEBUG 08-14 23:17:35 replica.py:146] complete_request_prefill: replica_id=[4], request=103, current_budget=358,last_prefill_completed_at=30614663.528602246,last_ttft=0.6963
DEBUG 08-14 23:17:35 replica.py:153] complete_request_prefill - replica_id=[4], request=103,self.replica_slo_budget-sum_pending_tokens==current_budget:True,1048576-2890==1045686
DEBUG 08-14 23:17:35 replica.py:171] complete_request_decode:num_saved_toekens=32
DEBUG 08-14 23:17:35 open_ai.py:452] good request:https://u722127-8cb5-f6dc13db.nmb1.seetacloud.com:8443:good,request._id=46,input=342,output=27
DEBUG 08-14 23:17:35 open_ai.py:335] async_send_request: request finish prefill, 101
INFO 08-14 23:17:35 open_ai.py:352] async_send_request: prefill completed: req=101,replica_id=4
DEBUG 08-14 23:17:35 replica.py:146] complete_request_prefill: replica_id=[4], request=101, current_budget=355,last_prefill_completed_at=30614663.534303512,last_ttft=0.7397
DEBUG 08-14 23:17:35 replica.py:153] complete_request_prefill - replica_id=[4], request=101,self.replica_slo_budget-sum_pending_tokens==current_budget:True,1048576-2535==1046041
DEBUG 08-14 23:17:35 open_ai.py:335] async_send_request: request finish prefill, 104
INFO 08-14 23:17:35 open_ai.py:352] async_send_request: prefill completed: req=104,replica_id=4
DEBUG 08-14 23:17:35 replica.py:146] complete_request_prefill: replica_id=[4], request=104, current_budget=343,last_prefill_completed_at=30614663.539396632,last_ttft=0.6916
DEBUG 08-14 23:17:35 replica.py:153] complete_request_prefill - replica_id=[4], request=104,self.replica_slo_budget-sum_pending_tokens==current_budget:True,1048576-2192==1046384
DEBUG 08-14 23:17:35 open_ai.py:335] async_send_request: request finish prefill, 100
INFO 08-14 23:17:35 open_ai.py:352] async_send_request: prefill completed: req=100,replica_id=3
DEBUG 08-14 23:17:35 replica.py:146] complete_request_prefill: replica_id=[3], request=100, current_budget=144,last_prefill_completed_at=30614663.5453647,last_ttft=0.755
DEBUG 08-14 23:17:35 replica.py:153] complete_request_prefill - replica_id=[3], request=100,self.replica_slo_budget-sum_pending_tokens==current_budget:True,1048576-497==1048079
DEBUG 08-14 23:17:35 open_ai.py:335] async_send_request: request finish prefill, 102
INFO 08-14 23:17:35 open_ai.py:352] async_send_request: prefill completed: req=102,replica_id=4
DEBUG 08-14 23:17:35 replica.py:146] complete_request_prefill: replica_id=[4], request=102, current_budget=342,last_prefill_completed_at=30614663.5503278,last_ttft=0.7345
DEBUG 08-14 23:17:35 replica.py:153] complete_request_prefill - replica_id=[4], request=102,self.replica_slo_budget-sum_pending_tokens==current_budget:True,1048576-1850==1046726
DEBUG 08-14 23:17:35 open_ai.py:335] async_send_request: request finish prefill, 96
INFO 08-14 23:17:35 open_ai.py:352] async_send_request: prefill completed: req=96,replica_id=4
DEBUG 08-14 23:17:35 replica.py:146] complete_request_prefill: replica_id=[4], request=96, current_budget=659,last_prefill_completed_at=30614663.55528807,last_ttft=0.7729
DEBUG 08-14 23:17:35 replica.py:153] complete_request_prefill - replica_id=[4], request=96,self.replica_slo_budget-sum_pending_tokens==current_budget:True,1048576-1191==1047385
DEBUG 08-14 23:17:35 replica.py:171] complete_request_decode:num_saved_toekens=32
DEBUG 08-14 23:17:35 open_ai.py:452] good request:https://u722127-8cb5-f6dc13db.nmb1.seetacloud.com:8443:good,request._id=37,input=343,output=34
DEBUG 08-14 23:17:35 metrics_store.py:131] update_metrics:request_id=19
DEBUG 08-14 23:17:35 metrics_store.py:131] update_metrics:request_id=0
DEBUG 08-14 23:17:35 metrics_store.py:131] update_metrics:request_id=20
DEBUG 08-14 23:17:35 shared.py:180] Removed task for request 19 on 127.0.0.1:8001
DEBUG 08-14 23:17:35 metrics_store.py:131] update_metrics:request_id=22
DEBUG 08-14 23:17:35 shared.py:180] Removed task for request 0 on https://u722127-b80a-4e3f9d5d.cqa1.seetacloud.com:8443
DEBUG 08-14 23:17:35 metrics_store.py:131] update_metrics:request_id=8
DEBUG 08-14 23:17:35 shared.py:180] Removed task for request 20 on 127.0.0.1:8001
DEBUG 08-14 23:17:35 shared.py:180] Removed task for request 22 on 127.0.0.1:8001
DEBUG 08-14 23:17:35 shared.py:180] Removed task for request 8 on 127.0.0.1:8001
DEBUG 08-14 23:17:35 open_ai.py:335] async_send_request: request finish prefill, 112
INFO 08-14 23:17:35 open_ai.py:352] async_send_request: prefill completed: req=112,replica_id=1
DEBUG 08-14 23:17:35 replica.py:146] complete_request_prefill: replica_id=[1], request=112, current_budget=162,last_prefill_completed_at=30614663.638324987,last_ttft=0.7635
DEBUG 08-14 23:17:35 replica.py:153] complete_request_prefill - replica_id=[1], request=112,self.replica_slo_budget-sum_pending_tokens==current_budget:True,1048576-704==1047872
DEBUG 08-14 23:17:35 open_ai.py:335] async_send_request: request finish prefill, 114
INFO 08-14 23:17:35 open_ai.py:352] async_send_request: prefill completed: req=114,replica_id=0
DEBUG 08-14 23:17:35 replica.py:146] complete_request_prefill: replica_id=[0], request=114, current_budget=350,last_prefill_completed_at=30614663.643949997,last_ttft=0.7611
DEBUG 08-14 23:17:35 replica.py:153] complete_request_prefill - replica_id=[0], request=114,self.replica_slo_budget-sum_pending_tokens==current_budget:True,1048576-2773==1045803
INFO 08-14 23:17:35 shared.py:299] Adding task for request 130 to replica 1,session_id=65
DEBUG 08-14 23:17:35 replica.py:226] add_request - replica_id=[1], request=130,self.replica_slo_budget-sum_pending_tokens==current_budget:True,1048576-1050==1047526
INFO 08-14 23:17:35 shared.py:299] Adding task for request 131 to replica 1,session_id=66
DEBUG 08-14 23:17:35 replica.py:226] add_request - replica_id=[1], request=131,self.replica_slo_budget-sum_pending_tokens==current_budget:True,1048576-1391==1047185
INFO 08-14 23:17:35 shared.py:299] Adding task for request 132 to replica 1,session_id=67
DEBUG 08-14 23:17:35 replica.py:226] add_request - replica_id=[1], request=132,self.replica_slo_budget-sum_pending_tokens==current_budget:True,1048576-1750==1046826
INFO 08-14 23:17:35 shared.py:299] Adding task for request 134 to replica 1,session_id=68
DEBUG 08-14 23:17:35 replica.py:226] add_request - replica_id=[1], request=134,self.replica_slo_budget-sum_pending_tokens==current_budget:True,1048576-2116==1046460
INFO 08-14 23:17:35 shared.py:299] Adding task for request 135 to replica 1,session_id=69
DEBUG 08-14 23:17:35 replica.py:226] add_request - replica_id=[1], request=135,self.replica_slo_budget-sum_pending_tokens==current_budget:True,1048576-2499==1046077
INFO 08-14 23:17:35 shared.py:299] Adding task for request 136 to replica 2,session_id=42
DEBUG 08-14 23:17:35 replica.py:226] add_request - replica_id=[2], request=136,self.replica_slo_budget-sum_pending_tokens==current_budget:True,1048576-1019==1047557
INFO 08-14 23:17:35 shared.py:299] Adding task for request 137 to replica 4,session_id=70
DEBUG 08-14 23:17:35 replica.py:226] add_request - replica_id=[4], request=137,self.replica_slo_budget-sum_pending_tokens==current_budget:True,1048576-1537==1047039
INFO 08-14 23:17:35 open_ai.py:115] async_send_request:request._id=130,session=65,127.0.0.1:8001
INFO 08-14 23:17:35 open_ai.py:115] async_send_request:request._id=131,session=66,127.0.0.1:8001
INFO 08-14 23:17:35 open_ai.py:115] async_send_request:request._id=132,session=67,127.0.0.1:8001
INFO 08-14 23:17:35 open_ai.py:115] async_send_request:request._id=134,session=68,127.0.0.1:8001
INFO 08-14 23:17:35 open_ai.py:115] async_send_request:request._id=135,session=69,127.0.0.1:8001
INFO 08-14 23:17:35 open_ai.py:115] async_send_request:request._id=136,session=42,https://u722127-b80a-4e3f9d5d.cqa1.seetacloud.com:8443
INFO 08-14 23:17:35 open_ai.py:115] async_send_request:request._id=137,session=70,https://u722127-8cb5-f6dc13db.nmb1.seetacloud.com:8443
DEBUG 08-14 23:17:35 replica.py:171] complete_request_decode:num_saved_toekens=64
DEBUG 08-14 23:17:35 open_ai.py:452] good request:https://uu722127-b80a-4e3f9d5d.cqa1.seetacloud.com:8443:good,request._id=2,input=356,output=72
INFO 08-14 23:17:35 shared.py:299] Adding task for request 139 to replica 1,session_id=71
DEBUG 08-14 23:17:35 replica.py:226] add_request - replica_id=[1], request=139,self.replica_slo_budget-sum_pending_tokens==current_budget:True,1048576-2852==1045724
DEBUG 08-14 23:17:35 replica.py:171] complete_request_decode:num_saved_toekens=80
DEBUG 08-14 23:17:35 open_ai.py:452] good request:https://u722127-b80a-4e3f9d5d.cqa1.seetacloud.com:8443:good,request._id=17,input=354,output=91
DEBUG 08-14 23:17:35 replica.py:171] complete_request_decode:num_saved_toekens=80
DEBUG 08-14 23:17:35 open_ai.py:452] good request:127.0.0.1:8001:good,request._id=12,input=373,output=77
DEBUG 08-14 23:17:35 open_ai.py:335] async_send_request: request finish prefill, 105
INFO 08-14 23:17:35 open_ai.py:352] async_send_request: prefill completed: req=105,replica_id=3
DEBUG 08-14 23:17:35 replica.py:146] complete_request_prefill: replica_id=[3], request=105, current_budget=170,last_prefill_completed_at=30614663.765365776,last_ttft=0.9125
DEBUG 08-14 23:17:35 replica.py:153] complete_request_prefill - replica_id=[3], request=105,self.replica_slo_budget-sum_pending_tokens==current_budget:True,1048576-327==1048249
DEBUG 08-14 23:17:35 replica.py:171] complete_request_decode:num_saved_toekens=64
DEBUG 08-14 23:17:35 open_ai.py:452] good request:https://uu722127-b80a-4e3f9d5d.cqa1.seetacloud.com:8443:good,request._id=18,input=3436,output=59
DEBUG 08-14 23:17:35 open_ai.py:335] async_send_request: request finish prefill, 119
INFO 08-14 23:17:35 open_ai.py:352] async_send_request: prefill completed: req=119,replica_id=0
DEBUG 08-14 23:17:35 replica.py:146] complete_request_prefill: replica_id=[0], request=119, current_budget=1473,last_prefill_completed_at=30614663.772805355,last_ttft=0.8463
DEBUG 08-14 23:17:35 replica.py:153] complete_request_prefill - replica_id=[0], request=119,self.replica_slo_budget-sum_pending_tokens==current_budget:True,1048576-1300==1047276
DEBUG 08-14 23:17:35 open_ai.py:335] async_send_request: request finish prefill, 111
INFO 08-14 23:17:35 open_ai.py:352] async_send_request: prefill completed: req=111,replica_id=4
DEBUG 08-14 23:17:35 replica.py:146] complete_request_prefill: replica_id=[4], request=111, current_budget=162,last_prefill_completed_at=30614663.779490832,last_ttft=0.9056
DEBUG 08-14 23:17:35 replica.py:153] complete_request_prefill - replica_id=[4], request=111,self.replica_slo_budget-sum_pending_tokens==current_budget:True,1048576-1375==1047201
DEBUG 08-14 23:17:35 replica.py:171] complete_request_decode:num_saved_toekens=48
DEBUG 08-14 23:17:35 open_ai.py:452] good request:https://u722127-8cb5-f6dc13db.nmb1.seetacloud.com:8443:good,request._id=9,input=350,output=42
DEBUG 08-14 23:17:35 open_ai.py:335] async_send_request: request finish prefill, 110
INFO 08-14 23:17:35 open_ai.py:352] async_send_request: prefill completed: req=110,replica_id=4
DEBUG 08-14 23:17:35 replica.py:146] complete_request_prefill: replica_id=[4], request=110, current_budget=344,last_prefill_completed_at=30614663.78755563,last_ttft=0.9238
DEBUG 08-14 23:17:35 replica.py:153] complete_request_prefill - replica_id=[4], request=110,self.replica_slo_budget-sum_pending_tokens==current_budget:True,1048576-1031==1047545
DEBUG 08-14 23:17:35 open_ai.py:335] async_send_request: request finish prefill, 106
INFO 08-14 23:17:35 open_ai.py:352] async_send_request: prefill completed: req=106,replica_id=2
DEBUG 08-14 23:17:35 replica.py:146] complete_request_prefill: replica_id=[2], request=106, current_budget=146,last_prefill_completed_at=30614663.793273687,last_ttft=0.934
DEBUG 08-14 23:17:35 replica.py:153] complete_request_prefill - replica_id=[2], request=106,self.replica_slo_budget-sum_pending_tokens==current_budget:True,1048576-873==1047703
INFO 08-14 23:17:35 open_ai.py:115] async_send_request:request._id=139,session=71,127.0.0.1:8001
DEBUG 08-14 23:17:35 replica.py:171] complete_request_decode:num_saved_toekens=80
DEBUG 08-14 23:17:35 open_ai.py:452] good request:127.0.0.1:8001:good,request._id=28,input=351,output=66
DEBUG 08-14 23:17:35 replica.py:171] complete_request_decode:num_saved_toekens=64
DEBUG 08-14 23:17:35 open_ai.py:452] good request:127.0.0.1:8000:good,request._id=58,input=349,output=51
DEBUG 08-14 23:17:35 replica.py:171] complete_request_decode:num_saved_toekens=48
DEBUG 08-14 23:17:35 open_ai.py:452] good request:https://u722127-8cb5-f6dc13db.nmb1.seetacloud.com:8443:good,request._id=16,input=343,output=44
DEBUG 08-14 23:17:35 metrics_store.py:131] update_metrics:request_id=14
DEBUG 08-14 23:17:35 metrics_store.py:131] update_metrics:request_id=46
DEBUG 08-14 23:17:35 metrics_store.py:131] update_metrics:request_id=37
DEBUG 08-14 23:17:35 shared.py:180] Removed task for request 14 on 127.0.0.1:8001
DEBUG 08-14 23:17:35 shared.py:180] Removed task for request 46 on https://u722127-8cb5-f6dc13db.nmb1.seetacloud.com:8443
DEBUG 08-14 23:17:35 shared.py:180] Removed task for request 37 on https://u722127-8cb5-f6dc13db.nmb1.seetacloud.com:8443
INFO 08-14 23:17:35 shared.py:299] Adding task for request 140 to replica 4,session_id=72
DEBUG 08-14 23:17:35 replica.py:226] add_request - replica_id=[4], request=140,self.replica_slo_budget-sum_pending_tokens==current_budget:True,1048576-1376==1047200
INFO 08-14 23:17:35 shared.py:299] Adding task for request 141 to replica 4,session_id=73
DEBUG 08-14 23:17:35 replica.py:226] add_request - replica_id=[4], request=141,self.replica_slo_budget-sum_pending_tokens==current_budget:True,1048576-1725==1046851
INFO 08-14 23:17:35 shared.py:299] Adding task for request 142 to replica 1,session_id=74
DEBUG 08-14 23:17:35 replica.py:226] add_request - replica_id=[1], request=142,self.replica_slo_budget-sum_pending_tokens==current_budget:True,1048576-3195==1045381
INFO 08-14 23:17:35 shared.py:299] Adding task for request 143 to replica 4,session_id=75
DEBUG 08-14 23:17:35 replica.py:226] add_request - replica_id=[4], request=143,self.replica_slo_budget-sum_pending_tokens==current_budget:True,1048576-2076==1046500
INFO 08-14 23:17:35 shared.py:299] Adding task for request 144 to replica 1,session_id=76
DEBUG 08-14 23:17:35 replica.py:226] add_request - replica_id=[1], request=144,self.replica_slo_budget-sum_pending_tokens==current_budget:True,1048576-3540==1045036
INFO 08-14 23:17:35 shared.py:299] Adding task for request 145 to replica 1,session_id=77
DEBUG 08-14 23:17:35 replica.py:226] add_request - replica_id=[1], request=145,self.replica_slo_budget-sum_pending_tokens==current_budget:True,1048576-3890==1044686
INFO 08-14 23:17:35 shared.py:299] Adding task for request 146 to replica 4,session_id=78
DEBUG 08-14 23:17:35 replica.py:226] add_request - replica_id=[4], request=146,self.replica_slo_budget-sum_pending_tokens==current_budget:True,1048576-2490==1046086
INFO 08-14 23:17:35 shared.py:299] Adding task for request 147 to replica 3,session_id=46
DEBUG 08-14 23:17:35 replica.py:226] add_request - replica_id=[3], request=147,self.replica_slo_budget-sum_pending_tokens==current_budget:True,1048576-485==1048091
INFO 08-14 23:17:35 shared.py:299] Adding task for request 148 to replica 1,session_id=41
DEBUG 08-14 23:17:35 replica.py:226] add_request - replica_id=[1], request=148,self.replica_slo_budget-sum_pending_tokens==current_budget:True,1048576-4086==1044490
INFO 08-14 23:17:35 open_ai.py:115] async_send_request:request._id=140,session=72,https://u722127-8cb5-f6dc13db.nmb1.seetacloud.com:8443
INFO 08-14 23:17:35 open_ai.py:115] async_send_request:request._id=141,session=73,https://u722127-8cb5-f6dc13db.nmb1.seetacloud.com:8443
INFO 08-14 23:17:35 open_ai.py:115] async_send_request:request._id=142,session=74,127.0.0.1:8001
INFO 08-14 23:17:35 open_ai.py:115] async_send_request:request._id=143,session=75,https://u722127-8cb5-f6dc13db.nmb1.seetacloud.com:8443
INFO 08-14 23:17:35 open_ai.py:115] async_send_request:request._id=144,session=76,127.0.0.1:8001
INFO 08-14 23:17:35 open_ai.py:115] async_send_request:request._id=145,session=77,127.0.0.1:8001
INFO 08-14 23:17:35 open_ai.py:115] async_send_request:request._id=146,session=78,https://u722127-8cb5-f6dc13db.nmb1.seetacloud.com:8443
INFO 08-14 23:17:35 open_ai.py:115] async_send_request:request._id=147,session=46,https://uu722127-b80a-4e3f9d5d.cqa1.seetacloud.com:8443
INFO 08-14 23:17:35 open_ai.py:115] async_send_request:request._id=148,session=41,127.0.0.1:8001
INFO 08-14 23:17:35 shared.py:299] Adding task for request 149 to replica 2,session_id=43
DEBUG 08-14 23:17:35 replica.py:226] add_request - replica_id=[2], request=149,self.replica_slo_budget-sum_pending_tokens==current_budget:True,1048576-1019==1047557
DEBUG 08-14 23:17:35 open_ai.py:335] async_send_request: request finish prefill, 123
INFO 08-14 23:17:35 open_ai.py:352] async_send_request: prefill completed: req=123,replica_id=0
DEBUG 08-14 23:17:35 replica.py:146] complete_request_prefill: replica_id=[0], request=123, current_budget=353,last_prefill_completed_at=30614663.98044538,last_ttft=1.0441
DEBUG 08-14 23:17:35 replica.py:153] complete_request_prefill - replica_id=[0], request=123,self.replica_slo_budget-sum_pending_tokens==current_budget:True,1048576-947==1047629
DEBUG 08-14 23:17:35 replica.py:171] complete_request_decode:num_saved_toekens=80
DEBUG 08-14 23:17:35 open_ai.py:452] good request:127.0.0.1:8001:good,request._id=15,input=441,output=85
DEBUG 08-14 23:17:35 replica.py:171] complete_request_decode:num_saved_toekens=64
DEBUG 08-14 23:17:35 open_ai.py:452] good request:127.0.0.1:8001:good,request._id=21,input=353,output=77
DEBUG 08-14 23:17:35 open_ai.py:335] async_send_request: request finish prefill, 129
INFO 08-14 23:17:35 open_ai.py:352] async_send_request: prefill completed: req=129,replica_id=1
DEBUG 08-14 23:17:35 replica.py:146] complete_request_prefill: replica_id=[1], request=129, current_budget=353,last_prefill_completed_at=30614663.99412943,last_ttft=1.0396
DEBUG 08-14 23:17:35 replica.py:153] complete_request_prefill - replica_id=[1], request=129,self.replica_slo_budget-sum_pending_tokens==current_budget:True,1048576-3733==1044843
DEBUG 08-14 23:17:35 open_ai.py:335] async_send_request: request finish prefill, 125
INFO 08-14 23:17:35 open_ai.py:352] async_send_request: prefill completed: req=125,replica_id=1
DEBUG 08-14 23:17:35 replica.py:146] complete_request_prefill: replica_id=[1], request=125, current_budget=351,last_prefill_completed_at=30614664.000586815,last_ttft=1.0505
DEBUG 08-14 23:17:35 replica.py:153] complete_request_prefill - replica_id=[1], request=125,self.replica_slo_budget-sum_pending_tokens==current_budget:True,1048576-3382==1045194
DEBUG 08-14 23:17:35 open_ai.py:335] async_send_request: request finish prefill, 124
INFO 08-14 23:17:35 open_ai.py:352] async_send_request: prefill completed: req=124,replica_id=4
DEBUG 08-14 23:17:35 replica.py:146] complete_request_prefill: replica_id=[4], request=124, current_budget=341,last_prefill_completed_at=30614664.00666096,last_ttft=1.0643
DEBUG 08-14 23:17:35 replica.py:153] complete_request_prefill - replica_id=[4], request=124,self.replica_slo_budget-sum_pending_tokens==current_budget:True,1048576-2149==1046427
DEBUG 08-14 23:17:35 open_ai.py:335] async_send_request: request finish prefill, 128
INFO 08-14 23:17:35 open_ai.py:352] async_send_request: prefill completed: req=128,replica_id=4
DEBUG 08-14 23:17:35 replica.py:146] complete_request_prefill: replica_id=[4], request=128, current_budget=344,last_prefill_completed_at=30614664.01254508,last_ttft=1.0607
DEBUG 08-14 23:17:35 replica.py:153] complete_request_prefill - replica_id=[4], request=128,self.replica_slo_budget-sum_pending_tokens==current_budget:True,1048576-1805==1046771
DEBUG 08-14 23:17:35 open_ai.py:335] async_send_request: request finish prefill, 126
INFO 08-14 23:17:35 open_ai.py:352] async_send_request: prefill completed: req=126,replica_id=0
DEBUG 08-14 23:17:35 replica.py:146] complete_request_prefill: replica_id=[0], request=126, current_budget=167,last_prefill_completed_at=30614664.01820819,last_ttft=1.067
DEBUG 08-14 23:17:35 replica.py:153] complete_request_prefill - replica_id=[0], request=126,self.replica_slo_budget-sum_pending_tokens==current_budget:True,1048576-780==1047796
DEBUG 08-14 23:17:35 open_ai.py:335] async_send_request: request finish prefill, 122
INFO 08-14 23:17:35 open_ai.py:352] async_send_request: prefill completed: req=122,replica_id=0
DEBUG 08-14 23:17:35 replica.py:146] complete_request_prefill: replica_id=[0], request=122, current_budget=424,last_prefill_completed_at=30614664.02397414,last_ttft=1.0881
DEBUG 08-14 23:17:35 replica.py:153] complete_request_prefill - replica_id=[0], request=122,self.replica_slo_budget-sum_pending_tokens==current_budget:True,1048576-356==1048220
DEBUG 08-14 23:17:35 open_ai.py:335] async_send_request: request finish prefill, 121
INFO 08-14 23:17:35 open_ai.py:352] async_send_request: prefill completed: req=121,replica_id=0
DEBUG 08-14 23:17:35 replica.py:146] complete_request_prefill: replica_id=[0], request=121, current_budget=356,last_prefill_completed_at=30614664.029645536,last_ttft=1.0981
DEBUG 08-14 23:17:35 replica.py:153] complete_request_prefill - replica_id=[0], request=121,self.replica_slo_budget-sum_pending_tokens==current_budget:True,1048576-0==1048576
DEBUG 08-14 23:17:35 open_ai.py:335] async_send_request: request finish prefill, 113
INFO 08-14 23:17:35 open_ai.py:352] async_send_request: prefill completed: req=113,replica_id=3
DEBUG 08-14 23:17:35 replica.py:146] complete_request_prefill: replica_id=[3], request=113, current_budget=158,last_prefill_completed_at=30614664.03541835,last_ttft=1.1603
DEBUG 08-14 23:17:35 replica.py:153] complete_request_prefill - replica_id=[3], request=113,self.replica_slo_budget-sum_pending_tokens==current_budget:True,1048576-327==1048249
DEBUG 08-14 23:17:35 open_ai.py:335] async_send_request: request finish prefill, 120
INFO 08-14 23:17:35 open_ai.py:352] async_send_request: prefill completed: req=120,replica_id=2
DEBUG 08-14 23:17:35 replica.py:146] complete_request_prefill: replica_id=[2], request=120, current_budget=160,last_prefill_completed_at=30614664.041216657,last_ttft=1.1144
DEBUG 08-14 23:17:35 replica.py:153] complete_request_prefill - replica_id=[2], request=120,self.replica_slo_budget-sum_pending_tokens==current_budget:True,1048576-859==1047717
DEBUG 08-14 23:17:35 open_ai.py:335] async_send_request: request finish prefill, 127
INFO 08-14 23:17:35 open_ai.py:352] async_send_request: prefill completed: req=127,replica_id=3
DEBUG 08-14 23:17:35 replica.py:146] complete_request_prefill: replica_id=[3], request=127, current_budget=169,last_prefill_completed_at=30614664.04690229,last_ttft=1.0954
DEBUG 08-14 23:17:35 replica.py:153] complete_request_prefill - replica_id=[3], request=127,self.replica_slo_budget-sum_pending_tokens==current_budget:True,1048576-158==1048418
DEBUG 08-14 23:17:35 open_ai.py:335] async_send_request: request finish prefill, 118
INFO 08-14 23:17:35 open_ai.py:352] async_send_request: prefill completed: req=118,replica_id=2
DEBUG 08-14 23:17:35 replica.py:146] complete_request_prefill: replica_id=[2], request=118, current_budget=367,last_prefill_completed_at=30614664.05307882,last_ttft=1.145
DEBUG 08-14 23:17:35 replica.py:153] complete_request_prefill - replica_id=[2], request=118,self.replica_slo_budget-sum_pending_tokens==current_budget:True,1048576-492==1048084
INFO 08-14 23:17:35 open_ai.py:115] async_send_request:request._id=149,session=43,https://u722127-b80a-4e3f9d5d.cqa1.seetacloud.com:8443
DEBUG 08-14 23:17:35 replica.py:171] complete_request_decode:num_saved_toekens=32
DEBUG 08-14 23:17:35 open_ai.py:452] good request:https://u722127-8cb5-f6dc13db.nmb1.seetacloud.com:8443:good,request._id=56,input=355,output=43
DEBUG 08-14 23:17:35 replica.py:171] complete_request_decode:num_saved_toekens=48
DEBUG 08-14 23:17:35 open_ai.py:452] good request:127.0.0.1:8000:good,request._id=83,input=347,output=40
DEBUG 08-14 23:17:35 replica.py:171] complete_request_decode:num_saved_toekens=32
DEBUG 08-14 23:17:35 open_ai.py:452] good request:https://u722127-8cb5-f6dc13db.nmb1.seetacloud.com:8443:good,request._id=39,input=353,output=46
DEBUG 08-14 23:17:35 replica.py:171] complete_request_decode:num_saved_toekens=80
DEBUG 08-14 23:17:35 open_ai.py:452] good request:127.0.0.1:8001:good,request._id=45,input=362,output=76
DEBUG 08-14 23:17:35 open_ai.py:335] async_send_request: request finish prefill, 130
INFO 08-14 23:17:35 open_ai.py:352] async_send_request: prefill completed: req=130,replica_id=1
DEBUG 08-14 23:17:35 replica.py:146] complete_request_prefill: replica_id=[1], request=130, current_budget=346,last_prefill_completed_at=30614664.073626496,last_ttft=1.1181
DEBUG 08-14 23:17:35 replica.py:153] complete_request_prefill - replica_id=[1], request=130,self.replica_slo_budget-sum_pending_tokens==current_budget:True,1048576-3036==1045540
DEBUG 08-14 23:17:35 replica.py:171] complete_request_decode:num_saved_toekens=80
DEBUG 08-14 23:17:35 metrics_store.py:131] update_metrics:request_id=2
DEBUG 08-14 23:17:35 metrics_store.py:131] update_metrics:request_id=17
DEBUG 08-14 23:17:35 metrics_store.py:131] update_metrics:request_id=12
DEBUG 08-14 23:17:35 shared.py:180] Removed task for request 2 on https://uu722127-b80a-4e3f9d5d.cqa1.seetacloud.com:8443
DEBUG 08-14 23:17:35 metrics_store.py:131] update_metrics:request_id=18
DEBUG 08-14 23:17:35 shared.py:180] Removed task for request 17 on https://u722127-b80a-4e3f9d5d.cqa1.seetacloud.com:8443
DEBUG 08-14 23:17:35 metrics_store.py:131] update_metrics:request_id=9
DEBUG 08-14 23:17:35 shared.py:180] Removed task for request 12 on 127.0.0.1:8001
DEBUG 08-14 23:17:35 shared.py:180] Removed task for request 18 on https://uu722127-b80a-4e3f9d5d.cqa1.seetacloud.com:8443
DEBUG 08-14 23:17:35 open_ai.py:452] good request:127.0.0.1:8001:good,request._id=26,input=391,output=82
DEBUG 08-14 23:17:35 metrics_store.py:131] update_metrics:request_id=28
DEBUG 08-14 23:17:35 shared.py:180] Removed task for request 9 on https://u722127-8cb5-f6dc13db.nmb1.seetacloud.com:8443
DEBUG 08-14 23:17:35 metrics_store.py:131] update_metrics:request_id=58
DEBUG 08-14 23:17:36 metrics_store.py:131] update_metrics:request_id=16
DEBUG 08-14 23:17:36 shared.py:180] Removed task for request 28 on 127.0.0.1:8001
DEBUG 08-14 23:17:36 replica.py:171] complete_request_decode:num_saved_toekens=16
DEBUG 08-14 23:17:36 open_ai.py:452] good request:https://u722127-8cb5-f6dc13db.nmb1.seetacloud.com:8443:good,request._id=104,input=343,output=23
DEBUG 08-14 23:17:36 open_ai.py:335] async_send_request: request finish prefill, 131
INFO 08-14 23:17:36 open_ai.py:352] async_send_request: prefill completed: req=131,replica_id=1
DEBUG 08-14 23:17:36 replica.py:146] complete_request_prefill: replica_id=[1], request=131, current_budget=341,last_prefill_completed_at=30614664.16020601,last_ttft=1.2041
DEBUG 08-14 23:17:36 replica.py:153] complete_request_prefill - replica_id=[1], request=131,self.replica_slo_budget-sum_pending_tokens==current_budget:True,1048576-2695==1045881
DEBUG 08-14 23:17:36 shared.py:180] Removed task for request 58 on 127.0.0.1:8000
DEBUG 08-14 23:17:36 shared.py:180] Removed task for request 16 on https://u722127-8cb5-f6dc13db.nmb1.seetacloud.com:8443
DEBUG 08-14 23:17:36 replica.py:171] complete_request_decode:num_saved_toekens=64
DEBUG 08-14 23:17:36 open_ai.py:452] good request:127.0.0.1:8001:good,request._id=88,input=361,output=59
DEBUG 08-14 23:17:36 open_ai.py:335] async_send_request: request finish prefill, 134
INFO 08-14 23:17:36 open_ai.py:352] async_send_request: prefill completed: req=134,replica_id=1
DEBUG 08-14 23:17:36 replica.py:146] complete_request_prefill: replica_id=[1], request=134, current_budget=366,last_prefill_completed_at=30614664.19835369,last_ttft=1.2073
DEBUG 08-14 23:17:36 replica.py:153] complete_request_prefill - replica_id=[1], request=134,self.replica_slo_budget-sum_pending_tokens==current_budget:True,1048576-2329==1046247
DEBUG 08-14 23:17:36 open_ai.py:335] async_send_request: request finish prefill, 135
INFO 08-14 23:17:36 open_ai.py:352] async_send_request: prefill completed: req=135,replica_id=1
DEBUG 08-14 23:17:36 replica.py:146] complete_request_prefill: replica_id=[1], request=135, current_budget=383,last_prefill_completed_at=30614664.204196777,last_ttft=1.1894
DEBUG 08-14 23:17:36 replica.py:153] complete_request_prefill - replica_id=[1], request=135,self.replica_slo_budget-sum_pending_tokens==current_budget:True,1048576-1946==1046630
DEBUG 08-14 23:17:36 open_ai.py:335] async_send_request: request finish prefill, 132
INFO 08-14 23:17:36 open_ai.py:352] async_send_request: prefill completed: req=132,replica_id=1
DEBUG 08-14 23:17:36 replica.py:146] complete_request_prefill: replica_id=[1], request=132, current_budget=359,last_prefill_completed_at=30614664.20999661,last_ttft=1.2494
DEBUG 08-14 23:17:36 replica.py:153] complete_request_prefill - replica_id=[1], request=132,self.replica_slo_budget-sum_pending_tokens==current_budget:True,1048576-1587==1046989
DEBUG 08-14 23:17:36 open_ai.py:335] async_send_request: request finish prefill, 136
INFO 08-14 23:17:36 open_ai.py:352] async_send_request: prefill completed: req=136,replica_id=2
DEBUG 08-14 23:17:36 replica.py:146] complete_request_prefill: replica_id=[2], request=136, current_budget=156,last_prefill_completed_at=30614664.22942776,last_ttft=1.2133
DEBUG 08-14 23:17:36 replica.py:153] complete_request_prefill - replica_id=[2], request=136,self.replica_slo_budget-sum_pending_tokens==current_budget:True,1048576-336==1048240
DEBUG 08-14 23:17:36 open_ai.py:335] async_send_request: request finish prefill, 139
INFO 08-14 23:17:36 open_ai.py:352] async_send_request: prefill completed: req=139,replica_id=1
DEBUG 08-14 23:17:36 replica.py:146] complete_request_prefill: replica_id=[1], request=139, current_budget=353,last_prefill_completed_at=30614664.241245523,last_ttft=1.2004
DEBUG 08-14 23:17:36 replica.py:153] complete_request_prefill - replica_id=[1], request=139,self.replica_slo_budget-sum_pending_tokens==current_budget:True,1048576-1234==1047342
DEBUG 08-14 23:17:36 open_ai.py:335] async_send_request: request finish prefill, 137
INFO 08-14 23:17:36 open_ai.py:352] async_send_request: prefill completed: req=137,replica_id=4
DEBUG 08-14 23:17:36 replica.py:146] complete_request_prefill: replica_id=[4], request=137, current_budget=346,last_prefill_completed_at=30614664.25059055,last_ttft=1.228
DEBUG 08-14 23:17:36 replica.py:153] complete_request_prefill - replica_id=[4], request=137,self.replica_slo_budget-sum_pending_tokens==current_budget:True,1048576-1459==1047117
INFO 08-14 23:17:36 shared.py:299] Adding task for request 150 to replica 0,session_id=45
DEBUG 08-14 23:17:36 replica.py:226] add_request - replica_id=[0], request=150,self.replica_slo_budget-sum_pending_tokens==current_budget:True,1048576-160==1048416
INFO 08-14 23:17:36 shared.py:299] Adding task for request 151 to replica 4,session_id=43
DEBUG 08-14 23:17:36 replica.py:226] add_request - replica_id=[4], request=151,self.replica_slo_budget-sum_pending_tokens==current_budget:True,1048576-1609==1046967
INFO 08-14 23:17:36 shared.py:299] Adding task for request 152 to replica 3,session_id=43
DEBUG 08-14 23:17:36 replica.py:226] add_request - replica_id=[3], request=152,self.replica_slo_budget-sum_pending_tokens==current_budget:True,1048576-306==1048270
INFO 08-14 23:17:36 shared.py:299] Adding task for request 153 to replica 1,session_id=79
DEBUG 08-14 23:17:36 replica.py:226] add_request - replica_id=[1], request=153,self.replica_slo_budget-sum_pending_tokens==current_budget:True,1048576-1582==1046994
INFO 08-14 23:17:36 shared.py:299] Adding task for request 154 to replica 1,session_id=80
DEBUG 08-14 23:17:36 replica.py:226] add_request - replica_id=[1], request=154,self.replica_slo_budget-sum_pending_tokens==current_budget:True,1048576-1929==1046647
INFO 08-14 23:17:36 shared.py:299] Adding task for request 155 to replica 1,session_id=81
DEBUG 08-14 23:17:36 replica.py:226] add_request - replica_id=[1], request=155,self.replica_slo_budget-sum_pending_tokens==current_budget:True,1048576-2273==1046303
INFO 08-14 23:17:36 shared.py:299] Adding task for request 156 to replica 2,session_id=53
DEBUG 08-14 23:17:36 replica.py:226] add_request - replica_id=[2], request=156,self.replica_slo_budget-sum_pending_tokens==current_budget:True,1048576-482==1048094
INFO 08-14 23:17:36 shared.py:299] Adding task for request 157 to replica 1,session_id=82
DEBUG 08-14 23:17:36 replica.py:226] add_request - replica_id=[1], request=157,self.replica_slo_budget-sum_pending_tokens==current_budget:True,1048576-2631==1045945
INFO 08-14 23:17:36 shared.py:299] Adding task for request 158 to replica 1,session_id=83
DEBUG 08-14 23:17:36 replica.py:226] add_request - replica_id=[1], request=158,self.replica_slo_budget-sum_pending_tokens==current_budget:True,1048576-2983==1045593
INFO 08-14 23:17:36 open_ai.py:115] async_send_request:request._id=150,session=45,127.0.0.1:8000
INFO 08-14 23:17:36 open_ai.py:115] async_send_request:request._id=151,session=43,https://u722127-8cb5-f6dc13db.nmb1.seetacloud.com:8443
INFO 08-14 23:17:36 open_ai.py:115] async_send_request:request._id=152,session=43,https://uu722127-b80a-4e3f9d5d.cqa1.seetacloud.com:8443
INFO 08-14 23:17:36 open_ai.py:115] async_send_request:request._id=153,session=79,127.0.0.1:8001
INFO 08-14 23:17:36 open_ai.py:115] async_send_request:request._id=154,session=80,127.0.0.1:8001
INFO 08-14 23:17:36 open_ai.py:115] async_send_request:request._id=155,session=81,127.0.0.1:8001
INFO 08-14 23:17:36 open_ai.py:115] async_send_request:request._id=156,session=53,https://u722127-b80a-4e3f9d5d.cqa1.seetacloud.com:8443
INFO 08-14 23:17:36 open_ai.py:115] async_send_request:request._id=157,session=82,127.0.0.1:8001
INFO 08-14 23:17:36 open_ai.py:115] async_send_request:request._id=158,session=83,127.0.0.1:8001
INFO 08-14 23:17:36 shared.py:299] Adding task for request 159 to replica 1,session_id=84
DEBUG 08-14 23:17:36 replica.py:226] add_request - replica_id=[1], request=159,self.replica_slo_budget-sum_pending_tokens==current_budget:True,1048576-3331==1045245
DEBUG 08-14 23:17:36 replica.py:171] complete_request_decode:num_saved_toekens=32
DEBUG 08-14 23:17:36 open_ai.py:452] good request:https://u722127-8cb5-f6dc13db.nmb1.seetacloud.com:8443:good,request._id=98,input=353,output=33
DEBUG 08-14 23:17:36 replica.py:171] complete_request_decode:num_saved_toekens=32
DEBUG 08-14 23:17:36 open_ai.py:452] good request:https://u722127-8cb5-f6dc13db.nmb1.seetacloud.com:8443:good,request._id=91,input=344,output=35
DEBUG 08-14 23:17:36 replica.py:171] complete_request_decode:num_saved_toekens=64
DEBUG 08-14 23:17:36 open_ai.py:452] good request:https://u722127-8cb5-f6dc13db.nmb1.seetacloud.com:8443:good,request._id=24,input=351,output=60
DEBUG 08-14 23:17:36 replica.py:171] complete_request_decode:num_saved_toekens=64
DEBUG 08-14 23:17:36 open_ai.py:452] good request:https://u722127-8cb5-f6dc13db.nmb1.seetacloud.com:8443:good,request._id=29,input=367,output=59
DEBUG 08-14 23:17:36 replica.py:171] complete_request_decode:num_saved_toekens=16
DEBUG 08-14 23:17:36 open_ai.py:452] good request:127.0.0.1:8000:good,request._id=123,input=353,output=21
DEBUG 08-14 23:17:36 replica.py:171] complete_request_decode:num_saved_toekens=96
DEBUG 08-14 23:17:36 open_ai.py:452] good request:127.0.0.1:8000:good,request._id=7,input=380,output=92
DEBUG 08-14 23:17:36 replica.py:171] complete_request_decode:num_saved_toekens=48
DEBUG 08-14 23:17:36 open_ai.py:452] good request:https://u722127-8cb5-f6dc13db.nmb1.seetacloud.com:8443:good,request._id=41,input=355,output=56
INFO 08-14 23:17:36 open_ai.py:115] async_send_request:request._id=159,session=84,127.0.0.1:8001
DEBUG 08-14 23:17:36 replica.py:171] complete_request_decode:num_saved_toekens=64
DEBUG 08-14 23:17:36 replica.py:171] complete_request_decode:num_saved_toekens=64
DEBUG 08-14 23:17:36 metrics_store.py:131] update_metrics:request_id=15
DEBUG 08-14 23:17:36 metrics_store.py:131] update_metrics:request_id=21
DEBUG 08-14 23:17:36 shared.py:180] Removed task for request 15 on 127.0.0.1:8001
DEBUG 08-14 23:17:36 metrics_store.py:131] update_metrics:request_id=56
DEBUG 08-14 23:17:36 shared.py:180] Removed task for request 21 on 127.0.0.1:8001
DEBUG 08-14 23:17:36 metrics_store.py:131] update_metrics:request_id=83
DEBUG 08-14 23:17:36 metrics_store.py:131] update_metrics:request_id=39
DEBUG 08-14 23:17:36 shared.py:180] Removed task for request 56 on https://u722127-8cb5-f6dc13db.nmb1.seetacloud.com:8443
DEBUG 08-14 23:17:36 metrics_store.py:131] update_metrics:request_id=45
DEBUG 08-14 23:17:36 shared.py:180] Removed task for request 83 on 127.0.0.1:8000
DEBUG 08-14 23:17:36 metrics_store.py:131] update_metrics:request_id=26
DEBUG 08-14 23:17:36 shared.py:180] Removed task for request 39 on https://u722127-8cb5-f6dc13db.nmb1.seetacloud.com:8443
DEBUG 08-14 23:17:36 metrics_store.py:131] update_metrics:request_id=104
DEBUG 08-14 23:17:36 shared.py:180] Removed task for request 45 on 127.0.0.1:8001
DEBUG 08-14 23:17:36 metrics_store.py:131] update_metrics:request_id=88
DEBUG 08-14 23:17:36 shared.py:180] Removed task for request 26 on 127.0.0.1:8001
DEBUG 08-14 23:17:36 shared.py:180] Removed task for request 104 on https://u722127-8cb5-f6dc13db.nmb1.seetacloud.com:8443
DEBUG 08-14 23:17:36 replica.py:171] complete_request_decode:num_saved_toekens=64
DEBUG 08-14 23:17:36 open_ai.py:452] good request:https://u722127-8cb5-f6dc13db.nmb1.seetacloud.com:8443:good,request._id=23,input=407,output=65
DEBUG 08-14 23:17:36 shared.py:180] Removed task for request 88 on 127.0.0.1:8001
DEBUG 08-14 23:17:36 open_ai.py:335] async_send_request: request finish prefill, 147
INFO 08-14 23:17:36 open_ai.py:352] async_send_request: prefill completed: req=147,replica_id=3
DEBUG 08-14 23:17:36 replica.py:146] complete_request_prefill: replica_id=[3], request=147, current_budget=158,last_prefill_completed_at=30614664.528628692,last_ttft=1.4407
DEBUG 08-14 23:17:36 replica.py:153] complete_request_prefill - replica_id=[3], request=147,self.replica_slo_budget-sum_pending_tokens==current_budget:True,1048576-148==1048428
DEBUG 08-14 23:17:36 open_ai.py:335] async_send_request: request finish prefill, 148
INFO 08-14 23:17:36 open_ai.py:352] async_send_request: prefill completed: req=148,replica_id=1
DEBUG 08-14 23:17:36 replica.py:146] complete_request_prefill: replica_id=[1], request=148, current_budget=196,last_prefill_completed_at=30614664.535373017,last_ttft=1.4456
DEBUG 08-14 23:17:36 replica.py:153] complete_request_prefill - replica_id=[1], request=148,self.replica_slo_budget-sum_pending_tokens==current_budget:True,1048576-3135==1045441
DEBUG 08-14 23:17:36 open_ai.py:335] async_send_request: request finish prefill, 142
INFO 08-14 23:17:36 open_ai.py:352] async_send_request: prefill completed: req=142,replica_id=1
DEBUG 08-14 23:17:36 replica.py:146] complete_request_prefill: replica_id=[1], request=142, current_budget=343,last_prefill_completed_at=30614664.545812745,last_ttft=1.4927
DEBUG 08-14 23:17:36 replica.py:153] complete_request_prefill - replica_id=[1], request=142,self.replica_slo_budget-sum_pending_tokens==current_budget:True,1048576-2792==1045784
DEBUG 08-14 23:17:36 open_ai.py:335] async_send_request: request finish prefill, 144
INFO 08-14 23:17:36 open_ai.py:352] async_send_request: prefill completed: req=144,replica_id=1
DEBUG 08-14 23:17:36 replica.py:146] complete_request_prefill: replica_id=[1], request=144, current_budget=345,last_prefill_completed_at=30614664.551613815,last_ttft=1.4908
DEBUG 08-14 23:17:36 replica.py:153] complete_request_prefill - replica_id=[1], request=144,self.replica_slo_budget-sum_pending_tokens==current_budget:True,1048576-2447==1046129
DEBUG 08-14 23:17:36 open_ai.py:335] async_send_request: request finish prefill, 145
INFO 08-14 23:17:36 open_ai.py:352] async_send_request: prefill completed: req=145,replica_id=1
DEBUG 08-14 23:17:36 replica.py:146] complete_request_prefill: replica_id=[1], request=145, current_budget=350,last_prefill_completed_at=30614664.557396434,last_ttft=1.4936
DEBUG 08-14 23:17:36 replica.py:153] complete_request_prefill - replica_id=[1], request=145,self.replica_slo_budget-sum_pending_tokens==current_budget:True,1048576-2097==1046479
DEBUG 08-14 23:17:36 replica.py:171] complete_request_decode:num_saved_toekens=80
DEBUG 08-14 23:17:36 open_ai.py:452] good request:127.0.0.1:8001:good,request._id=84,input=552,output=75
DEBUG 08-14 23:17:36 replica.py:171] complete_request_decode:num_saved_toekens=32
DEBUG 08-14 23:17:36 open_ai.py:452] good request:https://u722127-8cb5-f6dc13db.nmb1.seetacloud.com:8443:good,request._id=102,input=342,output=35
DEBUG 08-14 23:17:36 open_ai.py:335] async_send_request: request finish prefill, 140
INFO 08-14 23:17:36 open_ai.py:352] async_send_request: prefill completed: req=140,replica_id=4
DEBUG 08-14 23:17:36 replica.py:146] complete_request_prefill: replica_id=[4], request=140, current_budget=345,last_prefill_completed_at=30614664.565059673,last_ttft=1.5203
DEBUG 08-14 23:17:36 replica.py:153] complete_request_prefill - replica_id=[4], request=140,self.replica_slo_budget-sum_pending_tokens==current_budget:True,1048576-1264==1047312
DEBUG 08-14 23:17:36 replica.py:171] complete_request_decode:num_saved_toekens=80
DEBUG 08-14 23:17:36 open_ai.py:452] good request:127.0.0.1:8000:good,request._id=47,input=149,output=86
DEBUG 08-14 23:17:36 open_ai.py:335] async_send_request: request finish prefill, 143
INFO 08-14 23:17:36 open_ai.py:352] async_send_request: prefill completed: req=143,replica_id=4
DEBUG 08-14 23:17:36 replica.py:146] complete_request_prefill: replica_id=[4], request=143, current_budget=351,last_prefill_completed_at=30614664.578770734,last_ttft=1.5247
DEBUG 08-14 23:17:36 replica.py:153] complete_request_prefill - replica_id=[4], request=143,self.replica_slo_budget-sum_pending_tokens==current_budget:True,1048576-913==1047663
DEBUG 08-14 23:17:36 replica.py:171] complete_request_decode:num_saved_toekens=64
DEBUG 08-14 23:17:36 open_ai.py:335] async_send_request: request finish prefill, 146
INFO 08-14 23:17:36 open_ai.py:352] async_send_request: prefill completed: req=146,replica_id=4
DEBUG 08-14 23:17:36 replica.py:146] complete_request_prefill: replica_id=[4], request=146, current_budget=414,last_prefill_completed_at=30614664.585545454,last_ttft=1.498
DEBUG 08-14 23:17:36 replica.py:153] complete_request_prefill - replica_id=[4], request=146,self.replica_slo_budget-sum_pending_tokens==current_budget:True,1048576-499==1048077
DEBUG 08-14 23:17:36 open_ai.py:335] async_send_request: request finish prefill, 141
INFO 08-14 23:17:36 open_ai.py:352] async_send_request: prefill completed: req=141,replica_id=4
DEBUG 08-14 23:17:36 replica.py:146] complete_request_prefill: replica_id=[4], request=141, current_budget=349,last_prefill_completed_at=30614664.593668632,last_ttft=1.5471
DEBUG 08-14 23:17:36 replica.py:153] complete_request_prefill - replica_id=[4], request=141,self.replica_slo_budget-sum_pending_tokens==current_budget:True,1048576-150==1048426
INFO 08-14 23:17:36 shared.py:299] Adding task for request 160 to replica 1,session_id=85
DEBUG 08-14 23:17:36 replica.py:226] add_request - replica_id=[1], request=160,self.replica_slo_budget-sum_pending_tokens==current_budget:True,1048576-2445==1046131
INFO 08-14 23:17:36 shared.py:299] Adding task for request 161 to replica 0,session_id=51
DEBUG 08-14 23:17:36 replica.py:226] add_request - replica_id=[0], request=161,self.replica_slo_budget-sum_pending_tokens==current_budget:True,1048576-302==1048274
INFO 08-14 23:17:36 shared.py:299] Adding task for request 162 to replica 4,session_id=86
DEBUG 08-14 23:17:36 replica.py:226] add_request - replica_id=[4], request=162,self.replica_slo_budget-sum_pending_tokens==current_budget:True,1048576-527==1048049
INFO 08-14 23:17:36 shared.py:299] Adding task for request 163 to replica 1,session_id=49
DEBUG 08-14 23:17:36 replica.py:226] add_request - replica_id=[1], request=163,self.replica_slo_budget-sum_pending_tokens==current_budget:True,1048576-2599==1045977
INFO 08-14 23:17:36 shared.py:299] Adding task for request 164 to replica 4,session_id=87
DEBUG 08-14 23:17:36 replica.py:226] add_request - replica_id=[4], request=164,self.replica_slo_budget-sum_pending_tokens==current_budget:True,1048576-885==1047691
INFO 08-14 23:17:36 shared.py:299] Adding task for request 165 to replica 4,session_id=88
DEBUG 08-14 23:17:36 replica.py:226] add_request - replica_id=[4], request=165,self.replica_slo_budget-sum_pending_tokens==current_budget:True,1048576-1250==1047326
INFO 08-14 23:17:36 shared.py:299] Adding task for request 166 to replica 4,session_id=89
DEBUG 08-14 23:17:36 replica.py:226] add_request - replica_id=[4], request=166,self.replica_slo_budget-sum_pending_tokens==current_budget:True,1048576-1591==1046985
INFO 08-14 23:17:36 shared.py:299] Adding task for request 167 to replica 4,session_id=90
DEBUG 08-14 23:17:36 replica.py:226] add_request - replica_id=[4], request=167,self.replica_slo_budget-sum_pending_tokens==current_budget:True,1048576-1937==1046639
INFO 08-14 23:17:36 shared.py:299] Adding task for request 168 to replica 3,session_id=47
DEBUG 08-14 23:17:36 replica.py:226] add_request - replica_id=[3], request=168,self.replica_slo_budget-sum_pending_tokens==current_budget:True,1048576-300==1048276
DEBUG 08-14 23:17:36 replica.py:171] complete_request_decode:num_saved_toekens=64
DEBUG 08-14 23:17:36 open_ai.py:452] good request:https://u722127-b80a-4e3f9d5d.cqa1.seetacloud.com:8443:good,request._id=118,input=367,output=50
INFO 08-14 23:17:36 open_ai.py:115] async_send_request:request._id=160,session=85,127.0.0.1:8001
INFO 08-14 23:17:36 open_ai.py:115] async_send_request:request._id=161,session=51,127.0.0.1:8000
INFO 08-14 23:17:36 open_ai.py:115] async_send_request:request._id=162,session=86,https://u722127-8cb5-f6dc13db.nmb1.seetacloud.com:8443
INFO 08-14 23:17:36 open_ai.py:115] async_send_request:request._id=163,session=49,127.0.0.1:8001
INFO 08-14 23:17:36 open_ai.py:115] async_send_request:request._id=164,session=87,https://u722127-8cb5-f6dc13db.nmb1.seetacloud.com:8443
INFO 08-14 23:17:36 open_ai.py:115] async_send_request:request._id=165,session=88,https://u722127-8cb5-f6dc13db.nmb1.seetacloud.com:8443
INFO 08-14 23:17:36 open_ai.py:115] async_send_request:request._id=166,session=89,https://u722127-8cb5-f6dc13db.nmb1.seetacloud.com:8443
INFO 08-14 23:17:36 open_ai.py:115] async_send_request:request._id=167,session=90,https://u722127-8cb5-f6dc13db.nmb1.seetacloud.com:8443
INFO 08-14 23:17:36 open_ai.py:115] async_send_request:request._id=168,session=47,https://uu722127-b80a-4e3f9d5d.cqa1.seetacloud.com:8443
DEBUG 08-14 23:17:36 open_ai.py:335] async_send_request: request finish prefill, 109
INFO 08-14 23:17:36 open_ai.py:352] async_send_request: prefill completed: req=109,replica_id=2
DEBUG 08-14 23:17:36 replica.py:146] complete_request_prefill: replica_id=[2], request=109, current_budget=190,last_prefill_completed_at=30614664.70294014,last_ttft=1.8395
DEBUG 08-14 23:17:36 replica.py:153] complete_request_prefill - replica_id=[2], request=109,self.replica_slo_budget-sum_pending_tokens==current_budget:True,1048576-292==1048284
INFO 08-14 23:17:36 shared.py:299] Adding task for request 169 to replica 2,session_id=47
DEBUG 08-14 23:17:36 replica.py:226] add_request - replica_id=[2], request=169,self.replica_slo_budget-sum_pending_tokens==current_budget:True,1048576-444==1048132
INFO 08-14 23:17:36 open_ai.py:115] async_send_request:request._id=169,session=47,https://u722127-b80a-4e3f9d5d.cqa1.seetacloud.com:8443
DEBUG 08-14 23:17:36 open_ai.py:335] async_send_request: request finish prefill, 149
INFO 08-14 23:17:36 open_ai.py:352] async_send_request: prefill completed: req=149,replica_id=2
DEBUG 08-14 23:17:36 replica.py:146] complete_request_prefill: replica_id=[2], request=149, current_budget=146,last_prefill_completed_at=30614664.725030005,last_ttft=1.6343
DEBUG 08-14 23:17:36 replica.py:153] complete_request_prefill - replica_id=[2], request=149,self.replica_slo_budget-sum_pending_tokens==current_budget:True,1048576-298==1048278
DEBUG 08-14 23:17:36 replica.py:171] complete_request_decode:num_saved_toekens=64
DEBUG 08-14 23:17:36 open_ai.py:452] good request:https://u722127-8cb5-f6dc13db.nmb1.seetacloud.com:8443:good,request._id=57,input=375,output=67
DEBUG 08-14 23:17:36 replica.py:171] complete_request_decode:num_saved_toekens=32
DEBUG 08-14 23:17:36 replica.py:171] complete_request_decode:num_saved_toekens=32
DEBUG 08-14 23:17:36 open_ai.py:452] good request:127.0.0.1:8001:good,request._id=129,input=353,output=44
DEBUG 08-14 23:17:36 replica.py:171] complete_request_decode:num_saved_toekens=32
DEBUG 08-14 23:17:36 open_ai.py:452] good request:127.0.0.1:8001:good,request._id=131,input=341,output=33
DEBUG 08-14 23:17:36 metrics_store.py:131] update_metrics:request_id=98
DEBUG 08-14 23:17:36 metrics_store.py:131] update_metrics:request_id=91
DEBUG 08-14 23:17:36 metrics_store.py:131] update_metrics:request_id=24
DEBUG 08-14 23:17:36 shared.py:180] Removed task for request 98 on https://u722127-8cb5-f6dc13db.nmb1.seetacloud.com:8443
DEBUG 08-14 23:17:36 metrics_store.py:131] update_metrics:request_id=29
DEBUG 08-14 23:17:36 shared.py:180] Removed task for request 91 on https://u722127-8cb5-f6dc13db.nmb1.seetacloud.com:8443
DEBUG 08-14 23:17:36 metrics_store.py:131] update_metrics:request_id=123
DEBUG 08-14 23:17:36 shared.py:180] Removed task for request 24 on https://u722127-8cb5-f6dc13db.nmb1.seetacloud.com:8443
DEBUG 08-14 23:17:36 metrics_store.py:131] update_metrics:request_id=7
DEBUG 08-14 23:17:36 shared.py:180] Removed task for request 29 on https://u722127-8cb5-f6dc13db.nmb1.seetacloud.com:8443
DEBUG 08-14 23:17:36 metrics_store.py:131] update_metrics:request_id=41
DEBUG 08-14 23:17:36 shared.py:180] Removed task for request 123 on 127.0.0.1:8000
DEBUG 08-14 23:17:36 open_ai.py:335] async_send_request: request finish prefill, 150
INFO 08-14 23:17:36 open_ai.py:352] async_send_request: prefill completed: req=150,replica_id=0
DEBUG 08-14 23:17:36 replica.py:146] complete_request_prefill: replica_id=[0], request=150, current_budget=160,last_prefill_completed_at=30614664.795955904,last_ttft=1.7049
DEBUG 08-14 23:17:36 replica.py:153] complete_request_prefill - replica_id=[0], request=150,self.replica_slo_budget-sum_pending_tokens==current_budget:True,1048576-142==1048434
DEBUG 08-14 23:17:36 shared.py:180] Removed task for request 7 on 127.0.0.1:8000
DEBUG 08-14 23:17:36 shared.py:180] Removed task for request 41 on https://u722127-8cb5-f6dc13db.nmb1.seetacloud.com:8443
DEBUG 08-14 23:17:36 replica.py:171] complete_request_decode:num_saved_toekens=32
DEBUG 08-14 23:17:36 open_ai.py:452] good request:127.0.0.1:8001:good,request._id=132,input=359,output=34
DEBUG 08-14 23:17:36 replica.py:171] complete_request_decode:num_saved_toekens=48
DEBUG 08-14 23:17:36 open_ai.py:452] good request:https://u722127-8cb5-f6dc13db.nmb1.seetacloud.com:8443:good,request._id=103,input=358,output=48
DEBUG 08-14 23:17:36 replica.py:171] complete_request_decode:num_saved_toekens=48
DEBUG 08-14 23:17:36 open_ai.py:452] good request:https://u722127-8cb5-f6dc13db.nmb1.seetacloud.com:8443:good,request._id=86,input=552,output=55
DEBUG 08-14 23:17:36 replica.py:171] complete_request_decode:num_saved_toekens=80
DEBUG 08-14 23:17:36 open_ai.py:452] good request:https://u722127-8cb5-f6dc13db.nmb1.seetacloud.com:8443:good,request._id=44,input=361,output=75
DEBUG 08-14 23:17:36 replica.py:171] complete_request_decode:num_saved_toekens=32
DEBUG 08-14 23:17:36 open_ai.py:452] good request:https://u722127-8cb5-f6dc13db.nmb1.seetacloud.com:8443:good,request._id=124,input=341,output=33
DEBUG 08-14 23:17:36 replica.py:171] complete_request_decode:num_saved_toekens=32
DEBUG 08-14 23:17:36 open_ai.py:452] good request:https://u722127-8cb5-f6dc13db.nmb1.seetacloud.com:8443:good,request._id=128,input=344,output=32
DEBUG 08-14 23:17:36 open_ai.py:335] async_send_request: request finish prefill, 156
INFO 08-14 23:17:36 open_ai.py:352] async_send_request: prefill completed: req=156,replica_id=2
DEBUG 08-14 23:17:36 replica.py:146] complete_request_prefill: replica_id=[2], request=156, current_budget=146,last_prefill_completed_at=30614664.866020516,last_ttft=1.7392
DEBUG 08-14 23:17:36 replica.py:153] complete_request_prefill - replica_id=[2], request=156,self.replica_slo_budget-sum_pending_tokens==current_budget:True,1048576-152==1048424
DEBUG 08-14 23:17:36 open_ai.py:335] async_send_request: request finish prefill, 157
INFO 08-14 23:17:36 open_ai.py:352] async_send_request: prefill completed: req=157,replica_id=1
DEBUG 08-14 23:17:36 replica.py:146] complete_request_prefill: replica_id=[1], request=157, current_budget=358,last_prefill_completed_at=30614664.87217779,last_ttft=1.7433
DEBUG 08-14 23:17:36 replica.py:153] complete_request_prefill - replica_id=[1], request=157,self.replica_slo_budget-sum_pending_tokens==current_budget:True,1048576-2241==1046335
DEBUG 08-14 23:17:36 open_ai.py:335] async_send_request: request finish prefill, 155
INFO 08-14 23:17:36 open_ai.py:352] async_send_request: prefill completed: req=155,replica_id=1
DEBUG 08-14 23:17:36 replica.py:146] complete_request_prefill: replica_id=[1], request=155, current_budget=344,last_prefill_completed_at=30614664.87807516,last_ttft=1.761
DEBUG 08-14 23:17:36 replica.py:153] complete_request_prefill - replica_id=[1], request=155,self.replica_slo_budget-sum_pending_tokens==current_budget:True,1048576-1897==1046679
DEBUG 08-14 23:17:36 open_ai.py:335] async_send_request: request finish prefill, 154
INFO 08-14 23:17:36 open_ai.py:352] async_send_request: prefill completed: req=154,replica_id=1
DEBUG 08-14 23:17:36 replica.py:146] complete_request_prefill: replica_id=[1], request=154, current_budget=347,last_prefill_completed_at=30614664.883945186,last_ttft=1.7696
DEBUG 08-14 23:17:36 replica.py:153] complete_request_prefill - replica_id=[1], request=154,self.replica_slo_budget-sum_pending_tokens==current_budget:True,1048576-1550==1047026
DEBUG 08-14 23:17:36 open_ai.py:335] async_send_request: request finish prefill, 153
INFO 08-14 23:17:36 open_ai.py:352] async_send_request: prefill completed: req=153,replica_id=1
DEBUG 08-14 23:17:36 replica.py:146] complete_request_prefill: replica_id=[1], request=153, current_budget=348,last_prefill_completed_at=30614664.89253534,last_ttft=1.7784
DEBUG 08-14 23:17:36 replica.py:153] complete_request_prefill - replica_id=[1], request=153,self.replica_slo_budget-sum_pending_tokens==current_budget:True,1048576-1202==1047374
DEBUG 08-14 23:17:36 open_ai.py:335] async_send_request: request finish prefill, 151
INFO 08-14 23:17:36 open_ai.py:352] async_send_request: prefill completed: req=151,replica_id=4
DEBUG 08-14 23:17:36 replica.py:146] complete_request_prefill: replica_id=[4], request=151, current_budget=150,last_prefill_completed_at=30614664.8992706,last_ttft=1.8082
DEBUG 08-14 23:17:36 replica.py:153] complete_request_prefill - replica_id=[4], request=151,self.replica_slo_budget-sum_pending_tokens==current_budget:True,1048576-1787==1046789
DEBUG 08-14 23:17:36 open_ai.py:335] async_send_request: request finish prefill, 158
INFO 08-14 23:17:36 open_ai.py:352] async_send_request: prefill completed: req=158,replica_id=1
DEBUG 08-14 23:17:36 replica.py:146] complete_request_prefill: replica_id=[1], request=158, current_budget=352,last_prefill_completed_at=30614664.909073707,last_ttft=1.7712
DEBUG 08-14 23:17:36 replica.py:153] complete_request_prefill - replica_id=[1], request=158,self.replica_slo_budget-sum_pending_tokens==current_budget:True,1048576-850==1047726
DEBUG 08-14 23:17:36 replica.py:171] complete_request_decode:num_saved_toekens=48
DEBUG 08-14 23:17:36 open_ai.py:452] good request:https://u722127-8cb5-f6dc13db.nmb1.seetacloud.com:8443:good,request._id=40,input=347,output=60
DEBUG 08-14 23:17:36 open_ai.py:452] good request:127.0.0.1:8000:good,request._id=70,input=376,output=68
DEBUG 08-14 23:17:36 metrics_store.py:131] update_metrics:request_id=23
DEBUG 08-14 23:17:36 metrics_store.py:131] update_metrics:request_id=84
DEBUG 08-14 23:17:36 metrics_store.py:131] update_metrics:request_id=102
DEBUG 08-14 23:17:36 shared.py:180] Removed task for request 23 on https://u722127-8cb5-f6dc13db.nmb1.seetacloud.com:8443
DEBUG 08-14 23:17:36 metrics_store.py:131] update_metrics:request_id=47
DEBUG 08-14 23:17:36 shared.py:180] Removed task for request 84 on 127.0.0.1:8001
DEBUG 08-14 23:17:36 shared.py:180] Removed task for request 102 on https://u722127-8cb5-f6dc13db.nmb1.seetacloud.com:8443
DEBUG 08-14 23:17:36 shared.py:180] Removed task for request 47 on 127.0.0.1:8000
DEBUG 08-14 23:17:36 replica.py:171] complete_request_decode:num_saved_toekens=32
DEBUG 08-14 23:17:36 open_ai.py:452] good request:127.0.0.1:8001:good,request._id=139,input=353,output=40
DEBUG 08-14 23:17:36 replica.py:171] complete_request_decode:num_saved_toekens=32
DEBUG 08-14 23:17:36 open_ai.py:452] good request:127.0.0.1:8001:good,request._id=142,input=343,output=27
DEBUG 08-14 23:17:36 open_ai.py:335] async_send_request: request finish prefill, 159
INFO 08-14 23:17:36 open_ai.py:352] async_send_request: prefill completed: req=159,replica_id=1
DEBUG 08-14 23:17:36 replica.py:146] complete_request_prefill: replica_id=[1], request=159, current_budget=348,last_prefill_completed_at=30614664.99522075,last_ttft=1.8564
DEBUG 08-14 23:17:36 replica.py:153] complete_request_prefill - replica_id=[1], request=159,self.replica_slo_budget-sum_pending_tokens==current_budget:True,1048576-502==1048074
DEBUG 08-14 23:17:36 replica.py:171] complete_request_decode:num_saved_toekens=48
DEBUG 08-14 23:17:36 open_ai.py:452] good request:https://u722127-8cb5-f6dc13db.nmb1.seetacloud.com:8443:good,request._id=96,input=659,output=55
DEBUG 08-14 23:17:36 open_ai.py:452] good request:https://u722127-8cb5-f6dc13db.nmb1.seetacloud.com:8443:good,request._id=60,input=344,output=56
INFO 08-14 23:17:36 shared.py:299] Adding task for request 170 to replica 4,session_id=91
DEBUG 08-14 23:17:36 replica.py:226] add_request - replica_id=[4], request=170,self.replica_slo_budget-sum_pending_tokens==current_budget:True,1048576-2136==1046440
INFO 08-14 23:17:36 shared.py:299] Adding task for request 171 to replica 4,session_id=1
DEBUG 08-14 23:17:36 replica.py:226] add_request - replica_id=[4], request=171,self.replica_slo_budget-sum_pending_tokens==current_budget:True,1048576-3022==1045554
INFO 08-14 23:17:36 shared.py:299] Adding task for request 172 to replica 0,session_id=61
DEBUG 08-14 23:17:36 replica.py:226] add_request - replica_id=[0], request=172,self.replica_slo_budget-sum_pending_tokens==current_budget:True,1048576-286==1048290
INFO 08-14 23:17:36 shared.py:299] Adding task for request 173 to replica 4,session_id=92
DEBUG 08-14 23:17:36 replica.py:226] add_request - replica_id=[4], request=173,self.replica_slo_budget-sum_pending_tokens==current_budget:True,1048576-3366==1045210
INFO 08-14 23:17:36 shared.py:299] Adding task for request 174 to replica 4,session_id=93
DEBUG 08-14 23:17:36 replica.py:226] add_request - replica_id=[4], request=174,self.replica_slo_budget-sum_pending_tokens==current_budget:True,1048576-3926==1044650
INFO 08-14 23:17:36 shared.py:299] Adding task for request 175 to replica 4,session_id=94
DEBUG 08-14 23:17:36 replica.py:226] add_request - replica_id=[4], request=175,self.replica_slo_budget-sum_pending_tokens==current_budget:True,1048576-4355==1044221
INFO 08-14 23:17:36 shared.py:299] Adding task for request 176 to replica 4,session_id=95
DEBUG 08-14 23:17:36 replica.py:226] add_request - replica_id=[4], request=176,self.replica_slo_budget-sum_pending_tokens==current_budget:True,1048576-4718==1043858
INFO 08-14 23:17:36 shared.py:299] Adding task for request 177 to replica 4,session_id=96
DEBUG 08-14 23:17:36 replica.py:226] add_request - replica_id=[4], request=177,self.replica_slo_budget-sum_pending_tokens==current_budget:True,1048576-5086==1043490
INFO 08-14 23:17:36 shared.py:299] Adding task for request 178 to replica 1,session_id=54
DEBUG 08-14 23:17:36 replica.py:226] add_request - replica_id=[1], request=178,self.replica_slo_budget-sum_pending_tokens==current_budget:True,1048576-662==1047914
DEBUG 08-14 23:17:36 metrics_store.py:131] update_metrics:request_id=118
INFO 08-14 23:17:36 open_ai.py:115] async_send_request:request._id=170,session=91,https://u722127-8cb5-f6dc13db.nmb1.seetacloud.com:8443
INFO 08-14 23:17:36 open_ai.py:115] async_send_request:request._id=171,session=1,https://u722127-8cb5-f6dc13db.nmb1.seetacloud.com:8443
INFO 08-14 23:17:36 open_ai.py:115] async_send_request:request._id=172,session=61,127.0.0.1:8000
INFO 08-14 23:17:36 open_ai.py:115] async_send_request:request._id=173,session=92,https://u722127-8cb5-f6dc13db.nmb1.seetacloud.com:8443
INFO 08-14 23:17:36 open_ai.py:115] async_send_request:request._id=174,session=93,https://u722127-8cb5-f6dc13db.nmb1.seetacloud.com:8443
INFO 08-14 23:17:36 open_ai.py:115] async_send_request:request._id=175,session=94,https://u722127-8cb5-f6dc13db.nmb1.seetacloud.com:8443
INFO 08-14 23:17:36 open_ai.py:115] async_send_request:request._id=176,session=95,https://u722127-8cb5-f6dc13db.nmb1.seetacloud.com:8443
INFO 08-14 23:17:36 open_ai.py:115] async_send_request:request._id=177,session=96,https://u722127-8cb5-f6dc13db.nmb1.seetacloud.com:8443
INFO 08-14 23:17:36 open_ai.py:115] async_send_request:request._id=178,session=54,127.0.0.1:8001
INFO 08-14 23:17:36 shared.py:299] Adding task for request 179 to replica 4,session_id=97
DEBUG 08-14 23:17:36 replica.py:226] add_request - replica_id=[4], request=179,self.replica_slo_budget-sum_pending_tokens==current_budget:True,1048576-5461==1043115
DEBUG 08-14 23:17:36 replica.py:171] complete_request_decode:num_saved_toekens=80
DEBUG 08-14 23:17:36 open_ai.py:452] good request:https://u722127-8cb5-f6dc13db.nmb1.seetacloud.com:8443:good,request._id=38,input=387,output=83
DEBUG 08-14 23:17:36 open_ai.py:335] async_send_request: request finish prefill, 152
INFO 08-14 23:17:36 open_ai.py:352] async_send_request: prefill completed: req=152,replica_id=3
DEBUG 08-14 23:17:36 replica.py:146] complete_request_prefill: replica_id=[3], request=152, current_budget=148,last_prefill_completed_at=30614665.12465305,last_ttft=2.0333
DEBUG 08-14 23:17:36 replica.py:153] complete_request_prefill - replica_id=[3], request=152,self.replica_slo_budget-sum_pending_tokens==current_budget:True,1048576-152==1048424
DEBUG 08-14 23:17:36 shared.py:180] Removed task for request 118 on https://u722127-b80a-4e3f9d5d.cqa1.seetacloud.com:8443
INFO 08-14 23:17:36 open_ai.py:115] async_send_request:request._id=179,session=97,https://u722127-8cb5-f6dc13db.nmb1.seetacloud.com:8443
DEBUG 08-14 23:17:37 replica.py:171] complete_request_decode:num_saved_toekens=48
DEBUG 08-14 23:17:37 open_ai.py:452] good request:https://u722127-8cb5-f6dc13db.nmb1.seetacloud.com:8443:good,request._id=101,input=355,output=60
DEBUG 08-14 23:17:37 replica.py:171] complete_request_decode:num_saved_toekens=64
DEBUG 08-14 23:17:37 open_ai.py:452] good request:127.0.0.1:8001:good,request._id=134,input=366,output=51
DEBUG 08-14 23:17:37 replica.py:171] complete_request_decode:num_saved_toekens=32
DEBUG 08-14 23:17:37 open_ai.py:452] good request:https://u722127-8cb5-f6dc13db.nmb1.seetacloud.com:8443:good,request._id=137,input=346,output=34
DEBUG 08-14 23:17:37 metrics_store.py:131] update_metrics:request_id=57
DEBUG 08-14 23:17:37 shared.py:180] Removed task for request 57 on https://u722127-8cb5-f6dc13db.nmb1.seetacloud.com:8443
DEBUG 08-14 23:17:37 replica.py:171] complete_request_decode:num_saved_toekens=96
DEBUG 08-14 23:17:37 open_ai.py:452] good request:https://u722127-8cb5-f6dc13db.nmb1.seetacloud.com:8443:good,request._id=43,input=361,output=88
DEBUG 08-14 23:17:37 open_ai.py:452] good request:127.0.0.1:8001:good,request._id=130,input=346,output=34
DEBUG 08-14 23:17:37 metrics_store.py:131] update_metrics:request_id=129
DEBUG 08-14 23:17:37 metrics_store.py:131] update_metrics:request_id=131
DEBUG 08-14 23:17:37 metrics_store.py:131] update_metrics:request_id=132
DEBUG 08-14 23:17:37 shared.py:180] Removed task for request 129 on 127.0.0.1:8001
DEBUG 08-14 23:17:37 metrics_store.py:131] update_metrics:request_id=103
DEBUG 08-14 23:17:37 shared.py:180] Removed task for request 131 on 127.0.0.1:8001
DEBUG 08-14 23:17:37 metrics_store.py:131] update_metrics:request_id=86
DEBUG 08-14 23:17:37 shared.py:180] Removed task for request 132 on 127.0.0.1:8001
DEBUG 08-14 23:17:37 open_ai.py:335] async_send_request: request finish prefill, 160
INFO 08-14 23:17:37 open_ai.py:352] async_send_request: prefill completed: req=160,replica_id=1
DEBUG 08-14 23:17:37 replica.py:146] complete_request_prefill: replica_id=[1], request=160, current_budget=348,last_prefill_completed_at=30614665.214216713,last_ttft=2.0749
DEBUG 08-14 23:17:37 replica.py:153] complete_request_prefill - replica_id=[1], request=160,self.replica_slo_budget-sum_pending_tokens==current_budget:True,1048576-314==1048262
DEBUG 08-14 23:17:37 metrics_store.py:131] update_metrics:request_id=44
DEBUG 08-14 23:17:37 shared.py:180] Removed task for request 103 on https://u722127-8cb5-f6dc13db.nmb1.seetacloud.com:8443
DEBUG 08-14 23:17:37 replica.py:171] complete_request_decode:num_saved_toekens=32
DEBUG 08-14 23:17:37 open_ai.py:452] good request:127.0.0.1:8001:good,request._id=144,input=345,output=38
DEBUG 08-14 23:17:37 replica.py:171] complete_request_decode:num_saved_toekens=112
DEBUG 08-14 23:17:37 open_ai.py:452] good request:127.0.0.1:8000:good,request._id=51,input=144,output=123
DEBUG 08-14 23:17:37 open_ai.py:335] async_send_request: request finish prefill, 161
INFO 08-14 23:17:37 open_ai.py:352] async_send_request: prefill completed: req=161,replica_id=0
DEBUG 08-14 23:17:37 replica.py:146] complete_request_prefill: replica_id=[0], request=161, current_budget=142,last_prefill_completed_at=30614665.235697277,last_ttft=2.096
DEBUG 08-14 23:17:37 replica.py:153] complete_request_prefill - replica_id=[0], request=161,self.replica_slo_budget-sum_pending_tokens==current_budget:True,1048576-144==1048432
DEBUG 08-14 23:17:37 metrics_store.py:131] update_metrics:request_id=124
DEBUG 08-14 23:17:37 shared.py:180] Removed task for request 86 on https://u722127-8cb5-f6dc13db.nmb1.seetacloud.com:8443
DEBUG 08-14 23:17:37 open_ai.py:335] async_send_request: request finish prefill, 163
INFO 08-14 23:17:37 open_ai.py:352] async_send_request: prefill completed: req=163,replica_id=1
DEBUG 08-14 23:17:37 replica.py:146] complete_request_prefill: replica_id=[1], request=163, current_budget=154,last_prefill_completed_at=30614665.259175632,last_ttft=2.1105
DEBUG 08-14 23:17:37 replica.py:153] complete_request_prefill - replica_id=[1], request=163,self.replica_slo_budget-sum_pending_tokens==current_budget:True,1048576-160==1048416
DEBUG 08-14 23:17:37 metrics_store.py:131] update_metrics:request_id=128
DEBUG 08-14 23:17:37 shared.py:180] Removed task for request 44 on https://u722127-8cb5-f6dc13db.nmb1.seetacloud.com:8443
DEBUG 08-14 23:17:37 shared.py:180] Removed task for request 124 on https://u722127-8cb5-f6dc13db.nmb1.seetacloud.com:8443
DEBUG 08-14 23:17:37 shared.py:180] Removed task for request 128 on https://u722127-8cb5-f6dc13db.nmb1.seetacloud.com:8443
DEBUG 08-14 23:17:37 replica.py:171] complete_request_decode:num_saved_toekens=96
DEBUG 08-14 23:17:37 open_ai.py:452] good request:127.0.0.1:8000:good,request._id=114,input=350,output=83
DEBUG 08-14 23:17:37 replica.py:171] complete_request_decode:num_saved_toekens=48
DEBUG 08-14 23:17:37 open_ai.py:452] good request:127.0.0.1:8001:good,request._id=145,input=350,output=44
DEBUG 08-14 23:17:37 open_ai.py:335] async_send_request: request finish prefill, 165
INFO 08-14 23:17:37 open_ai.py:352] async_send_request: prefill completed: req=165,replica_id=4
DEBUG 08-14 23:17:37 replica.py:146] complete_request_prefill: replica_id=[4], request=165, current_budget=365,last_prefill_completed_at=30614665.335959088,last_ttft=2.1796
DEBUG 08-14 23:17:37 replica.py:153] complete_request_prefill - replica_id=[4], request=165,self.replica_slo_budget-sum_pending_tokens==current_budget:True,1048576-5096==1043480
DEBUG 08-14 23:17:37 open_ai.py:335] async_send_request: request finish prefill, 166
INFO 08-14 23:17:37 open_ai.py:352] async_send_request: prefill completed: req=166,replica_id=4
DEBUG 08-14 23:17:37 replica.py:146] complete_request_prefill: replica_id=[4], request=166, current_budget=341,last_prefill_completed_at=30614665.3421941,last_ttft=2.1789
DEBUG 08-14 23:17:37 replica.py:153] complete_request_prefill - replica_id=[4], request=166,self.replica_slo_budget-sum_pending_tokens==current_budget:True,1048576-4755==1043821
DEBUG 08-14 23:17:37 open_ai.py:335] async_send_request: request finish prefill, 162
INFO 08-14 23:17:37 open_ai.py:352] async_send_request: prefill completed: req=162,replica_id=4
DEBUG 08-14 23:17:37 replica.py:146] complete_request_prefill: replica_id=[4], request=162, current_budget=377,last_prefill_completed_at=30614665.35170764,last_ttft=2.2057
DEBUG 08-14 23:17:37 replica.py:153] complete_request_prefill - replica_id=[4], request=162,self.replica_slo_budget-sum_pending_tokens==current_budget:True,1048576-4378==1044198
DEBUG 08-14 23:17:37 open_ai.py:335] async_send_request: request finish prefill, 167
INFO 08-14 23:17:37 open_ai.py:352] async_send_request: prefill completed: req=167,replica_id=4
DEBUG 08-14 23:17:37 replica.py:146] complete_request_prefill: replica_id=[4], request=167, current_budget=346,last_prefill_completed_at=30614665.360972174,last_ttft=2.1974
DEBUG 08-14 23:17:37 replica.py:153] complete_request_prefill - replica_id=[4], request=167,self.replica_slo_budget-sum_pending_tokens==current_budget:True,1048576-4032==1044544
DEBUG 08-14 23:17:37 open_ai.py:335] async_send_request: request finish prefill, 164
INFO 08-14 23:17:37 open_ai.py:352] async_send_request: prefill completed: req=164,replica_id=4
DEBUG 08-14 23:17:37 replica.py:146] complete_request_prefill: replica_id=[4], request=164, current_budget=358,last_prefill_completed_at=30614665.367038745,last_ttft=2.2175
DEBUG 08-14 23:17:37 replica.py:153] complete_request_prefill - replica_id=[4], request=164,self.replica_slo_budget-sum_pending_tokens==current_budget:True,1048576-3674==1044902
DEBUG 08-14 23:17:37 replica.py:171] complete_request_decode:num_saved_toekens=80
DEBUG 08-14 23:17:37 open_ai.py:452] good request:127.0.0.1:8001:good,request._id=125,input=351,output=80
DEBUG 08-14 23:17:37 open_ai.py:452] good request:https://u722127-8cb5-f6dc13db.nmb1.seetacloud.com:8443:good,request._id=110,input=344,output=42
DEBUG 08-14 23:17:37 metrics_store.py:131] update_metrics:request_id=40
DEBUG 08-14 23:17:37 metrics_store.py:131] update_metrics:request_id=70
DEBUG 08-14 23:17:37 metrics_store.py:131] update_metrics:request_id=139
DEBUG 08-14 23:17:37 shared.py:180] Removed task for request 40 on https://u722127-8cb5-f6dc13db.nmb1.seetacloud.com:8443
DEBUG 08-14 23:17:37 metrics_store.py:131] update_metrics:request_id=142
DEBUG 08-14 23:17:37 shared.py:180] Removed task for request 70 on 127.0.0.1:8000
DEBUG 08-14 23:17:37 metrics_store.py:131] update_metrics:request_id=96
DEBUG 08-14 23:17:37 shared.py:180] Removed task for request 139 on 127.0.0.1:8001
DEBUG 08-14 23:17:37 metrics_store.py:131] update_metrics:request_id=60
DEBUG 08-14 23:17:37 shared.py:180] Removed task for request 142 on 127.0.0.1:8001
DEBUG 08-14 23:17:37 shared.py:180] Removed task for request 96 on https://u722127-8cb5-f6dc13db.nmb1.seetacloud.com:8443
DEBUG 08-14 23:17:37 shared.py:180] Removed task for request 60 on https://u722127-8cb5-f6dc13db.nmb1.seetacloud.com:8443
DEBUG 08-14 23:17:37 replica.py:171] complete_request_decode:num_saved_toekens=80
DEBUG 08-14 23:17:37 open_ai.py:452] good request:127.0.0.1:8000:good,request._id=121,input=356,output=79
DEBUG 08-14 23:17:37 open_ai.py:335] async_send_request: request finish prefill, 169
INFO 08-14 23:17:37 open_ai.py:352] async_send_request: prefill completed: req=169,replica_id=2
DEBUG 08-14 23:17:37 replica.py:146] complete_request_prefill: replica_id=[2], request=169, current_budget=152,last_prefill_completed_at=30614665.47362934,last_ttft=2.3065
DEBUG 08-14 23:17:37 replica.py:153] complete_request_prefill - replica_id=[2], request=169,self.replica_slo_budget-sum_pending_tokens==current_budget:True,1048576-0==1048576
DEBUG 08-14 23:17:37 replica.py:171] complete_request_decode:num_saved_toekens=128
DEBUG 08-14 23:17:37 open_ai.py:452] good request:https://uu722127-b80a-4e3f9d5d.cqa1.seetacloud.com:8443:good,request._id=113,input=158,output=117
DEBUG 08-14 23:17:37 replica.py:171] complete_request_decode:num_saved_toekens=32
DEBUG 08-14 23:17:37 open_ai.py:452] good request:127.0.0.1:8001:good,request._id=155,input=344,output=34
DEBUG 08-14 23:17:37 replica.py:171] complete_request_decode:num_saved_toekens=32
DEBUG 08-14 23:17:37 open_ai.py:452] good request:127.0.0.1:8001:good,request._id=159,input=348,output=28
DEBUG 08-14 23:17:37 open_ai.py:335] async_send_request: request finish prefill, 168
INFO 08-14 23:17:37 open_ai.py:352] async_send_request: prefill completed: req=168,replica_id=3
DEBUG 08-14 23:17:37 replica.py:146] complete_request_prefill: replica_id=[3], request=168, current_budget=152,last_prefill_completed_at=30614665.48767063,last_ttft=2.3216
DEBUG 08-14 23:17:37 replica.py:153] complete_request_prefill - replica_id=[3], request=168,self.replica_slo_budget-sum_pending_tokens==current_budget:True,1048576-0==1048576
INFO 08-14 23:17:37 shared.py:299] Adding task for request 180 to replica 4,session_id=98
DEBUG 08-14 23:17:37 replica.py:226] add_request - replica_id=[4], request=180,self.replica_slo_budget-sum_pending_tokens==current_budget:True,1048576-4025==1044551
INFO 08-14 23:17:37 shared.py:299] Adding task for request 181 to replica 4,session_id=99
DEBUG 08-14 23:17:37 replica.py:226] add_request - replica_id=[4], request=181,self.replica_slo_budget-sum_pending_tokens==current_budget:True,1048576-4395==1044181
INFO 08-14 23:17:37 shared.py:299] Adding task for request 182 to replica 4,session_id=100
DEBUG 08-14 23:17:37 replica.py:226] add_request - replica_id=[4], request=182,self.replica_slo_budget-sum_pending_tokens==current_budget:True,1048576-4744==1043832
INFO 08-14 23:17:37 shared.py:299] Adding task for request 184 to replica 4,session_id=50
DEBUG 08-14 23:17:37 replica.py:226] add_request - replica_id=[4], request=184,self.replica_slo_budget-sum_pending_tokens==current_budget:True,1048576-4896==1043680
INFO 08-14 23:17:37 shared.py:299] Adding task for request 186 to replica 0,session_id=50
DEBUG 08-14 23:17:37 replica.py:226] add_request - replica_id=[0], request=186,self.replica_slo_budget-sum_pending_tokens==current_budget:True,1048576-292==1048284
INFO 08-14 23:17:37 shared.py:299] Adding task for request 188 to replica 3,session_id=101
DEBUG 08-14 23:17:37 replica.py:226] add_request - replica_id=[3], request=188,self.replica_slo_budget-sum_pending_tokens==current_budget:True,1048576-375==1048201
INFO 08-14 23:17:37 open_ai.py:115] async_send_request:request._id=180,session=98,https://u722127-8cb5-f6dc13db.nmb1.seetacloud.com:8443
INFO 08-14 23:17:37 open_ai.py:115] async_send_request:request._id=181,session=99,https://u722127-8cb5-f6dc13db.nmb1.seetacloud.com:8443
INFO 08-14 23:17:37 open_ai.py:115] async_send_request:request._id=182,session=100,https://u722127-8cb5-f6dc13db.nmb1.seetacloud.com:8443
INFO 08-14 23:17:37 open_ai.py:115] async_send_request:request._id=184,session=50,https://u722127-8cb5-f6dc13db.nmb1.seetacloud.com:8443
INFO 08-14 23:17:37 open_ai.py:115] async_send_request:request._id=186,session=50,127.0.0.1:8000
INFO 08-14 23:17:37 open_ai.py:115] async_send_request:request._id=188,session=101,https://uu722127-b80a-4e3f9d5d.cqa1.seetacloud.com:8443
INFO 08-14 23:17:37 shared.py:299] Adding task for request 189 to replica 3,session_id=102
DEBUG 08-14 23:17:37 replica.py:226] add_request - replica_id=[3], request=189,self.replica_slo_budget-sum_pending_tokens==current_budget:True,1048576-720==1047856
DEBUG 08-14 23:17:37 replica.py:171] complete_request_decode:num_saved_toekens=96
DEBUG 08-14 23:17:37 open_ai.py:452] good request:127.0.0.1:8000:good,request._id=119,input=1473,output=99
DEBUG 08-14 23:17:37 replica.py:171] complete_request_decode:num_saved_toekens=256
DEBUG 08-14 23:17:37 open_ai.py:452] good request:https://u722127-b80a-4e3f9d5d.cqa1.seetacloud.com:8443:good,request._id=6,input=142,output=242
INFO 08-14 23:17:37 open_ai.py:115] async_send_request:request._id=189,session=102,https://uu722127-b80a-4e3f9d5d.cqa1.seetacloud.com:8443
DEBUG 08-14 23:17:37 metrics_store.py:131] update_metrics:request_id=38
DEBUG 08-14 23:17:37 metrics_store.py:131] update_metrics:request_id=101
DEBUG 08-14 23:17:37 shared.py:180] Removed task for request 38 on https://u722127-8cb5-f6dc13db.nmb1.seetacloud.com:8443
DEBUG 08-14 23:17:37 metrics_store.py:131] update_metrics:request_id=134
DEBUG 08-14 23:17:37 metrics_store.py:131] update_metrics:request_id=137
DEBUG 08-14 23:17:37 shared.py:180] Removed task for request 101 on https://u722127-8cb5-f6dc13db.nmb1.seetacloud.com:8443
DEBUG 08-14 23:17:37 metrics_store.py:131] update_metrics:request_id=43
DEBUG 08-14 23:17:37 shared.py:180] Removed task for request 134 on 127.0.0.1:8001
DEBUG 08-14 23:17:37 replica.py:171] complete_request_decode:num_saved_toekens=32
DEBUG 08-14 23:17:37 metrics_store.py:131] update_metrics:request_id=130
DEBUG 08-14 23:17:37 shared.py:180] Removed task for request 137 on https://u722127-8cb5-f6dc13db.nmb1.seetacloud.com:8443
DEBUG 08-14 23:17:37 metrics_store.py:131] update_metrics:request_id=144
DEBUG 08-14 23:17:37 shared.py:180] Removed task for request 43 on https://u722127-8cb5-f6dc13db.nmb1.seetacloud.com:8443
DEBUG 08-14 23:17:37 open_ai.py:452] good request:127.0.0.1:8001:good,request._id=158,input=352,output=42
DEBUG 08-14 23:17:37 metrics_store.py:131] update_metrics:request_id=51
DEBUG 08-14 23:17:37 shared.py:180] Removed task for request 130 on 127.0.0.1:8001
DEBUG 08-14 23:17:37 metrics_store.py:131] update_metrics:request_id=114
DEBUG 08-14 23:17:37 shared.py:180] Removed task for request 144 on 127.0.0.1:8001
DEBUG 08-14 23:17:37 replica.py:171] complete_request_decode:num_saved_toekens=64
DEBUG 08-14 23:17:37 open_ai.py:452] good request:https://u722127-b80a-4e3f9d5d.cqa1.seetacloud.com:8443:good,request._id=156,input=146,output=64
DEBUG 08-14 23:17:37 open_ai.py:335] async_send_request: request finish prefill, 172
INFO 08-14 23:17:37 open_ai.py:352] async_send_request: prefill completed: req=172,replica_id=0
DEBUG 08-14 23:17:37 replica.py:146] complete_request_prefill: replica_id=[0], request=172, current_budget=144,last_prefill_completed_at=30614665.748897415,last_ttft=2.568
DEBUG 08-14 23:17:37 replica.py:153] complete_request_prefill - replica_id=[0], request=172,self.replica_slo_budget-sum_pending_tokens==current_budget:True,1048576-148==1048428
DEBUG 08-14 23:17:37 replica.py:171] complete_request_decode:num_saved_toekens=48
DEBUG 08-14 23:17:37 open_ai.py:452] good request:https://u722127-8cb5-f6dc13db.nmb1.seetacloud.com:8443:good,request._id=141,input=349,output=44
DEBUG 08-14 23:17:37 open_ai.py:335] async_send_request: request finish prefill, 178
INFO 08-14 23:17:37 open_ai.py:352] async_send_request: prefill completed: req=178,replica_id=1
DEBUG 08-14 23:17:37 replica.py:146] complete_request_prefill: replica_id=[1], request=178, current_budget=160,last_prefill_completed_at=30614665.757988095,last_ttft=2.555
DEBUG 08-14 23:17:37 replica.py:153] complete_request_prefill - replica_id=[1], request=178,self.replica_slo_budget-sum_pending_tokens==current_budget:True,1048576-0==1048576
DEBUG 08-14 23:17:37 metrics_store.py:131] update_metrics:request_id=145
DEBUG 08-14 23:17:37 shared.py:180] Removed task for request 51 on 127.0.0.1:8000
DEBUG 08-14 23:17:37 metrics_store.py:131] update_metrics:request_id=125
DEBUG 08-14 23:17:37 shared.py:180] Removed task for request 114 on 127.0.0.1:8000
DEBUG 08-14 23:17:37 replica.py:171] complete_request_decode:num_saved_toekens=96
DEBUG 08-14 23:17:37 open_ai.py:452] good request:127.0.0.1:8001:good,request._id=135,input=383,output=85
DEBUG 08-14 23:17:37 metrics_store.py:131] update_metrics:request_id=110
DEBUG 08-14 23:17:37 shared.py:180] Removed task for request 145 on 127.0.0.1:8001
DEBUG 08-14 23:17:37 replica.py:171] complete_request_decode:num_saved_toekens=64
DEBUG 08-14 23:17:37 open_ai.py:452] good request:https://u722127-8cb5-f6dc13db.nmb1.seetacloud.com:8443:good,request._id=143,input=351,output=49
DEBUG 08-14 23:17:37 replica.py:171] complete_request_decode:num_saved_toekens=48
DEBUG 08-14 23:17:37 open_ai.py:335] async_send_request: request finish prefill, 170
INFO 08-14 23:17:37 open_ai.py:352] async_send_request: prefill completed: req=170,replica_id=4
DEBUG 08-14 23:17:37 replica.py:146] complete_request_prefill: replica_id=[4], request=170, current_budget=349,last_prefill_completed_at=30614665.82418857,last_ttft=2.6564
DEBUG 08-14 23:17:37 replica.py:153] complete_request_prefill - replica_id=[4], request=170,self.replica_slo_budget-sum_pending_tokens==current_budget:True,1048576-4547==1044029
DEBUG 08-14 23:17:37 metrics_store.py:131] update_metrics:request_id=121
DEBUG 08-14 23:17:37 shared.py:180] Removed task for request 125 on 127.0.0.1:8001
DEBUG 08-14 23:17:37 replica.py:171] complete_request_decode:num_saved_toekens=48
DEBUG 08-14 23:17:37 open_ai.py:452] good request:127.0.0.1:8001:good,request._id=153,input=348,output=51
DEBUG 08-14 23:17:37 metrics_store.py:131] update_metrics:request_id=113
DEBUG 08-14 23:17:37 shared.py:180] Removed task for request 110 on https://u722127-8cb5-f6dc13db.nmb1.seetacloud.com:8443
DEBUG 08-14 23:17:37 metrics_store.py:131] update_metrics:request_id=155
DEBUG 08-14 23:17:37 shared.py:180] Removed task for request 121 on 127.0.0.1:8000
DEBUG 08-14 23:17:37 replica.py:171] complete_request_decode:num_saved_toekens=48
DEBUG 08-14 23:17:37 open_ai.py:452] good request:127.0.0.1:8001:good,request._id=157,input=358,output=53
DEBUG 08-14 23:17:37 metrics_store.py:131] update_metrics:request_id=159
DEBUG 08-14 23:17:37 shared.py:180] Removed task for request 113 on https://uu722127-b80a-4e3f9d5d.cqa1.seetacloud.com:8443
DEBUG 08-14 23:17:37 open_ai.py:335] async_send_request: request finish prefill, 174
INFO 08-14 23:17:37 open_ai.py:352] async_send_request: prefill completed: req=174,replica_id=4
DEBUG 08-14 23:17:37 replica.py:146] complete_request_prefill: replica_id=[4], request=174, current_budget=560,last_prefill_completed_at=30614665.906171095,last_ttft=2.7195
DEBUG 08-14 23:17:37 replica.py:153] complete_request_prefill - replica_id=[4], request=174,self.replica_slo_budget-sum_pending_tokens==current_budget:True,1048576-3987==1044589
DEBUG 08-14 23:17:37 open_ai.py:335] async_send_request: request finish prefill, 175
INFO 08-14 23:17:37 open_ai.py:352] async_send_request: prefill completed: req=175,replica_id=4
DEBUG 08-14 23:17:37 replica.py:146] complete_request_prefill: replica_id=[4], request=175, current_budget=429,last_prefill_completed_at=30614665.913616255,last_ttft=2.7195
DEBUG 08-14 23:17:37 replica.py:153] complete_request_prefill - replica_id=[4], request=175,self.replica_slo_budget-sum_pending_tokens==current_budget:True,1048576-3558==1045018
DEBUG 08-14 23:17:37 shared.py:180] Removed task for request 155 on 127.0.0.1:8001
DEBUG 08-14 23:17:37 replica.py:171] complete_request_decode:num_saved_toekens=128
DEBUG 08-14 23:17:37 open_ai.py:452] good request:https://u722127-8cb5-f6dc13db.nmb1.seetacloud.com:8443:good,request._id=13,input=2028,output=121
DEBUG 08-14 23:17:37 open_ai.py:335] async_send_request: request finish prefill, 171
INFO 08-14 23:17:37 open_ai.py:352] async_send_request: prefill completed: req=171,replica_id=4
DEBUG 08-14 23:17:37 replica.py:146] complete_request_prefill: replica_id=[4], request=171, current_budget=886,last_prefill_completed_at=30614665.944801535,last_ttft=2.7657
DEBUG 08-14 23:17:37 replica.py:153] complete_request_prefill - replica_id=[4], request=171,self.replica_slo_budget-sum_pending_tokens==current_budget:True,1048576-2672==1045904
DEBUG 08-14 23:17:37 open_ai.py:335] async_send_request: request finish prefill, 179
INFO 08-14 23:17:37 open_ai.py:352] async_send_request: prefill completed: req=179,replica_id=4
DEBUG 08-14 23:17:37 replica.py:146] complete_request_prefill: replica_id=[4], request=179, current_budget=375,last_prefill_completed_at=30614665.9533081,last_ttft=2.7432
DEBUG 08-14 23:17:37 replica.py:153] complete_request_prefill - replica_id=[4], request=179,self.replica_slo_budget-sum_pending_tokens==current_budget:True,1048576-2297==1046279
DEBUG 08-14 23:17:37 open_ai.py:335] async_send_request: request finish prefill, 176
INFO 08-14 23:17:37 open_ai.py:352] async_send_request: prefill completed: req=176,replica_id=4
DEBUG 08-14 23:17:37 replica.py:146] complete_request_prefill: replica_id=[4], request=176, current_budget=363,last_prefill_completed_at=30614665.960739367,last_ttft=2.7667
DEBUG 08-14 23:17:37 replica.py:153] complete_request_prefill - replica_id=[4], request=176,self.replica_slo_budget-sum_pending_tokens==current_budget:True,1048576-1934==1046642
DEBUG 08-14 23:17:37 open_ai.py:335] async_send_request: request finish prefill, 173
INFO 08-14 23:17:37 open_ai.py:352] async_send_request: prefill completed: req=173,replica_id=4
DEBUG 08-14 23:17:37 replica.py:146] complete_request_prefill: replica_id=[4], request=173, current_budget=344,last_prefill_completed_at=30614665.968111254,last_ttft=2.7868
DEBUG 08-14 23:17:37 replica.py:153] complete_request_prefill - replica_id=[4], request=173,self.replica_slo_budget-sum_pending_tokens==current_budget:True,1048576-1590==1046986
DEBUG 08-14 23:17:37 open_ai.py:335] async_send_request: request finish prefill, 177
INFO 08-14 23:17:37 open_ai.py:352] async_send_request: prefill completed: req=177,replica_id=4
DEBUG 08-14 23:17:37 replica.py:146] complete_request_prefill: replica_id=[4], request=177, current_budget=368,last_prefill_completed_at=30614665.975505818,last_ttft=2.7802
DEBUG 08-14 23:17:37 replica.py:153] complete_request_prefill - replica_id=[4], request=177,self.replica_slo_budget-sum_pending_tokens==current_budget:True,1048576-1222==1047354
DEBUG 08-14 23:17:37 replica.py:171] complete_request_decode:num_saved_toekens=224
DEBUG 08-14 23:17:37 open_ai.py:452] good request:https://uu722127-b80a-4e3f9d5d.cqa1.seetacloud.com:8443:good,request._id=49,input=149,output=222
DEBUG 08-14 23:17:37 shared.py:180] Removed task for request 159 on 127.0.0.1:8001
DEBUG 08-14 23:17:37 replica.py:171] complete_request_decode:num_saved_toekens=96
DEBUG 08-14 23:17:37 open_ai.py:452] good request:https://u722127-8cb5-f6dc13db.nmb1.seetacloud.com:8443:good,request._id=97,input=378,output=96
INFO 08-14 23:17:37 shared.py:299] Adding task for request 194 to replica 1,session_id=55
DEBUG 08-14 23:17:37 replica.py:226] add_request - replica_id=[1], request=194,self.replica_slo_budget-sum_pending_tokens==current_budget:True,1048576-154==1048422
INFO 08-14 23:17:37 shared.py:299] Adding task for request 193 to replica 3,session_id=67
DEBUG 08-14 23:17:37 replica.py:226] add_request - replica_id=[3], request=193,self.replica_slo_budget-sum_pending_tokens==current_budget:True,1048576-868==1047708
INFO 08-14 23:17:37 shared.py:299] Adding task for request 195 to replica 0,session_id=55
DEBUG 08-14 23:17:37 replica.py:226] add_request - replica_id=[0], request=195,self.replica_slo_budget-sum_pending_tokens==current_budget:True,1048576-298==1048278
INFO 08-14 23:17:37 shared.py:299] Adding task for request 197 to replica 3,session_id=66
DEBUG 08-14 23:17:37 replica.py:226] add_request - replica_id=[3], request=197,self.replica_slo_budget-sum_pending_tokens==current_budget:True,1048576-1020==1047556
INFO 08-14 23:17:38 shared.py:299] Adding task for request 198 to replica 4,session_id=103
DEBUG 08-14 23:17:38 replica.py:226] add_request - replica_id=[4], request=198,self.replica_slo_budget-sum_pending_tokens==current_budget:True,1048576-1566==1047010
INFO 08-14 23:17:38 open_ai.py:115] async_send_request:request._id=194,session=55,127.0.0.1:8001
INFO 08-14 23:17:38 open_ai.py:115] async_send_request:request._id=193,session=67,https://uu722127-b80a-4e3f9d5d.cqa1.seetacloud.com:8443
INFO 08-14 23:17:38 open_ai.py:115] async_send_request:request._id=195,session=55,127.0.0.1:8000
INFO 08-14 23:17:38 open_ai.py:115] async_send_request:request._id=197,session=66,https://uu722127-b80a-4e3f9d5d.cqa1.seetacloud.com:8443
INFO 08-14 23:17:38 open_ai.py:115] async_send_request:request._id=198,session=103,https://u722127-8cb5-f6dc13db.nmb1.seetacloud.com:8443
INFO 08-14 23:17:38 shared.py:299] Adding task for request 199 to replica 4,session_id=104
DEBUG 08-14 23:17:38 replica.py:226] add_request - replica_id=[4], request=199,self.replica_slo_budget-sum_pending_tokens==current_budget:True,1048576-1912==1046664
DEBUG 08-14 23:17:38 replica.py:171] complete_request_decode:num_saved_toekens=224
DEBUG 08-14 23:17:38 open_ai.py:452] good request:https://uu722127-b80a-4e3f9d5d.cqa1.seetacloud.com:8443:good,request._id=35,input=148,output=234
DEBUG 08-14 23:17:38 replica.py:171] complete_request_decode:num_saved_toekens=64
DEBUG 08-14 23:17:38 open_ai.py:452] good request:127.0.0.1:8001:good,request._id=154,input=347,output=65
DEBUG 08-14 23:17:38 replica.py:171] complete_request_decode:num_saved_toekens=48
INFO 08-14 23:17:38 open_ai.py:115] async_send_request:request._id=199,session=104,https://u722127-8cb5-f6dc13db.nmb1.seetacloud.com:8443
DEBUG 08-14 23:17:38 replica.py:171] complete_request_decode:num_saved_toekens=128
DEBUG 08-14 23:17:38 open_ai.py:452] good request:https://u722127-8cb5-f6dc13db.nmb1.seetacloud.com:8443:good,request._id=27,input=472,output=126
DEBUG 08-14 23:17:38 metrics_store.py:131] update_metrics:request_id=119
DEBUG 08-14 23:17:38 metrics_store.py:131] update_metrics:request_id=6
DEBUG 08-14 23:17:38 shared.py:180] Removed task for request 119 on 127.0.0.1:8000
DEBUG 08-14 23:17:38 metrics_store.py:131] update_metrics:request_id=158
DEBUG 08-14 23:17:38 shared.py:180] Removed task for request 6 on https://u722127-b80a-4e3f9d5d.cqa1.seetacloud.com:8443
DEBUG 08-14 23:17:38 metrics_store.py:131] update_metrics:request_id=156
DEBUG 08-14 23:17:38 metrics_store.py:131] update_metrics:request_id=141
DEBUG 08-14 23:17:38 shared.py:180] Removed task for request 158 on 127.0.0.1:8001
DEBUG 08-14 23:17:38 metrics_store.py:131] update_metrics:request_id=135
DEBUG 08-14 23:17:38 shared.py:180] Removed task for request 156 on https://u722127-b80a-4e3f9d5d.cqa1.seetacloud.com:8443
DEBUG 08-14 23:17:38 metrics_store.py:131] update_metrics:request_id=143
DEBUG 08-14 23:17:38 shared.py:180] Removed task for request 141 on https://u722127-8cb5-f6dc13db.nmb1.seetacloud.com:8443
DEBUG 08-14 23:17:38 shared.py:180] Removed task for request 135 on 127.0.0.1:8001
DEBUG 08-14 23:17:38 open_ai.py:335] async_send_request: request finish prefill, 186
INFO 08-14 23:17:38 open_ai.py:352] async_send_request: prefill completed: req=186,replica_id=0
DEBUG 08-14 23:17:38 replica.py:146] complete_request_prefill: replica_id=[0], request=186, current_budget=148,last_prefill_completed_at=30614666.302443136,last_ttft=3.0572
DEBUG 08-14 23:17:38 replica.py:153] complete_request_prefill - replica_id=[0], request=186,self.replica_slo_budget-sum_pending_tokens==current_budget:True,1048576-150==1048426
DEBUG 08-14 23:17:38 shared.py:180] Removed task for request 143 on https://u722127-8cb5-f6dc13db.nmb1.seetacloud.com:8443
DEBUG 08-14 23:17:38 open_ai.py:335] async_send_request: request finish prefill, 188
INFO 08-14 23:17:38 open_ai.py:352] async_send_request: prefill completed: req=188,replica_id=3
DEBUG 08-14 23:17:38 replica.py:146] complete_request_prefill: replica_id=[3], request=188, current_budget=375,last_prefill_completed_at=30614666.353795543,last_ttft=3.105
DEBUG 08-14 23:17:38 replica.py:153] complete_request_prefill - replica_id=[3], request=188,self.replica_slo_budget-sum_pending_tokens==current_budget:True,1048576-645==1047931
DEBUG 08-14 23:17:38 open_ai.py:335] async_send_request: request finish prefill, 189
INFO 08-14 23:17:38 open_ai.py:352] async_send_request: prefill completed: req=189,replica_id=3
DEBUG 08-14 23:17:38 replica.py:146] complete_request_prefill: replica_id=[3], request=189, current_budget=345,last_prefill_completed_at=30614666.364649944,last_ttft=3.112
DEBUG 08-14 23:17:38 replica.py:153] complete_request_prefill - replica_id=[3], request=189,self.replica_slo_budget-sum_pending_tokens==current_budget:True,1048576-300==1048276
DEBUG 08-14 23:17:38 open_ai.py:335] async_send_request: request finish prefill, 184
INFO 08-14 23:17:38 open_ai.py:352] async_send_request: prefill completed: req=184,replica_id=4
DEBUG 08-14 23:17:38 replica.py:146] complete_request_prefill: replica_id=[4], request=184, current_budget=152,last_prefill_completed_at=30614666.373773742,last_ttft=3.129
DEBUG 08-14 23:17:38 replica.py:153] complete_request_prefill - replica_id=[4], request=184,self.replica_slo_budget-sum_pending_tokens==current_budget:True,1048576-1760==1046816
DEBUG 08-14 23:17:38 open_ai.py:335] async_send_request: request finish prefill, 180
INFO 08-14 23:17:38 open_ai.py:352] async_send_request: prefill completed: req=180,replica_id=4
DEBUG 08-14 23:17:38 replica.py:146] complete_request_prefill: replica_id=[4], request=180, current_budget=351,last_prefill_completed_at=30614666.387064084,last_ttft=3.1636
DEBUG 08-14 23:17:38 replica.py:153] complete_request_prefill - replica_id=[4], request=180,self.replica_slo_budget-sum_pending_tokens==current_budget:True,1048576-1409==1047167
DEBUG 08-14 23:17:38 open_ai.py:335] async_send_request: request finish prefill, 181
INFO 08-14 23:17:38 open_ai.py:352] async_send_request: prefill completed: req=181,replica_id=4
DEBUG 08-14 23:17:38 replica.py:146] complete_request_prefill: replica_id=[4], request=181, current_budget=370,last_prefill_completed_at=30614666.39755598,last_ttft=3.1655
DEBUG 08-14 23:17:38 replica.py:153] complete_request_prefill - replica_id=[4], request=181,self.replica_slo_budget-sum_pending_tokens==current_budget:True,1048576-1039==1047537
DEBUG 08-14 23:17:38 open_ai.py:335] async_send_request: request finish prefill, 182
INFO 08-14 23:17:38 open_ai.py:352] async_send_request: prefill completed: req=182,replica_id=4
DEBUG 08-14 23:17:38 replica.py:146] complete_request_prefill: replica_id=[4], request=182, current_budget=349,last_prefill_completed_at=30614666.406551745,last_ttft=3.168
DEBUG 08-14 23:17:38 replica.py:153] complete_request_prefill - replica_id=[4], request=182,self.replica_slo_budget-sum_pending_tokens==current_budget:True,1048576-690==1047886
DEBUG 08-14 23:17:38 replica.py:171] complete_request_decode:num_saved_toekens=32
DEBUG 08-14 23:17:38 open_ai.py:452] good request:https://u722127-8cb5-f6dc13db.nmb1.seetacloud.com:8443:good,request._id=166,input=341,output=39
DEBUG 08-14 23:17:38 replica.py:171] complete_request_decode:num_saved_toekens=48
DEBUG 08-14 23:17:38 open_ai.py:452] good request:https://u722127-8cb5-f6dc13db.nmb1.seetacloud.com:8443:good,request._id=167,input=346,output=41
DEBUG 08-14 23:17:38 open_ai.py:452] good request:https://u722127-8cb5-f6dc13db.nmb1.seetacloud.com:8443:good,request._id=140,input=345,output=48
DEBUG 08-14 23:17:38 replica.py:171] complete_request_decode:num_saved_toekens=128
DEBUG 08-14 23:17:38 open_ai.py:452] good request:127.0.0.1:8000:good,request._id=122,input=424,output=134
DEBUG 08-14 23:17:38 metrics_store.py:131] update_metrics:request_id=153
DEBUG 08-14 23:17:38 metrics_store.py:131] update_metrics:request_id=157
DEBUG 08-14 23:17:38 metrics_store.py:131] update_metrics:request_id=13
DEBUG 08-14 23:17:38 shared.py:180] Removed task for request 153 on 127.0.0.1:8001
DEBUG 08-14 23:17:38 metrics_store.py:131] update_metrics:request_id=49
DEBUG 08-14 23:17:38 shared.py:180] Removed task for request 157 on 127.0.0.1:8001
DEBUG 08-14 23:17:38 metrics_store.py:131] update_metrics:request_id=97
DEBUG 08-14 23:17:38 shared.py:180] Removed task for request 13 on https://u722127-8cb5-f6dc13db.nmb1.seetacloud.com:8443
DEBUG 08-14 23:17:38 shared.py:180] Removed task for request 49 on https://uu722127-b80a-4e3f9d5d.cqa1.seetacloud.com:8443
DEBUG 08-14 23:17:38 shared.py:180] Removed task for request 97 on https://u722127-8cb5-f6dc13db.nmb1.seetacloud.com:8443
DEBUG 08-14 23:17:38 replica.py:171] complete_request_decode:num_saved_toekens=128
DEBUG 08-14 23:17:38 open_ai.py:452] good request:https://u722127-8cb5-f6dc13db.nmb1.seetacloud.com:8443:good,request._id=76,input=168,output=122
INFO 08-14 23:17:38 shared.py:299] Adding task for request 200 to replica 2,session_id=65
DEBUG 08-14 23:17:38 replica.py:226] add_request - replica_id=[2], request=200,self.replica_slo_budget-sum_pending_tokens==current_budget:True,1048576-148==1048428
INFO 08-14 23:17:38 shared.py:299] Adding task for request 201 to replica 2,session_id=63
DEBUG 08-14 23:17:38 replica.py:226] add_request - replica_id=[2], request=201,self.replica_slo_budget-sum_pending_tokens==current_budget:True,1048576-293==1048283
INFO 08-14 23:17:38 shared.py:299] Adding task for request 202 to replica 4,session_id=105
DEBUG 08-14 23:17:38 replica.py:226] add_request - replica_id=[4], request=202,self.replica_slo_budget-sum_pending_tokens==current_budget:True,1048576-1056==1047520
INFO 08-14 23:17:38 shared.py:299] Adding task for request 203 to replica 2,session_id=74
DEBUG 08-14 23:17:38 replica.py:226] add_request - replica_id=[2], request=203,self.replica_slo_budget-sum_pending_tokens==current_budget:True,1048576-429==1048147
INFO 08-14 23:17:38 shared.py:299] Adding task for request 204 to replica 4,session_id=106
DEBUG 08-14 23:17:38 replica.py:226] add_request - replica_id=[4], request=204,self.replica_slo_budget-sum_pending_tokens==current_budget:True,1048576-1412==1047164
INFO 08-14 23:17:38 shared.py:299] Adding task for request 205 to replica 4,session_id=107
DEBUG 08-14 23:17:38 replica.py:226] add_request - replica_id=[4], request=205,self.replica_slo_budget-sum_pending_tokens==current_budget:True,1048576-1753==1046823
INFO 08-14 23:17:38 shared.py:299] Adding task for request 206 to replica 4,session_id=108
DEBUG 08-14 23:17:38 replica.py:226] add_request - replica_id=[4], request=206,self.replica_slo_budget-sum_pending_tokens==current_budget:True,1048576-2104==1046472
INFO 08-14 23:17:38 shared.py:299] Adding task for request 207 to replica 4,session_id=109
DEBUG 08-14 23:17:38 replica.py:226] add_request - replica_id=[4], request=207,self.replica_slo_budget-sum_pending_tokens==current_budget:True,1048576-2475==1046101
INFO 08-14 23:17:38 shared.py:299] Adding task for request 208 to replica 1,session_id=110
DEBUG 08-14 23:17:38 replica.py:226] add_request - replica_id=[1], request=208,self.replica_slo_budget-sum_pending_tokens==current_budget:True,1048576-499==1048077
INFO 08-14 23:17:38 open_ai.py:115] async_send_request:request._id=200,session=65,https://u722127-b80a-4e3f9d5d.cqa1.seetacloud.com:8443
INFO 08-14 23:17:38 open_ai.py:115] async_send_request:request._id=201,session=63,https://u722127-b80a-4e3f9d5d.cqa1.seetacloud.com:8443
INFO 08-14 23:17:38 open_ai.py:115] async_send_request:request._id=202,session=105,https://u722127-8cb5-f6dc13db.nmb1.seetacloud.com:8443
INFO 08-14 23:17:38 open_ai.py:115] async_send_request:request._id=203,session=74,https://u722127-b80a-4e3f9d5d.cqa1.seetacloud.com:8443
INFO 08-14 23:17:38 open_ai.py:115] async_send_request:request._id=204,session=106,https://u722127-8cb5-f6dc13db.nmb1.seetacloud.com:8443
INFO 08-14 23:17:38 open_ai.py:115] async_send_request:request._id=205,session=107,https://u722127-8cb5-f6dc13db.nmb1.seetacloud.com:8443
INFO 08-14 23:17:38 open_ai.py:115] async_send_request:request._id=206,session=108,https://u722127-8cb5-f6dc13db.nmb1.seetacloud.com:8443
INFO 08-14 23:17:38 open_ai.py:115] async_send_request:request._id=207,session=109,https://u722127-8cb5-f6dc13db.nmb1.seetacloud.com:8443
INFO 08-14 23:17:38 open_ai.py:115] async_send_request:request._id=208,session=110,127.0.0.1:8001
INFO 08-14 23:17:38 shared.py:299] Adding task for request 209 to replica 4,session_id=111
DEBUG 08-14 23:17:38 replica.py:226] add_request - replica_id=[4], request=209,self.replica_slo_budget-sum_pending_tokens==current_budget:True,1048576-2831==1045745
INFO 08-14 23:17:38 open_ai.py:115] async_send_request:request._id=209,session=111,https://u722127-8cb5-f6dc13db.nmb1.seetacloud.com:8443
DEBUG 08-14 23:17:38 replica.py:171] complete_request_decode:num_saved_toekens=304
DEBUG 08-14 23:17:38 replica.py:171] complete_request_decode:num_saved_toekens=48
DEBUG 08-14 23:17:38 metrics_store.py:131] update_metrics:request_id=35
DEBUG 08-14 23:17:38 metrics_store.py:131] update_metrics:request_id=154
DEBUG 08-14 23:17:38 shared.py:180] Removed task for request 35 on https://uu722127-b80a-4e3f9d5d.cqa1.seetacloud.com:8443
DEBUG 08-14 23:17:38 shared.py:180] Removed task for request 154 on 127.0.0.1:8001
DEBUG 08-14 23:17:38 open_ai.py:335] async_send_request: request finish prefill, 195
INFO 08-14 23:17:38 open_ai.py:352] async_send_request: prefill completed: req=195,replica_id=0
DEBUG 08-14 23:17:38 replica.py:146] complete_request_prefill: replica_id=[0], request=195, current_budget=150,last_prefill_completed_at=30614666.775625944,last_ttft=3.5003
DEBUG 08-14 23:17:38 replica.py:153] complete_request_prefill - replica_id=[0], request=195,self.replica_slo_budget-sum_pending_tokens==current_budget:True,1048576-0==1048576
DEBUG 08-14 23:17:38 open_ai.py:335] async_send_request: request finish prefill, 194
INFO 08-14 23:17:38 open_ai.py:352] async_send_request: prefill completed: req=194,replica_id=1
DEBUG 08-14 23:17:38 replica.py:146] complete_request_prefill: replica_id=[1], request=194, current_budget=154,last_prefill_completed_at=30614666.785316996,last_ttft=3.5107
DEBUG 08-14 23:17:38 replica.py:153] complete_request_prefill - replica_id=[1], request=194,self.replica_slo_budget-sum_pending_tokens==current_budget:True,1048576-345==1048231
DEBUG 08-14 23:17:38 replica.py:171] complete_request_decode:num_saved_toekens=48
DEBUG 08-14 23:17:38 open_ai.py:452] good request:https://u722127-8cb5-f6dc13db.nmb1.seetacloud.com:8443:good,request._id=164,input=358,output=55
DEBUG 08-14 23:17:38 replica.py:171] complete_request_decode:num_saved_toekens=64
DEBUG 08-14 23:17:38 open_ai.py:452] good request:https://u722127-8cb5-f6dc13db.nmb1.seetacloud.com:8443:good,request._id=165,input=365,output=55
DEBUG 08-14 23:17:38 open_ai.py:452] good request:127.0.0.1:8001:good,request._id=160,input=348,output=49
DEBUG 08-14 23:17:38 metrics_store.py:131] update_metrics:request_id=27
DEBUG 08-14 23:17:38 metrics_store.py:131] update_metrics:request_id=166
DEBUG 08-14 23:17:38 metrics_store.py:131] update_metrics:request_id=167
DEBUG 08-14 23:17:38 shared.py:180] Removed task for request 27 on https://u722127-8cb5-f6dc13db.nmb1.seetacloud.com:8443
DEBUG 08-14 23:17:38 metrics_store.py:131] update_metrics:request_id=140
DEBUG 08-14 23:17:38 shared.py:180] Removed task for request 166 on https://u722127-8cb5-f6dc13db.nmb1.seetacloud.com:8443
DEBUG 08-14 23:17:38 metrics_store.py:131] update_metrics:request_id=122
DEBUG 08-14 23:17:38 shared.py:180] Removed task for request 167 on https://u722127-8cb5-f6dc13db.nmb1.seetacloud.com:8443
DEBUG 08-14 23:17:38 metrics_store.py:131] update_metrics:request_id=76
DEBUG 08-14 23:17:38 shared.py:180] Removed task for request 140 on https://u722127-8cb5-f6dc13db.nmb1.seetacloud.com:8443
DEBUG 08-14 23:17:38 replica.py:171] complete_request_decode:num_saved_toekens=192
DEBUG 08-14 23:17:38 open_ai.py:452] good request:127.0.0.1:8001:good,request._id=89,input=146,output=203
DEBUG 08-14 23:17:38 open_ai.py:335] async_send_request: request finish prefill, 193
INFO 08-14 23:17:38 open_ai.py:352] async_send_request: prefill completed: req=193,replica_id=3
DEBUG 08-14 23:17:38 replica.py:146] complete_request_prefill: replica_id=[3], request=193, current_budget=148,last_prefill_completed_at=30614666.862605374,last_ttft=3.6016
DEBUG 08-14 23:17:38 replica.py:153] complete_request_prefill - replica_id=[3], request=193,self.replica_slo_budget-sum_pending_tokens==current_budget:True,1048576-152==1048424
DEBUG 08-14 23:17:38 replica.py:171] complete_request_decode:num_saved_toekens=96
DEBUG 08-14 23:17:38 open_ai.py:452] good request:https://u722127-8cb5-f6dc13db.nmb1.seetacloud.com:8443:good,request._id=146,input=414,output=85
DEBUG 08-14 23:17:38 open_ai.py:335] async_send_request: request finish prefill, 198
INFO 08-14 23:17:38 open_ai.py:352] async_send_request: prefill completed: req=198,replica_id=4
DEBUG 08-14 23:17:38 replica.py:146] complete_request_prefill: replica_id=[4], request=198, current_budget=344,last_prefill_completed_at=30614666.878882293,last_ttft=3.5891
DEBUG 08-14 23:17:38 replica.py:153] complete_request_prefill - replica_id=[4], request=198,self.replica_slo_budget-sum_pending_tokens==current_budget:True,1048576-2487==1046089
DEBUG 08-14 23:17:38 shared.py:180] Removed task for request 122 on 127.0.0.1:8000
DEBUG 08-14 23:17:38 shared.py:180] Removed task for request 76 on https://u722127-8cb5-f6dc13db.nmb1.seetacloud.com:8443
DEBUG 08-14 23:17:38 open_ai.py:335] async_send_request: request finish prefill, 199
INFO 08-14 23:17:38 open_ai.py:352] async_send_request: prefill completed: req=199,replica_id=4
DEBUG 08-14 23:17:38 replica.py:146] complete_request_prefill: replica_id=[4], request=199, current_budget=346,last_prefill_completed_at=30614666.940211188,last_ttft=3.6501
DEBUG 08-14 23:17:38 replica.py:153] complete_request_prefill - replica_id=[4], request=199,self.replica_slo_budget-sum_pending_tokens==current_budget:True,1048576-2141==1046435
DEBUG 08-14 23:17:38 replica.py:171] complete_request_decode:num_saved_toekens=48
DEBUG 08-14 23:17:38 open_ai.py:452] good request:https://uu722127-b80a-4e3f9d5d.cqa1.seetacloud.com:8443:good,request._id=189,input=345,output=46
DEBUG 08-14 23:17:38 replica.py:171] complete_request_decode:num_saved_toekens=32
DEBUG 08-14 23:17:38 open_ai.py:452] good request:https://u722127-8cb5-f6dc13db.nmb1.seetacloud.com:8443:good,request._id=174,input=560,output=40
INFO 08-14 23:17:38 shared.py:299] Adding task for request 210 to replica 4,session_id=112
DEBUG 08-14 23:17:38 replica.py:226] add_request - replica_id=[4], request=210,self.replica_slo_budget-sum_pending_tokens==current_budget:True,1048576-2495==1046081
INFO 08-14 23:17:38 shared.py:299] Adding task for request 211 to replica 4,session_id=113
DEBUG 08-14 23:17:38 replica.py:226] add_request - replica_id=[4], request=211,self.replica_slo_budget-sum_pending_tokens==current_budget:True,1048576-2935==1045641
INFO 08-14 23:17:38 shared.py:299] Adding task for request 213 to replica 4,session_id=114
DEBUG 08-14 23:17:38 replica.py:226] add_request - replica_id=[4], request=213,self.replica_slo_budget-sum_pending_tokens==current_budget:True,1048576-3296==1045280
INFO 08-14 23:17:38 shared.py:299] Adding task for request 212 to replica 4,session_id=71
DEBUG 08-14 23:17:38 replica.py:226] add_request - replica_id=[4], request=212,self.replica_slo_budget-sum_pending_tokens==current_budget:True,1048576-3454==1045122
INFO 08-14 23:17:38 shared.py:299] Adding task for request 214 to replica 3,session_id=115
DEBUG 08-14 23:17:38 replica.py:226] add_request - replica_id=[3], request=214,self.replica_slo_budget-sum_pending_tokens==current_budget:True,1048576-811==1047765
INFO 08-14 23:17:38 shared.py:299] Adding task for request 215 to replica 3,session_id=116
DEBUG 08-14 23:17:38 replica.py:226] add_request - replica_id=[3], request=215,self.replica_slo_budget-sum_pending_tokens==current_budget:True,1048576-1159==1047417
INFO 08-14 23:17:38 shared.py:299] Adding task for request 216 to replica 3,session_id=117
DEBUG 08-14 23:17:38 replica.py:226] add_request - replica_id=[3], request=216,self.replica_slo_budget-sum_pending_tokens==current_budget:True,1048576-1511==1047065
INFO 08-14 23:17:38 shared.py:299] Adding task for request 217 to replica 3,session_id=118
DEBUG 08-14 23:17:38 replica.py:226] add_request - replica_id=[3], request=217,self.replica_slo_budget-sum_pending_tokens==current_budget:True,1048576-1855==1046721
INFO 08-14 23:17:38 shared.py:299] Adding task for request 218 to replica 3,session_id=119
DEBUG 08-14 23:17:38 replica.py:226] add_request - replica_id=[3], request=218,self.replica_slo_budget-sum_pending_tokens==current_budget:True,1048576-2204==1046372
INFO 08-14 23:17:38 open_ai.py:115] async_send_request:request._id=210,session=112,https://u722127-8cb5-f6dc13db.nmb1.seetacloud.com:8443
INFO 08-14 23:17:38 open_ai.py:115] async_send_request:request._id=211,session=113,https://u722127-8cb5-f6dc13db.nmb1.seetacloud.com:8443
INFO 08-14 23:17:38 open_ai.py:115] async_send_request:request._id=213,session=114,https://u722127-8cb5-f6dc13db.nmb1.seetacloud.com:8443
INFO 08-14 23:17:38 open_ai.py:115] async_send_request:request._id=212,session=71,https://u722127-8cb5-f6dc13db.nmb1.seetacloud.com:8443
INFO 08-14 23:17:38 open_ai.py:115] async_send_request:request._id=214,session=115,https://uu722127-b80a-4e3f9d5d.cqa1.seetacloud.com:8443
INFO 08-14 23:17:38 open_ai.py:115] async_send_request:request._id=215,session=116,https://uu722127-b80a-4e3f9d5d.cqa1.seetacloud.com:8443
INFO 08-14 23:17:38 open_ai.py:115] async_send_request:request._id=216,session=117,https://uu722127-b80a-4e3f9d5d.cqa1.seetacloud.com:8443
INFO 08-14 23:17:38 open_ai.py:115] async_send_request:request._id=217,session=118,https://uu722127-b80a-4e3f9d5d.cqa1.seetacloud.com:8443
INFO 08-14 23:17:38 open_ai.py:115] async_send_request:request._id=218,session=119,https://uu722127-b80a-4e3f9d5d.cqa1.seetacloud.com:8443
INFO 08-14 23:17:38 shared.py:299] Adding task for request 219 to replica 3,session_id=120
DEBUG 08-14 23:17:38 replica.py:226] add_request - replica_id=[3], request=219,self.replica_slo_budget-sum_pending_tokens==current_budget:True,1048576-2579==1045997
DEBUG 08-14 23:17:38 replica.py:171] complete_request_decode:num_saved_toekens=48
DEBUG 08-14 23:17:38 open_ai.py:452] good request:https://u722127-8cb5-f6dc13db.nmb1.seetacloud.com:8443:good,request._id=173,input=344,output=43
DEBUG 08-14 23:17:38 replica.py:171] complete_request_decode:num_saved_toekens=48
DEBUG 08-14 23:17:38 open_ai.py:452] good request:https://u722127-8cb5-f6dc13db.nmb1.seetacloud.com:8443:good,request._id=176,input=363,output=42
DEBUG 08-14 23:17:39 open_ai.py:335] async_send_request: request finish prefill, 197
INFO 08-14 23:17:39 open_ai.py:352] async_send_request: prefill completed: req=197,replica_id=3
DEBUG 08-14 23:17:39 replica.py:146] complete_request_prefill: replica_id=[3], request=197, current_budget=152,last_prefill_completed_at=30614667.14996941,last_ttft=3.8627
DEBUG 08-14 23:17:39 replica.py:153] complete_request_prefill - replica_id=[3], request=197,self.replica_slo_budget-sum_pending_tokens==current_budget:True,1048576-2427==1046149
DEBUG 08-14 23:17:39 replica.py:171] complete_request_decode:num_saved_toekens=288
INFO 08-14 23:17:39 open_ai.py:115] async_send_request:request._id=219,session=120,https://uu722127-b80a-4e3f9d5d.cqa1.seetacloud.com:8443
DEBUG 08-14 23:17:39 replica.py:171] complete_request_decode:num_saved_toekens=64
DEBUG 08-14 23:17:39 open_ai.py:452] good request:https://uu722127-b80a-4e3f9d5d.cqa1.seetacloud.com:8443:good,request._id=188,input=375,output=61
DEBUG 08-14 23:17:39 open_ai.py:452] good request:https://u722127-b80a-4e3f9d5d.cqa1.seetacloud.com:8443:good,request._id=30,input=166,output=311
DEBUG 08-14 23:17:39 open_ai.py:452] good request:https://u722127-8cb5-f6dc13db.nmb1.seetacloud.com:8443:good,request._id=170,input=349,output=36
DEBUG 08-14 23:17:39 metrics_store.py:131] update_metrics:request_id=164
DEBUG 08-14 23:17:39 metrics_store.py:131] update_metrics:request_id=165
DEBUG 08-14 23:17:39 metrics_store.py:131] update_metrics:request_id=160
DEBUG 08-14 23:17:39 shared.py:180] Removed task for request 164 on https://u722127-8cb5-f6dc13db.nmb1.seetacloud.com:8443
DEBUG 08-14 23:17:39 metrics_store.py:131] update_metrics:request_id=89
DEBUG 08-14 23:17:39 shared.py:180] Removed task for request 165 on https://u722127-8cb5-f6dc13db.nmb1.seetacloud.com:8443
DEBUG 08-14 23:17:39 metrics_store.py:131] update_metrics:request_id=146
DEBUG 08-14 23:17:39 shared.py:180] Removed task for request 160 on 127.0.0.1:8001
DEBUG 08-14 23:17:39 metrics_store.py:131] update_metrics:request_id=189
DEBUG 08-14 23:17:39 shared.py:180] Removed task for request 89 on 127.0.0.1:8001
DEBUG 08-14 23:17:39 replica.py:171] complete_request_decode:num_saved_toekens=336
DEBUG 08-14 23:17:39 open_ai.py:452] good request:https://u722127-b80a-4e3f9d5d.cqa1.seetacloud.com:8443:good,request._id=53,input=164,output=335
DEBUG 08-14 23:17:39 metrics_store.py:131] update_metrics:request_id=174
DEBUG 08-14 23:17:39 shared.py:180] Removed task for request 146 on https://u722127-8cb5-f6dc13db.nmb1.seetacloud.com:8443
DEBUG 08-14 23:17:39 shared.py:180] Removed task for request 189 on https://uu722127-b80a-4e3f9d5d.cqa1.seetacloud.com:8443
DEBUG 08-14 23:17:39 open_ai.py:335] async_send_request: request finish prefill, 208
INFO 08-14 23:17:39 open_ai.py:352] async_send_request: prefill completed: req=208,replica_id=1
DEBUG 08-14 23:17:39 replica.py:146] complete_request_prefill: replica_id=[1], request=208, current_budget=345,last_prefill_completed_at=30614667.28907573,last_ttft=3.9811
DEBUG 08-14 23:17:39 replica.py:153] complete_request_prefill - replica_id=[1], request=208,self.replica_slo_budget-sum_pending_tokens==current_budget:True,1048576-0==1048576
DEBUG 08-14 23:17:39 shared.py:180] Removed task for request 174 on https://u722127-8cb5-f6dc13db.nmb1.seetacloud.com:8443
DEBUG 08-14 23:17:39 open_ai.py:335] async_send_request: request finish prefill, 200
INFO 08-14 23:17:39 open_ai.py:352] async_send_request: prefill completed: req=200,replica_id=2
DEBUG 08-14 23:17:39 replica.py:146] complete_request_prefill: replica_id=[2], request=200, current_budget=148,last_prefill_completed_at=30614667.318921983,last_ttft=4.0272
DEBUG 08-14 23:17:39 replica.py:153] complete_request_prefill - replica_id=[2], request=200,self.replica_slo_budget-sum_pending_tokens==current_budget:True,1048576-281==1048295
DEBUG 08-14 23:17:39 open_ai.py:335] async_send_request: request finish prefill, 201
INFO 08-14 23:17:39 open_ai.py:352] async_send_request: prefill completed: req=201,replica_id=2
DEBUG 08-14 23:17:39 replica.py:146] complete_request_prefill: replica_id=[2], request=201, current_budget=145,last_prefill_completed_at=30614667.327934083,last_ttft=4.0348
DEBUG 08-14 23:17:39 replica.py:153] complete_request_prefill - replica_id=[2], request=201,self.replica_slo_budget-sum_pending_tokens==current_budget:True,1048576-136==1048440
DEBUG 08-14 23:17:39 open_ai.py:335] async_send_request: request finish prefill, 203
INFO 08-14 23:17:39 open_ai.py:352] async_send_request: prefill completed: req=203,replica_id=2
DEBUG 08-14 23:17:39 replica.py:146] complete_request_prefill: replica_id=[2], request=203, current_budget=136,last_prefill_completed_at=30614667.362065993,last_ttft=4.0638
DEBUG 08-14 23:17:39 replica.py:153] complete_request_prefill - replica_id=[2], request=203,self.replica_slo_budget-sum_pending_tokens==current_budget:True,1048576-0==1048576
DEBUG 08-14 23:17:39 replica.py:171] complete_request_decode:num_saved_toekens=48
DEBUG 08-14 23:17:39 replica.py:171] complete_request_decode:num_saved_toekens=80
DEBUG 08-14 23:17:39 open_ai.py:452] good request:https://u722127-8cb5-f6dc13db.nmb1.seetacloud.com:8443:good,request._id=162,input=377,output=73
DEBUG 08-14 23:17:39 open_ai.py:335] async_send_request: request finish prefill, 204
INFO 08-14 23:17:39 open_ai.py:352] async_send_request: prefill completed: req=204,replica_id=4
DEBUG 08-14 23:17:39 replica.py:146] complete_request_prefill: replica_id=[4], request=204, current_budget=356,last_prefill_completed_at=30614667.381970827,last_ttft=4.0833
DEBUG 08-14 23:17:39 replica.py:153] complete_request_prefill - replica_id=[4], request=204,self.replica_slo_budget-sum_pending_tokens==current_budget:True,1048576-3098==1045478
DEBUG 08-14 23:17:39 open_ai.py:335] async_send_request: request finish prefill, 207
INFO 08-14 23:17:39 open_ai.py:352] async_send_request: prefill completed: req=207,replica_id=4
DEBUG 08-14 23:17:39 replica.py:146] complete_request_prefill: replica_id=[4], request=207, current_budget=371,last_prefill_completed_at=30614667.391107105,last_ttft=4.086
DEBUG 08-14 23:17:39 replica.py:153] complete_request_prefill - replica_id=[4], request=207,self.replica_slo_budget-sum_pending_tokens==current_budget:True,1048576-2727==1045849
DEBUG 08-14 23:17:39 open_ai.py:335] async_send_request: request finish prefill, 206
INFO 08-14 23:17:39 open_ai.py:352] async_send_request: prefill completed: req=206,replica_id=4
DEBUG 08-14 23:17:39 replica.py:146] complete_request_prefill: replica_id=[4], request=206, current_budget=351,last_prefill_completed_at=30614667.400542825,last_ttft=4.0972
DEBUG 08-14 23:17:39 replica.py:153] complete_request_prefill - replica_id=[4], request=206,self.replica_slo_budget-sum_pending_tokens==current_budget:True,1048576-2376==1046200
DEBUG 08-14 23:17:39 open_ai.py:335] async_send_request: request finish prefill, 205
INFO 08-14 23:17:39 open_ai.py:352] async_send_request: prefill completed: req=205,replica_id=4
DEBUG 08-14 23:17:39 replica.py:146] complete_request_prefill: replica_id=[4], request=205, current_budget=341,last_prefill_completed_at=30614667.4102224,last_ttft=4.1071
DEBUG 08-14 23:17:39 replica.py:153] complete_request_prefill - replica_id=[4], request=205,self.replica_slo_budget-sum_pending_tokens==current_budget:True,1048576-2035==1046541
DEBUG 08-14 23:17:39 open_ai.py:335] async_send_request: request finish prefill, 209
INFO 08-14 23:17:39 open_ai.py:352] async_send_request: prefill completed: req=209,replica_id=4
DEBUG 08-14 23:17:39 replica.py:146] complete_request_prefill: replica_id=[4], request=209, current_budget=356,last_prefill_completed_at=30614667.419757824,last_ttft=4.1087
DEBUG 08-14 23:17:39 replica.py:153] complete_request_prefill - replica_id=[4], request=209,self.replica_slo_budget-sum_pending_tokens==current_budget:True,1048576-1679==1046897
DEBUG 08-14 23:17:39 open_ai.py:335] async_send_request: request finish prefill, 202
INFO 08-14 23:17:39 open_ai.py:352] async_send_request: prefill completed: req=202,replica_id=4
DEBUG 08-14 23:17:39 replica.py:146] complete_request_prefill: replica_id=[4], request=202, current_budget=366,last_prefill_completed_at=30614667.428738102,last_ttft=4.1339
DEBUG 08-14 23:17:39 replica.py:153] complete_request_prefill - replica_id=[4], request=202,self.replica_slo_budget-sum_pending_tokens==current_budget:True,1048576-1313==1047263
INFO 08-14 23:17:39 shared.py:299] Adding task for request 220 to replica 1,session_id=121
DEBUG 08-14 23:17:39 replica.py:226] add_request - replica_id=[1], request=220,self.replica_slo_budget-sum_pending_tokens==current_budget:True,1048576-349==1048227
INFO 08-14 23:17:39 shared.py:299] Adding task for request 221 to replica 1,session_id=57
DEBUG 08-14 23:17:39 replica.py:226] add_request - replica_id=[1], request=221,self.replica_slo_budget-sum_pending_tokens==current_budget:True,1048576-521==1048055
INFO 08-14 23:17:39 shared.py:299] Adding task for request 223 to replica 1,session_id=57
DEBUG 08-14 23:17:39 replica.py:226] add_request - replica_id=[1], request=223,self.replica_slo_budget-sum_pending_tokens==current_budget:True,1048576-687==1047889
INFO 08-14 23:17:39 shared.py:299] Adding task for request 222 to replica 3,session_id=57
DEBUG 08-14 23:17:39 replica.py:226] add_request - replica_id=[3], request=222,self.replica_slo_budget-sum_pending_tokens==current_budget:True,1048576-2599==1045977
INFO 08-14 23:17:39 shared.py:299] Adding task for request 224 to replica 4,session_id=122
DEBUG 08-14 23:17:39 replica.py:226] add_request - replica_id=[4], request=224,self.replica_slo_budget-sum_pending_tokens==current_budget:True,1048576-1665==1046911
INFO 08-14 23:17:39 shared.py:299] Adding task for request 225 to replica 4,session_id=123
DEBUG 08-14 23:17:39 replica.py:226] add_request - replica_id=[4], request=225,self.replica_slo_budget-sum_pending_tokens==current_budget:True,1048576-2032==1046544
INFO 08-14 23:17:39 shared.py:299] Adding task for request 226 to replica 0,session_id=73
DEBUG 08-14 23:17:39 replica.py:226] add_request - replica_id=[0], request=226,self.replica_slo_budget-sum_pending_tokens==current_budget:True,1048576-152==1048424
INFO 08-14 23:17:39 shared.py:299] Adding task for request 227 to replica 4,session_id=75
DEBUG 08-14 23:17:39 replica.py:226] add_request - replica_id=[4], request=227,self.replica_slo_budget-sum_pending_tokens==current_budget:True,1048576-2190==1046386
INFO 08-14 23:17:39 shared.py:299] Adding task for request 228 to replica 3,session_id=124
DEBUG 08-14 23:17:39 replica.py:226] add_request - replica_id=[3], request=228,self.replica_slo_budget-sum_pending_tokens==current_budget:True,1048576-2987==1045589
DEBUG 08-14 23:17:39 replica.py:171] complete_request_decode:num_saved_toekens=48
DEBUG 08-14 23:17:39 open_ai.py:452] good request:https://u722127-8cb5-f6dc13db.nmb1.seetacloud.com:8443:good,request._id=182,input=349,output=43
INFO 08-14 23:17:39 open_ai.py:115] async_send_request:request._id=220,session=121,127.0.0.1:8001
INFO 08-14 23:17:39 open_ai.py:115] async_send_request:request._id=221,session=57,127.0.0.1:8001
INFO 08-14 23:17:39 open_ai.py:115] async_send_request:request._id=223,session=57,127.0.0.1:8001
INFO 08-14 23:17:39 open_ai.py:115] async_send_request:request._id=222,session=57,https://uu722127-b80a-4e3f9d5d.cqa1.seetacloud.com:8443
INFO 08-14 23:17:39 open_ai.py:115] async_send_request:request._id=224,session=122,https://u722127-8cb5-f6dc13db.nmb1.seetacloud.com:8443
INFO 08-14 23:17:39 open_ai.py:115] async_send_request:request._id=225,session=123,https://u722127-8cb5-f6dc13db.nmb1.seetacloud.com:8443
INFO 08-14 23:17:39 open_ai.py:115] async_send_request:request._id=226,session=73,127.0.0.1:8000
INFO 08-14 23:17:39 open_ai.py:115] async_send_request:request._id=227,session=75,https://u722127-8cb5-f6dc13db.nmb1.seetacloud.com:8443
INFO 08-14 23:17:39 open_ai.py:115] async_send_request:request._id=228,session=124,https://uu722127-b80a-4e3f9d5d.cqa1.seetacloud.com:8443
INFO 08-14 23:17:39 shared.py:299] Adding task for request 229 to replica 3,session_id=125
DEBUG 08-14 23:17:39 replica.py:226] add_request - replica_id=[3], request=229,self.replica_slo_budget-sum_pending_tokens==current_budget:True,1048576-3370==1045206
DEBUG 08-14 23:17:39 replica.py:171] complete_request_decode:num_saved_toekens=208
DEBUG 08-14 23:17:39 open_ai.py:452] good request:127.0.0.1:8001:good,request._id=112,input=162,output=210
INFO 08-14 23:17:39 open_ai.py:115] async_send_request:request._id=229,session=125,https://uu722127-b80a-4e3f9d5d.cqa1.seetacloud.com:8443
DEBUG 08-14 23:17:39 metrics_store.py:131] update_metrics:request_id=173
DEBUG 08-14 23:17:39 metrics_store.py:131] update_metrics:request_id=176
DEBUG 08-14 23:17:39 shared.py:180] Removed task for request 173 on https://u722127-8cb5-f6dc13db.nmb1.seetacloud.com:8443
DEBUG 08-14 23:17:39 shared.py:180] Removed task for request 176 on https://u722127-8cb5-f6dc13db.nmb1.seetacloud.com:8443
DEBUG 08-14 23:17:39 open_ai.py:452] good request:https://u722127-b80a-4e3f9d5d.cqa1.seetacloud.com:8443:good,request._id=50,input=149,output=286
DEBUG 08-14 23:17:39 metrics_store.py:131] update_metrics:request_id=188
DEBUG 08-14 23:17:39 metrics_store.py:131] update_metrics:request_id=30
DEBUG 08-14 23:17:39 metrics_store.py:131] update_metrics:request_id=170
DEBUG 08-14 23:17:39 shared.py:180] Removed task for request 188 on https://uu722127-b80a-4e3f9d5d.cqa1.seetacloud.com:8443
DEBUG 08-14 23:17:39 metrics_store.py:131] update_metrics:request_id=53
DEBUG 08-14 23:17:39 shared.py:180] Removed task for request 30 on https://u722127-b80a-4e3f9d5d.cqa1.seetacloud.com:8443
DEBUG 08-14 23:17:39 shared.py:180] Removed task for request 170 on https://u722127-8cb5-f6dc13db.nmb1.seetacloud.com:8443
DEBUG 08-14 23:17:39 shared.py:180] Removed task for request 53 on https://u722127-b80a-4e3f9d5d.cqa1.seetacloud.com:8443
DEBUG 08-14 23:17:39 open_ai.py:335] async_send_request: request finish prefill, 210
INFO 08-14 23:17:39 open_ai.py:352] async_send_request: prefill completed: req=210,replica_id=4
DEBUG 08-14 23:17:39 replica.py:146] complete_request_prefill: replica_id=[4], request=210, current_budget=354,last_prefill_completed_at=30614667.772555064,last_ttft=4.4608
DEBUG 08-14 23:17:39 replica.py:153] complete_request_prefill - replica_id=[4], request=210,self.replica_slo_budget-sum_pending_tokens==current_budget:True,1048576-1836==1046740
DEBUG 08-14 23:17:39 open_ai.py:335] async_send_request: request finish prefill, 214
INFO 08-14 23:17:39 open_ai.py:352] async_send_request: prefill completed: req=214,replica_id=3
DEBUG 08-14 23:17:39 replica.py:146] complete_request_prefill: replica_id=[3], request=214, current_budget=659,last_prefill_completed_at=30614667.78235658,last_ttft=4.4647
DEBUG 08-14 23:17:39 replica.py:153] complete_request_prefill - replica_id=[3], request=214,self.replica_slo_budget-sum_pending_tokens==current_budget:True,1048576-2711==1045865
DEBUG 08-14 23:17:39 replica.py:171] complete_request_decode:num_saved_toekens=272
DEBUG 08-14 23:17:39 open_ai.py:452] good request:127.0.0.1:8001:good,request._id=55,input=164,output=280
DEBUG 08-14 23:17:39 open_ai.py:335] async_send_request: request finish prefill, 215
INFO 08-14 23:17:39 open_ai.py:352] async_send_request: prefill completed: req=215,replica_id=3
DEBUG 08-14 23:17:39 replica.py:146] complete_request_prefill: replica_id=[3], request=215, current_budget=348,last_prefill_completed_at=30614667.799294893,last_ttft=4.481
DEBUG 08-14 23:17:39 replica.py:153] complete_request_prefill - replica_id=[3], request=215,self.replica_slo_budget-sum_pending_tokens==current_budget:True,1048576-2363==1046213
DEBUG 08-14 23:17:39 replica.py:171] complete_request_decode:num_saved_toekens=32
DEBUG 08-14 23:17:39 open_ai.py:452] good request:https://u722127-8cb5-f6dc13db.nmb1.seetacloud.com:8443:good,request._id=199,input=346,output=33
DEBUG 08-14 23:17:39 open_ai.py:335] async_send_request: request finish prefill, 212
INFO 08-14 23:17:39 open_ai.py:352] async_send_request: prefill completed: req=212,replica_id=4
DEBUG 08-14 23:17:39 replica.py:146] complete_request_prefill: replica_id=[4], request=212, current_budget=158,last_prefill_completed_at=30614667.81579734,last_ttft=4.5024
DEBUG 08-14 23:17:39 replica.py:153] complete_request_prefill - replica_id=[4], request=212,self.replica_slo_budget-sum_pending_tokens==current_budget:True,1048576-1678==1046898
DEBUG 08-14 23:17:39 open_ai.py:335] async_send_request: request finish prefill, 213
INFO 08-14 23:17:39 open_ai.py:352] async_send_request: prefill completed: req=213,replica_id=4
DEBUG 08-14 23:17:39 replica.py:146] complete_request_prefill: replica_id=[4], request=213, current_budget=361,last_prefill_completed_at=30614667.82489242,last_ttft=4.5096
DEBUG 08-14 23:17:39 replica.py:153] complete_request_prefill - replica_id=[4], request=213,self.replica_slo_budget-sum_pending_tokens==current_budget:True,1048576-1317==1047259
DEBUG 08-14 23:17:39 open_ai.py:335] async_send_request: request finish prefill, 211
INFO 08-14 23:17:39 open_ai.py:352] async_send_request: prefill completed: req=211,replica_id=4
DEBUG 08-14 23:17:39 replica.py:146] complete_request_prefill: replica_id=[4], request=211, current_budget=440,last_prefill_completed_at=30614667.834502492,last_ttft=4.5221
DEBUG 08-14 23:17:39 replica.py:153] complete_request_prefill - replica_id=[4], request=211,self.replica_slo_budget-sum_pending_tokens==current_budget:True,1048576-877==1047699
DEBUG 08-14 23:17:39 replica.py:171] complete_request_decode:num_saved_toekens=32
DEBUG 08-14 23:17:39 open_ai.py:452] good request:127.0.0.1:8001:good,request._id=208,input=345,output=36
DEBUG 08-14 23:17:39 open_ai.py:452] good request:https://u722127-8cb5-f6dc13db.nmb1.seetacloud.com:8443:good,request._id=180,input=351,output=36
DEBUG 08-14 23:17:39 replica.py:171] complete_request_decode:num_saved_toekens=80
DEBUG 08-14 23:17:39 open_ai.py:452] good request:https://u722127-8cb5-f6dc13db.nmb1.seetacloud.com:8443:good,request._id=175,input=429,output=74
DEBUG 08-14 23:17:39 metrics_store.py:131] update_metrics:request_id=162
DEBUG 08-14 23:17:39 shared.py:180] Removed task for request 162 on https://u722127-8cb5-f6dc13db.nmb1.seetacloud.com:8443
INFO 08-14 23:17:39 shared.py:299] Adding task for request 230 to replica 2,session_id=126
DEBUG 08-14 23:17:39 replica.py:226] add_request - replica_id=[2], request=230,self.replica_slo_budget-sum_pending_tokens==current_budget:True,1048576-346==1048230
INFO 08-14 23:17:39 shared.py:299] Adding task for request 231 to replica 2,session_id=127
DEBUG 08-14 23:17:39 replica.py:226] add_request - replica_id=[2], request=231,self.replica_slo_budget-sum_pending_tokens==current_budget:True,1048576-687==1047889
INFO 08-14 23:17:39 shared.py:299] Adding task for request 233 to replica 2,session_id=128
DEBUG 08-14 23:17:39 replica.py:226] add_request - replica_id=[2], request=233,self.replica_slo_budget-sum_pending_tokens==current_budget:True,1048576-1030==1047546
INFO 08-14 23:17:39 shared.py:299] Adding task for request 234 to replica 2,session_id=129
DEBUG 08-14 23:17:39 replica.py:226] add_request - replica_id=[2], request=234,self.replica_slo_budget-sum_pending_tokens==current_budget:True,1048576-1571==1047005
INFO 08-14 23:17:39 shared.py:299] Adding task for request 235 to replica 2,session_id=130
DEBUG 08-14 23:17:39 replica.py:226] add_request - replica_id=[2], request=235,self.replica_slo_budget-sum_pending_tokens==current_budget:True,1048576-1949==1046627
INFO 08-14 23:17:39 shared.py:299] Adding task for request 238 to replica 2,session_id=131
DEBUG 08-14 23:17:39 replica.py:226] add_request - replica_id=[2], request=238,self.replica_slo_budget-sum_pending_tokens==current_budget:True,1048576-2334==1046242
DEBUG 08-14 23:17:39 metrics_store.py:131] update_metrics:request_id=182
INFO 08-14 23:17:39 open_ai.py:115] async_send_request:request._id=230,session=126,https://u722127-b80a-4e3f9d5d.cqa1.seetacloud.com:8443
INFO 08-14 23:17:39 open_ai.py:115] async_send_request:request._id=231,session=127,https://u722127-b80a-4e3f9d5d.cqa1.seetacloud.com:8443
INFO 08-14 23:17:39 open_ai.py:115] async_send_request:request._id=233,session=128,https://u722127-b80a-4e3f9d5d.cqa1.seetacloud.com:8443
INFO 08-14 23:17:39 open_ai.py:115] async_send_request:request._id=234,session=129,https://u722127-b80a-4e3f9d5d.cqa1.seetacloud.com:8443
INFO 08-14 23:17:39 open_ai.py:115] async_send_request:request._id=235,session=130,https://u722127-b80a-4e3f9d5d.cqa1.seetacloud.com:8443
INFO 08-14 23:17:39 open_ai.py:115] async_send_request:request._id=238,session=131,https://u722127-b80a-4e3f9d5d.cqa1.seetacloud.com:8443
INFO 08-14 23:17:39 shared.py:299] Adding task for request 239 to replica 2,session_id=132
DEBUG 08-14 23:17:39 replica.py:226] add_request - replica_id=[2], request=239,self.replica_slo_budget-sum_pending_tokens==current_budget:True,1048576-2750==1045826
DEBUG 08-14 23:17:39 replica.py:171] complete_request_decode:num_saved_toekens=80
DEBUG 08-14 23:17:39 open_ai.py:452] good request:https://u722127-8cb5-f6dc13db.nmb1.seetacloud.com:8443:good,request._id=179,input=375,output=77
DEBUG 08-14 23:17:39 replica.py:171] complete_request_decode:num_saved_toekens=48
DEBUG 08-14 23:17:39 open_ai.py:452] good request:https://u722127-8cb5-f6dc13db.nmb1.seetacloud.com:8443:good,request._id=198,input=344,output=42
DEBUG 08-14 23:17:39 open_ai.py:335] async_send_request: request finish prefill, 216
INFO 08-14 23:17:39 open_ai.py:352] async_send_request: prefill completed: req=216,replica_id=3
DEBUG 08-14 23:17:39 replica.py:146] complete_request_prefill: replica_id=[3], request=216, current_budget=352,last_prefill_completed_at=30614668.07561312,last_ttft=4.7546
DEBUG 08-14 23:17:39 replica.py:153] complete_request_prefill - replica_id=[3], request=216,self.replica_slo_budget-sum_pending_tokens==current_budget:True,1048576-2011==1046565
DEBUG 08-14 23:17:39 open_ai.py:335] async_send_request: request finish prefill, 218
INFO 08-14 23:17:39 open_ai.py:352] async_send_request: prefill completed: req=218,replica_id=3
DEBUG 08-14 23:17:39 replica.py:146] complete_request_prefill: replica_id=[3], request=218, current_budget=349,last_prefill_completed_at=30614668.08884039,last_ttft=4.7595
DEBUG 08-14 23:17:39 replica.py:153] complete_request_prefill - replica_id=[3], request=218,self.replica_slo_budget-sum_pending_tokens==current_budget:True,1048576-1662==1046914
DEBUG 08-14 23:17:39 open_ai.py:335] async_send_request: request finish prefill, 217
INFO 08-14 23:17:39 open_ai.py:352] async_send_request: prefill completed: req=217,replica_id=3
DEBUG 08-14 23:17:39 replica.py:146] complete_request_prefill: replica_id=[3], request=217, current_budget=344,last_prefill_completed_at=30614668.099155415,last_ttft=4.7766
DEBUG 08-14 23:17:39 replica.py:153] complete_request_prefill - replica_id=[3], request=217,self.replica_slo_budget-sum_pending_tokens==current_budget:True,1048576-1318==1047258
DEBUG 08-14 23:17:39 open_ai.py:335] async_send_request: request finish prefill, 219
INFO 08-14 23:17:39 open_ai.py:352] async_send_request: prefill completed: req=219,replica_id=3
DEBUG 08-14 23:17:39 replica.py:146] complete_request_prefill: replica_id=[3], request=219, current_budget=375,last_prefill_completed_at=30614668.109418254,last_ttft=4.7801
DEBUG 08-14 23:17:39 replica.py:153] complete_request_prefill - replica_id=[3], request=219,self.replica_slo_budget-sum_pending_tokens==current_budget:True,1048576-943==1047633
DEBUG 08-14 23:17:39 shared.py:180] Removed task for request 182 on https://u722127-8cb5-f6dc13db.nmb1.seetacloud.com:8443
INFO 08-14 23:17:39 open_ai.py:115] async_send_request:request._id=239,session=132,https://u722127-b80a-4e3f9d5d.cqa1.seetacloud.com:8443
DEBUG 08-14 23:17:40 replica.py:171] complete_request_decode:num_saved_toekens=80
DEBUG 08-14 23:17:40 open_ai.py:452] good request:https://u722127-8cb5-f6dc13db.nmb1.seetacloud.com:8443:good,request._id=177,input=368,output=85
DEBUG 08-14 23:17:40 metrics_store.py:131] update_metrics:request_id=112
DEBUG 08-14 23:17:40 metrics_store.py:131] update_metrics:request_id=50
DEBUG 08-14 23:17:40 shared.py:180] Removed task for request 112 on 127.0.0.1:8001
DEBUG 08-14 23:17:40 metrics_store.py:131] update_metrics:request_id=55
DEBUG 08-14 23:17:40 metrics_store.py:131] update_metrics:request_id=199
DEBUG 08-14 23:17:40 shared.py:180] Removed task for request 50 on https://u722127-b80a-4e3f9d5d.cqa1.seetacloud.com:8443
DEBUG 08-14 23:17:40 metrics_store.py:131] update_metrics:request_id=208
DEBUG 08-14 23:17:40 shared.py:180] Removed task for request 55 on 127.0.0.1:8001
DEBUG 08-14 23:17:40 replica.py:171] complete_request_decode:num_saved_toekens=32
DEBUG 08-14 23:17:40 open_ai.py:452] good request:https://uu722127-b80a-4e3f9d5d.cqa1.seetacloud.com:8443:good,request._id=215,input=348,output=29
DEBUG 08-14 23:17:40 metrics_store.py:131] update_metrics:request_id=180
DEBUG 08-14 23:17:40 shared.py:180] Removed task for request 199 on https://u722127-8cb5-f6dc13db.nmb1.seetacloud.com:8443
DEBUG 08-14 23:17:40 metrics_store.py:131] update_metrics:request_id=175
DEBUG 08-14 23:17:40 shared.py:180] Removed task for request 208 on 127.0.0.1:8001
DEBUG 08-14 23:17:40 open_ai.py:335] async_send_request: request finish prefill, 220
INFO 08-14 23:17:40 open_ai.py:352] async_send_request: prefill completed: req=220,replica_id=1
DEBUG 08-14 23:17:40 replica.py:146] complete_request_prefill: replica_id=[1], request=220, current_budget=349,last_prefill_completed_at=30614668.249748267,last_ttft=4.9154
DEBUG 08-14 23:17:40 replica.py:153] complete_request_prefill - replica_id=[1], request=220,self.replica_slo_budget-sum_pending_tokens==current_budget:True,1048576-338==1048238
DEBUG 08-14 23:17:40 open_ai.py:335] async_send_request: request finish prefill, 223
INFO 08-14 23:17:40 open_ai.py:352] async_send_request: prefill completed: req=223,replica_id=1
DEBUG 08-14 23:17:40 replica.py:146] complete_request_prefill: replica_id=[1], request=223, current_budget=166,last_prefill_completed_at=30614668.262934007,last_ttft=4.9277
DEBUG 08-14 23:17:40 replica.py:153] complete_request_prefill - replica_id=[1], request=223,self.replica_slo_budget-sum_pending_tokens==current_budget:True,1048576-172==1048404
DEBUG 08-14 23:17:40 open_ai.py:335] async_send_request: request finish prefill, 221
INFO 08-14 23:17:40 open_ai.py:352] async_send_request: prefill completed: req=221,replica_id=1
DEBUG 08-14 23:17:40 replica.py:146] complete_request_prefill: replica_id=[1], request=221, current_budget=172,last_prefill_completed_at=30614668.273227517,last_ttft=4.9389
DEBUG 08-14 23:17:40 replica.py:153] complete_request_prefill - replica_id=[1], request=221,self.replica_slo_budget-sum_pending_tokens==current_budget:True,1048576-0==1048576
DEBUG 08-14 23:17:40 open_ai.py:335] async_send_request: request finish prefill, 226
INFO 08-14 23:17:40 open_ai.py:352] async_send_request: prefill completed: req=226,replica_id=0
DEBUG 08-14 23:17:40 replica.py:146] complete_request_prefill: replica_id=[0], request=226, current_budget=152,last_prefill_completed_at=30614668.28339341,last_ttft=4.9319
DEBUG 08-14 23:17:40 replica.py:153] complete_request_prefill - replica_id=[0], request=226,self.replica_slo_budget-sum_pending_tokens==current_budget:True,1048576-0==1048576
DEBUG 08-14 23:17:40 shared.py:180] Removed task for request 180 on https://u722127-8cb5-f6dc13db.nmb1.seetacloud.com:8443
DEBUG 08-14 23:17:40 replica.py:171] complete_request_decode:num_saved_toekens=64
DEBUG 08-14 23:17:40 open_ai.py:452] good request:https://u722127-8cb5-f6dc13db.nmb1.seetacloud.com:8443:good,request._id=181,input=370,output=72
DEBUG 08-14 23:17:40 shared.py:180] Removed task for request 175 on https://u722127-8cb5-f6dc13db.nmb1.seetacloud.com:8443
DEBUG 08-14 23:17:40 open_ai.py:335] async_send_request: request finish prefill, 227
INFO 08-14 23:17:40 open_ai.py:352] async_send_request: prefill completed: req=227,replica_id=4
DEBUG 08-14 23:17:40 replica.py:146] complete_request_prefill: replica_id=[4], request=227, current_budget=158,last_prefill_completed_at=30614668.35312785,last_ttft=5.0001
DEBUG 08-14 23:17:40 replica.py:153] complete_request_prefill - replica_id=[4], request=227,self.replica_slo_budget-sum_pending_tokens==current_budget:True,1048576-719==1047857
DEBUG 08-14 23:17:40 replica.py:171] complete_request_decode:num_saved_toekens=384
DEBUG 08-14 23:17:40 open_ai.py:452] good request:https://uu722127-b80a-4e3f9d5d.cqa1.seetacloud.com:8443:good,request._id=59,input=144,output=399
DEBUG 08-14 23:17:40 open_ai.py:335] async_send_request: request finish prefill, 225
INFO 08-14 23:17:40 open_ai.py:352] async_send_request: prefill completed: req=225,replica_id=4
DEBUG 08-14 23:17:40 replica.py:146] complete_request_prefill: replica_id=[4], request=225, current_budget=367,last_prefill_completed_at=30614668.368572347,last_ttft=5.0182
DEBUG 08-14 23:17:40 replica.py:153] complete_request_prefill - replica_id=[4], request=225,self.replica_slo_budget-sum_pending_tokens==current_budget:True,1048576-352==1048224
DEBUG 08-14 23:17:40 open_ai.py:335] async_send_request: request finish prefill, 224
INFO 08-14 23:17:40 open_ai.py:352] async_send_request: prefill completed: req=224,replica_id=4
DEBUG 08-14 23:17:40 replica.py:146] complete_request_prefill: replica_id=[4], request=224, current_budget=352,last_prefill_completed_at=30614668.378872257,last_ttft=5.0313
DEBUG 08-14 23:17:40 replica.py:153] complete_request_prefill - replica_id=[4], request=224,self.replica_slo_budget-sum_pending_tokens==current_budget:True,1048576-0==1048576
DEBUG 08-14 23:17:40 replica.py:171] complete_request_decode:num_saved_toekens=32
DEBUG 08-14 23:17:40 open_ai.py:452] good request:https://u722127-8cb5-f6dc13db.nmb1.seetacloud.com:8443:good,request._id=204,input=356,output=39
DEBUG 08-14 23:17:40 replica.py:171] complete_request_decode:num_saved_toekens=16
DEBUG 08-14 23:17:40 open_ai.py:452] good request:https://uu722127-b80a-4e3f9d5d.cqa1.seetacloud.com:8443:good,request._id=216,input=352,output=29
INFO 08-14 23:17:40 shared.py:299] Adding task for request 240 to replica 1,session_id=133
DEBUG 08-14 23:17:40 replica.py:226] add_request - replica_id=[1], request=240,self.replica_slo_budget-sum_pending_tokens==current_budget:True,1048576-348==1048228
INFO 08-14 23:17:40 shared.py:299] Adding task for request 241 to replica 1,session_id=134
DEBUG 08-14 23:17:40 replica.py:226] add_request - replica_id=[1], request=241,self.replica_slo_budget-sum_pending_tokens==current_budget:True,1048576-906==1047670
INFO 08-14 23:17:40 shared.py:299] Adding task for request 242 to replica 1,session_id=62
DEBUG 08-14 23:17:40 replica.py:226] add_request - replica_id=[1], request=242,self.replica_slo_budget-sum_pending_tokens==current_budget:True,1048576-1094==1047482
INFO 08-14 23:17:40 shared.py:299] Adding task for request 243 to replica 2,session_id=77
DEBUG 08-14 23:17:40 replica.py:226] add_request - replica_id=[2], request=243,self.replica_slo_budget-sum_pending_tokens==current_budget:True,1048576-2922==1045654
INFO 08-14 23:17:40 shared.py:299] Adding task for request 244 to replica 2,session_id=135
DEBUG 08-14 23:17:40 replica.py:226] add_request - replica_id=[2], request=244,self.replica_slo_budget-sum_pending_tokens==current_budget:True,1048576-3268==1045308
INFO 08-14 23:17:40 shared.py:299] Adding task for request 246 to replica 1,session_id=136
DEBUG 08-14 23:17:40 replica.py:226] add_request - replica_id=[1], request=246,self.replica_slo_budget-sum_pending_tokens==current_budget:True,1048576-1501==1047075
INFO 08-14 23:17:40 shared.py:299] Adding task for request 247 to replica 2,session_id=69
DEBUG 08-14 23:17:40 replica.py:226] add_request - replica_id=[2], request=247,self.replica_slo_budget-sum_pending_tokens==current_budget:True,1048576-3456==1045120
INFO 08-14 23:17:40 shared.py:299] Adding task for request 248 to replica 3,session_id=69
DEBUG 08-14 23:17:40 replica.py:226] add_request - replica_id=[3], request=248,self.replica_slo_budget-sum_pending_tokens==current_budget:True,1048576-1119==1047457
INFO 08-14 23:17:40 shared.py:299] Adding task for request 249 to replica 1,session_id=137
DEBUG 08-14 23:17:40 replica.py:226] add_request - replica_id=[1], request=249,self.replica_slo_budget-sum_pending_tokens==current_budget:True,1048576-1849==1046727
INFO 08-14 23:17:40 open_ai.py:115] async_send_request:request._id=240,session=133,127.0.0.1:8001
INFO 08-14 23:17:40 open_ai.py:115] async_send_request:request._id=241,session=134,127.0.0.1:8001
INFO 08-14 23:17:40 open_ai.py:115] async_send_request:request._id=242,session=62,127.0.0.1:8001
INFO 08-14 23:17:40 open_ai.py:115] async_send_request:request._id=243,session=77,https://u722127-b80a-4e3f9d5d.cqa1.seetacloud.com:8443
INFO 08-14 23:17:40 open_ai.py:115] async_send_request:request._id=244,session=135,https://u722127-b80a-4e3f9d5d.cqa1.seetacloud.com:8443
INFO 08-14 23:17:40 open_ai.py:115] async_send_request:request._id=246,session=136,127.0.0.1:8001
INFO 08-14 23:17:40 open_ai.py:115] async_send_request:request._id=247,session=69,https://u722127-b80a-4e3f9d5d.cqa1.seetacloud.com:8443
INFO 08-14 23:17:40 open_ai.py:115] async_send_request:request._id=248,session=69,https://uu722127-b80a-4e3f9d5d.cqa1.seetacloud.com:8443
INFO 08-14 23:17:40 open_ai.py:115] async_send_request:request._id=249,session=137,127.0.0.1:8001
DEBUG 08-14 23:17:40 replica.py:171] complete_request_decode:num_saved_toekens=320
DEBUG 08-14 23:17:40 open_ai.py:452] good request:127.0.0.1:8001:good,request._id=48,input=147,output=325
DEBUG 08-14 23:17:40 replica.py:171] complete_request_decode:num_saved_toekens=32
DEBUG 08-14 23:17:40 open_ai.py:452] good request:https://uu722127-b80a-4e3f9d5d.cqa1.seetacloud.com:8443:good,request._id=217,input=344,output=38
DEBUG 08-14 23:17:40 replica.py:171] complete_request_decode:num_saved_toekens=48
DEBUG 08-14 23:17:40 open_ai.py:452] good request:https://uu722127-b80a-4e3f9d5d.cqa1.seetacloud.com:8443:good,request._id=214,input=659,output=55
DEBUG 08-14 23:17:40 replica.py:171] complete_request_decode:num_saved_toekens=48
DEBUG 08-14 23:17:40 open_ai.py:452] good request:https://uu722127-b80a-4e3f9d5d.cqa1.seetacloud.com:8443:good,request._id=218,input=349,output=38
DEBUG 08-14 23:17:40 replica.py:171] complete_request_decode:num_saved_toekens=288
DEBUG 08-14 23:17:40 open_ai.py:452] good request:127.0.0.1:8000:good,request._id=74,input=174,output=287
DEBUG 08-14 23:17:40 replica.py:171] complete_request_decode:num_saved_toekens=368
DEBUG 08-14 23:17:40 open_ai.py:452] good request:https://uu722127-b80a-4e3f9d5d.cqa1.seetacloud.com:8443:good,request._id=69,input=144,output=376
DEBUG 08-14 23:17:40 replica.py:171] complete_request_decode:num_saved_toekens=48
DEBUG 08-14 23:17:40 open_ai.py:452] good request:https://u722127-8cb5-f6dc13db.nmb1.seetacloud.com:8443:good,request._id=206,input=351,output=47
DEBUG 08-14 23:17:40 open_ai.py:335] async_send_request: request finish prefill, 228
INFO 08-14 23:17:40 open_ai.py:352] async_send_request: prefill completed: req=228,replica_id=3
DEBUG 08-14 23:17:40 replica.py:146] complete_request_prefill: replica_id=[3], request=228, current_budget=388,last_prefill_completed_at=30614668.62339052,last_ttft=5.2696
DEBUG 08-14 23:17:40 replica.py:153] complete_request_prefill - replica_id=[3], request=228,self.replica_slo_budget-sum_pending_tokens==current_budget:True,1048576-731==1047845
DEBUG 08-14 23:17:40 open_ai.py:335] async_send_request: request finish prefill, 229
INFO 08-14 23:17:40 open_ai.py:352] async_send_request: prefill completed: req=229,replica_id=3
DEBUG 08-14 23:17:40 replica.py:146] complete_request_prefill: replica_id=[3], request=229, current_budget=383,last_prefill_completed_at=30614668.63443311,last_ttft=5.2801
DEBUG 08-14 23:17:40 replica.py:153] complete_request_prefill - replica_id=[3], request=229,self.replica_slo_budget-sum_pending_tokens==current_budget:True,1048576-348==1048228
DEBUG 08-14 23:17:40 open_ai.py:335] async_send_request: request finish prefill, 222
INFO 08-14 23:17:40 open_ai.py:352] async_send_request: prefill completed: req=222,replica_id=3
DEBUG 08-14 23:17:40 replica.py:146] complete_request_prefill: replica_id=[3], request=222, current_budget=172,last_prefill_completed_at=30614668.64599519,last_ttft=5.3111
DEBUG 08-14 23:17:40 replica.py:153] complete_request_prefill - replica_id=[3], request=222,self.replica_slo_budget-sum_pending_tokens==current_budget:True,1048576-176==1048400
DEBUG 08-14 23:17:40 metrics_store.py:131] update_metrics:request_id=179
DEBUG 08-14 23:17:40 metrics_store.py:131] update_metrics:request_id=198
DEBUG 08-14 23:17:40 shared.py:180] Removed task for request 179 on https://u722127-8cb5-f6dc13db.nmb1.seetacloud.com:8443
DEBUG 08-14 23:17:40 metrics_store.py:131] update_metrics:request_id=177
DEBUG 08-14 23:17:40 shared.py:180] Removed task for request 198 on https://u722127-8cb5-f6dc13db.nmb1.seetacloud.com:8443
DEBUG 08-14 23:17:40 metrics_store.py:131] update_metrics:request_id=215
DEBUG 08-14 23:17:40 replica.py:171] complete_request_decode:num_saved_toekens=432
DEBUG 08-14 23:17:40 open_ai.py:452] good request:https://u722127-b80a-4e3f9d5d.cqa1.seetacloud.com:8443:good,request._id=75,input=160,output=433
DEBUG 08-14 23:17:40 open_ai.py:335] async_send_request: request finish prefill, 230
INFO 08-14 23:17:40 open_ai.py:352] async_send_request: prefill completed: req=230,replica_id=2
DEBUG 08-14 23:17:40 replica.py:146] complete_request_prefill: replica_id=[2], request=230, current_budget=346,last_prefill_completed_at=30614668.770024385,last_ttft=5.4144
DEBUG 08-14 23:17:40 replica.py:153] complete_request_prefill - replica_id=[2], request=230,self.replica_slo_budget-sum_pending_tokens==current_budget:True,1048576-3110==1045466
DEBUG 08-14 23:17:40 replica.py:171] complete_request_decode:num_saved_toekens=48
DEBUG 08-14 23:17:40 open_ai.py:452] good request:https://u722127-8cb5-f6dc13db.nmb1.seetacloud.com:8443:good,request._id=205,input=341,output=51
DEBUG 08-14 23:17:40 metrics_store.py:131] update_metrics:request_id=181
DEBUG 08-14 23:17:40 shared.py:180] Removed task for request 177 on https://u722127-8cb5-f6dc13db.nmb1.seetacloud.com:8443
DEBUG 08-14 23:17:40 replica.py:171] complete_request_decode:num_saved_toekens=352
DEBUG 08-14 23:17:40 open_ai.py:452] good request:https://uu722127-b80a-4e3f9d5d.cqa1.seetacloud.com:8443:good,request._id=127,input=169,output=356
DEBUG 08-14 23:17:40 replica.py:171] complete_request_decode:num_saved_toekens=112
DEBUG 08-14 23:17:40 open_ai.py:335] async_send_request: request finish prefill, 231
INFO 08-14 23:17:40 open_ai.py:352] async_send_request: prefill completed: req=231,replica_id=2
DEBUG 08-14 23:17:40 replica.py:146] complete_request_prefill: replica_id=[2], request=231, current_budget=341,last_prefill_completed_at=30614668.79219616,last_ttft=5.4334
DEBUG 08-14 23:17:40 replica.py:153] complete_request_prefill - replica_id=[2], request=231,self.replica_slo_budget-sum_pending_tokens==current_budget:True,1048576-2769==1045807
DEBUG 08-14 23:17:40 metrics_store.py:131] update_metrics:request_id=59
DEBUG 08-14 23:17:40 shared.py:180] Removed task for request 215 on https://uu722127-b80a-4e3f9d5d.cqa1.seetacloud.com:8443
DEBUG 08-14 23:17:40 metrics_store.py:131] update_metrics:request_id=204
DEBUG 08-14 23:17:40 shared.py:180] Removed task for request 181 on https://u722127-8cb5-f6dc13db.nmb1.seetacloud.com:8443
DEBUG 08-14 23:17:40 metrics_store.py:131] update_metrics:request_id=216
DEBUG 08-14 23:17:40 shared.py:180] Removed task for request 59 on https://uu722127-b80a-4e3f9d5d.cqa1.seetacloud.com:8443
DEBUG 08-14 23:17:40 replica.py:171] complete_request_decode:num_saved_toekens=64
DEBUG 08-14 23:17:40 open_ai.py:452] good request:https://u722127-8cb5-f6dc13db.nmb1.seetacloud.com:8443:good,request._id=202,input=366,output=56
DEBUG 08-14 23:17:40 shared.py:180] Removed task for request 204 on https://u722127-8cb5-f6dc13db.nmb1.seetacloud.com:8443
DEBUG 08-14 23:17:40 replica.py:171] complete_request_decode:num_saved_toekens=64
DEBUG 08-14 23:17:40 open_ai.py:452] good request:https://uu722127-b80a-4e3f9d5d.cqa1.seetacloud.com:8443:good,request._id=219,input=375,output=61
DEBUG 08-14 23:17:40 shared.py:180] Removed task for request 216 on https://uu722127-b80a-4e3f9d5d.cqa1.seetacloud.com:8443
DEBUG 08-14 23:17:40 replica.py:171] complete_request_decode:num_saved_toekens=192
DEBUG 08-14 23:17:40 open_ai.py:452] good request:https://u722127-8cb5-f6dc13db.nmb1.seetacloud.com:8443:good,request._id=111,input=162,output=191
DEBUG 08-14 23:17:40 replica.py:171] complete_request_decode:num_saved_toekens=48
DEBUG 08-14 23:17:40 open_ai.py:452] good request:https://u722127-8cb5-f6dc13db.nmb1.seetacloud.com:8443:good,request._id=213,input=361,output=46
INFO 08-14 23:17:40 shared.py:299] Adding task for request 250 to replica 4,session_id=138
DEBUG 08-14 23:17:40 replica.py:226] add_request - replica_id=[4], request=250,self.replica_slo_budget-sum_pending_tokens==current_budget:True,1048576-358==1048218
INFO 08-14 23:17:40 shared.py:299] Adding task for request 251 to replica 4,session_id=139
DEBUG 08-14 23:17:40 replica.py:226] add_request - replica_id=[4], request=251,self.replica_slo_budget-sum_pending_tokens==current_budget:True,1048576-711==1047865
INFO 08-14 23:17:40 shared.py:299] Adding task for request 252 to replica 3,session_id=81
DEBUG 08-14 23:17:40 replica.py:226] add_request - replica_id=[3], request=252,self.replica_slo_budget-sum_pending_tokens==current_budget:True,1048576-328==1048248
INFO 08-14 23:17:40 shared.py:299] Adding task for request 253 to replica 1,session_id=140
DEBUG 08-14 23:17:40 replica.py:226] add_request - replica_id=[1], request=253,self.replica_slo_budget-sum_pending_tokens==current_budget:True,1048576-2216==1046360
INFO 08-14 23:17:40 shared.py:299] Adding task for request 254 to replica 1,session_id=70
DEBUG 08-14 23:17:40 replica.py:226] add_request - replica_id=[1], request=254,self.replica_slo_budget-sum_pending_tokens==current_budget:True,1048576-2368==1046208
INFO 08-14 23:17:40 shared.py:299] Adding task for request 257 to replica 2,session_id=58
DEBUG 08-14 23:17:40 replica.py:226] add_request - replica_id=[2], request=257,self.replica_slo_budget-sum_pending_tokens==current_budget:True,1048576-2933==1045643
INFO 08-14 23:17:40 shared.py:299] Adding task for request 258 to replica 3,session_id=58
DEBUG 08-14 23:17:40 replica.py:226] add_request - replica_id=[3], request=258,self.replica_slo_budget-sum_pending_tokens==current_budget:True,1048576-490==1048086
INFO 08-14 23:17:40 shared.py:299] Adding task for request 259 to replica 4,session_id=141
DEBUG 08-14 23:17:40 replica.py:226] add_request - replica_id=[4], request=259,self.replica_slo_budget-sum_pending_tokens==current_budget:True,1048576-1056==1047520
INFO 08-14 23:17:40 open_ai.py:115] async_send_request:request._id=250,session=138,https://u722127-8cb5-f6dc13db.nmb1.seetacloud.com:8443
INFO 08-14 23:17:40 open_ai.py:115] async_send_request:request._id=251,session=139,https://u722127-8cb5-f6dc13db.nmb1.seetacloud.com:8443
INFO 08-14 23:17:40 open_ai.py:115] async_send_request:request._id=252,session=81,https://uu722127-b80a-4e3f9d5d.cqa1.seetacloud.com:8443
INFO 08-14 23:17:40 open_ai.py:115] async_send_request:request._id=253,session=140,127.0.0.1:8001
INFO 08-14 23:17:40 open_ai.py:115] async_send_request:request._id=254,session=70,127.0.0.1:8001
INFO 08-14 23:17:40 open_ai.py:115] async_send_request:request._id=257,session=58,https://u722127-b80a-4e3f9d5d.cqa1.seetacloud.com:8443
INFO 08-14 23:17:40 open_ai.py:115] async_send_request:request._id=258,session=58,https://uu722127-b80a-4e3f9d5d.cqa1.seetacloud.com:8443
INFO 08-14 23:17:40 open_ai.py:115] async_send_request:request._id=259,session=141,https://u722127-8cb5-f6dc13db.nmb1.seetacloud.com:8443
DEBUG 08-14 23:17:41 open_ai.py:335] async_send_request: request finish prefill, 239
INFO 08-14 23:17:41 open_ai.py:352] async_send_request: prefill completed: req=239,replica_id=2
DEBUG 08-14 23:17:41 replica.py:146] complete_request_prefill: replica_id=[2], request=239, current_budget=416,last_prefill_completed_at=30614669.15878788,last_ttft=5.7846
DEBUG 08-14 23:17:41 replica.py:153] complete_request_prefill - replica_id=[2], request=239,self.replica_slo_budget-sum_pending_tokens==current_budget:True,1048576-2517==1046059
DEBUG 08-14 23:17:41 open_ai.py:335] async_send_request: request finish prefill, 234
INFO 08-14 23:17:41 open_ai.py:352] async_send_request: prefill completed: req=234,replica_id=2
DEBUG 08-14 23:17:41 replica.py:146] complete_request_prefill: replica_id=[2], request=234, current_budget=541,last_prefill_completed_at=30614669.186176863,last_ttft=5.82
DEBUG 08-14 23:17:41 replica.py:153] complete_request_prefill - replica_id=[2], request=234,self.replica_slo_budget-sum_pending_tokens==current_budget:True,1048576-1976==1046600
DEBUG 08-14 23:17:41 open_ai.py:335] async_send_request: request finish prefill, 235
INFO 08-14 23:17:41 open_ai.py:352] async_send_request: prefill completed: req=235,replica_id=2
DEBUG 08-14 23:17:41 replica.py:146] complete_request_prefill: replica_id=[2], request=235, current_budget=378,last_prefill_completed_at=30614669.19770067,last_ttft=5.8309
DEBUG 08-14 23:17:41 replica.py:153] complete_request_prefill - replica_id=[2], request=235,self.replica_slo_budget-sum_pending_tokens==current_budget:True,1048576-1598==1046978
DEBUG 08-14 23:17:41 open_ai.py:335] async_send_request: request finish prefill, 238
INFO 08-14 23:17:41 open_ai.py:352] async_send_request: prefill completed: req=238,replica_id=2
DEBUG 08-14 23:17:41 replica.py:146] complete_request_prefill: replica_id=[2], request=238, current_budget=385,last_prefill_completed_at=30614669.209112503,last_ttft=5.8363
DEBUG 08-14 23:17:41 replica.py:153] complete_request_prefill - replica_id=[2], request=238,self.replica_slo_budget-sum_pending_tokens==current_budget:True,1048576-1213==1047363
DEBUG 08-14 23:17:41 open_ai.py:335] async_send_request: request finish prefill, 233
INFO 08-14 23:17:41 open_ai.py:352] async_send_request: prefill completed: req=233,replica_id=2
DEBUG 08-14 23:17:41 replica.py:146] complete_request_prefill: replica_id=[2], request=233, current_budget=343,last_prefill_completed_at=30614669.220491577,last_ttft=5.8609
DEBUG 08-14 23:17:41 replica.py:153] complete_request_prefill - replica_id=[2], request=233,self.replica_slo_budget-sum_pending_tokens==current_budget:True,1048576-870==1047706
DEBUG 08-14 23:17:41 replica.py:171] complete_request_decode:num_saved_toekens=64
DEBUG 08-14 23:17:41 open_ai.py:452] good request:https://u722127-8cb5-f6dc13db.nmb1.seetacloud.com:8443:good,request._id=207,input=371,output=70
DEBUG 08-14 23:17:41 open_ai.py:335] async_send_request: request finish prefill, 240
INFO 08-14 23:17:41 open_ai.py:352] async_send_request: prefill completed: req=240,replica_id=1
DEBUG 08-14 23:17:41 replica.py:146] complete_request_prefill: replica_id=[1], request=240, current_budget=348,last_prefill_completed_at=30614669.242972024,last_ttft=5.8609
DEBUG 08-14 23:17:41 replica.py:153] complete_request_prefill - replica_id=[1], request=240,self.replica_slo_budget-sum_pending_tokens==current_budget:True,1048576-2020==1046556
DEBUG 08-14 23:17:41 metrics_store.py:131] update_metrics:request_id=48
DEBUG 08-14 23:17:41 metrics_store.py:131] update_metrics:request_id=217
DEBUG 08-14 23:17:41 metrics_store.py:131] update_metrics:request_id=214
DEBUG 08-14 23:17:41 shared.py:180] Removed task for request 48 on 127.0.0.1:8001
DEBUG 08-14 23:17:41 metrics_store.py:131] update_metrics:request_id=218
DEBUG 08-14 23:17:41 shared.py:180] Removed task for request 217 on https://uu722127-b80a-4e3f9d5d.cqa1.seetacloud.com:8443
DEBUG 08-14 23:17:41 metrics_store.py:131] update_metrics:request_id=74
DEBUG 08-14 23:17:41 shared.py:180] Removed task for request 214 on https://uu722127-b80a-4e3f9d5d.cqa1.seetacloud.com:8443
DEBUG 08-14 23:17:41 metrics_store.py:131] update_metrics:request_id=69
DEBUG 08-14 23:17:41 shared.py:180] Removed task for request 218 on https://uu722127-b80a-4e3f9d5d.cqa1.seetacloud.com:8443
DEBUG 08-14 23:17:41 replica.py:171] complete_request_decode:num_saved_toekens=64
DEBUG 08-14 23:17:41 open_ai.py:335] async_send_request: request finish prefill, 241
INFO 08-14 23:17:41 open_ai.py:352] async_send_request: prefill completed: req=241,replica_id=1
DEBUG 08-14 23:17:41 replica.py:146] complete_request_prefill: replica_id=[1], request=241, current_budget=558,last_prefill_completed_at=30614669.342558153,last_ttft=5.9552
DEBUG 08-14 23:17:41 replica.py:153] complete_request_prefill - replica_id=[1], request=241,self.replica_slo_budget-sum_pending_tokens==current_budget:True,1048576-1462==1047114
DEBUG 08-14 23:17:41 open_ai.py:335] async_send_request: request finish prefill, 242
INFO 08-14 23:17:41 open_ai.py:352] async_send_request: prefill completed: req=242,replica_id=1
DEBUG 08-14 23:17:41 replica.py:146] complete_request_prefill: replica_id=[1], request=242, current_budget=188,last_prefill_completed_at=30614669.357199084,last_ttft=5.9676
DEBUG 08-14 23:17:41 replica.py:153] complete_request_prefill - replica_id=[1], request=242,self.replica_slo_budget-sum_pending_tokens==current_budget:True,1048576-1274==1047302
DEBUG 08-14 23:17:41 replica.py:171] complete_request_decode:num_saved_toekens=32
DEBUG 08-14 23:17:41 open_ai.py:452] good request:https://u722127-8cb5-f6dc13db.nmb1.seetacloud.com:8443:good,request._id=224,input=352,output=39
DEBUG 08-14 23:17:41 replica.py:171] complete_request_decode:num_saved_toekens=64
DEBUG 08-14 23:17:41 open_ai.py:452] good request:https://u722127-8cb5-f6dc13db.nmb1.seetacloud.com:8443:good,request._id=209,input=356,output=75
DEBUG 08-14 23:17:41 metrics_store.py:131] update_metrics:request_id=206
DEBUG 08-14 23:17:41 shared.py:180] Removed task for request 74 on 127.0.0.1:8000
DEBUG 08-14 23:17:41 open_ai.py:335] async_send_request: request finish prefill, 246
INFO 08-14 23:17:41 open_ai.py:352] async_send_request: prefill completed: req=246,replica_id=1
DEBUG 08-14 23:17:41 replica.py:146] complete_request_prefill: replica_id=[1], request=246, current_budget=407,last_prefill_completed_at=30614669.39350684,last_ttft=5.9964
DEBUG 08-14 23:17:41 replica.py:153] complete_request_prefill - replica_id=[1], request=246,self.replica_slo_budget-sum_pending_tokens==current_budget:True,1048576-867==1047709
DEBUG 08-14 23:17:41 open_ai.py:335] async_send_request: request finish prefill, 249
INFO 08-14 23:17:41 open_ai.py:352] async_send_request: prefill completed: req=249,replica_id=1
DEBUG 08-14 23:17:41 replica.py:146] complete_request_prefill: replica_id=[1], request=249, current_budget=348,last_prefill_completed_at=30614669.40506388,last_ttft=5.9877
DEBUG 08-14 23:17:41 replica.py:153] complete_request_prefill - replica_id=[1], request=249,self.replica_slo_budget-sum_pending_tokens==current_budget:True,1048576-519==1048057
DEBUG 08-14 23:17:41 metrics_store.py:131] update_metrics:request_id=75
DEBUG 08-14 23:17:41 shared.py:180] Removed task for request 69 on https://uu722127-b80a-4e3f9d5d.cqa1.seetacloud.com:8443
DEBUG 08-14 23:17:41 replica.py:171] complete_request_decode:num_saved_toekens=64
DEBUG 08-14 23:17:41 replica.py:171] complete_request_decode:num_saved_toekens=64
DEBUG 08-14 23:17:41 open_ai.py:452] good request:https://uu722127-b80a-4e3f9d5d.cqa1.seetacloud.com:8443:good,request._id=228,input=388,output=60
DEBUG 08-14 23:17:41 open_ai.py:335] async_send_request: request finish prefill, 248
INFO 08-14 23:17:41 open_ai.py:352] async_send_request: prefill completed: req=248,replica_id=3
DEBUG 08-14 23:17:41 replica.py:146] complete_request_prefill: replica_id=[3], request=248, current_budget=176,last_prefill_completed_at=30614669.454875644,last_ttft=6.0574
DEBUG 08-14 23:17:41 replica.py:153] complete_request_prefill - replica_id=[3], request=248,self.replica_slo_budget-sum_pending_tokens==current_budget:True,1048576-314==1048262
DEBUG 08-14 23:17:41 replica.py:171] complete_request_decode:num_saved_toekens=48
DEBUG 08-14 23:17:41 open_ai.py:452] good request:https://u722127-b80a-4e3f9d5d.cqa1.seetacloud.com:8443:good,request._id=231,input=341,output=46
DEBUG 08-14 23:17:41 open_ai.py:335] async_send_request: request finish prefill, 243
INFO 08-14 23:17:41 open_ai.py:352] async_send_request: prefill completed: req=243,replica_id=2
DEBUG 08-14 23:17:41 replica.py:146] complete_request_prefill: replica_id=[2], request=243, current_budget=172,last_prefill_completed_at=30614669.469987944,last_ttft=6.0803
DEBUG 08-14 23:17:41 replica.py:153] complete_request_prefill - replica_id=[2], request=243,self.replica_slo_budget-sum_pending_tokens==current_budget:True,1048576-698==1047878
DEBUG 08-14 23:17:41 open_ai.py:335] async_send_request: request finish prefill, 244
INFO 08-14 23:17:41 open_ai.py:352] async_send_request: prefill completed: req=244,replica_id=2
DEBUG 08-14 23:17:41 replica.py:146] complete_request_prefill: replica_id=[2], request=244, current_budget=346,last_prefill_completed_at=30614669.481812555,last_ttft=6.0907
DEBUG 08-14 23:17:41 replica.py:153] complete_request_prefill - replica_id=[2], request=244,self.replica_slo_budget-sum_pending_tokens==current_budget:True,1048576-352==1048224
DEBUG 08-14 23:17:41 metrics_store.py:131] update_metrics:request_id=205
DEBUG 08-14 23:17:41 shared.py:180] Removed task for request 206 on https://u722127-8cb5-f6dc13db.nmb1.seetacloud.com:8443
DEBUG 08-14 23:17:41 metrics_store.py:131] update_metrics:request_id=127
DEBUG 08-14 23:17:41 shared.py:180] Removed task for request 75 on https://u722127-b80a-4e3f9d5d.cqa1.seetacloud.com:8443
DEBUG 08-14 23:17:41 shared.py:180] Removed task for request 205 on https://u722127-8cb5-f6dc13db.nmb1.seetacloud.com:8443
DEBUG 08-14 23:17:41 replica.py:171] complete_request_decode:num_saved_toekens=64
DEBUG 08-14 23:17:41 replica.py:171] complete_request_decode:num_saved_toekens=80
DEBUG 08-14 23:17:41 open_ai.py:452] good request:https://uu722127-b80a-4e3f9d5d.cqa1.seetacloud.com:8443:good,request._id=229,input=383,output=72
DEBUG 08-14 23:17:41 shared.py:180] Removed task for request 127 on https://uu722127-b80a-4e3f9d5d.cqa1.seetacloud.com:8443
DEBUG 08-14 23:17:41 replica.py:171] complete_request_decode:num_saved_toekens=416
DEBUG 08-14 23:17:41 open_ai.py:452] good request:https://u722127-b80a-4e3f9d5d.cqa1.seetacloud.com:8443:good,request._id=136,input=156,output=406
DEBUG 08-14 23:17:41 replica.py:171] complete_request_decode:num_saved_toekens=32
DEBUG 08-14 23:17:41 open_ai.py:452] good request:https://u722127-b80a-4e3f9d5d.cqa1.seetacloud.com:8443:good,request._id=238,input=385,output=36
DEBUG 08-14 23:17:41 open_ai.py:452] good request:https://u722127-b80a-4e3f9d5d.cqa1.seetacloud.com:8443:good,request._id=200,input=148,output=116
DEBUG 08-14 23:17:41 metrics_store.py:131] update_metrics:request_id=202
DEBUG 08-14 23:17:41 metrics_store.py:131] update_metrics:request_id=219
DEBUG 08-14 23:17:41 metrics_store.py:131] update_metrics:request_id=111
DEBUG 08-14 23:17:41 shared.py:180] Removed task for request 202 on https://u722127-8cb5-f6dc13db.nmb1.seetacloud.com:8443
DEBUG 08-14 23:17:41 metrics_store.py:131] update_metrics:request_id=213
DEBUG 08-14 23:17:41 shared.py:180] Removed task for request 219 on https://uu722127-b80a-4e3f9d5d.cqa1.seetacloud.com:8443
DEBUG 08-14 23:17:41 shared.py:180] Removed task for request 111 on https://u722127-8cb5-f6dc13db.nmb1.seetacloud.com:8443
DEBUG 08-14 23:17:41 shared.py:180] Removed task for request 213 on https://u722127-8cb5-f6dc13db.nmb1.seetacloud.com:8443
DEBUG 08-14 23:17:41 replica.py:171] complete_request_decode:num_saved_toekens=48
DEBUG 08-14 23:17:41 open_ai.py:452] good request:https://u722127-b80a-4e3f9d5d.cqa1.seetacloud.com:8443:good,request._id=233,input=343,output=45
DEBUG 08-14 23:17:41 open_ai.py:335] async_send_request: request finish prefill, 247
INFO 08-14 23:17:41 open_ai.py:352] async_send_request: prefill completed: req=247,replica_id=2
DEBUG 08-14 23:17:41 replica.py:146] complete_request_prefill: replica_id=[2], request=247, current_budget=188,last_prefill_completed_at=30614669.754902855,last_ttft=6.3577
DEBUG 08-14 23:17:41 replica.py:153] complete_request_prefill - replica_id=[2], request=247,self.replica_slo_budget-sum_pending_tokens==current_budget:True,1048576-164==1048412
DEBUG 08-14 23:17:41 replica.py:171] complete_request_decode:num_saved_toekens=32
DEBUG 08-14 23:17:41 replica.py:171] complete_request_decode:num_saved_toekens=144
DEBUG 08-14 23:17:41 open_ai.py:452] good request:https://u722127-8cb5-f6dc13db.nmb1.seetacloud.com:8443:good,request._id=171,input=886,output=148
INFO 08-14 23:17:41 shared.py:299] Adding task for request 260 to replica 4,session_id=142
DEBUG 08-14 23:17:41 replica.py:226] add_request - replica_id=[4], request=260,self.replica_slo_budget-sum_pending_tokens==current_budget:True,1048576-1421==1047155
INFO 08-14 23:17:41 shared.py:299] Adding task for request 261 to replica 4,session_id=91
DEBUG 08-14 23:17:41 replica.py:226] add_request - replica_id=[4], request=261,self.replica_slo_budget-sum_pending_tokens==current_budget:True,1048576-1573==1047003
INFO 08-14 23:17:41 shared.py:299] Adding task for request 262 to replica 4,session_id=143
DEBUG 08-14 23:17:41 replica.py:226] add_request - replica_id=[4], request=262,self.replica_slo_budget-sum_pending_tokens==current_budget:True,1048576-1930==1046646
INFO 08-14 23:17:41 shared.py:299] Adding task for request 263 to replica 3,session_id=82
DEBUG 08-14 23:17:41 replica.py:226] add_request - replica_id=[3], request=263,self.replica_slo_budget-sum_pending_tokens==current_budget:True,1048576-470==1048106
INFO 08-14 23:17:41 shared.py:299] Adding task for request 264 to replica 0,session_id=82
DEBUG 08-14 23:17:41 replica.py:226] add_request - replica_id=[0], request=264,self.replica_slo_budget-sum_pending_tokens==current_budget:True,1048576-158==1048418
INFO 08-14 23:17:41 shared.py:299] Adding task for request 265 to replica 2,session_id=144
DEBUG 08-14 23:17:41 replica.py:226] add_request - replica_id=[2], request=265,self.replica_slo_budget-sum_pending_tokens==current_budget:True,1048576-521==1048055
INFO 08-14 23:17:41 shared.py:299] Adding task for request 266 to replica 4,session_id=83
DEBUG 08-14 23:17:41 replica.py:226] add_request - replica_id=[4], request=266,self.replica_slo_budget-sum_pending_tokens==current_budget:True,1048576-2084==1046492
INFO 08-14 23:17:41 shared.py:299] Adding task for request 267 to replica 1,session_id=83
DEBUG 08-14 23:17:41 replica.py:226] add_request - replica_id=[1], request=267,self.replica_slo_budget-sum_pending_tokens==current_budget:True,1048576-675==1047901
INFO 08-14 23:17:41 shared.py:299] Adding task for request 268 to replica 2,session_id=90
DEBUG 08-14 23:17:41 replica.py:226] add_request - replica_id=[2], request=268,self.replica_slo_budget-sum_pending_tokens==current_budget:True,1048576-687==1047889
INFO 08-14 23:17:41 shared.py:299] Adding task for request 269 to replica 3,session_id=59
DEBUG 08-14 23:17:41 replica.py:226] add_request - replica_id=[3], request=269,self.replica_slo_budget-sum_pending_tokens==current_budget:True,1048576-744==1047832
INFO 08-14 23:17:41 open_ai.py:115] async_send_request:request._id=260,session=142,https://u722127-8cb5-f6dc13db.nmb1.seetacloud.com:8443
INFO 08-14 23:17:41 open_ai.py:115] async_send_request:request._id=261,session=91,https://u722127-8cb5-f6dc13db.nmb1.seetacloud.com:8443
INFO 08-14 23:17:41 open_ai.py:115] async_send_request:request._id=262,session=143,https://u722127-8cb5-f6dc13db.nmb1.seetacloud.com:8443
INFO 08-14 23:17:41 open_ai.py:115] async_send_request:request._id=263,session=82,https://uu722127-b80a-4e3f9d5d.cqa1.seetacloud.com:8443
INFO 08-14 23:17:41 open_ai.py:115] async_send_request:request._id=264,session=82,127.0.0.1:8000
INFO 08-14 23:17:41 open_ai.py:115] async_send_request:request._id=265,session=144,https://u722127-b80a-4e3f9d5d.cqa1.seetacloud.com:8443
INFO 08-14 23:17:41 open_ai.py:115] async_send_request:request._id=266,session=83,https://u722127-8cb5-f6dc13db.nmb1.seetacloud.com:8443
INFO 08-14 23:17:41 open_ai.py:115] async_send_request:request._id=267,session=83,127.0.0.1:8001
INFO 08-14 23:17:41 open_ai.py:115] async_send_request:request._id=268,session=90,https://u722127-b80a-4e3f9d5d.cqa1.seetacloud.com:8443
INFO 08-14 23:17:41 open_ai.py:115] async_send_request:request._id=269,session=59,https://uu722127-b80a-4e3f9d5d.cqa1.seetacloud.com:8443
DEBUG 08-14 23:17:41 replica.py:171] complete_request_decode:num_saved_toekens=32
DEBUG 08-14 23:17:41 open_ai.py:452] good request:https://u722127-b80a-4e3f9d5d.cqa1.seetacloud.com:8443:good,request._id=244,input=346,output=36
DEBUG 08-14 23:17:41 replica.py:171] complete_request_decode:num_saved_toekens=528
DEBUG 08-14 23:17:41 open_ai.py:452] good request:https://u722127-b80a-4e3f9d5d.cqa1.seetacloud.com:8443:good,request._id=63,input=154,output=525
DEBUG 08-14 23:17:41 metrics_store.py:131] update_metrics:request_id=207
DEBUG 08-14 23:17:41 shared.py:180] Removed task for request 207 on https://u722127-8cb5-f6dc13db.nmb1.seetacloud.com:8443
DEBUG 08-14 23:17:41 open_ai.py:452] good request:127.0.0.1:8001:good,request._id=220,input=349,output=63
DEBUG 08-14 23:17:41 metrics_store.py:131] update_metrics:request_id=224
DEBUG 08-14 23:17:41 metrics_store.py:131] update_metrics:request_id=209
DEBUG 08-14 23:17:41 shared.py:180] Removed task for request 224 on https://u722127-8cb5-f6dc13db.nmb1.seetacloud.com:8443
DEBUG 08-14 23:17:41 shared.py:180] Removed task for request 209 on https://u722127-8cb5-f6dc13db.nmb1.seetacloud.com:8443
DEBUG 08-14 23:17:41 replica.py:171] complete_request_decode:num_saved_toekens=80
DEBUG 08-14 23:17:41 open_ai.py:452] good request:https://u722127-b80a-4e3f9d5d.cqa1.seetacloud.com:8443:good,request._id=235,input=378,output=71
DEBUG 08-14 23:17:41 open_ai.py:335] async_send_request: request finish prefill, 253
INFO 08-14 23:17:41 open_ai.py:352] async_send_request: prefill completed: req=253,replica_id=1
DEBUG 08-14 23:17:41 replica.py:146] complete_request_prefill: replica_id=[1], request=253, current_budget=367,last_prefill_completed_at=30614670.122297183,last_ttft=6.6962
DEBUG 08-14 23:17:41 replica.py:153] complete_request_prefill - replica_id=[1], request=253,self.replica_slo_budget-sum_pending_tokens==current_budget:True,1048576-308==1048268
DEBUG 08-14 23:17:41 open_ai.py:335] async_send_request: request finish prefill, 254
INFO 08-14 23:17:41 open_ai.py:352] async_send_request: prefill completed: req=254,replica_id=1
DEBUG 08-14 23:17:41 replica.py:146] complete_request_prefill: replica_id=[1], request=254, current_budget=152,last_prefill_completed_at=30614670.135349225,last_ttft=6.7051
DEBUG 08-14 23:17:41 replica.py:153] complete_request_prefill - replica_id=[1], request=254,self.replica_slo_budget-sum_pending_tokens==current_budget:True,1048576-156==1048420
DEBUG 08-14 23:17:42 replica.py:171] complete_request_decode:num_saved_toekens=528
DEBUG 08-14 23:17:42 open_ai.py:452] good request:https://uu722127-b80a-4e3f9d5d.cqa1.seetacloud.com:8443:good,request._id=54,input=154,output=519
DEBUG 08-14 23:17:42 open_ai.py:335] async_send_request: request finish prefill, 251
INFO 08-14 23:17:42 open_ai.py:352] async_send_request: prefill completed: req=251,replica_id=4
DEBUG 08-14 23:17:42 replica.py:146] complete_request_prefill: replica_id=[4], request=251, current_budget=353,last_prefill_completed_at=30614670.15348574,last_ttft=6.7319
DEBUG 08-14 23:17:42 replica.py:153] complete_request_prefill - replica_id=[4], request=251,self.replica_slo_budget-sum_pending_tokens==current_budget:True,1048576-1731==1046845
DEBUG 08-14 23:17:42 open_ai.py:335] async_send_request: request finish prefill, 259
INFO 08-14 23:17:42 open_ai.py:352] async_send_request: prefill completed: req=259,replica_id=4
DEBUG 08-14 23:17:42 replica.py:146] complete_request_prefill: replica_id=[4], request=259, current_budget=345,last_prefill_completed_at=30614670.165378965,last_ttft=6.729
DEBUG 08-14 23:17:42 replica.py:153] complete_request_prefill - replica_id=[4], request=259,self.replica_slo_budget-sum_pending_tokens==current_budget:True,1048576-1386==1047190
DEBUG 08-14 23:17:42 open_ai.py:335] async_send_request: request finish prefill, 257
INFO 08-14 23:17:42 open_ai.py:352] async_send_request: prefill completed: req=257,replica_id=2
DEBUG 08-14 23:17:42 replica.py:146] complete_request_prefill: replica_id=[2], request=257, current_budget=164,last_prefill_completed_at=30614670.185569536,last_ttft=6.7503
DEBUG 08-14 23:17:42 replica.py:153] complete_request_prefill - replica_id=[2], request=257,self.replica_slo_budget-sum_pending_tokens==current_budget:True,1048576-523==1048053
DEBUG 08-14 23:17:42 open_ai.py:335] async_send_request: request finish prefill, 252
INFO 08-14 23:17:42 open_ai.py:352] async_send_request: prefill completed: req=252,replica_id=3
DEBUG 08-14 23:17:42 replica.py:146] complete_request_prefill: replica_id=[3], request=252, current_budget=152,last_prefill_completed_at=30614670.197504677,last_ttft=6.7736
DEBUG 08-14 23:17:42 replica.py:153] complete_request_prefill - replica_id=[3], request=252,self.replica_slo_budget-sum_pending_tokens==current_budget:True,1048576-592==1047984
DEBUG 08-14 23:17:42 open_ai.py:335] async_send_request: request finish prefill, 250
INFO 08-14 23:17:42 open_ai.py:352] async_send_request: prefill completed: req=250,replica_id=4
DEBUG 08-14 23:17:42 replica.py:146] complete_request_prefill: replica_id=[4], request=250, current_budget=358,last_prefill_completed_at=30614670.20938235,last_ttft=6.7898
DEBUG 08-14 23:17:42 replica.py:153] complete_request_prefill - replica_id=[4], request=250,self.replica_slo_budget-sum_pending_tokens==current_budget:True,1048576-1028==1047548
DEBUG 08-14 23:17:42 open_ai.py:335] async_send_request: request finish prefill, 258
INFO 08-14 23:17:42 open_ai.py:352] async_send_request: prefill completed: req=258,replica_id=3
DEBUG 08-14 23:17:42 replica.py:146] complete_request_prefill: replica_id=[3], request=258, current_budget=162,last_prefill_completed_at=30614670.221283883,last_ttft=6.7858
DEBUG 08-14 23:17:42 replica.py:153] complete_request_prefill - replica_id=[3], request=258,self.replica_slo_budget-sum_pending_tokens==current_budget:True,1048576-430==1048146
DEBUG 08-14 23:17:42 replica.py:171] complete_request_decode:num_saved_toekens=64
DEBUG 08-14 23:17:42 open_ai.py:452] good request:https://u722127-b80a-4e3f9d5d.cqa1.seetacloud.com:8443:good,request._id=239,input=416,output=79
DEBUG 08-14 23:17:42 open_ai.py:452] good request:https://u722127-8cb5-f6dc13db.nmb1.seetacloud.com:8443:good,request._id=210,input=354,output=65
DEBUG 08-14 23:17:42 metrics_store.py:131] update_metrics:request_id=228
DEBUG 08-14 23:17:42 metrics_store.py:131] update_metrics:request_id=231
DEBUG 08-14 23:17:42 shared.py:180] Removed task for request 228 on https://uu722127-b80a-4e3f9d5d.cqa1.seetacloud.com:8443
DEBUG 08-14 23:17:42 shared.py:180] Removed task for request 231 on https://u722127-b80a-4e3f9d5d.cqa1.seetacloud.com:8443
DEBUG 08-14 23:17:42 replica.py:171] complete_request_decode:num_saved_toekens=80
DEBUG 08-14 23:17:42 open_ai.py:452] good request:https://u722127-8cb5-f6dc13db.nmb1.seetacloud.com:8443:good,request._id=225,input=367,output=80
DEBUG 08-14 23:17:42 open_ai.py:452] good request:https://u722127-b80a-4e3f9d5d.cqa1.seetacloud.com:8443:good,request._id=230,input=346,output=63
DEBUG 08-14 23:17:42 metrics_store.py:131] update_metrics:request_id=229
DEBUG 08-14 23:17:42 metrics_store.py:131] update_metrics:request_id=136
DEBUG 08-14 23:17:42 metrics_store.py:131] update_metrics:request_id=238
DEBUG 08-14 23:17:42 shared.py:180] Removed task for request 229 on https://uu722127-b80a-4e3f9d5d.cqa1.seetacloud.com:8443
DEBUG 08-14 23:17:42 metrics_store.py:131] update_metrics:request_id=200
DEBUG 08-14 23:17:42 shared.py:180] Removed task for request 136 on https://u722127-b80a-4e3f9d5d.cqa1.seetacloud.com:8443
DEBUG 08-14 23:17:42 metrics_store.py:131] update_metrics:request_id=233
DEBUG 08-14 23:17:42 shared.py:180] Removed task for request 238 on https://u722127-b80a-4e3f9d5d.cqa1.seetacloud.com:8443
DEBUG 08-14 23:17:42 shared.py:180] Removed task for request 200 on https://u722127-b80a-4e3f9d5d.cqa1.seetacloud.com:8443
DEBUG 08-14 23:17:42 replica.py:171] complete_request_decode:num_saved_toekens=64
DEBUG 08-14 23:17:42 open_ai.py:452] good request:127.0.0.1:8001:good,request._id=249,input=348,output=56
DEBUG 08-14 23:17:42 replica.py:171] complete_request_decode:num_saved_toekens=64
DEBUG 08-14 23:17:42 open_ai.py:452] good request:127.0.0.1:8001:good,request._id=241,input=558,output=58
DEBUG 08-14 23:17:42 shared.py:180] Removed task for request 233 on https://u722127-b80a-4e3f9d5d.cqa1.seetacloud.com:8443
INFO 08-14 23:17:42 shared.py:299] Adding task for request 42 to replica 2,session_id=8
DEBUG 08-14 23:17:42 replica.py:226] add_request - replica_id=[2], request=42,self.replica_slo_budget-sum_pending_tokens==current_budget:True,1048576-669==1047907
INFO 08-14 23:17:42 open_ai.py:115] async_send_request:request._id=42,session=8,https://u722127-b80a-4e3f9d5d.cqa1.seetacloud.com:8443
DEBUG 08-14 23:17:42 open_ai.py:452] good request:127.0.0.1:8001:good,request._id=240,input=348,output=29
DEBUG 08-14 23:17:42 metrics_store.py:131] update_metrics:request_id=171
DEBUG 08-14 23:17:42 shared.py:180] Removed task for request 171 on https://u722127-8cb5-f6dc13db.nmb1.seetacloud.com:8443
DEBUG 08-14 23:17:42 replica.py:171] complete_request_decode:num_saved_toekens=304
DEBUG 08-14 23:17:42 open_ai.py:452] good request:127.0.0.1:8000:good,request._id=161,input=142,output=292
INFO 08-14 23:17:42 shared.py:299] Adding task for request 270 to replica 4,session_id=59
DEBUG 08-14 23:17:42 replica.py:226] add_request - replica_id=[4], request=270,self.replica_slo_budget-sum_pending_tokens==current_budget:True,1048576-1178==1047398
INFO 08-14 23:17:42 shared.py:299] Adding task for request 271 to replica 2,session_id=59
DEBUG 08-14 23:17:42 replica.py:226] add_request - replica_id=[2], request=271,self.replica_slo_budget-sum_pending_tokens==current_budget:True,1048576-823==1047753
INFO 08-14 23:17:42 shared.py:299] Adding task for request 272 to replica 0,session_id=145
DEBUG 08-14 23:17:42 replica.py:226] add_request - replica_id=[0], request=272,self.replica_slo_budget-sum_pending_tokens==current_budget:True,1048576-536==1048040
INFO 08-14 23:17:42 shared.py:299] Adding task for request 273 to replica 0,session_id=146
DEBUG 08-14 23:17:42 replica.py:226] add_request - replica_id=[0], request=273,self.replica_slo_budget-sum_pending_tokens==current_budget:True,1048576-886==1047690
INFO 08-14 23:17:42 shared.py:299] Adding task for request 274 to replica 0,session_id=79
DEBUG 08-14 23:17:42 replica.py:226] add_request - replica_id=[0], request=274,self.replica_slo_budget-sum_pending_tokens==current_budget:True,1048576-1044==1047532
INFO 08-14 23:17:42 shared.py:299] Adding task for request 275 to replica 1,session_id=147
DEBUG 08-14 23:17:42 replica.py:226] add_request - replica_id=[1], request=275,self.replica_slo_budget-sum_pending_tokens==current_budget:True,1048576-508==1048068
INFO 08-14 23:17:42 shared.py:299] Adding task for request 61 to replica 2,session_id=12
DEBUG 08-14 23:17:42 replica.py:226] add_request - replica_id=[2], request=61,self.replica_slo_budget-sum_pending_tokens==current_budget:True,1048576-981==1047595
INFO 08-14 23:17:42 shared.py:299] Adding task for request 62 to replica 3,session_id=12
DEBUG 08-14 23:17:42 replica.py:226] add_request - replica_id=[3], request=62,self.replica_slo_budget-sum_pending_tokens==current_budget:True,1048576-592==1047984
INFO 08-14 23:17:42 shared.py:299] Adding task for request 276 to replica 1,session_id=87
DEBUG 08-14 23:17:42 replica.py:226] add_request - replica_id=[1], request=276,self.replica_slo_budget-sum_pending_tokens==current_budget:True,1048576-672==1047904
INFO 08-14 23:17:42 shared.py:299] Adding task for request 73 to replica 4,session_id=16
DEBUG 08-14 23:17:42 replica.py:226] add_request - replica_id=[4], request=73,self.replica_slo_budget-sum_pending_tokens==current_budget:True,1048576-1330==1047246
INFO 08-14 23:17:42 open_ai.py:115] async_send_request:request._id=270,session=59,https://u722127-8cb5-f6dc13db.nmb1.seetacloud.com:8443
INFO 08-14 23:17:42 open_ai.py:115] async_send_request:request._id=271,session=59,https://u722127-b80a-4e3f9d5d.cqa1.seetacloud.com:8443
INFO 08-14 23:17:42 open_ai.py:115] async_send_request:request._id=272,session=145,127.0.0.1:8000
INFO 08-14 23:17:42 open_ai.py:115] async_send_request:request._id=273,session=146,127.0.0.1:8000
INFO 08-14 23:17:42 open_ai.py:115] async_send_request:request._id=274,session=79,127.0.0.1:8000
INFO 08-14 23:17:42 open_ai.py:115] async_send_request:request._id=275,session=147,127.0.0.1:8001
INFO 08-14 23:17:42 open_ai.py:115] async_send_request:request._id=61,session=12,https://u722127-b80a-4e3f9d5d.cqa1.seetacloud.com:8443
INFO 08-14 23:17:42 open_ai.py:115] async_send_request:request._id=62,session=12,https://uu722127-b80a-4e3f9d5d.cqa1.seetacloud.com:8443
INFO 08-14 23:17:42 open_ai.py:115] async_send_request:request._id=276,session=87,127.0.0.1:8001
INFO 08-14 23:17:42 open_ai.py:115] async_send_request:request._id=73,session=16,https://u722127-8cb5-f6dc13db.nmb1.seetacloud.com:8443
DEBUG 08-14 23:17:42 replica.py:171] complete_request_decode:num_saved_toekens=368
DEBUG 08-14 23:17:42 open_ai.py:452] good request:127.0.0.1:8000:good,request._id=126,input=167,output=366
INFO 08-14 23:17:42 shared.py:299] Adding task for request 79 to replica 2,session_id=28
DEBUG 08-14 23:17:42 replica.py:226] add_request - replica_id=[2], request=79,self.replica_slo_budget-sum_pending_tokens==current_budget:True,1048576-1131==1047445
INFO 08-14 23:17:42 open_ai.py:115] async_send_request:request._id=79,session=28,https://u722127-b80a-4e3f9d5d.cqa1.seetacloud.com:8443
DEBUG 08-14 23:17:42 metrics_store.py:131] update_metrics:request_id=244
DEBUG 08-14 23:17:42 metrics_store.py:131] update_metrics:request_id=63
DEBUG 08-14 23:17:42 metrics_store.py:131] update_metrics:request_id=220
DEBUG 08-14 23:17:42 shared.py:180] Removed task for request 244 on https://u722127-b80a-4e3f9d5d.cqa1.seetacloud.com:8443
DEBUG 08-14 23:17:42 metrics_store.py:131] update_metrics:request_id=235
DEBUG 08-14 23:17:42 shared.py:180] Removed task for request 63 on https://u722127-b80a-4e3f9d5d.cqa1.seetacloud.com:8443
DEBUG 08-14 23:17:42 metrics_store.py:131] update_metrics:request_id=54
DEBUG 08-14 23:17:42 shared.py:180] Removed task for request 220 on 127.0.0.1:8001
INFO 08-14 23:17:42 shared.py:299] Adding task for request 93 to replica 0,session_id=32
DEBUG 08-14 23:17:42 replica.py:226] add_request - replica_id=[0], request=93,self.replica_slo_budget-sum_pending_tokens==current_budget:True,1048576-1202==1047374
INFO 08-14 23:17:42 shared.py:299] Adding task for request 94 to replica 2,session_id=20
DEBUG 08-14 23:17:42 replica.py:226] add_request - replica_id=[2], request=94,self.replica_slo_budget-sum_pending_tokens==current_budget:True,1048576-1305==1047271
INFO 08-14 23:17:42 shared.py:299] Adding task for request 92 to replica 3,session_id=32
DEBUG 08-14 23:17:42 replica.py:226] add_request - replica_id=[3], request=92,self.replica_slo_budget-sum_pending_tokens==current_budget:True,1048576-746==1047830
INFO 08-14 23:17:42 shared.py:299] Adding task for request 95 to replica 1,session_id=36
DEBUG 08-14 23:17:42 replica.py:226] add_request - replica_id=[1], request=95,self.replica_slo_budget-sum_pending_tokens==current_budget:True,1048576-822==1047754
DEBUG 08-14 23:17:42 metrics_store.py:131] update_metrics:request_id=239
DEBUG 08-14 23:17:42 shared.py:180] Removed task for request 235 on https://u722127-b80a-4e3f9d5d.cqa1.seetacloud.com:8443
INFO 08-14 23:17:42 open_ai.py:115] async_send_request:request._id=93,session=32,127.0.0.1:8000
INFO 08-14 23:17:42 open_ai.py:115] async_send_request:request._id=94,session=20,https://u722127-b80a-4e3f9d5d.cqa1.seetacloud.com:8443
INFO 08-14 23:17:42 open_ai.py:115] async_send_request:request._id=92,session=32,https://uu722127-b80a-4e3f9d5d.cqa1.seetacloud.com:8443
INFO 08-14 23:17:42 open_ai.py:115] async_send_request:request._id=95,session=36,127.0.0.1:8001
DEBUG 08-14 23:17:42 open_ai.py:335] async_send_request: request finish prefill, 267
INFO 08-14 23:17:42 open_ai.py:352] async_send_request: prefill completed: req=267,replica_id=1
DEBUG 08-14 23:17:42 replica.py:146] complete_request_prefill: replica_id=[1], request=267, current_budget=156,last_prefill_completed_at=30614670.80686346,last_ttft=7.3494
DEBUG 08-14 23:17:42 replica.py:153] complete_request_prefill - replica_id=[1], request=267,self.replica_slo_budget-sum_pending_tokens==current_budget:True,1048576-666==1047910
DEBUG 08-14 23:17:42 metrics_store.py:131] update_metrics:request_id=210
DEBUG 08-14 23:17:42 shared.py:180] Removed task for request 54 on https://uu722127-b80a-4e3f9d5d.cqa1.seetacloud.com:8443
DEBUG 08-14 23:17:42 metrics_store.py:131] update_metrics:request_id=225
DEBUG 08-14 23:17:42 shared.py:180] Removed task for request 239 on https://u722127-b80a-4e3f9d5d.cqa1.seetacloud.com:8443
DEBUG 08-14 23:17:42 open_ai.py:335] async_send_request: request finish prefill, 264
INFO 08-14 23:17:42 open_ai.py:352] async_send_request: prefill completed: req=264,replica_id=0
DEBUG 08-14 23:17:42 replica.py:146] complete_request_prefill: replica_id=[0], request=264, current_budget=158,last_prefill_completed_at=30614670.8693296,last_ttft=7.4206
DEBUG 08-14 23:17:42 replica.py:153] complete_request_prefill - replica_id=[0], request=264,self.replica_slo_budget-sum_pending_tokens==current_budget:True,1048576-1044==1047532
DEBUG 08-14 23:17:42 replica.py:171] complete_request_decode:num_saved_toekens=288
DEBUG 08-14 23:17:42 open_ai.py:452] good request:https://uu722127-b80a-4e3f9d5d.cqa1.seetacloud.com:8443:good,request._id=193,input=148,output=292
DEBUG 08-14 23:17:42 open_ai.py:335] async_send_request: request finish prefill, 265
INFO 08-14 23:17:42 open_ai.py:352] async_send_request: prefill completed: req=265,replica_id=2
DEBUG 08-14 23:17:42 replica.py:146] complete_request_prefill: replica_id=[2], request=265, current_budget=357,last_prefill_completed_at=30614670.891212255,last_ttft=7.4351
DEBUG 08-14 23:17:42 replica.py:153] complete_request_prefill - replica_id=[2], request=265,self.replica_slo_budget-sum_pending_tokens==current_budget:True,1048576-948==1047628
INFO 08-14 23:17:42 shared.py:299] Adding task for request 116 to replica 2,session_id=24
DEBUG 08-14 23:17:42 replica.py:226] add_request - replica_id=[2], request=116,self.replica_slo_budget-sum_pending_tokens==current_budget:True,1048576-1124==1047452
INFO 08-14 23:17:42 shared.py:299] Adding task for request 115 to replica 3,session_id=24
DEBUG 08-14 23:17:42 replica.py:226] add_request - replica_id=[3], request=115,self.replica_slo_budget-sum_pending_tokens==current_budget:True,1048576-930==1047646
INFO 08-14 23:17:42 shared.py:299] Adding task for request 117 to replica 3,session_id=24
DEBUG 08-14 23:17:42 replica.py:226] add_request - replica_id=[3], request=117,self.replica_slo_budget-sum_pending_tokens==current_budget:True,1048576-1098==1047478
DEBUG 08-14 23:17:42 metrics_store.py:131] update_metrics:request_id=230
DEBUG 08-14 23:17:42 shared.py:180] Removed task for request 210 on https://u722127-8cb5-f6dc13db.nmb1.seetacloud.com:8443
INFO 08-14 23:17:42 open_ai.py:115] async_send_request:request._id=116,session=24,https://u722127-b80a-4e3f9d5d.cqa1.seetacloud.com:8443
INFO 08-14 23:17:42 open_ai.py:115] async_send_request:request._id=115,session=24,https://uu722127-b80a-4e3f9d5d.cqa1.seetacloud.com:8443
INFO 08-14 23:17:42 open_ai.py:115] async_send_request:request._id=117,session=24,https://uu722127-b80a-4e3f9d5d.cqa1.seetacloud.com:8443
DEBUG 08-14 23:17:42 open_ai.py:335] async_send_request: request finish prefill, 260
INFO 08-14 23:17:42 open_ai.py:352] async_send_request: prefill completed: req=260,replica_id=4
DEBUG 08-14 23:17:42 replica.py:146] complete_request_prefill: replica_id=[4], request=260, current_budget=365,last_prefill_completed_at=30614670.91921417,last_ttft=7.4794
DEBUG 08-14 23:17:42 replica.py:153] complete_request_prefill - replica_id=[4], request=260,self.replica_slo_budget-sum_pending_tokens==current_budget:True,1048576-965==1047611
DEBUG 08-14 23:17:42 metrics_store.py:131] update_metrics:request_id=249
DEBUG 08-14 23:17:42 shared.py:180] Removed task for request 225 on https://u722127-8cb5-f6dc13db.nmb1.seetacloud.com:8443
DEBUG 08-14 23:17:42 open_ai.py:335] async_send_request: request finish prefill, 266
INFO 08-14 23:17:42 open_ai.py:352] async_send_request: prefill completed: req=266,replica_id=4
DEBUG 08-14 23:17:42 replica.py:146] complete_request_prefill: replica_id=[4], request=266, current_budget=154,last_prefill_completed_at=30614670.94959193,last_ttft=7.4928
DEBUG 08-14 23:17:42 replica.py:153] complete_request_prefill - replica_id=[4], request=266,self.replica_slo_budget-sum_pending_tokens==current_budget:True,1048576-811==1047765
DEBUG 08-14 23:17:42 open_ai.py:335] async_send_request: request finish prefill, 262
INFO 08-14 23:17:42 open_ai.py:352] async_send_request: prefill completed: req=262,replica_id=4
DEBUG 08-14 23:17:42 replica.py:146] complete_request_prefill: replica_id=[4], request=262, current_budget=357,last_prefill_completed_at=30614670.95848737,last_ttft=7.5124
DEBUG 08-14 23:17:42 replica.py:153] complete_request_prefill - replica_id=[4], request=262,self.replica_slo_budget-sum_pending_tokens==current_budget:True,1048576-454==1048122
DEBUG 08-14 23:17:42 open_ai.py:335] async_send_request: request finish prefill, 261
INFO 08-14 23:17:42 open_ai.py:352] async_send_request: prefill completed: req=261,replica_id=4
DEBUG 08-14 23:17:42 replica.py:146] complete_request_prefill: replica_id=[4], request=261, current_budget=152,last_prefill_completed_at=30614670.967154115,last_ttft=7.5263
DEBUG 08-14 23:17:42 replica.py:153] complete_request_prefill - replica_id=[4], request=261,self.replica_slo_budget-sum_pending_tokens==current_budget:True,1048576-302==1048274
INFO 08-14 23:17:42 shared.py:299] Adding task for request 133 to replica 4,session_id=40
DEBUG 08-14 23:17:42 replica.py:226] add_request - replica_id=[4], request=133,self.replica_slo_budget-sum_pending_tokens==current_budget:True,1048576-464==1048112
DEBUG 08-14 23:17:42 metrics_store.py:131] update_metrics:request_id=241
DEBUG 08-14 23:17:42 shared.py:180] Removed task for request 230 on https://u722127-b80a-4e3f9d5d.cqa1.seetacloud.com:8443
INFO 08-14 23:17:42 open_ai.py:115] async_send_request:request._id=133,session=40,https://u722127-8cb5-f6dc13db.nmb1.seetacloud.com:8443
DEBUG 08-14 23:17:42 shared.py:180] Removed task for request 249 on 127.0.0.1:8001
DEBUG 08-14 23:17:42 open_ai.py:335] async_send_request: request finish prefill, 263
INFO 08-14 23:17:42 open_ai.py:352] async_send_request: prefill completed: req=263,replica_id=3
DEBUG 08-14 23:17:42 replica.py:146] complete_request_prefill: replica_id=[3], request=263, current_budget=156,last_prefill_completed_at=30614671.03325084,last_ttft=7.5848
DEBUG 08-14 23:17:42 replica.py:153] complete_request_prefill - replica_id=[3], request=263,self.replica_slo_budget-sum_pending_tokens==current_budget:True,1048576-942==1047634
INFO 08-14 23:17:42 shared.py:299] Adding task for request 138 to replica 0,session_id=44
DEBUG 08-14 23:17:42 replica.py:226] add_request - replica_id=[0], request=138,self.replica_slo_budget-sum_pending_tokens==current_budget:True,1048576-1190==1047386
DEBUG 08-14 23:17:42 metrics_store.py:131] update_metrics:request_id=240
DEBUG 08-14 23:17:42 shared.py:180] Removed task for request 241 on 127.0.0.1:8001
INFO 08-14 23:17:42 open_ai.py:115] async_send_request:request._id=138,session=44,127.0.0.1:8000
DEBUG 08-14 23:17:42 metrics_store.py:131] update_metrics:request_id=161
DEBUG 08-14 23:17:42 shared.py:180] Removed task for request 240 on 127.0.0.1:8001
DEBUG 08-14 23:17:42 shared.py:180] Removed task for request 161 on 127.0.0.1:8000
DEBUG 08-14 23:17:42 replica.py:171] complete_request_decode:num_saved_toekens=64
DEBUG 08-14 23:17:42 open_ai.py:452] good request:127.0.0.1:8001:good,request._id=253,input=367,output=57
DEBUG 08-14 23:17:42 replica.py:171] complete_request_decode:num_saved_toekens=96
DEBUG 08-14 23:17:42 open_ai.py:452] good request:127.0.0.1:8001:good,request._id=246,input=407,output=101
DEBUG 08-14 23:17:42 replica.py:171] complete_request_decode:num_saved_toekens=160
DEBUG 08-14 23:17:42 open_ai.py:452] good request:https://u722127-b80a-4e3f9d5d.cqa1.seetacloud.com:8443:good,request._id=234,input=541,output=148
DEBUG 08-14 23:17:42 open_ai.py:335] async_send_request: request finish prefill, 269
INFO 08-14 23:17:42 open_ai.py:352] async_send_request: prefill completed: req=269,replica_id=3
DEBUG 08-14 23:17:42 replica.py:146] complete_request_prefill: replica_id=[3], request=269, current_budget=274,last_prefill_completed_at=30614671.143217053,last_ttft=7.6816
DEBUG 08-14 23:17:42 replica.py:153] complete_request_prefill - replica_id=[3], request=269,self.replica_slo_budget-sum_pending_tokens==current_budget:True,1048576-668==1047908
INFO 08-14 23:17:43 shared.py:299] Adding task for request 281 to replica 1,session_id=11
DEBUG 08-14 23:17:43 replica.py:226] add_request - replica_id=[1], request=281,self.replica_slo_budget-sum_pending_tokens==current_budget:True,1048576-1604==1046972
INFO 08-14 23:17:43 shared.py:299] Adding task for request 282 to replica 1,session_id=149
DEBUG 08-14 23:17:43 replica.py:226] add_request - replica_id=[1], request=282,self.replica_slo_budget-sum_pending_tokens==current_budget:True,1048576-1950==1046626
INFO 08-14 23:17:43 shared.py:299] Adding task for request 283 to replica 0,session_id=150
DEBUG 08-14 23:17:43 replica.py:226] add_request - replica_id=[0], request=283,self.replica_slo_budget-sum_pending_tokens==current_budget:True,1048576-1557==1047019
INFO 08-14 23:17:43 shared.py:299] Adding task for request 183 to replica 0,session_id=56
DEBUG 08-14 23:17:43 replica.py:226] add_request - replica_id=[0], request=183,self.replica_slo_budget-sum_pending_tokens==current_budget:True,1048576-1705==1046871
INFO 08-14 23:17:43 shared.py:299] Adding task for request 284 to replica 1,session_id=151
DEBUG 08-14 23:17:43 replica.py:226] add_request - replica_id=[1], request=284,self.replica_slo_budget-sum_pending_tokens==current_budget:True,1048576-2298==1046278
INFO 08-14 23:17:43 shared.py:299] Adding task for request 185 to replica 1,session_id=60
DEBUG 08-14 23:17:43 replica.py:226] add_request - replica_id=[1], request=185,self.replica_slo_budget-sum_pending_tokens==current_budget:True,1048576-2444==1046132
INFO 08-14 23:17:43 shared.py:299] Adding task for request 187 to replica 2,session_id=56
DEBUG 08-14 23:17:43 replica.py:226] add_request - replica_id=[2], request=187,self.replica_slo_budget-sum_pending_tokens==current_budget:True,1048576-1268==1047308
INFO 08-14 23:17:43 shared.py:299] Adding task for request 191 to replica 0,session_id=48
DEBUG 08-14 23:17:43 replica.py:226] add_request - replica_id=[0], request=191,self.replica_slo_budget-sum_pending_tokens==current_budget:True,1048576-1861==1046715
INFO 08-14 23:17:43 shared.py:299] Adding task for request 192 to replica 2,session_id=48
DEBUG 08-14 23:17:43 replica.py:226] add_request - replica_id=[2], request=192,self.replica_slo_budget-sum_pending_tokens==current_budget:True,1048576-1424==1047152
INFO 08-14 23:17:43 shared.py:299] Adding task for request 190 to replica 3,session_id=48
DEBUG 08-14 23:17:43 replica.py:226] add_request - replica_id=[3], request=190,self.replica_slo_budget-sum_pending_tokens==current_budget:True,1048576-822==1047754
INFO 08-14 23:17:43 shared.py:299] Adding task for request 286 to replica 4,session_id=153
DEBUG 08-14 23:17:43 replica.py:226] add_request - replica_id=[4], request=286,self.replica_slo_budget-sum_pending_tokens==current_budget:True,1048576-808==1047768
INFO 08-14 23:17:43 shared.py:299] Adding task for request 196 to replica 1,session_id=64
DEBUG 08-14 23:17:43 replica.py:226] add_request - replica_id=[1], request=196,self.replica_slo_budget-sum_pending_tokens==current_budget:True,1048576-2600==1045976
INFO 08-14 23:17:43 shared.py:299] Adding task for request 287 to replica 4,session_id=154
DEBUG 08-14 23:17:43 replica.py:226] add_request - replica_id=[4], request=287,self.replica_slo_budget-sum_pending_tokens==current_budget:True,1048576-1162==1047414
INFO 08-14 23:17:43 shared.py:299] Adding task for request 288 to replica 4,session_id=155
DEBUG 08-14 23:17:43 replica.py:226] add_request - replica_id=[4], request=288,self.replica_slo_budget-sum_pending_tokens==current_budget:True,1048576-1527==1047049
INFO 08-14 23:17:43 open_ai.py:115] async_send_request:request._id=281,session=11,127.0.0.1:8001
INFO 08-14 23:17:43 open_ai.py:115] async_send_request:request._id=282,session=149,127.0.0.1:8001
INFO 08-14 23:17:43 open_ai.py:115] async_send_request:request._id=283,session=150,127.0.0.1:8000
INFO 08-14 23:17:43 open_ai.py:115] async_send_request:request._id=183,session=56,127.0.0.1:8000
INFO 08-14 23:17:43 open_ai.py:115] async_send_request:request._id=284,session=151,127.0.0.1:8001
INFO 08-14 23:17:43 open_ai.py:115] async_send_request:request._id=185,session=60,127.0.0.1:8001
INFO 08-14 23:17:43 open_ai.py:115] async_send_request:request._id=187,session=56,https://u722127-b80a-4e3f9d5d.cqa1.seetacloud.com:8443
INFO 08-14 23:17:43 open_ai.py:115] async_send_request:request._id=191,session=48,127.0.0.1:8000
INFO 08-14 23:17:43 open_ai.py:115] async_send_request:request._id=192,session=48,https://u722127-b80a-4e3f9d5d.cqa1.seetacloud.com:8443
INFO 08-14 23:17:43 open_ai.py:115] async_send_request:request._id=190,session=48,https://uu722127-b80a-4e3f9d5d.cqa1.seetacloud.com:8443
INFO 08-14 23:17:43 open_ai.py:115] async_send_request:request._id=286,session=153,https://u722127-8cb5-f6dc13db.nmb1.seetacloud.com:8443
INFO 08-14 23:17:43 open_ai.py:115] async_send_request:request._id=196,session=64,127.0.0.1:8001
INFO 08-14 23:17:43 open_ai.py:115] async_send_request:request._id=287,session=154,https://u722127-8cb5-f6dc13db.nmb1.seetacloud.com:8443
INFO 08-14 23:17:43 open_ai.py:115] async_send_request:request._id=288,session=155,https://u722127-8cb5-f6dc13db.nmb1.seetacloud.com:8443
DEBUG 08-14 23:17:43 replica.py:171] complete_request_decode:num_saved_toekens=432
DEBUG 08-14 23:17:43 open_ai.py:452] good request:https://u722127-b80a-4e3f9d5d.cqa1.seetacloud.com:8443:good,request._id=169,input=152,output=429
DEBUG 08-14 23:17:43 open_ai.py:335] async_send_request: request finish prefill, 42
INFO 08-14 23:17:43 open_ai.py:352] async_send_request: prefill completed: req=42,replica_id=2
DEBUG 08-14 23:17:43 replica.py:146] complete_request_prefill: replica_id=[2], request=42, current_budget=146,last_prefill_completed_at=30614671.309658475,last_ttft=8.8389
DEBUG 08-14 23:17:43 replica.py:153] complete_request_prefill - replica_id=[2], request=42,self.replica_slo_budget-sum_pending_tokens==current_budget:True,1048576-1278==1047298
DEBUG 08-14 23:17:43 open_ai.py:335] async_send_request: request finish prefill, 268
INFO 08-14 23:17:43 open_ai.py:352] async_send_request: prefill completed: req=268,replica_id=2
DEBUG 08-14 23:17:43 replica.py:146] complete_request_prefill: replica_id=[2], request=268, current_budget=166,last_prefill_completed_at=30614671.330909096,last_ttft=7.8699
DEBUG 08-14 23:17:43 replica.py:153] complete_request_prefill - replica_id=[2], request=268,self.replica_slo_budget-sum_pending_tokens==current_budget:True,1048576-1112==1047464
DEBUG 08-14 23:17:43 replica.py:171] complete_request_decode:num_saved_toekens=48
DEBUG 08-14 23:17:43 open_ai.py:452] good request:https://u722127-8cb5-f6dc13db.nmb1.seetacloud.com:8443:good,request._id=259,input=345,output=45
DEBUG 08-14 23:17:43 replica.py:171] complete_request_decode:num_saved_toekens=576
DEBUG 08-14 23:17:43 metrics_store.py:131] update_metrics:request_id=126
DEBUG 08-14 23:17:43 shared.py:180] Removed task for request 126 on 127.0.0.1:8000
INFO 08-14 23:17:43 shared.py:299] Adding task for request 232 to replica 0,session_id=72
DEBUG 08-14 23:17:43 replica.py:226] add_request - replica_id=[0], request=232,self.replica_slo_budget-sum_pending_tokens==current_budget:True,1048576-2011==1046565
INFO 08-14 23:17:43 shared.py:299] Adding task for request 236 to replica 3,session_id=68
DEBUG 08-14 23:17:43 replica.py:226] add_request - replica_id=[3], request=236,self.replica_slo_budget-sum_pending_tokens==current_budget:True,1048576-972==1047604
INFO 08-14 23:17:43 shared.py:299] Adding task for request 237 to replica 4,session_id=68
DEBUG 08-14 23:17:43 replica.py:226] add_request - replica_id=[4], request=237,self.replica_slo_budget-sum_pending_tokens==current_budget:True,1048576-1679==1046897
INFO 08-14 23:17:43 open_ai.py:115] async_send_request:request._id=232,session=72,127.0.0.1:8000
INFO 08-14 23:17:43 open_ai.py:115] async_send_request:request._id=236,session=68,https://uu722127-b80a-4e3f9d5d.cqa1.seetacloud.com:8443
INFO 08-14 23:17:43 open_ai.py:115] async_send_request:request._id=237,session=68,https://u722127-8cb5-f6dc13db.nmb1.seetacloud.com:8443
DEBUG 08-14 23:17:43 metrics_store.py:131] update_metrics:request_id=193
DEBUG 08-14 23:17:43 shared.py:180] Removed task for request 193 on https://uu722127-b80a-4e3f9d5d.cqa1.seetacloud.com:8443
INFO 08-14 23:17:43 shared.py:299] Adding task for request 245 to replica 3,session_id=76
DEBUG 08-14 23:17:43 replica.py:226] add_request - replica_id=[3], request=245,self.replica_slo_budget-sum_pending_tokens==current_budget:True,1048576-1114==1047462
INFO 08-14 23:17:43 open_ai.py:115] async_send_request:request._id=245,session=76,https://uu722127-b80a-4e3f9d5d.cqa1.seetacloud.com:8443
DEBUG 08-14 23:17:43 replica.py:171] complete_request_decode:num_saved_toekens=464
DEBUG 08-14 23:17:43 open_ai.py:452] good request:https://uu722127-b80a-4e3f9d5d.cqa1.seetacloud.com:8443:good,request._id=152,input=148,output=468
DEBUG 08-14 23:17:43 metrics_store.py:131] update_metrics:request_id=253
DEBUG 08-14 23:17:43 metrics_store.py:131] update_metrics:request_id=246
DEBUG 08-14 23:17:43 metrics_store.py:131] update_metrics:request_id=234
DEBUG 08-14 23:17:43 shared.py:180] Removed task for request 253 on 127.0.0.1:8001
DEBUG 08-14 23:17:43 shared.py:180] Removed task for request 246 on 127.0.0.1:8001
DEBUG 08-14 23:17:43 shared.py:180] Removed task for request 234 on https://u722127-b80a-4e3f9d5d.cqa1.seetacloud.com:8443
INFO 08-14 23:17:43 shared.py:299] Adding task for request 256 to replica 1,session_id=84
DEBUG 08-14 23:17:43 replica.py:226] add_request - replica_id=[1], request=256,self.replica_slo_budget-sum_pending_tokens==current_budget:True,1048576-2748==1045828
INFO 08-14 23:17:43 shared.py:299] Adding task for request 255 to replica 2,session_id=52
DEBUG 08-14 23:17:43 replica.py:226] add_request - replica_id=[2], request=255,self.replica_slo_budget-sum_pending_tokens==current_budget:True,1048576-1278==1047298
INFO 08-14 23:17:43 open_ai.py:115] async_send_request:request._id=256,session=84,127.0.0.1:8001
INFO 08-14 23:17:43 open_ai.py:115] async_send_request:request._id=255,session=52,https://u722127-b80a-4e3f9d5d.cqa1.seetacloud.com:8443
DEBUG 08-14 23:17:43 open_ai.py:335] async_send_request: request finish prefill, 270
INFO 08-14 23:17:43 open_ai.py:352] async_send_request: prefill completed: req=270,replica_id=4
DEBUG 08-14 23:17:43 replica.py:146] complete_request_prefill: replica_id=[4], request=270, current_budget=150,last_prefill_completed_at=30614671.44744934,last_ttft=7.9849
DEBUG 08-14 23:17:43 replica.py:153] complete_request_prefill - replica_id=[4], request=270,self.replica_slo_budget-sum_pending_tokens==current_budget:True,1048576-1529==1047047
DEBUG 08-14 23:17:43 open_ai.py:335] async_send_request: request finish prefill, 276
INFO 08-14 23:17:43 open_ai.py:352] async_send_request: prefill completed: req=276,replica_id=1
DEBUG 08-14 23:17:43 replica.py:146] complete_request_prefill: replica_id=[1], request=276, current_budget=164,last_prefill_completed_at=30614671.45289334,last_ttft=7.9709
DEBUG 08-14 23:17:43 replica.py:153] complete_request_prefill - replica_id=[1], request=276,self.replica_slo_budget-sum_pending_tokens==current_budget:True,1048576-2584==1045992
DEBUG 08-14 23:17:43 open_ai.py:335] async_send_request: request finish prefill, 275
INFO 08-14 23:17:43 open_ai.py:352] async_send_request: prefill completed: req=275,replica_id=1
DEBUG 08-14 23:17:43 replica.py:146] complete_request_prefill: replica_id=[1], request=275, current_budget=352,last_prefill_completed_at=30614671.458301056,last_ttft=7.9795
DEBUG 08-14 23:17:43 replica.py:153] complete_request_prefill - replica_id=[1], request=275,self.replica_slo_budget-sum_pending_tokens==current_budget:True,1048576-2232==1046344
DEBUG 08-14 23:17:43 open_ai.py:335] async_send_request: request finish prefill, 95
INFO 08-14 23:17:43 open_ai.py:352] async_send_request: prefill completed: req=95,replica_id=1
DEBUG 08-14 23:17:43 replica.py:146] complete_request_prefill: replica_id=[1], request=95, current_budget=150,last_prefill_completed_at=30614671.469429992,last_ttft=8.6929
DEBUG 08-14 23:17:43 replica.py:153] complete_request_prefill - replica_id=[1], request=95,self.replica_slo_budget-sum_pending_tokens==current_budget:True,1048576-2082==1046494
DEBUG 08-14 23:17:43 replica.py:171] complete_request_decode:num_saved_toekens=144
DEBUG 08-14 23:17:43 open_ai.py:452] good request:https://u722127-8cb5-f6dc13db.nmb1.seetacloud.com:8443:good,request._id=211,input=440,output=143
DEBUG 08-14 23:17:43 open_ai.py:335] async_send_request: request finish prefill, 273
INFO 08-14 23:17:43 open_ai.py:352] async_send_request: prefill completed: req=273,replica_id=0
DEBUG 08-14 23:17:43 replica.py:146] complete_request_prefill: replica_id=[0], request=273, current_budget=350,last_prefill_completed_at=30614671.48093311,last_ttft=8.0053
DEBUG 08-14 23:17:43 replica.py:153] complete_request_prefill - replica_id=[0], request=273,self.replica_slo_budget-sum_pending_tokens==current_budget:True,1048576-1661==1046915
INFO 08-14 23:17:43 shared.py:299] Adding task for request 277 to replica 0,session_id=80
DEBUG 08-14 23:17:43 replica.py:226] add_request - replica_id=[0], request=277,self.replica_slo_budget-sum_pending_tokens==current_budget:True,1048576-1817==1046759
DEBUG 08-14 23:17:43 open_ai.py:335] async_send_request: request finish prefill, 274
INFO 08-14 23:17:43 open_ai.py:352] async_send_request: prefill completed: req=274,replica_id=0
DEBUG 08-14 23:17:43 replica.py:146] complete_request_prefill: replica_id=[0], request=274, current_budget=158,last_prefill_completed_at=30614671.486159068,last_ttft=8.0098
DEBUG 08-14 23:17:43 replica.py:153] complete_request_prefill - replica_id=[0], request=274,self.replica_slo_budget-sum_pending_tokens==current_budget:True,1048576-1659==1046917
INFO 08-14 23:17:43 shared.py:299] Adding task for request 279 to replica 3,session_id=148
DEBUG 08-14 23:17:43 replica.py:226] add_request - replica_id=[3], request=279,self.replica_slo_budget-sum_pending_tokens==current_budget:True,1048576-1460==1047116
DEBUG 08-14 23:17:43 open_ai.py:335] async_send_request: request finish prefill, 272
INFO 08-14 23:17:43 open_ai.py:352] async_send_request: prefill completed: req=272,replica_id=0
DEBUG 08-14 23:17:43 replica.py:146] complete_request_prefill: replica_id=[0], request=272, current_budget=378,last_prefill_completed_at=30614671.490682125,last_ttft=8.0181
DEBUG 08-14 23:17:43 replica.py:153] complete_request_prefill - replica_id=[0], request=272,self.replica_slo_budget-sum_pending_tokens==current_budget:True,1048576-1281==1047295
DEBUG 08-14 23:17:43 open_ai.py:335] async_send_request: request finish prefill, 73
INFO 08-14 23:17:43 open_ai.py:352] async_send_request: prefill completed: req=73,replica_id=4
DEBUG 08-14 23:17:43 replica.py:146] complete_request_prefill: replica_id=[4], request=73, current_budget=152,last_prefill_completed_at=30614671.494543962,last_ttft=8.815
DEBUG 08-14 23:17:43 replica.py:153] complete_request_prefill - replica_id=[4], request=73,self.replica_slo_budget-sum_pending_tokens==current_budget:True,1048576-1377==1047199
DEBUG 08-14 23:17:43 open_ai.py:335] async_send_request: request finish prefill, 93
INFO 08-14 23:17:43 open_ai.py:352] async_send_request: prefill completed: req=93,replica_id=0
DEBUG 08-14 23:17:43 replica.py:146] complete_request_prefill: replica_id=[0], request=93, current_budget=158,last_prefill_completed_at=30614671.49793342,last_ttft=8.7327
DEBUG 08-14 23:17:43 replica.py:153] complete_request_prefill - replica_id=[0], request=93,self.replica_slo_budget-sum_pending_tokens==current_budget:True,1048576-1123==1047453
INFO 08-14 23:17:43 open_ai.py:115] async_send_request:request._id=277,session=80,127.0.0.1:8000
INFO 08-14 23:17:43 open_ai.py:115] async_send_request:request._id=279,session=148,https://uu722127-b80a-4e3f9d5d.cqa1.seetacloud.com:8443
DEBUG 08-14 23:17:43 open_ai.py:335] async_send_request: request finish prefill, 133
INFO 08-14 23:17:43 open_ai.py:352] async_send_request: prefill completed: req=133,replica_id=4
DEBUG 08-14 23:17:43 replica.py:146] complete_request_prefill: replica_id=[4], request=133, current_budget=162,last_prefill_completed_at=30614671.502270155,last_ttft=8.5226
DEBUG 08-14 23:17:43 replica.py:153] complete_request_prefill - replica_id=[4], request=133,self.replica_slo_budget-sum_pending_tokens==current_budget:True,1048576-1215==1047361
INFO 08-14 23:17:43 shared.py:299] Adding task for request 285 to replica 3,session_id=152
DEBUG 08-14 23:17:43 replica.py:226] add_request - replica_id=[3], request=285,self.replica_slo_budget-sum_pending_tokens==current_budget:True,1048576-1815==1046761
INFO 08-14 23:17:43 shared.py:299] Adding task for request 289 to replica 3,session_id=156
DEBUG 08-14 23:17:43 replica.py:226] add_request - replica_id=[3], request=289,self.replica_slo_budget-sum_pending_tokens==current_budget:True,1048576-2160==1046416
INFO 08-14 23:17:43 shared.py:299] Adding task for request 290 to replica 3,session_id=92
DEBUG 08-14 23:17:43 replica.py:226] add_request - replica_id=[3], request=290,self.replica_slo_budget-sum_pending_tokens==current_budget:True,1048576-2320==1046256
INFO 08-14 23:17:43 shared.py:299] Adding task for request 291 to replica 2,session_id=157
DEBUG 08-14 23:17:43 replica.py:226] add_request - replica_id=[2], request=291,self.replica_slo_budget-sum_pending_tokens==current_budget:True,1048576-1630==1046946
INFO 08-14 23:17:43 shared.py:299] Adding task for request 292 to replica 4,session_id=158
DEBUG 08-14 23:17:43 replica.py:226] add_request - replica_id=[4], request=292,self.replica_slo_budget-sum_pending_tokens==current_budget:True,1048576-1855==1046721
INFO 08-14 23:17:43 shared.py:299] Adding task for request 293 to replica 4,session_id=159
DEBUG 08-14 23:17:43 replica.py:226] add_request - replica_id=[4], request=293,self.replica_slo_budget-sum_pending_tokens==current_budget:True,1048576-2203==1046373
INFO 08-14 23:17:43 shared.py:299] Adding task for request 294 to replica 2,session_id=78
DEBUG 08-14 23:17:43 replica.py:226] add_request - replica_id=[2], request=294,self.replica_slo_budget-sum_pending_tokens==current_budget:True,1048576-1812==1046764
INFO 08-14 23:17:43 shared.py:299] Adding task for request 295 to replica 1,session_id=78
DEBUG 08-14 23:17:43 replica.py:226] add_request - replica_id=[1], request=295,self.replica_slo_budget-sum_pending_tokens==current_budget:True,1048576-2254==1046322
INFO 08-14 23:17:43 shared.py:299] Adding task for request 296 to replica 0,session_id=78
DEBUG 08-14 23:17:43 replica.py:226] add_request - replica_id=[0], request=296,self.replica_slo_budget-sum_pending_tokens==current_budget:True,1048576-1273==1047303
INFO 08-14 23:17:43 open_ai.py:115] async_send_request:request._id=285,session=152,https://uu722127-b80a-4e3f9d5d.cqa1.seetacloud.com:8443
DEBUG 08-14 23:17:43 open_ai.py:335] async_send_request: request finish prefill, 138
INFO 08-14 23:17:43 open_ai.py:352] async_send_request: prefill completed: req=138,replica_id=0
DEBUG 08-14 23:17:43 replica.py:146] complete_request_prefill: replica_id=[0], request=138, current_budget=146,last_prefill_completed_at=30614671.555035263,last_ttft=8.516
DEBUG 08-14 23:17:43 replica.py:153] complete_request_prefill - replica_id=[0], request=138,self.replica_slo_budget-sum_pending_tokens==current_budget:True,1048576-1127==1047449
INFO 08-14 23:17:43 open_ai.py:115] async_send_request:request._id=289,session=156,https://uu722127-b80a-4e3f9d5d.cqa1.seetacloud.com:8443
INFO 08-14 23:17:43 open_ai.py:115] async_send_request:request._id=290,session=92,https://uu722127-b80a-4e3f9d5d.cqa1.seetacloud.com:8443
INFO 08-14 23:17:43 open_ai.py:115] async_send_request:request._id=291,session=157,https://u722127-b80a-4e3f9d5d.cqa1.seetacloud.com:8443
INFO 08-14 23:17:43 open_ai.py:115] async_send_request:request._id=292,session=158,https://u722127-8cb5-f6dc13db.nmb1.seetacloud.com:8443
INFO 08-14 23:17:43 open_ai.py:115] async_send_request:request._id=293,session=159,https://u722127-8cb5-f6dc13db.nmb1.seetacloud.com:8443
INFO 08-14 23:17:43 open_ai.py:115] async_send_request:request._id=294,session=78,https://u722127-b80a-4e3f9d5d.cqa1.seetacloud.com:8443
INFO 08-14 23:17:43 open_ai.py:115] async_send_request:request._id=295,session=78,127.0.0.1:8001
INFO 08-14 23:17:43 open_ai.py:115] async_send_request:request._id=296,session=78,127.0.0.1:8000
DEBUG 08-14 23:17:43 open_ai.py:335] async_send_request: request finish prefill, 62
INFO 08-14 23:17:43 open_ai.py:352] async_send_request: prefill completed: req=62,replica_id=3
DEBUG 08-14 23:17:43 replica.py:146] complete_request_prefill: replica_id=[3], request=62, current_budget=162,last_prefill_completed_at=30614671.567989327,last_ttft=8.9329
DEBUG 08-14 23:17:43 replica.py:153] complete_request_prefill - replica_id=[3], request=62,self.replica_slo_budget-sum_pending_tokens==current_budget:True,1048576-2158==1046418
INFO 08-14 23:17:43 shared.py:299] Adding task for request 299 to replica 4,session_id=31
DEBUG 08-14 23:17:43 replica.py:226] add_request - replica_id=[4], request=299,self.replica_slo_budget-sum_pending_tokens==current_budget:True,1048576-2973==1045603
DEBUG 08-14 23:17:43 open_ai.py:335] async_send_request: request finish prefill, 92
INFO 08-14 23:17:43 open_ai.py:352] async_send_request: prefill completed: req=92,replica_id=3
DEBUG 08-14 23:17:43 replica.py:146] complete_request_prefill: replica_id=[3], request=92, current_budget=154,last_prefill_completed_at=30614671.5717964,last_ttft=8.8075
DEBUG 08-14 23:17:43 replica.py:153] complete_request_prefill - replica_id=[3], request=92,self.replica_slo_budget-sum_pending_tokens==current_budget:True,1048576-2004==1046572
INFO 08-14 23:17:43 open_ai.py:115] async_send_request:request._id=299,session=31,https://u722127-8cb5-f6dc13db.nmb1.seetacloud.com:8443
DEBUG 08-14 23:17:43 replica.py:171] complete_request_decode:num_saved_toekens=464
DEBUG 08-14 23:17:43 open_ai.py:452] good request:127.0.0.1:8000:good,request._id=64,input=158,output=460
DEBUG 08-14 23:17:43 open_ai.py:335] async_send_request: request finish prefill, 79
INFO 08-14 23:17:43 open_ai.py:352] async_send_request: prefill completed: req=79,replica_id=2
DEBUG 08-14 23:17:43 replica.py:146] complete_request_prefill: replica_id=[2], request=79, current_budget=150,last_prefill_completed_at=30614671.579600696,last_ttft=8.8722
DEBUG 08-14 23:17:43 replica.py:153] complete_request_prefill - replica_id=[2], request=79,self.replica_slo_budget-sum_pending_tokens==current_budget:True,1048576-1662==1046914
DEBUG 08-14 23:17:43 open_ai.py:335] async_send_request: request finish prefill, 115
INFO 08-14 23:17:43 open_ai.py:352] async_send_request: prefill completed: req=115,replica_id=3
DEBUG 08-14 23:17:43 replica.py:146] complete_request_prefill: replica_id=[3], request=115, current_budget=184,last_prefill_completed_at=30614671.582159594,last_ttft=8.6893
DEBUG 08-14 23:17:43 replica.py:153] complete_request_prefill - replica_id=[3], request=115,self.replica_slo_budget-sum_pending_tokens==current_budget:True,1048576-1820==1046756
DEBUG 08-14 23:17:43 open_ai.py:335] async_send_request: request finish prefill, 94
INFO 08-14 23:17:43 open_ai.py:352] async_send_request: prefill completed: req=94,replica_id=2
DEBUG 08-14 23:17:43 replica.py:146] complete_request_prefill: replica_id=[2], request=94, current_budget=174,last_prefill_completed_at=30614671.58553641,last_ttft=8.8197
DEBUG 08-14 23:17:43 replica.py:153] complete_request_prefill - replica_id=[2], request=94,self.replica_slo_budget-sum_pending_tokens==current_budget:True,1048576-1488==1047088
DEBUG 08-14 23:17:43 open_ai.py:335] async_send_request: request finish prefill, 61
INFO 08-14 23:17:43 open_ai.py:352] async_send_request: prefill completed: req=61,replica_id=2
DEBUG 08-14 23:17:43 replica.py:146] complete_request_prefill: replica_id=[2], request=61, current_budget=158,last_prefill_completed_at=30614671.588658065,last_ttft=8.9544
DEBUG 08-14 23:17:43 replica.py:153] complete_request_prefill - replica_id=[2], request=61,self.replica_slo_budget-sum_pending_tokens==current_budget:True,1048576-1330==1047246
DEBUG 08-14 23:17:43 open_ai.py:335] async_send_request: request finish prefill, 271
INFO 08-14 23:17:43 open_ai.py:352] async_send_request: prefill completed: req=271,replica_id=2
DEBUG 08-14 23:17:43 replica.py:146] complete_request_prefill: replica_id=[2], request=271, current_budget=154,last_prefill_completed_at=30614671.59105987,last_ttft=8.1281
DEBUG 08-14 23:17:43 replica.py:153] complete_request_prefill - replica_id=[2], request=271,self.replica_slo_budget-sum_pending_tokens==current_budget:True,1048576-1176==1047400
DEBUG 08-14 23:17:43 open_ai.py:335] async_send_request: request finish prefill, 117
INFO 08-14 23:17:43 open_ai.py:352] async_send_request: prefill completed: req=117,replica_id=3
DEBUG 08-14 23:17:43 replica.py:146] complete_request_prefill: replica_id=[3], request=117, current_budget=168,last_prefill_completed_at=30614671.594863873,last_ttft=8.7013
DEBUG 08-14 23:17:43 replica.py:153] complete_request_prefill - replica_id=[3], request=117,self.replica_slo_budget-sum_pending_tokens==current_budget:True,1048576-1652==1046924
DEBUG 08-14 23:17:43 open_ai.py:335] async_send_request: request finish prefill, 116
INFO 08-14 23:17:43 open_ai.py:352] async_send_request: prefill completed: req=116,replica_id=2
DEBUG 08-14 23:17:43 replica.py:146] complete_request_prefill: replica_id=[2], request=116, current_budget=176,last_prefill_completed_at=30614671.59809161,last_ttft=8.7048
DEBUG 08-14 23:17:43 replica.py:153] complete_request_prefill - replica_id=[2], request=116,self.replica_slo_budget-sum_pending_tokens==current_budget:True,1048576-1000==1047576
DEBUG 08-14 23:17:43 replica.py:171] complete_request_decode:num_saved_toekens=624
DEBUG 08-14 23:17:43 open_ai.py:452] good request:https://u722127-b80a-4e3f9d5d.cqa1.seetacloud.com:8443:good,request._id=78,input=164,output=626
DEBUG 08-14 23:17:43 metrics_store.py:131] update_metrics:request_id=169
DEBUG 08-14 23:17:43 metrics_store.py:131] update_metrics:request_id=259
DEBUG 08-14 23:17:43 shared.py:180] Removed task for request 169 on https://u722127-b80a-4e3f9d5d.cqa1.seetacloud.com:8443
DEBUG 08-14 23:17:43 shared.py:180] Removed task for request 259 on https://u722127-8cb5-f6dc13db.nmb1.seetacloud.com:8443
DEBUG 08-14 23:17:43 replica.py:171] complete_request_decode:num_saved_toekens=48
DEBUG 08-14 23:17:43 open_ai.py:452] good request:https://u722127-8cb5-f6dc13db.nmb1.seetacloud.com:8443:good,request._id=251,input=353,output=60
DEBUG 08-14 23:17:43 open_ai.py:452] good request:https://uu722127-b80a-4e3f9d5d.cqa1.seetacloud.com:8443:good,request._id=100,input=144,output=578
DEBUG 08-14 23:17:43 metrics_store.py:131] update_metrics:request_id=152
DEBUG 08-14 23:17:43 shared.py:180] Removed task for request 152 on https://uu722127-b80a-4e3f9d5d.cqa1.seetacloud.com:8443
DEBUG 08-14 23:17:43 metrics_store.py:131] update_metrics:request_id=211
DEBUG 08-14 23:17:43 shared.py:180] Removed task for request 211 on https://u722127-8cb5-f6dc13db.nmb1.seetacloud.com:8443
DEBUG 08-14 23:17:43 open_ai.py:335] async_send_request: request finish prefill, 281
INFO 08-14 23:17:43 open_ai.py:352] async_send_request: prefill completed: req=281,replica_id=1
DEBUG 08-14 23:17:43 replica.py:146] complete_request_prefill: replica_id=[1], request=281, current_budget=938,last_prefill_completed_at=30614671.676732488,last_ttft=8.1871
DEBUG 08-14 23:17:43 replica.py:153] complete_request_prefill - replica_id=[1], request=281,self.replica_slo_budget-sum_pending_tokens==current_budget:True,1048576-1316==1047260
INFO 08-14 23:17:43 shared.py:299] Adding task for request 300 to replica 3,session_id=9
DEBUG 08-14 23:17:43 replica.py:226] add_request - replica_id=[3], request=300,self.replica_slo_budget-sum_pending_tokens==current_budget:True,1048576-3817==1044759
INFO 08-14 23:17:43 shared.py:299] Adding task for request 302 to replica 3,session_id=88
DEBUG 08-14 23:17:43 replica.py:226] add_request - replica_id=[3], request=302,self.replica_slo_budget-sum_pending_tokens==current_budget:True,1048576-3965==1044611
INFO 08-14 23:17:43 shared.py:299] Adding task for request 303 to replica 2,session_id=88
DEBUG 08-14 23:17:43 replica.py:226] add_request - replica_id=[2], request=303,self.replica_slo_budget-sum_pending_tokens==current_budget:True,1048576-1150==1047426
INFO 08-14 23:17:43 shared.py:299] Adding task for request 305 to replica 4,session_id=160
DEBUG 08-14 23:17:43 replica.py:226] add_request - replica_id=[4], request=305,self.replica_slo_budget-sum_pending_tokens==current_budget:True,1048576-3328==1045248
INFO 08-14 23:17:43 shared.py:299] Adding task for request 304 to replica 3,session_id=98
DEBUG 08-14 23:17:43 replica.py:226] add_request - replica_id=[3], request=304,self.replica_slo_budget-sum_pending_tokens==current_budget:True,1048576-4123==1044453
INFO 08-14 23:17:43 shared.py:299] Adding task for request 306 to replica 4,session_id=161
DEBUG 08-14 23:17:43 replica.py:226] add_request - replica_id=[4], request=306,self.replica_slo_budget-sum_pending_tokens==current_budget:True,1048576-3676==1044900
INFO 08-14 23:17:43 shared.py:299] Adding task for request 307 to replica 4,session_id=162
DEBUG 08-14 23:17:43 replica.py:226] add_request - replica_id=[4], request=307,self.replica_slo_budget-sum_pending_tokens==current_budget:True,1048576-4054==1044522
INFO 08-14 23:17:43 shared.py:299] Adding task for request 309 to replica 4,session_id=164
DEBUG 08-14 23:17:43 replica.py:226] add_request - replica_id=[4], request=309,self.replica_slo_budget-sum_pending_tokens==current_budget:True,1048576-4403==1044173
INFO 08-14 23:17:43 open_ai.py:115] async_send_request:request._id=300,session=9,https://uu722127-b80a-4e3f9d5d.cqa1.seetacloud.com:8443
INFO 08-14 23:17:43 open_ai.py:115] async_send_request:request._id=302,session=88,https://uu722127-b80a-4e3f9d5d.cqa1.seetacloud.com:8443
INFO 08-14 23:17:43 open_ai.py:115] async_send_request:request._id=303,session=88,https://u722127-b80a-4e3f9d5d.cqa1.seetacloud.com:8443
INFO 08-14 23:17:43 open_ai.py:115] async_send_request:request._id=305,session=160,https://u722127-8cb5-f6dc13db.nmb1.seetacloud.com:8443
INFO 08-14 23:17:43 open_ai.py:115] async_send_request:request._id=304,session=98,https://uu722127-b80a-4e3f9d5d.cqa1.seetacloud.com:8443
INFO 08-14 23:17:43 open_ai.py:115] async_send_request:request._id=306,session=161,https://u722127-8cb5-f6dc13db.nmb1.seetacloud.com:8443
INFO 08-14 23:17:43 open_ai.py:115] async_send_request:request._id=307,session=162,https://u722127-8cb5-f6dc13db.nmb1.seetacloud.com:8443
INFO 08-14 23:17:43 open_ai.py:115] async_send_request:request._id=309,session=164,https://u722127-8cb5-f6dc13db.nmb1.seetacloud.com:8443
INFO 08-14 23:17:43 shared.py:299] Adding task for request 308 to replica 4,session_id=163
DEBUG 08-14 23:17:43 replica.py:226] add_request - replica_id=[4], request=308,self.replica_slo_budget-sum_pending_tokens==current_budget:True,1048576-4763==1043813
DEBUG 08-14 23:17:43 open_ai.py:335] async_send_request: request finish prefill, 196
INFO 08-14 23:17:43 open_ai.py:352] async_send_request: prefill completed: req=196,replica_id=1
DEBUG 08-14 23:17:43 replica.py:146] complete_request_prefill: replica_id=[1], request=196, current_budget=156,last_prefill_completed_at=30614671.74186784,last_ttft=8.456
DEBUG 08-14 23:17:43 replica.py:153] complete_request_prefill - replica_id=[1], request=196,self.replica_slo_budget-sum_pending_tokens==current_budget:True,1048576-1160==1047416
DEBUG 08-14 23:17:43 open_ai.py:335] async_send_request: request finish prefill, 256
INFO 08-14 23:17:43 open_ai.py:352] async_send_request: prefill completed: req=256,replica_id=1
DEBUG 08-14 23:17:43 replica.py:146] complete_request_prefill: replica_id=[1], request=256, current_budget=148,last_prefill_completed_at=30614671.744785763,last_ttft=8.3097
DEBUG 08-14 23:17:43 replica.py:153] complete_request_prefill - replica_id=[1], request=256,self.replica_slo_budget-sum_pending_tokens==current_budget:True,1048576-1012==1047564
DEBUG 08-14 23:17:43 open_ai.py:335] async_send_request: request finish prefill, 191
INFO 08-14 23:17:43 open_ai.py:352] async_send_request: prefill completed: req=191,replica_id=0
DEBUG 08-14 23:17:43 replica.py:146] complete_request_prefill: replica_id=[0], request=191, current_budget=156,last_prefill_completed_at=30614671.74871212,last_ttft=8.4893
DEBUG 08-14 23:17:43 replica.py:153] complete_request_prefill - replica_id=[0], request=191,self.replica_slo_budget-sum_pending_tokens==current_budget:True,1048576-971==1047605
DEBUG 08-14 23:17:43 open_ai.py:335] async_send_request: request finish prefill, 183
INFO 08-14 23:17:43 open_ai.py:352] async_send_request: prefill completed: req=183,replica_id=0
DEBUG 08-14 23:17:43 replica.py:146] complete_request_prefill: replica_id=[0], request=183, current_budget=148,last_prefill_completed_at=30614671.751658343,last_ttft=8.5072
DEBUG 08-14 23:17:43 replica.py:153] complete_request_prefill - replica_id=[0], request=183,self.replica_slo_budget-sum_pending_tokens==current_budget:True,1048576-823==1047753
DEBUG 08-14 23:17:43 open_ai.py:335] async_send_request: request finish prefill, 283
INFO 08-14 23:17:43 open_ai.py:352] async_send_request: prefill completed: req=283,replica_id=0
DEBUG 08-14 23:17:43 replica.py:146] complete_request_prefill: replica_id=[0], request=283, current_budget=367,last_prefill_completed_at=30614671.756670967,last_ttft=8.2645
DEBUG 08-14 23:17:43 replica.py:153] complete_request_prefill - replica_id=[0], request=283,self.replica_slo_budget-sum_pending_tokens==current_budget:True,1048576-456==1048120
DEBUG 08-14 23:17:43 open_ai.py:335] async_send_request: request finish prefill, 277
INFO 08-14 23:17:43 open_ai.py:352] async_send_request: prefill completed: req=277,replica_id=0
DEBUG 08-14 23:17:43 replica.py:146] complete_request_prefill: replica_id=[0], request=277, current_budget=156,last_prefill_completed_at=30614671.763946287,last_ttft=8.2806
DEBUG 08-14 23:17:43 replica.py:153] complete_request_prefill - replica_id=[0], request=277,self.replica_slo_budget-sum_pending_tokens==current_budget:True,1048576-300==1048276
DEBUG 08-14 23:17:43 open_ai.py:335] async_send_request: request finish prefill, 286
INFO 08-14 23:17:43 open_ai.py:352] async_send_request: prefill completed: req=286,replica_id=4
DEBUG 08-14 23:17:43 replica.py:146] complete_request_prefill: replica_id=[4], request=286, current_budget=344,last_prefill_completed_at=30614671.768443502,last_ttft=8.2633
DEBUG 08-14 23:17:43 replica.py:153] complete_request_prefill - replica_id=[4], request=286,self.replica_slo_budget-sum_pending_tokens==current_budget:True,1048576-4419==1044157
DEBUG 08-14 23:17:43 open_ai.py:335] async_send_request: request finish prefill, 282
INFO 08-14 23:17:43 open_ai.py:352] async_send_request: prefill completed: req=282,replica_id=1
DEBUG 08-14 23:17:43 replica.py:146] complete_request_prefill: replica_id=[1], request=282, current_budget=346,last_prefill_completed_at=30614671.771327775,last_ttft=8.2807
DEBUG 08-14 23:17:43 replica.py:153] complete_request_prefill - replica_id=[1], request=282,self.replica_slo_budget-sum_pending_tokens==current_budget:True,1048576-666==1047910
DEBUG 08-14 23:17:43 open_ai.py:335] async_send_request: request finish prefill, 284
INFO 08-14 23:17:43 open_ai.py:352] async_send_request: prefill completed: req=284,replica_id=1
DEBUG 08-14 23:17:43 replica.py:146] complete_request_prefill: replica_id=[1], request=284, current_budget=348,last_prefill_completed_at=30614671.774144694,last_ttft=8.2801
DEBUG 08-14 23:17:43 replica.py:153] complete_request_prefill - replica_id=[1], request=284,self.replica_slo_budget-sum_pending_tokens==current_budget:True,1048576-318==1048258
DEBUG 08-14 23:17:43 open_ai.py:335] async_send_request: request finish prefill, 185
INFO 08-14 23:17:43 open_ai.py:352] async_send_request: prefill completed: req=185,replica_id=1
DEBUG 08-14 23:17:43 replica.py:146] complete_request_prefill: replica_id=[1], request=185, current_budget=146,last_prefill_completed_at=30614671.776914723,last_ttft=8.5319
DEBUG 08-14 23:17:43 replica.py:153] complete_request_prefill - replica_id=[1], request=185,self.replica_slo_budget-sum_pending_tokens==current_budget:True,1048576-172==1048404
DEBUG 08-14 23:17:43 open_ai.py:335] async_send_request: request finish prefill, 232
INFO 08-14 23:17:43 open_ai.py:352] async_send_request: prefill completed: req=232,replica_id=0
DEBUG 08-14 23:17:43 replica.py:146] complete_request_prefill: replica_id=[0], request=232, current_budget=150,last_prefill_completed_at=30614671.77971677,last_ttft=8.4202
DEBUG 08-14 23:17:43 replica.py:153] complete_request_prefill - replica_id=[0], request=232,self.replica_slo_budget-sum_pending_tokens==current_budget:True,1048576-150==1048426
DEBUG 08-14 23:17:43 replica.py:171] complete_request_decode:num_saved_toekens=64
INFO 08-14 23:17:43 open_ai.py:115] async_send_request:request._id=308,session=163,https://u722127-8cb5-f6dc13db.nmb1.seetacloud.com:8443
DEBUG 08-14 23:17:43 replica.py:171] complete_request_decode:num_saved_toekens=640
DEBUG 08-14 23:17:43 open_ai.py:452] good request:https://uu722127-b80a-4e3f9d5d.cqa1.seetacloud.com:8443:good,request._id=32,input=144,output=651
DEBUG 08-14 23:17:43 open_ai.py:335] async_send_request: request finish prefill, 187
INFO 08-14 23:17:43 open_ai.py:352] async_send_request: prefill completed: req=187,replica_id=2
DEBUG 08-14 23:17:43 replica.py:146] complete_request_prefill: replica_id=[2], request=187, current_budget=144,last_prefill_completed_at=30614671.799594425,last_ttft=8.5545
DEBUG 08-14 23:17:43 replica.py:153] complete_request_prefill - replica_id=[2], request=187,self.replica_slo_budget-sum_pending_tokens==current_budget:True,1048576-1006==1047570
DEBUG 08-14 23:17:43 open_ai.py:452] good request:https://u722127-b80a-4e3f9d5d.cqa1.seetacloud.com:8443:good,request._id=265,input=357,output=62
DEBUG 08-14 23:17:43 replica.py:171] complete_request_decode:num_saved_toekens=656
DEBUG 08-14 23:17:43 open_ai.py:452] good request:https://u722127-b80a-4e3f9d5d.cqa1.seetacloud.com:8443:good,request._id=68,input=160,output=658
DEBUG 08-14 23:17:43 open_ai.py:335] async_send_request: request finish prefill, 190
INFO 08-14 23:17:43 open_ai.py:352] async_send_request: prefill completed: req=190,replica_id=3
DEBUG 08-14 23:17:43 replica.py:146] complete_request_prefill: replica_id=[3], request=190, current_budget=154,last_prefill_completed_at=30614671.808310397,last_ttft=8.5496
DEBUG 08-14 23:17:43 replica.py:153] complete_request_prefill - replica_id=[3], request=190,self.replica_slo_budget-sum_pending_tokens==current_budget:True,1048576-3969==1044607
DEBUG 08-14 23:17:43 open_ai.py:335] async_send_request: request finish prefill, 192
INFO 08-14 23:17:43 open_ai.py:352] async_send_request: prefill completed: req=192,replica_id=2
DEBUG 08-14 23:17:43 replica.py:146] complete_request_prefill: replica_id=[2], request=192, current_budget=156,last_prefill_completed_at=30614671.811536435,last_ttft=8.5514
DEBUG 08-14 23:17:43 replica.py:153] complete_request_prefill - replica_id=[2], request=192,self.replica_slo_budget-sum_pending_tokens==current_budget:True,1048576-850==1047726
DEBUG 08-14 23:17:43 open_ai.py:335] async_send_request: request finish prefill, 288
INFO 08-14 23:17:43 open_ai.py:352] async_send_request: prefill completed: req=288,replica_id=4
DEBUG 08-14 23:17:43 replica.py:146] complete_request_prefill: replica_id=[4], request=288, current_budget=365,last_prefill_completed_at=30614671.814450286,last_ttft=8.3044
DEBUG 08-14 23:17:43 replica.py:153] complete_request_prefill - replica_id=[4], request=288,self.replica_slo_budget-sum_pending_tokens==current_budget:True,1048576-4054==1044522
DEBUG 08-14 23:17:43 open_ai.py:335] async_send_request: request finish prefill, 237
INFO 08-14 23:17:43 open_ai.py:352] async_send_request: prefill completed: req=237,replica_id=4
DEBUG 08-14 23:17:43 replica.py:146] complete_request_prefill: replica_id=[4], request=237, current_budget=152,last_prefill_completed_at=30614671.8173815,last_ttft=8.4471
DEBUG 08-14 23:17:43 replica.py:153] complete_request_prefill - replica_id=[4], request=237,self.replica_slo_budget-sum_pending_tokens==current_budget:True,1048576-3902==1044674
DEBUG 08-14 23:17:43 open_ai.py:335] async_send_request: request finish prefill, 287
INFO 08-14 23:17:43 open_ai.py:352] async_send_request: prefill completed: req=287,replica_id=4
DEBUG 08-14 23:17:43 replica.py:146] complete_request_prefill: replica_id=[4], request=287, current_budget=354,last_prefill_completed_at=30614671.820477877,last_ttft=8.3119
DEBUG 08-14 23:17:43 replica.py:153] complete_request_prefill - replica_id=[4], request=287,self.replica_slo_budget-sum_pending_tokens==current_budget:True,1048576-3548==1045028
DEBUG 08-14 23:17:43 open_ai.py:335] async_send_request: request finish prefill, 255
INFO 08-14 23:17:43 open_ai.py:352] async_send_request: prefill completed: req=255,replica_id=2
DEBUG 08-14 23:17:43 replica.py:146] complete_request_prefill: replica_id=[2], request=255, current_budget=166,last_prefill_completed_at=30614671.82728552,last_ttft=8.3924
DEBUG 08-14 23:17:43 replica.py:153] complete_request_prefill - replica_id=[2], request=255,self.replica_slo_budget-sum_pending_tokens==current_budget:True,1048576-684==1047892
DEBUG 08-14 23:17:43 open_ai.py:335] async_send_request: request finish prefill, 245
INFO 08-14 23:17:43 open_ai.py:352] async_send_request: prefill completed: req=245,replica_id=3
DEBUG 08-14 23:17:43 replica.py:146] complete_request_prefill: replica_id=[3], request=245, current_budget=142,last_prefill_completed_at=30614671.831007943,last_ttft=8.4376
DEBUG 08-14 23:17:43 replica.py:153] complete_request_prefill - replica_id=[3], request=245,self.replica_slo_budget-sum_pending_tokens==current_budget:True,1048576-3827==1044749
DEBUG 08-14 23:17:43 open_ai.py:335] async_send_request: request finish prefill, 236
INFO 08-14 23:17:43 open_ai.py:352] async_send_request: prefill completed: req=236,replica_id=3
DEBUG 08-14 23:17:43 replica.py:146] complete_request_prefill: replica_id=[3], request=236, current_budget=150,last_prefill_completed_at=30614671.834058326,last_ttft=8.4646
DEBUG 08-14 23:17:43 replica.py:153] complete_request_prefill - replica_id=[3], request=236,self.replica_slo_budget-sum_pending_tokens==current_budget:True,1048576-3677==1044899
DEBUG 08-14 23:17:43 replica.py:171] complete_request_decode:num_saved_toekens=64
DEBUG 08-14 23:17:43 open_ai.py:335] async_send_request: request finish prefill, 279
INFO 08-14 23:17:43 open_ai.py:352] async_send_request: prefill completed: req=279,replica_id=3
DEBUG 08-14 23:17:43 replica.py:146] complete_request_prefill: replica_id=[3], request=279, current_budget=346,last_prefill_completed_at=30614671.839944303,last_ttft=8.3534
DEBUG 08-14 23:17:43 replica.py:153] complete_request_prefill - replica_id=[3], request=279,self.replica_slo_budget-sum_pending_tokens==current_budget:True,1048576-3331==1045245
DEBUG 08-14 23:17:43 open_ai.py:335] async_send_request: request finish prefill, 285
INFO 08-14 23:17:43 open_ai.py:352] async_send_request: prefill completed: req=285,replica_id=3
DEBUG 08-14 23:17:43 replica.py:146] complete_request_prefill: replica_id=[3], request=285, current_budget=355,last_prefill_completed_at=30614671.843824353,last_ttft=8.3407
DEBUG 08-14 23:17:43 replica.py:153] complete_request_prefill - replica_id=[3], request=285,self.replica_slo_budget-sum_pending_tokens==current_budget:True,1048576-2976==1045600
DEBUG 08-14 23:17:43 metrics_store.py:131] update_metrics:request_id=64
DEBUG 08-14 23:17:43 metrics_store.py:131] update_metrics:request_id=78
DEBUG 08-14 23:17:43 metrics_store.py:131] update_metrics:request_id=251
DEBUG 08-14 23:17:43 shared.py:180] Removed task for request 64 on 127.0.0.1:8000
DEBUG 08-14 23:17:43 metrics_store.py:131] update_metrics:request_id=100
DEBUG 08-14 23:17:43 shared.py:180] Removed task for request 78 on https://u722127-b80a-4e3f9d5d.cqa1.seetacloud.com:8443
DEBUG 08-14 23:17:43 shared.py:180] Removed task for request 251 on https://u722127-8cb5-f6dc13db.nmb1.seetacloud.com:8443
DEBUG 08-14 23:17:43 shared.py:180] Removed task for request 100 on https://uu722127-b80a-4e3f9d5d.cqa1.seetacloud.com:8443
DEBUG 08-14 23:17:43 open_ai.py:335] async_send_request: request finish prefill, 289
INFO 08-14 23:17:43 open_ai.py:352] async_send_request: prefill completed: req=289,replica_id=3
DEBUG 08-14 23:17:43 replica.py:146] complete_request_prefill: replica_id=[3], request=289, current_budget=345,last_prefill_completed_at=30614671.894759707,last_ttft=8.3806
DEBUG 08-14 23:17:43 replica.py:153] complete_request_prefill - replica_id=[3], request=289,self.replica_slo_budget-sum_pending_tokens==current_budget:True,1048576-2631==1045945
INFO 08-14 23:17:43 shared.py:299] Adding task for request 310 to replica 2,session_id=165
DEBUG 08-14 23:17:43 replica.py:226] add_request - replica_id=[2], request=310,self.replica_slo_budget-sum_pending_tokens==current_budget:True,1048576-1053==1047523
INFO 08-14 23:17:43 shared.py:299] Adding task for request 312 to replica 0,session_id=100
DEBUG 08-14 23:17:43 replica.py:226] add_request - replica_id=[0], request=312,self.replica_slo_budget-sum_pending_tokens==current_budget:True,1048576-308==1048268
INFO 08-14 23:17:43 shared.py:299] Adding task for request 311 to replica 2,session_id=86
DEBUG 08-14 23:17:43 replica.py:226] add_request - replica_id=[2], request=311,self.replica_slo_budget-sum_pending_tokens==current_budget:True,1048576-1213==1047363
INFO 08-14 23:17:43 shared.py:299] Adding task for request 313 to replica 3,session_id=86
DEBUG 08-14 23:17:43 replica.py:226] add_request - replica_id=[3], request=313,self.replica_slo_budget-sum_pending_tokens==current_budget:True,1048576-2779==1045797
INFO 08-14 23:17:43 shared.py:299] Adding task for request 314 to replica 4,session_id=166
DEBUG 08-14 23:17:43 replica.py:226] add_request - replica_id=[4], request=314,self.replica_slo_budget-sum_pending_tokens==current_budget:True,1048576-3917==1044659
INFO 08-14 23:17:43 shared.py:299] Adding task for request 316 to replica 1,session_id=95
DEBUG 08-14 23:17:43 replica.py:226] add_request - replica_id=[1], request=316,self.replica_slo_budget-sum_pending_tokens==current_budget:True,1048576-354==1048222
INFO 08-14 23:17:43 shared.py:299] Adding task for request 317 to replica 4,session_id=167
DEBUG 08-14 23:17:43 replica.py:226] add_request - replica_id=[4], request=317,self.replica_slo_budget-sum_pending_tokens==current_budget:True,1048576-4260==1044316
INFO 08-14 23:17:43 shared.py:299] Adding task for request 319 to replica 4,session_id=4
DEBUG 08-14 23:17:43 replica.py:226] add_request - replica_id=[4], request=319,self.replica_slo_budget-sum_pending_tokens==current_budget:True,1048576-5298==1043278
DEBUG 08-14 23:17:43 open_ai.py:335] async_send_request: request finish prefill, 295
INFO 08-14 23:17:43 open_ai.py:352] async_send_request: prefill completed: req=295,replica_id=1
DEBUG 08-14 23:17:43 replica.py:146] complete_request_prefill: replica_id=[1], request=295, current_budget=172,last_prefill_completed_at=30614671.96659701,last_ttft=8.4439
DEBUG 08-14 23:17:43 replica.py:153] complete_request_prefill - replica_id=[1], request=295,self.replica_slo_budget-sum_pending_tokens==current_budget:True,1048576-182==1048394
INFO 08-14 23:17:43 shared.py:299] Adding task for request 318 to replica 2,session_id=106
DEBUG 08-14 23:17:43 replica.py:226] add_request - replica_id=[2], request=318,self.replica_slo_budget-sum_pending_tokens==current_budget:True,1048576-1373==1047203
INFO 08-14 23:17:43 open_ai.py:115] async_send_request:request._id=310,session=165,https://u722127-b80a-4e3f9d5d.cqa1.seetacloud.com:8443
INFO 08-14 23:17:43 open_ai.py:115] async_send_request:request._id=312,session=100,127.0.0.1:8000
INFO 08-14 23:17:43 open_ai.py:115] async_send_request:request._id=311,session=86,https://u722127-b80a-4e3f9d5d.cqa1.seetacloud.com:8443
INFO 08-14 23:17:43 open_ai.py:115] async_send_request:request._id=313,session=86,https://uu722127-b80a-4e3f9d5d.cqa1.seetacloud.com:8443
INFO 08-14 23:17:43 open_ai.py:115] async_send_request:request._id=314,session=166,https://u722127-8cb5-f6dc13db.nmb1.seetacloud.com:8443
INFO 08-14 23:17:43 open_ai.py:115] async_send_request:request._id=316,session=95,127.0.0.1:8001
INFO 08-14 23:17:43 open_ai.py:115] async_send_request:request._id=317,session=167,https://u722127-8cb5-f6dc13db.nmb1.seetacloud.com:8443
INFO 08-14 23:17:43 open_ai.py:115] async_send_request:request._id=319,session=4,https://u722127-8cb5-f6dc13db.nmb1.seetacloud.com:8443
INFO 08-14 23:17:43 open_ai.py:115] async_send_request:request._id=318,session=106,https://u722127-b80a-4e3f9d5d.cqa1.seetacloud.com:8443
DEBUG 08-14 23:17:43 open_ai.py:335] async_send_request: request finish prefill, 292
INFO 08-14 23:17:43 open_ai.py:352] async_send_request: prefill completed: req=292,replica_id=4
DEBUG 08-14 23:17:43 replica.py:146] complete_request_prefill: replica_id=[4], request=292, current_budget=640,last_prefill_completed_at=30614671.980630673,last_ttft=8.4625
DEBUG 08-14 23:17:43 replica.py:153] complete_request_prefill - replica_id=[4], request=292,self.replica_slo_budget-sum_pending_tokens==current_budget:True,1048576-4658==1043918
DEBUG 08-14 23:17:43 open_ai.py:335] async_send_request: request finish prefill, 299
INFO 08-14 23:17:43 open_ai.py:352] async_send_request: prefill completed: req=299,replica_id=4
DEBUG 08-14 23:17:43 replica.py:146] complete_request_prefill: replica_id=[4], request=299, current_budget=770,last_prefill_completed_at=30614671.984365124,last_ttft=8.457
DEBUG 08-14 23:17:43 replica.py:153] complete_request_prefill - replica_id=[4], request=299,self.replica_slo_budget-sum_pending_tokens==current_budget:True,1048576-3888==1044688
DEBUG 08-14 23:17:43 open_ai.py:335] async_send_request: request finish prefill, 293
INFO 08-14 23:17:43 open_ai.py:352] async_send_request: prefill completed: req=293,replica_id=4
DEBUG 08-14 23:17:43 replica.py:146] complete_request_prefill: replica_id=[4], request=293, current_budget=348,last_prefill_completed_at=30614671.98784533,last_ttft=8.466
DEBUG 08-14 23:17:43 replica.py:153] complete_request_prefill - replica_id=[4], request=293,self.replica_slo_budget-sum_pending_tokens==current_budget:True,1048576-3540==1045036
DEBUG 08-14 23:17:43 open_ai.py:335] async_send_request: request finish prefill, 296
INFO 08-14 23:17:43 open_ai.py:352] async_send_request: prefill completed: req=296,replica_id=0
DEBUG 08-14 23:17:43 replica.py:146] complete_request_prefill: replica_id=[0], request=296, current_budget=150,last_prefill_completed_at=30614671.992833264,last_ttft=8.4699
DEBUG 08-14 23:17:43 replica.py:153] complete_request_prefill - replica_id=[0], request=296,self.replica_slo_budget-sum_pending_tokens==current_budget:True,1048576-158==1048418
DEBUG 08-14 23:17:43 replica.py:171] complete_request_decode:num_saved_toekens=512
DEBUG 08-14 23:17:43 open_ai.py:452] good request:127.0.0.1:8001:good,request._id=33,input=150,output=515
DEBUG 08-14 23:17:43 open_ai.py:335] async_send_request: request finish prefill, 291
INFO 08-14 23:17:43 open_ai.py:352] async_send_request: prefill completed: req=291,replica_id=2
DEBUG 08-14 23:17:43 replica.py:146] complete_request_prefill: replica_id=[2], request=291, current_budget=352,last_prefill_completed_at=30614672.005155712,last_ttft=8.4893
DEBUG 08-14 23:17:43 replica.py:153] complete_request_prefill - replica_id=[2], request=291,self.replica_slo_budget-sum_pending_tokens==current_budget:True,1048576-1021==1047555
DEBUG 08-14 23:17:43 open_ai.py:335] async_send_request: request finish prefill, 294
INFO 08-14 23:17:43 open_ai.py:352] async_send_request: prefill completed: req=294,replica_id=2
DEBUG 08-14 23:17:43 replica.py:146] complete_request_prefill: replica_id=[2], request=294, current_budget=182,last_prefill_completed_at=30614672.0085424,last_ttft=8.4862
DEBUG 08-14 23:17:43 replica.py:153] complete_request_prefill - replica_id=[2], request=294,self.replica_slo_budget-sum_pending_tokens==current_budget:True,1048576-839==1047737
DEBUG 08-14 23:17:43 metrics_store.py:131] update_metrics:request_id=32
DEBUG 08-14 23:17:43 metrics_store.py:131] update_metrics:request_id=265
DEBUG 08-14 23:17:43 metrics_store.py:131] update_metrics:request_id=68
DEBUG 08-14 23:17:43 shared.py:180] Removed task for request 32 on https://uu722127-b80a-4e3f9d5d.cqa1.seetacloud.com:8443
DEBUG 08-14 23:17:43 shared.py:180] Removed task for request 265 on https://u722127-b80a-4e3f9d5d.cqa1.seetacloud.com:8443
DEBUG 08-14 23:17:43 shared.py:180] Removed task for request 68 on https://u722127-b80a-4e3f9d5d.cqa1.seetacloud.com:8443
DEBUG 08-14 23:17:43 replica.py:171] complete_request_decode:num_saved_toekens=48
DEBUG 08-14 23:17:43 replica.py:171] complete_request_decode:num_saved_toekens=32
DEBUG 08-14 23:17:43 open_ai.py:452] good request:127.0.0.1:8000:good,request._id=272,input=378,output=31
DEBUG 08-14 23:17:43 open_ai.py:452] good request:https://u722127-8cb5-f6dc13db.nmb1.seetacloud.com:8443:good,request._id=250,input=358,output=67
INFO 08-14 23:17:43 shared.py:299] Adding task for request 320 to replica 3,session_id=116
DEBUG 08-14 23:17:43 replica.py:226] add_request - replica_id=[3], request=320,self.replica_slo_budget-sum_pending_tokens==current_budget:True,1048576-2927==1045649
INFO 08-14 23:17:43 shared.py:299] Adding task for request 322 to replica 0,session_id=96
DEBUG 08-14 23:17:43 replica.py:226] add_request - replica_id=[0], request=322,self.replica_slo_budget-sum_pending_tokens==current_budget:True,1048576-326==1048250
INFO 08-14 23:17:43 shared.py:299] Adding task for request 321 to replica 2,session_id=114
DEBUG 08-14 23:17:43 replica.py:226] add_request - replica_id=[2], request=321,self.replica_slo_budget-sum_pending_tokens==current_budget:True,1048576-1007==1047569
INFO 08-14 23:17:43 shared.py:299] Adding task for request 323 to replica 3,session_id=96
DEBUG 08-14 23:17:43 replica.py:226] add_request - replica_id=[3], request=323,self.replica_slo_budget-sum_pending_tokens==current_budget:True,1048576-3087==1045489
INFO 08-14 23:17:43 shared.py:299] Adding task for request 324 to replica 4,session_id=103
DEBUG 08-14 23:17:43 replica.py:226] add_request - replica_id=[4], request=324,self.replica_slo_budget-sum_pending_tokens==current_budget:True,1048576-3682==1044894
INFO 08-14 23:17:43 shared.py:299] Adding task for request 325 to replica 2,session_id=94
DEBUG 08-14 23:17:43 replica.py:226] add_request - replica_id=[2], request=325,self.replica_slo_budget-sum_pending_tokens==current_budget:True,1048576-1159==1047417
INFO 08-14 23:17:43 shared.py:299] Adding task for request 326 to replica 1,session_id=94
DEBUG 08-14 23:17:43 replica.py:226] add_request - replica_id=[1], request=326,self.replica_slo_budget-sum_pending_tokens==current_budget:True,1048576-334==1048242
DEBUG 08-14 23:17:43 open_ai.py:335] async_send_request: request finish prefill, 290
INFO 08-14 23:17:43 open_ai.py:352] async_send_request: prefill completed: req=290,replica_id=3
DEBUG 08-14 23:17:43 replica.py:146] complete_request_prefill: replica_id=[3], request=290, current_budget=160,last_prefill_completed_at=30614672.13150605,last_ttft=8.6159
DEBUG 08-14 23:17:43 replica.py:153] complete_request_prefill - replica_id=[3], request=290,self.replica_slo_budget-sum_pending_tokens==current_budget:True,1048576-2927==1045649
INFO 08-14 23:17:43 open_ai.py:115] async_send_request:request._id=320,session=116,https://uu722127-b80a-4e3f9d5d.cqa1.seetacloud.com:8443
INFO 08-14 23:17:43 open_ai.py:115] async_send_request:request._id=322,session=96,127.0.0.1:8000
INFO 08-14 23:17:43 open_ai.py:115] async_send_request:request._id=321,session=114,https://u722127-b80a-4e3f9d5d.cqa1.seetacloud.com:8443
INFO 08-14 23:17:43 open_ai.py:115] async_send_request:request._id=323,session=96,https://uu722127-b80a-4e3f9d5d.cqa1.seetacloud.com:8443
INFO 08-14 23:17:43 open_ai.py:115] async_send_request:request._id=324,session=103,https://u722127-8cb5-f6dc13db.nmb1.seetacloud.com:8443
INFO 08-14 23:17:43 open_ai.py:115] async_send_request:request._id=325,session=94,https://u722127-b80a-4e3f9d5d.cqa1.seetacloud.com:8443
INFO 08-14 23:17:43 open_ai.py:115] async_send_request:request._id=326,session=94,127.0.0.1:8001
DEBUG 08-14 23:17:44 replica.py:171] complete_request_decode:num_saved_toekens=160
DEBUG 08-14 23:17:44 open_ai.py:452] good request:127.0.0.1:8001:good,request._id=242,input=188,output=153
DEBUG 08-14 23:17:44 replica.py:171] complete_request_decode:num_saved_toekens=480
DEBUG 08-14 23:17:44 open_ai.py:452] good request:127.0.0.1:8000:good,request._id=82,input=148,output=480
DEBUG 08-14 23:17:44 open_ai.py:335] async_send_request: request finish prefill, 300
INFO 08-14 23:17:44 open_ai.py:352] async_send_request: prefill completed: req=300,replica_id=3
DEBUG 08-14 23:17:44 replica.py:146] complete_request_prefill: replica_id=[3], request=300, current_budget=2165,last_prefill_completed_at=30614672.163376637,last_ttft=8.6354
DEBUG 08-14 23:17:44 replica.py:153] complete_request_prefill - replica_id=[3], request=300,self.replica_slo_budget-sum_pending_tokens==current_budget:True,1048576-762==1047814
DEBUG 08-14 23:17:44 metrics_store.py:131] update_metrics:request_id=33
DEBUG 08-14 23:17:44 shared.py:180] Removed task for request 33 on 127.0.0.1:8001
DEBUG 08-14 23:17:44 open_ai.py:335] async_send_request: request finish prefill, 302
INFO 08-14 23:17:44 open_ai.py:352] async_send_request: prefill completed: req=302,replica_id=3
DEBUG 08-14 23:17:44 replica.py:146] complete_request_prefill: replica_id=[3], request=302, current_budget=148,last_prefill_completed_at=30614672.19613324,last_ttft=8.6674
DEBUG 08-14 23:17:44 replica.py:153] complete_request_prefill - replica_id=[3], request=302,self.replica_slo_budget-sum_pending_tokens==current_budget:True,1048576-614==1047962
DEBUG 08-14 23:17:44 open_ai.py:335] async_send_request: request finish prefill, 306
INFO 08-14 23:17:44 open_ai.py:352] async_send_request: prefill completed: req=306,replica_id=4
DEBUG 08-14 23:17:44 replica.py:146] complete_request_prefill: replica_id=[4], request=306, current_budget=348,last_prefill_completed_at=30614672.200930163,last_ttft=8.6683
DEBUG 08-14 23:17:44 replica.py:153] complete_request_prefill - replica_id=[4], request=306,self.replica_slo_budget-sum_pending_tokens==current_budget:True,1048576-3334==1045242
DEBUG 08-14 23:17:44 open_ai.py:335] async_send_request: request finish prefill, 305
INFO 08-14 23:17:44 open_ai.py:352] async_send_request: prefill completed: req=305,replica_id=4
DEBUG 08-14 23:17:44 replica.py:146] complete_request_prefill: replica_id=[4], request=305, current_budget=355,last_prefill_completed_at=30614672.20773404,last_ttft=8.6775
DEBUG 08-14 23:17:44 replica.py:153] complete_request_prefill - replica_id=[4], request=305,self.replica_slo_budget-sum_pending_tokens==current_budget:True,1048576-2979==1045597
DEBUG 08-14 23:17:44 open_ai.py:335] async_send_request: request finish prefill, 308
INFO 08-14 23:17:44 open_ai.py:352] async_send_request: prefill completed: req=308,replica_id=4
DEBUG 08-14 23:17:44 replica.py:146] complete_request_prefill: replica_id=[4], request=308, current_budget=360,last_prefill_completed_at=30614672.212669812,last_ttft=8.6778
DEBUG 08-14 23:17:44 replica.py:153] complete_request_prefill - replica_id=[4], request=308,self.replica_slo_budget-sum_pending_tokens==current_budget:True,1048576-2619==1045957
DEBUG 08-14 23:17:44 open_ai.py:335] async_send_request: request finish prefill, 309
INFO 08-14 23:17:44 open_ai.py:352] async_send_request: prefill completed: req=309,replica_id=4
DEBUG 08-14 23:17:44 replica.py:146] complete_request_prefill: replica_id=[4], request=309, current_budget=349,last_prefill_completed_at=30614672.217390336,last_ttft=8.6773
DEBUG 08-14 23:17:44 replica.py:153] complete_request_prefill - replica_id=[4], request=309,self.replica_slo_budget-sum_pending_tokens==current_budget:True,1048576-2270==1046306
DEBUG 08-14 23:17:44 open_ai.py:335] async_send_request: request finish prefill, 307
INFO 08-14 23:17:44 open_ai.py:352] async_send_request: prefill completed: req=307,replica_id=4
DEBUG 08-14 23:17:44 replica.py:146] complete_request_prefill: replica_id=[4], request=307, current_budget=378,last_prefill_completed_at=30614672.222026747,last_ttft=8.6889
DEBUG 08-14 23:17:44 replica.py:153] complete_request_prefill - replica_id=[4], request=307,self.replica_slo_budget-sum_pending_tokens==current_budget:True,1048576-1892==1046684
DEBUG 08-14 23:17:44 replica.py:171] complete_request_decode:num_saved_toekens=32
DEBUG 08-14 23:17:44 open_ai.py:452] good request:127.0.0.1:8001:good,request._id=284,input=348,output=26
DEBUG 08-14 23:17:44 open_ai.py:335] async_send_request: request finish prefill, 312
INFO 08-14 23:17:44 open_ai.py:352] async_send_request: prefill completed: req=312,replica_id=0
DEBUG 08-14 23:17:44 replica.py:146] complete_request_prefill: replica_id=[0], request=312, current_budget=158,last_prefill_completed_at=30614672.241862778,last_ttft=8.685
DEBUG 08-14 23:17:44 replica.py:153] complete_request_prefill - replica_id=[0], request=312,self.replica_slo_budget-sum_pending_tokens==current_budget:True,1048576-168==1048408
DEBUG 08-14 23:17:44 replica.py:171] complete_request_decode:num_saved_toekens=48
DEBUG 08-14 23:17:44 open_ai.py:452] good request:127.0.0.1:8000:good,request._id=273,input=350,output=39
DEBUG 08-14 23:17:44 open_ai.py:335] async_send_request: request finish prefill, 316
INFO 08-14 23:17:44 open_ai.py:352] async_send_request: prefill completed: req=316,replica_id=1
DEBUG 08-14 23:17:44 replica.py:146] complete_request_prefill: replica_id=[1], request=316, current_budget=182,last_prefill_completed_at=30614672.249956507,last_ttft=8.6905
DEBUG 08-14 23:17:44 replica.py:153] complete_request_prefill - replica_id=[1], request=316,self.replica_slo_budget-sum_pending_tokens==current_budget:True,1048576-152==1048424
DEBUG 08-14 23:17:44 open_ai.py:452] good request:https://u722127-8cb5-f6dc13db.nmb1.seetacloud.com:8443:good,request._id=260,input=365,output=47
DEBUG 08-14 23:17:44 metrics_store.py:131] update_metrics:request_id=272
DEBUG 08-14 23:17:44 metrics_store.py:131] update_metrics:request_id=250
DEBUG 08-14 23:17:44 shared.py:180] Removed task for request 272 on 127.0.0.1:8000
DEBUG 08-14 23:17:44 shared.py:180] Removed task for request 250 on https://u722127-8cb5-f6dc13db.nmb1.seetacloud.com:8443
DEBUG 08-14 23:17:44 open_ai.py:335] async_send_request: request finish prefill, 303
INFO 08-14 23:17:44 open_ai.py:352] async_send_request: prefill completed: req=303,replica_id=2
DEBUG 08-14 23:17:44 replica.py:146] complete_request_prefill: replica_id=[2], request=303, current_budget=150,last_prefill_completed_at=30614672.303774066,last_ttft=8.7742
DEBUG 08-14 23:17:44 replica.py:153] complete_request_prefill - replica_id=[2], request=303,self.replica_slo_budget-sum_pending_tokens==current_budget:True,1048576-1009==1047567
DEBUG 08-14 23:17:44 open_ai.py:335] async_send_request: request finish prefill, 304
INFO 08-14 23:17:44 open_ai.py:352] async_send_request: prefill completed: req=304,replica_id=3
DEBUG 08-14 23:17:44 replica.py:146] complete_request_prefill: replica_id=[3], request=304, current_budget=158,last_prefill_completed_at=30614672.314803723,last_ttft=8.7848
DEBUG 08-14 23:17:44 replica.py:153] complete_request_prefill - replica_id=[3], request=304,self.replica_slo_budget-sum_pending_tokens==current_budget:True,1048576-456==1048120
DEBUG 08-14 23:17:44 open_ai.py:335] async_send_request: request finish prefill, 314
INFO 08-14 23:17:44 open_ai.py:352] async_send_request: prefill completed: req=314,replica_id=4
DEBUG 08-14 23:17:44 replica.py:146] complete_request_prefill: replica_id=[4], request=314, current_budget=369,last_prefill_completed_at=30614672.327722512,last_ttft=8.7698
DEBUG 08-14 23:17:44 replica.py:153] complete_request_prefill - replica_id=[4], request=314,self.replica_slo_budget-sum_pending_tokens==current_budget:True,1048576-1523==1047053
DEBUG 08-14 23:17:44 open_ai.py:335] async_send_request: request finish prefill, 317
INFO 08-14 23:17:44 open_ai.py:352] async_send_request: prefill completed: req=317,replica_id=4
DEBUG 08-14 23:17:44 replica.py:146] complete_request_prefill: replica_id=[4], request=317, current_budget=343,last_prefill_completed_at=30614672.334062286,last_ttft=8.7739
DEBUG 08-14 23:17:44 replica.py:153] complete_request_prefill - replica_id=[4], request=317,self.replica_slo_budget-sum_pending_tokens==current_budget:True,1048576-1180==1047396
DEBUG 08-14 23:17:44 open_ai.py:335] async_send_request: request finish prefill, 319
INFO 08-14 23:17:44 open_ai.py:352] async_send_request: prefill completed: req=319,replica_id=4
DEBUG 08-14 23:17:44 replica.py:146] complete_request_prefill: replica_id=[4], request=319, current_budget=1038,last_prefill_completed_at=30614672.341471016,last_ttft=8.7709
DEBUG 08-14 23:17:44 replica.py:153] complete_request_prefill - replica_id=[4], request=319,self.replica_slo_budget-sum_pending_tokens==current_budget:True,1048576-142==1048434
INFO 08-14 23:17:44 shared.py:299] Adding task for request 330 to replica 0,session_id=107
DEBUG 08-14 23:17:44 replica.py:226] add_request - replica_id=[0], request=330,self.replica_slo_budget-sum_pending_tokens==current_budget:True,1048576-324==1048252
INFO 08-14 23:17:44 shared.py:299] Adding task for request 332 to replica 3,session_id=108
DEBUG 08-14 23:17:44 replica.py:226] add_request - replica_id=[3], request=332,self.replica_slo_budget-sum_pending_tokens==current_budget:True,1048576-620==1047956
INFO 08-14 23:17:44 shared.py:299] Adding task for request 331 to replica 1,session_id=107
DEBUG 08-14 23:17:44 replica.py:226] add_request - replica_id=[1], request=331,self.replica_slo_budget-sum_pending_tokens==current_budget:True,1048576-310==1048266
INFO 08-14 23:17:44 shared.py:299] Adding task for request 333 to replica 2,session_id=115
DEBUG 08-14 23:17:44 replica.py:226] add_request - replica_id=[2], request=333,self.replica_slo_budget-sum_pending_tokens==current_budget:True,1048576-1163==1047413
INFO 08-14 23:17:44 shared.py:299] Adding task for request 335 to replica 3,session_id=119
DEBUG 08-14 23:17:44 replica.py:226] add_request - replica_id=[3], request=335,self.replica_slo_budget-sum_pending_tokens==current_budget:True,1048576-766==1047810
INFO 08-14 23:17:44 shared.py:299] Adding task for request 334 to replica 4,session_id=115
DEBUG 08-14 23:17:44 replica.py:226] add_request - replica_id=[4], request=334,self.replica_slo_budget-sum_pending_tokens==current_budget:True,1048576-296==1048280
INFO 08-14 23:17:44 open_ai.py:115] async_send_request:request._id=330,session=107,127.0.0.1:8000
INFO 08-14 23:17:44 open_ai.py:115] async_send_request:request._id=332,session=108,https://uu722127-b80a-4e3f9d5d.cqa1.seetacloud.com:8443
INFO 08-14 23:17:44 open_ai.py:115] async_send_request:request._id=331,session=107,127.0.0.1:8001
INFO 08-14 23:17:44 open_ai.py:115] async_send_request:request._id=333,session=115,https://u722127-b80a-4e3f9d5d.cqa1.seetacloud.com:8443
INFO 08-14 23:17:44 open_ai.py:115] async_send_request:request._id=335,session=119,https://uu722127-b80a-4e3f9d5d.cqa1.seetacloud.com:8443
INFO 08-14 23:17:44 open_ai.py:115] async_send_request:request._id=334,session=115,https://u722127-8cb5-f6dc13db.nmb1.seetacloud.com:8443
DEBUG 08-14 23:17:44 replica.py:171] complete_request_decode:num_saved_toekens=32
DEBUG 08-14 23:17:44 open_ai.py:452] good request:https://uu722127-b80a-4e3f9d5d.cqa1.seetacloud.com:8443:good,request._id=285,input=355,output=38
DEBUG 08-14 23:17:44 replica.py:171] complete_request_decode:num_saved_toekens=496
DEBUG 08-14 23:17:44 open_ai.py:452] good request:https://uu722127-b80a-4e3f9d5d.cqa1.seetacloud.com:8443:good,request._id=168,input=152,output=500
DEBUG 08-14 23:17:44 replica.py:171] complete_request_decode:num_saved_toekens=32
DEBUG 08-14 23:17:44 open_ai.py:452] good request:https://u722127-8cb5-f6dc13db.nmb1.seetacloud.com:8443:good,request._id=286,input=344,output=24
DEBUG 08-14 23:17:44 replica.py:171] complete_request_decode:num_saved_toekens=48
DEBUG 08-14 23:17:44 open_ai.py:452] good request:127.0.0.1:8001:good,request._id=281,input=938,output=40
DEBUG 08-14 23:17:44 replica.py:171] complete_request_decode:num_saved_toekens=432
DEBUG 08-14 23:17:44 open_ai.py:452] good request:127.0.0.1:8001:good,request._id=148,input=196,output=436
DEBUG 08-14 23:17:44 replica.py:171] complete_request_decode:num_saved_toekens=48
DEBUG 08-14 23:17:44 open_ai.py:452] good request:127.0.0.1:8001:good,request._id=275,input=352,output=49
DEBUG 08-14 23:17:44 open_ai.py:335] async_send_request: request finish prefill, 310
INFO 08-14 23:17:44 open_ai.py:352] async_send_request: prefill completed: req=310,replica_id=2
DEBUG 08-14 23:17:44 replica.py:146] complete_request_prefill: replica_id=[2], request=310, current_budget=369,last_prefill_completed_at=30614672.465073135,last_ttft=8.915
DEBUG 08-14 23:17:44 replica.py:153] complete_request_prefill - replica_id=[2], request=310,self.replica_slo_budget-sum_pending_tokens==current_budget:True,1048576-794==1047782
DEBUG 08-14 23:17:44 open_ai.py:335] async_send_request: request finish prefill, 313
INFO 08-14 23:17:44 open_ai.py:352] async_send_request: prefill completed: req=313,replica_id=3
DEBUG 08-14 23:17:44 replica.py:146] complete_request_prefill: replica_id=[3], request=313, current_budget=148,last_prefill_completed_at=30614672.476991124,last_ttft=8.9199
DEBUG 08-14 23:17:44 replica.py:153] complete_request_prefill - replica_id=[3], request=313,self.replica_slo_budget-sum_pending_tokens==current_budget:True,1048576-618==1047958
DEBUG 08-14 23:17:44 open_ai.py:335] async_send_request: request finish prefill, 318
INFO 08-14 23:17:44 open_ai.py:352] async_send_request: prefill completed: req=318,replica_id=2
DEBUG 08-14 23:17:44 replica.py:146] complete_request_prefill: replica_id=[2], request=318, current_budget=160,last_prefill_completed_at=30614672.486062653,last_ttft=8.9213
DEBUG 08-14 23:17:44 replica.py:153] complete_request_prefill - replica_id=[2], request=318,self.replica_slo_budget-sum_pending_tokens==current_budget:True,1048576-634==1047942
DEBUG 08-14 23:17:44 replica.py:171] complete_request_decode:num_saved_toekens=48
DEBUG 08-14 23:17:44 replica.py:171] complete_request_decode:num_saved_toekens=592
DEBUG 08-14 23:17:44 open_ai.py:452] good request:https://uu722127-b80a-4e3f9d5d.cqa1.seetacloud.com:8443:good,request._id=147,input=158,output=579
DEBUG 08-14 23:17:44 replica.py:171] complete_request_decode:num_saved_toekens=48
DEBUG 08-14 23:17:44 open_ai.py:452] good request:127.0.0.1:8000:good,request._id=283,input=367,output=40
DEBUG 08-14 23:17:44 open_ai.py:452] good request:https://uu722127-b80a-4e3f9d5d.cqa1.seetacloud.com:8443:good,request._id=289,input=345,output=40
DEBUG 08-14 23:17:44 metrics_store.py:131] update_metrics:request_id=242
DEBUG 08-14 23:17:44 metrics_store.py:131] update_metrics:request_id=82
DEBUG 08-14 23:17:44 metrics_store.py:131] update_metrics:request_id=284
DEBUG 08-14 23:17:44 shared.py:180] Removed task for request 242 on 127.0.0.1:8001
DEBUG 08-14 23:17:44 metrics_store.py:131] update_metrics:request_id=273
DEBUG 08-14 23:17:44 shared.py:180] Removed task for request 82 on 127.0.0.1:8000
DEBUG 08-14 23:17:44 metrics_store.py:131] update_metrics:request_id=260
DEBUG 08-14 23:17:44 shared.py:180] Removed task for request 284 on 127.0.0.1:8001
DEBUG 08-14 23:17:44 shared.py:180] Removed task for request 273 on 127.0.0.1:8000
DEBUG 08-14 23:17:44 shared.py:180] Removed task for request 260 on https://u722127-8cb5-f6dc13db.nmb1.seetacloud.com:8443
DEBUG 08-14 23:17:44 open_ai.py:335] async_send_request: request finish prefill, 322
INFO 08-14 23:17:44 open_ai.py:352] async_send_request: prefill completed: req=322,replica_id=0
DEBUG 08-14 23:17:44 replica.py:146] complete_request_prefill: replica_id=[0], request=322, current_budget=168,last_prefill_completed_at=30614672.582727935,last_ttft=9.0087
DEBUG 08-14 23:17:44 replica.py:153] complete_request_prefill - replica_id=[0], request=322,self.replica_slo_budget-sum_pending_tokens==current_budget:True,1048576-156==1048420
DEBUG 08-14 23:17:44 open_ai.py:335] async_send_request: request finish prefill, 326
INFO 08-14 23:17:44 open_ai.py:352] async_send_request: prefill completed: req=326,replica_id=1
DEBUG 08-14 23:17:44 replica.py:146] complete_request_prefill: replica_id=[1], request=326, current_budget=152,last_prefill_completed_at=30614672.613699887,last_ttft=9.0319
DEBUG 08-14 23:17:44 replica.py:153] complete_request_prefill - replica_id=[1], request=326,self.replica_slo_budget-sum_pending_tokens==current_budget:True,1048576-158==1048418
DEBUG 08-14 23:17:44 open_ai.py:335] async_send_request: request finish prefill, 323
INFO 08-14 23:17:44 open_ai.py:352] async_send_request: prefill completed: req=323,replica_id=3
DEBUG 08-14 23:17:44 replica.py:146] complete_request_prefill: replica_id=[3], request=323, current_budget=160,last_prefill_completed_at=30614672.620960236,last_ttft=9.0467
DEBUG 08-14 23:17:44 replica.py:153] complete_request_prefill - replica_id=[3], request=323,self.replica_slo_budget-sum_pending_tokens==current_budget:True,1048576-458==1048118
DEBUG 08-14 23:17:44 replica.py:171] complete_request_decode:num_saved_toekens=48
DEBUG 08-14 23:17:44 open_ai.py:452] good request:https://uu722127-b80a-4e3f9d5d.cqa1.seetacloud.com:8443:good,request._id=279,input=346,output=51
DEBUG 08-14 23:17:44 replica.py:171] complete_request_decode:num_saved_toekens=48
DEBUG 08-14 23:17:44 open_ai.py:452] good request:127.0.0.1:8001:good,request._id=282,input=346,output=48
DEBUG 08-14 23:17:44 open_ai.py:335] async_send_request: request finish prefill, 324
INFO 08-14 23:17:44 open_ai.py:352] async_send_request: prefill completed: req=324,replica_id=4
DEBUG 08-14 23:17:44 replica.py:146] complete_request_prefill: replica_id=[4], request=324, current_budget=142,last_prefill_completed_at=30614672.63969918,last_ttft=9.0632
DEBUG 08-14 23:17:44 replica.py:153] complete_request_prefill - replica_id=[4], request=324,self.replica_slo_budget-sum_pending_tokens==current_budget:True,1048576-154==1048422
INFO 08-14 23:17:44 shared.py:299] Adding task for request 340 to replica 1,session_id=99
DEBUG 08-14 23:17:44 replica.py:226] add_request - replica_id=[1], request=340,self.replica_slo_budget-sum_pending_tokens==current_budget:True,1048576-318==1048258
INFO 08-14 23:17:44 shared.py:299] Adding task for request 341 to replica 0,session_id=99
DEBUG 08-14 23:17:44 replica.py:226] add_request - replica_id=[0], request=341,self.replica_slo_budget-sum_pending_tokens==current_budget:True,1048576-304==1048272
INFO 08-14 23:17:44 shared.py:299] Adding task for request 342 to replica 1,session_id=99
DEBUG 08-14 23:17:44 replica.py:226] add_request - replica_id=[1], request=342,self.replica_slo_budget-sum_pending_tokens==current_budget:True,1048576-470==1048106
INFO 08-14 23:17:44 shared.py:299] Adding task for request 344 to replica 2,session_id=104
DEBUG 08-14 23:17:44 replica.py:226] add_request - replica_id=[2], request=344,self.replica_slo_budget-sum_pending_tokens==current_budget:True,1048576-782==1047794
INFO 08-14 23:17:44 shared.py:299] Adding task for request 346 to replica 0,session_id=110
DEBUG 08-14 23:17:44 replica.py:226] add_request - replica_id=[0], request=346,self.replica_slo_budget-sum_pending_tokens==current_budget:True,1048576-458==1048118
INFO 08-14 23:17:44 shared.py:299] Adding task for request 348 to replica 2,session_id=120
DEBUG 08-14 23:17:44 replica.py:226] add_request - replica_id=[2], request=348,self.replica_slo_budget-sum_pending_tokens==current_budget:True,1048576-944==1047632
INFO 08-14 23:17:44 shared.py:299] Adding task for request 347 to replica 3,session_id=118
DEBUG 08-14 23:17:44 replica.py:226] add_request - replica_id=[3], request=347,self.replica_slo_budget-sum_pending_tokens==current_budget:True,1048576-616==1047960
DEBUG 08-14 23:17:44 replica.py:171] complete_request_decode:num_saved_toekens=48
DEBUG 08-14 23:17:44 open_ai.py:452] good request:https://u722127-b80a-4e3f9d5d.cqa1.seetacloud.com:8443:good,request._id=291,input=352,output=51
INFO 08-14 23:17:44 open_ai.py:115] async_send_request:request._id=340,session=99,127.0.0.1:8001
INFO 08-14 23:17:44 open_ai.py:115] async_send_request:request._id=341,session=99,127.0.0.1:8000
INFO 08-14 23:17:44 open_ai.py:115] async_send_request:request._id=342,session=99,127.0.0.1:8001
INFO 08-14 23:17:44 open_ai.py:115] async_send_request:request._id=344,session=104,https://u722127-b80a-4e3f9d5d.cqa1.seetacloud.com:8443
INFO 08-14 23:17:44 open_ai.py:115] async_send_request:request._id=346,session=110,127.0.0.1:8000
INFO 08-14 23:17:44 open_ai.py:115] async_send_request:request._id=348,session=120,https://u722127-b80a-4e3f9d5d.cqa1.seetacloud.com:8443
INFO 08-14 23:17:44 open_ai.py:115] async_send_request:request._id=347,session=118,https://uu722127-b80a-4e3f9d5d.cqa1.seetacloud.com:8443
INFO 08-14 23:17:44 shared.py:299] Adding task for request 349 to replica 1,session_id=131
DEBUG 08-14 23:17:44 replica.py:226] add_request - replica_id=[1], request=349,self.replica_slo_budget-sum_pending_tokens==current_budget:True,1048576-614==1047962
DEBUG 08-14 23:17:44 replica.py:171] complete_request_decode:num_saved_toekens=32
DEBUG 08-14 23:17:44 open_ai.py:335] async_send_request: request finish prefill, 320
INFO 08-14 23:17:44 open_ai.py:352] async_send_request: prefill completed: req=320,replica_id=3
DEBUG 08-14 23:17:44 replica.py:146] complete_request_prefill: replica_id=[3], request=320, current_budget=148,last_prefill_completed_at=30614672.78369407,last_ttft=9.2124
DEBUG 08-14 23:17:44 replica.py:153] complete_request_prefill - replica_id=[3], request=320,self.replica_slo_budget-sum_pending_tokens==current_budget:True,1048576-468==1048108
DEBUG 08-14 23:17:44 open_ai.py:335] async_send_request: request finish prefill, 311
INFO 08-14 23:17:44 open_ai.py:352] async_send_request: prefill completed: req=311,replica_id=2
DEBUG 08-14 23:17:44 replica.py:146] complete_request_prefill: replica_id=[2], request=311, current_budget=160,last_prefill_completed_at=30614672.791001152,last_ttft=9.2347
DEBUG 08-14 23:17:44 replica.py:153] complete_request_prefill - replica_id=[2], request=311,self.replica_slo_budget-sum_pending_tokens==current_budget:True,1048576-784==1047792
INFO 08-14 23:17:44 open_ai.py:115] async_send_request:request._id=349,session=131,127.0.0.1:8001
DEBUG 08-14 23:17:44 metrics_store.py:131] update_metrics:request_id=285
DEBUG 08-14 23:17:44 metrics_store.py:131] update_metrics:request_id=168
DEBUG 08-14 23:17:44 metrics_store.py:131] update_metrics:request_id=286
DEBUG 08-14 23:17:44 shared.py:180] Removed task for request 285 on https://uu722127-b80a-4e3f9d5d.cqa1.seetacloud.com:8443
DEBUG 08-14 23:17:44 metrics_store.py:131] update_metrics:request_id=281
DEBUG 08-14 23:17:44 shared.py:180] Removed task for request 168 on https://uu722127-b80a-4e3f9d5d.cqa1.seetacloud.com:8443
DEBUG 08-14 23:17:44 metrics_store.py:131] update_metrics:request_id=148
DEBUG 08-14 23:17:44 shared.py:180] Removed task for request 286 on https://u722127-8cb5-f6dc13db.nmb1.seetacloud.com:8443
DEBUG 08-14 23:17:44 metrics_store.py:131] update_metrics:request_id=275
DEBUG 08-14 23:17:44 shared.py:180] Removed task for request 281 on 127.0.0.1:8001
DEBUG 08-14 23:17:44 open_ai.py:335] async_send_request: request finish prefill, 330
INFO 08-14 23:17:44 open_ai.py:352] async_send_request: prefill completed: req=330,replica_id=0
DEBUG 08-14 23:17:44 replica.py:146] complete_request_prefill: replica_id=[0], request=330, current_budget=156,last_prefill_completed_at=30614672.85452399,last_ttft=9.2519
DEBUG 08-14 23:17:44 replica.py:153] complete_request_prefill - replica_id=[0], request=330,self.replica_slo_budget-sum_pending_tokens==current_budget:True,1048576-302==1048274
DEBUG 08-14 23:17:44 metrics_store.py:131] update_metrics:request_id=147
DEBUG 08-14 23:17:44 shared.py:180] Removed task for request 148 on 127.0.0.1:8001
DEBUG 08-14 23:17:44 open_ai.py:335] async_send_request: request finish prefill, 331
INFO 08-14 23:17:44 open_ai.py:352] async_send_request: prefill completed: req=331,replica_id=1
DEBUG 08-14 23:17:44 replica.py:146] complete_request_prefill: replica_id=[1], request=331, current_budget=158,last_prefill_completed_at=30614672.88050842,last_ttft=9.2772
DEBUG 08-14 23:17:44 replica.py:153] complete_request_prefill - replica_id=[1], request=331,self.replica_slo_budget-sum_pending_tokens==current_budget:True,1048576-456==1048120
DEBUG 08-14 23:17:44 open_ai.py:335] async_send_request: request finish prefill, 321
INFO 08-14 23:17:44 open_ai.py:352] async_send_request: prefill completed: req=321,replica_id=2
DEBUG 08-14 23:17:44 replica.py:146] complete_request_prefill: replica_id=[2], request=321, current_budget=168,last_prefill_completed_at=30614672.88767684,last_ttft=9.3154
DEBUG 08-14 23:17:44 replica.py:153] complete_request_prefill - replica_id=[2], request=321,self.replica_slo_budget-sum_pending_tokens==current_budget:True,1048576-616==1047960
DEBUG 08-14 23:17:44 metrics_store.py:131] update_metrics:request_id=283
DEBUG 08-14 23:17:44 shared.py:180] Removed task for request 275 on 127.0.0.1:8001
DEBUG 08-14 23:17:44 open_ai.py:335] async_send_request: request finish prefill, 325
INFO 08-14 23:17:44 open_ai.py:352] async_send_request: prefill completed: req=325,replica_id=2
DEBUG 08-14 23:17:44 replica.py:146] complete_request_prefill: replica_id=[2], request=325, current_budget=152,last_prefill_completed_at=30614672.921038695,last_ttft=9.3402
DEBUG 08-14 23:17:44 replica.py:153] complete_request_prefill - replica_id=[2], request=325,self.replica_slo_budget-sum_pending_tokens==current_budget:True,1048576-464==1048112
DEBUG 08-14 23:17:44 metrics_store.py:131] update_metrics:request_id=289
DEBUG 08-14 23:17:44 shared.py:180] Removed task for request 147 on https://uu722127-b80a-4e3f9d5d.cqa1.seetacloud.com:8443
DEBUG 08-14 23:17:44 replica.py:171] complete_request_decode:num_saved_toekens=688
DEBUG 08-14 23:17:44 open_ai.py:452] good request:https://uu722127-b80a-4e3f9d5d.cqa1.seetacloud.com:8443:good,request._id=81,input=146,output=698
DEBUG 08-14 23:17:44 replica.py:171] complete_request_decode:num_saved_toekens=720
DEBUG 08-14 23:17:44 open_ai.py:452] good request:https://uu722127-b80a-4e3f9d5d.cqa1.seetacloud.com:8443:good,request._id=67,input=156,output=713
DEBUG 08-14 23:17:44 open_ai.py:335] async_send_request: request finish prefill, 333
INFO 08-14 23:17:44 open_ai.py:352] async_send_request: prefill completed: req=333,replica_id=2
DEBUG 08-14 23:17:44 replica.py:146] complete_request_prefill: replica_id=[2], request=333, current_budget=154,last_prefill_completed_at=30614672.95556025,last_ttft=9.346
DEBUG 08-14 23:17:44 replica.py:153] complete_request_prefill - replica_id=[2], request=333,self.replica_slo_budget-sum_pending_tokens==current_budget:True,1048576-310==1048266
DEBUG 08-14 23:17:44 metrics_store.py:131] update_metrics:request_id=279
DEBUG 08-14 23:17:44 shared.py:180] Removed task for request 283 on 127.0.0.1:8000
DEBUG 08-14 23:17:44 open_ai.py:335] async_send_request: request finish prefill, 332
INFO 08-14 23:17:44 open_ai.py:352] async_send_request: prefill completed: req=332,replica_id=3
DEBUG 08-14 23:17:44 replica.py:146] complete_request_prefill: replica_id=[3], request=332, current_budget=164,last_prefill_completed_at=30614672.97905577,last_ttft=9.3716
DEBUG 08-14 23:17:44 replica.py:153] complete_request_prefill - replica_id=[3], request=332,self.replica_slo_budget-sum_pending_tokens==current_budget:True,1048576-304==1048272
DEBUG 08-14 23:17:44 replica.py:171] complete_request_decode:num_saved_toekens=624
DEBUG 08-14 23:17:44 open_ai.py:452] good request:https://u722127-b80a-4e3f9d5d.cqa1.seetacloud.com:8443:good,request._id=109,input=190,output=617
DEBUG 08-14 23:17:44 open_ai.py:335] async_send_request: request finish prefill, 335
INFO 08-14 23:17:44 open_ai.py:352] async_send_request: prefill completed: req=335,replica_id=3
DEBUG 08-14 23:17:44 replica.py:146] complete_request_prefill: replica_id=[3], request=335, current_budget=146,last_prefill_completed_at=30614672.992250312,last_ttft=9.3804
DEBUG 08-14 23:17:44 replica.py:153] complete_request_prefill - replica_id=[3], request=335,self.replica_slo_budget-sum_pending_tokens==current_budget:True,1048576-158==1048418
DEBUG 08-14 23:17:44 metrics_store.py:131] update_metrics:request_id=282
DEBUG 08-14 23:17:44 shared.py:180] Removed task for request 289 on https://uu722127-b80a-4e3f9d5d.cqa1.seetacloud.com:8443
DEBUG 08-14 23:17:44 replica.py:171] complete_request_decode:num_saved_toekens=80
DEBUG 08-14 23:17:44 open_ai.py:452] good request:https://u722127-8cb5-f6dc13db.nmb1.seetacloud.com:8443:good,request._id=262,input=357,output=78
DEBUG 08-14 23:17:44 open_ai.py:335] async_send_request: request finish prefill, 334
INFO 08-14 23:17:44 open_ai.py:352] async_send_request: prefill completed: req=334,replica_id=4
DEBUG 08-14 23:17:44 replica.py:146] complete_request_prefill: replica_id=[4], request=334, current_budget=154,last_prefill_completed_at=30614673.019377287,last_ttft=9.4092
DEBUG 08-14 23:17:44 replica.py:153] complete_request_prefill - replica_id=[4], request=334,self.replica_slo_budget-sum_pending_tokens==current_budget:True,1048576-0==1048576
DEBUG 08-14 23:17:44 shared.py:180] Removed task for request 279 on https://uu722127-b80a-4e3f9d5d.cqa1.seetacloud.com:8443
DEBUG 08-14 23:17:44 shared.py:180] Removed task for request 282 on 127.0.0.1:8001
DEBUG 08-14 23:17:44 replica.py:171] complete_request_decode:num_saved_toekens=32
DEBUG 08-14 23:17:44 open_ai.py:452] good request:https://u722127-8cb5-f6dc13db.nmb1.seetacloud.com:8443:good,request._id=299,input=770,output=38
DEBUG 08-14 23:17:44 replica.py:171] complete_request_decode:num_saved_toekens=32
DEBUG 08-14 23:17:44 open_ai.py:452] good request:https://u722127-8cb5-f6dc13db.nmb1.seetacloud.com:8443:good,request._id=309,input=349,output=33
INFO 08-14 23:17:44 shared.py:299] Adding task for request 350 to replica 3,session_id=128
DEBUG 08-14 23:17:44 replica.py:226] add_request - replica_id=[3], request=350,self.replica_slo_budget-sum_pending_tokens==current_budget:True,1048576-318==1048258
INFO 08-14 23:17:44 shared.py:299] Adding task for request 351 to replica 3,session_id=122
DEBUG 08-14 23:17:44 replica.py:226] add_request - replica_id=[3], request=351,self.replica_slo_budget-sum_pending_tokens==current_budget:True,1048576-478==1048098
INFO 08-14 23:17:45 shared.py:299] Adding task for request 352 to replica 1,session_id=127
DEBUG 08-14 23:17:45 replica.py:226] add_request - replica_id=[1], request=352,self.replica_slo_budget-sum_pending_tokens==current_budget:True,1048576-603==1047973
INFO 08-14 23:17:45 shared.py:299] Adding task for request 353 to replica 4,session_id=111
DEBUG 08-14 23:17:45 replica.py:226] add_request - replica_id=[4], request=353,self.replica_slo_budget-sum_pending_tokens==current_budget:True,1048576-172==1048404
INFO 08-14 23:17:45 shared.py:299] Adding task for request 354 to replica 0,session_id=111
DEBUG 08-14 23:17:45 replica.py:226] add_request - replica_id=[0], request=354,self.replica_slo_budget-sum_pending_tokens==current_budget:True,1048576-474==1048102
INFO 08-14 23:17:45 shared.py:299] Adding task for request 355 to replica 3,session_id=112
DEBUG 08-14 23:17:45 replica.py:226] add_request - replica_id=[3], request=355,self.replica_slo_budget-sum_pending_tokens==current_budget:True,1048576-658==1047918
INFO 08-14 23:17:45 shared.py:299] Adding task for request 356 to replica 2,session_id=112
DEBUG 08-14 23:17:45 replica.py:226] add_request - replica_id=[2], request=356,self.replica_slo_budget-sum_pending_tokens==current_budget:True,1048576-486==1048090
INFO 08-14 23:17:45 shared.py:299] Adding task for request 357 to replica 1,session_id=124
DEBUG 08-14 23:17:45 replica.py:226] add_request - replica_id=[1], request=357,self.replica_slo_budget-sum_pending_tokens==current_budget:True,1048576-788==1047788
INFO 08-14 23:17:45 shared.py:299] Adding task for request 358 to replica 3,session_id=126
DEBUG 08-14 23:17:45 replica.py:226] add_request - replica_id=[3], request=358,self.replica_slo_budget-sum_pending_tokens==current_budget:True,1048576-818==1047758
DEBUG 08-14 23:17:45 metrics_store.py:131] update_metrics:request_id=291
INFO 08-14 23:17:45 open_ai.py:115] async_send_request:request._id=350,session=128,https://uu722127-b80a-4e3f9d5d.cqa1.seetacloud.com:8443
INFO 08-14 23:17:45 open_ai.py:115] async_send_request:request._id=351,session=122,https://uu722127-b80a-4e3f9d5d.cqa1.seetacloud.com:8443
INFO 08-14 23:17:45 open_ai.py:115] async_send_request:request._id=352,session=127,127.0.0.1:8001
INFO 08-14 23:17:45 open_ai.py:115] async_send_request:request._id=353,session=111,https://u722127-8cb5-f6dc13db.nmb1.seetacloud.com:8443
INFO 08-14 23:17:45 open_ai.py:115] async_send_request:request._id=354,session=111,127.0.0.1:8000
INFO 08-14 23:17:45 open_ai.py:115] async_send_request:request._id=355,session=112,https://uu722127-b80a-4e3f9d5d.cqa1.seetacloud.com:8443
INFO 08-14 23:17:45 open_ai.py:115] async_send_request:request._id=356,session=112,https://u722127-b80a-4e3f9d5d.cqa1.seetacloud.com:8443
INFO 08-14 23:17:45 open_ai.py:115] async_send_request:request._id=357,session=124,127.0.0.1:8001
INFO 08-14 23:17:45 open_ai.py:115] async_send_request:request._id=358,session=126,https://uu722127-b80a-4e3f9d5d.cqa1.seetacloud.com:8443
DEBUG 08-14 23:17:45 replica.py:171] complete_request_decode:num_saved_toekens=48
DEBUG 08-14 23:17:45 open_ai.py:452] good request:https://u722127-8cb5-f6dc13db.nmb1.seetacloud.com:8443:good,request._id=306,input=348,output=36
DEBUG 08-14 23:17:45 replica.py:171] complete_request_decode:num_saved_toekens=32
DEBUG 08-14 23:17:45 open_ai.py:452] good request:https://u722127-8cb5-f6dc13db.nmb1.seetacloud.com:8443:good,request._id=317,input=343,output=32
DEBUG 08-14 23:17:45 shared.py:180] Removed task for request 291 on https://u722127-b80a-4e3f9d5d.cqa1.seetacloud.com:8443
DEBUG 08-14 23:17:45 open_ai.py:452] good request:https://uu722127-b80a-4e3f9d5d.cqa1.seetacloud.com:8443:good,request._id=300,input=2165,output=38
DEBUG 08-14 23:17:45 metrics_store.py:131] update_metrics:request_id=81
DEBUG 08-14 23:17:45 metrics_store.py:131] update_metrics:request_id=67
DEBUG 08-14 23:17:45 metrics_store.py:131] update_metrics:request_id=109
DEBUG 08-14 23:17:45 shared.py:180] Removed task for request 81 on https://uu722127-b80a-4e3f9d5d.cqa1.seetacloud.com:8443
DEBUG 08-14 23:17:45 metrics_store.py:131] update_metrics:request_id=262
DEBUG 08-14 23:17:45 shared.py:180] Removed task for request 67 on https://uu722127-b80a-4e3f9d5d.cqa1.seetacloud.com:8443
DEBUG 08-14 23:17:45 metrics_store.py:131] update_metrics:request_id=299
DEBUG 08-14 23:17:45 shared.py:180] Removed task for request 109 on https://u722127-b80a-4e3f9d5d.cqa1.seetacloud.com:8443
DEBUG 08-14 23:17:45 metrics_store.py:131] update_metrics:request_id=309
DEBUG 08-14 23:17:45 shared.py:180] Removed task for request 262 on https://u722127-8cb5-f6dc13db.nmb1.seetacloud.com:8443
DEBUG 08-14 23:17:45 open_ai.py:335] async_send_request: request finish prefill, 341
INFO 08-14 23:17:45 open_ai.py:352] async_send_request: prefill completed: req=341,replica_id=0
DEBUG 08-14 23:17:45 replica.py:146] complete_request_prefill: replica_id=[0], request=341, current_budget=148,last_prefill_completed_at=30614673.34673965,last_ttft=9.7148
DEBUG 08-14 23:17:45 replica.py:153] complete_request_prefill - replica_id=[0], request=341,self.replica_slo_budget-sum_pending_tokens==current_budget:True,1048576-326==1048250
DEBUG 08-14 23:17:45 shared.py:180] Removed task for request 299 on https://u722127-8cb5-f6dc13db.nmb1.seetacloud.com:8443
DEBUG 08-14 23:17:45 open_ai.py:335] async_send_request: request finish prefill, 340
INFO 08-14 23:17:45 open_ai.py:352] async_send_request: prefill completed: req=340,replica_id=1
DEBUG 08-14 23:17:45 replica.py:146] complete_request_prefill: replica_id=[1], request=340, current_budget=160,last_prefill_completed_at=30614673.384236436,last_ttft=9.7532
DEBUG 08-14 23:17:45 replica.py:153] complete_request_prefill - replica_id=[1], request=340,self.replica_slo_budget-sum_pending_tokens==current_budget:True,1048576-628==1047948
DEBUG 08-14 23:17:45 open_ai.py:335] async_send_request: request finish prefill, 342
INFO 08-14 23:17:45 open_ai.py:352] async_send_request: prefill completed: req=342,replica_id=1
DEBUG 08-14 23:17:45 replica.py:146] complete_request_prefill: replica_id=[1], request=342, current_budget=152,last_prefill_completed_at=30614673.39344168,last_ttft=9.7608
DEBUG 08-14 23:17:45 replica.py:153] complete_request_prefill - replica_id=[1], request=342,self.replica_slo_budget-sum_pending_tokens==current_budget:True,1048576-476==1048100
DEBUG 08-14 23:17:45 shared.py:180] Removed task for request 309 on https://u722127-8cb5-f6dc13db.nmb1.seetacloud.com:8443
DEBUG 08-14 23:17:45 open_ai.py:335] async_send_request: request finish prefill, 346
INFO 08-14 23:17:45 open_ai.py:352] async_send_request: prefill completed: req=346,replica_id=0
DEBUG 08-14 23:17:45 replica.py:146] complete_request_prefill: replica_id=[0], request=346, current_budget=154,last_prefill_completed_at=30614673.421901617,last_ttft=9.7744
DEBUG 08-14 23:17:45 replica.py:153] complete_request_prefill - replica_id=[0], request=346,self.replica_slo_budget-sum_pending_tokens==current_budget:True,1048576-172==1048404
DEBUG 08-14 23:17:45 replica.py:171] complete_request_decode:num_saved_toekens=64
DEBUG 08-14 23:17:45 open_ai.py:335] async_send_request: request finish prefill, 344
INFO 08-14 23:17:45 open_ai.py:352] async_send_request: prefill completed: req=344,replica_id=2
DEBUG 08-14 23:17:45 replica.py:146] complete_request_prefill: replica_id=[2], request=344, current_budget=148,last_prefill_completed_at=30614673.43471698,last_ttft=9.7938
DEBUG 08-14 23:17:45 replica.py:153] complete_request_prefill - replica_id=[2], request=344,self.replica_slo_budget-sum_pending_tokens==current_budget:True,1048576-338==1048238
DEBUG 08-14 23:17:45 open_ai.py:335] async_send_request: request finish prefill, 349
INFO 08-14 23:17:45 open_ai.py:352] async_send_request: prefill completed: req=349,replica_id=1
DEBUG 08-14 23:17:45 replica.py:146] complete_request_prefill: replica_id=[1], request=349, current_budget=144,last_prefill_completed_at=30614673.460329674,last_ttft=9.8
DEBUG 08-14 23:17:45 replica.py:153] complete_request_prefill - replica_id=[1], request=349,self.replica_slo_budget-sum_pending_tokens==current_budget:True,1048576-332==1048244
DEBUG 08-14 23:17:45 open_ai.py:335] async_send_request: request finish prefill, 347
INFO 08-14 23:17:45 open_ai.py:352] async_send_request: prefill completed: req=347,replica_id=3
DEBUG 08-14 23:17:45 replica.py:146] complete_request_prefill: replica_id=[3], request=347, current_budget=158,last_prefill_completed_at=30614673.469960663,last_ttft=9.8196
DEBUG 08-14 23:17:45 replica.py:153] complete_request_prefill - replica_id=[3], request=347,self.replica_slo_budget-sum_pending_tokens==current_budget:True,1048576-660==1047916
DEBUG 08-14 23:17:45 replica.py:171] complete_request_decode:num_saved_toekens=576
DEBUG 08-14 23:17:45 open_ai.py:452] good request:127.0.0.1:8001:good,request._id=66,input=154,output=578
INFO 08-14 23:17:45 shared.py:299] Adding task for request 361 to replica 3,session_id=135
DEBUG 08-14 23:17:45 replica.py:226] add_request - replica_id=[3], request=361,self.replica_slo_budget-sum_pending_tokens==current_budget:True,1048576-812==1047764
INFO 08-14 23:17:45 shared.py:299] Adding task for request 363 to replica 2,session_id=11
DEBUG 08-14 23:17:45 replica.py:226] add_request - replica_id=[2], request=363,self.replica_slo_budget-sum_pending_tokens==current_budget:True,1048576-1125==1047451
INFO 08-14 23:17:45 shared.py:299] Adding task for request 364 to replica 0,session_id=123
DEBUG 08-14 23:17:45 replica.py:226] add_request - replica_id=[0], request=364,self.replica_slo_budget-sum_pending_tokens==current_budget:True,1048576-340==1048236
INFO 08-14 23:17:45 shared.py:299] Adding task for request 365 to replica 4,session_id=123
DEBUG 08-14 23:17:45 replica.py:226] add_request - replica_id=[4], request=365,self.replica_slo_budget-sum_pending_tokens==current_budget:True,1048576-332==1048244
INFO 08-14 23:17:45 shared.py:299] Adding task for request 366 to replica 3,session_id=123
DEBUG 08-14 23:17:45 replica.py:226] add_request - replica_id=[3], request=366,self.replica_slo_budget-sum_pending_tokens==current_budget:True,1048576-968==1047608
INFO 08-14 23:17:45 shared.py:299] Adding task for request 368 to replica 2,session_id=134
DEBUG 08-14 23:17:45 replica.py:226] add_request - replica_id=[2], request=368,self.replica_slo_budget-sum_pending_tokens==current_budget:True,1048576-1287==1047289
INFO 08-14 23:17:45 open_ai.py:115] async_send_request:request._id=361,session=135,https://uu722127-b80a-4e3f9d5d.cqa1.seetacloud.com:8443
INFO 08-14 23:17:45 open_ai.py:115] async_send_request:request._id=363,session=11,https://u722127-b80a-4e3f9d5d.cqa1.seetacloud.com:8443
INFO 08-14 23:17:45 open_ai.py:115] async_send_request:request._id=364,session=123,127.0.0.1:8000
INFO 08-14 23:17:45 open_ai.py:115] async_send_request:request._id=365,session=123,https://u722127-8cb5-f6dc13db.nmb1.seetacloud.com:8443
INFO 08-14 23:17:45 open_ai.py:115] async_send_request:request._id=366,session=123,https://uu722127-b80a-4e3f9d5d.cqa1.seetacloud.com:8443
INFO 08-14 23:17:45 open_ai.py:115] async_send_request:request._id=368,session=134,https://u722127-b80a-4e3f9d5d.cqa1.seetacloud.com:8443
DEBUG 08-14 23:17:45 open_ai.py:335] async_send_request: request finish prefill, 348
INFO 08-14 23:17:45 open_ai.py:352] async_send_request: prefill completed: req=348,replica_id=2
DEBUG 08-14 23:17:45 replica.py:146] complete_request_prefill: replica_id=[2], request=348, current_budget=162,last_prefill_completed_at=30614673.643591642,last_ttft=9.9861
DEBUG 08-14 23:17:45 replica.py:153] complete_request_prefill - replica_id=[2], request=348,self.replica_slo_budget-sum_pending_tokens==current_budget:True,1048576-1125==1047451
DEBUG 08-14 23:17:45 metrics_store.py:131] update_metrics:request_id=306
DEBUG 08-14 23:17:45 metrics_store.py:131] update_metrics:request_id=317
DEBUG 08-14 23:17:45 metrics_store.py:131] update_metrics:request_id=300
DEBUG 08-14 23:17:45 shared.py:180] Removed task for request 306 on https://u722127-8cb5-f6dc13db.nmb1.seetacloud.com:8443
DEBUG 08-14 23:17:45 shared.py:180] Removed task for request 317 on https://u722127-8cb5-f6dc13db.nmb1.seetacloud.com:8443
DEBUG 08-14 23:17:45 shared.py:180] Removed task for request 300 on https://uu722127-b80a-4e3f9d5d.cqa1.seetacloud.com:8443
DEBUG 08-14 23:17:45 replica.py:171] complete_request_decode:num_saved_toekens=112
DEBUG 08-14 23:17:45 open_ai.py:452] good request:127.0.0.1:8001:good,request._id=196,input=156,output=103
DEBUG 08-14 23:17:45 open_ai.py:335] async_send_request: request finish prefill, 352
INFO 08-14 23:17:45 open_ai.py:352] async_send_request: prefill completed: req=352,replica_id=1
DEBUG 08-14 23:17:45 replica.py:146] complete_request_prefill: replica_id=[1], request=352, current_budget=147,last_prefill_completed_at=30614673.748893984,last_ttft=10.0803
DEBUG 08-14 23:17:45 replica.py:153] complete_request_prefill - replica_id=[1], request=352,self.replica_slo_budget-sum_pending_tokens==current_budget:True,1048576-185==1048391
DEBUG 08-14 23:17:45 open_ai.py:335] async_send_request: request finish prefill, 357
INFO 08-14 23:17:45 open_ai.py:352] async_send_request: prefill completed: req=357,replica_id=1
DEBUG 08-14 23:17:45 replica.py:146] complete_request_prefill: replica_id=[1], request=357, current_budget=185,last_prefill_completed_at=30614673.760388028,last_ttft=10.0684
DEBUG 08-14 23:17:45 replica.py:153] complete_request_prefill - replica_id=[1], request=357,self.replica_slo_budget-sum_pending_tokens==current_budget:True,1048576-0==1048576
DEBUG 08-14 23:17:45 open_ai.py:335] async_send_request: request finish prefill, 354
INFO 08-14 23:17:45 open_ai.py:352] async_send_request: prefill completed: req=354,replica_id=0
DEBUG 08-14 23:17:45 replica.py:146] complete_request_prefill: replica_id=[0], request=354, current_budget=172,last_prefill_completed_at=30614673.773246992,last_ttft=10.1
DEBUG 08-14 23:17:45 replica.py:153] complete_request_prefill - replica_id=[0], request=354,self.replica_slo_budget-sum_pending_tokens==current_budget:True,1048576-168==1048408
DEBUG 08-14 23:17:45 open_ai.py:335] async_send_request: request finish prefill, 353
INFO 08-14 23:17:45 open_ai.py:352] async_send_request: prefill completed: req=353,replica_id=4
DEBUG 08-14 23:17:45 replica.py:146] complete_request_prefill: replica_id=[4], request=353, current_budget=172,last_prefill_completed_at=30614673.794009075,last_ttft=10.1215
DEBUG 08-14 23:17:45 replica.py:153] complete_request_prefill - replica_id=[4], request=353,self.replica_slo_budget-sum_pending_tokens==current_budget:True,1048576-160==1048416
DEBUG 08-14 23:17:45 open_ai.py:452] good request:https://u722127-b80a-4e3f9d5d.cqa1.seetacloud.com:8443:good,request._id=310,input=369,output=68
DEBUG 08-14 23:17:45 open_ai.py:335] async_send_request: request finish prefill, 350
INFO 08-14 23:17:45 open_ai.py:352] async_send_request: prefill completed: req=350,replica_id=3
DEBUG 08-14 23:17:45 replica.py:146] complete_request_prefill: replica_id=[3], request=350, current_budget=160,last_prefill_completed_at=30614673.806360133,last_ttft=10.1435
DEBUG 08-14 23:17:45 replica.py:153] complete_request_prefill - replica_id=[3], request=350,self.replica_slo_budget-sum_pending_tokens==current_budget:True,1048576-808==1047768
DEBUG 08-14 23:17:45 open_ai.py:335] async_send_request: request finish prefill, 351
INFO 08-14 23:17:45 open_ai.py:352] async_send_request: prefill completed: req=351,replica_id=3
DEBUG 08-14 23:17:45 replica.py:146] complete_request_prefill: replica_id=[3], request=351, current_budget=160,last_prefill_completed_at=30614673.817403987,last_ttft=10.151
DEBUG 08-14 23:17:45 replica.py:153] complete_request_prefill - replica_id=[3], request=351,self.replica_slo_budget-sum_pending_tokens==current_budget:True,1048576-648==1047928
DEBUG 08-14 23:17:45 open_ai.py:335] async_send_request: request finish prefill, 356
INFO 08-14 23:17:45 open_ai.py:352] async_send_request: prefill completed: req=356,replica_id=2
DEBUG 08-14 23:17:45 replica.py:146] complete_request_prefill: replica_id=[2], request=356, current_budget=176,last_prefill_completed_at=30614673.827562105,last_ttft=10.1518
DEBUG 08-14 23:17:45 replica.py:153] complete_request_prefill - replica_id=[2], request=356,self.replica_slo_budget-sum_pending_tokens==current_budget:True,1048576-949==1047627
DEBUG 08-14 23:17:45 metrics_store.py:131] update_metrics:request_id=66
DEBUG 08-14 23:17:45 open_ai.py:335] async_send_request: request finish prefill, 355
INFO 08-14 23:17:45 open_ai.py:352] async_send_request: prefill completed: req=355,replica_id=3
DEBUG 08-14 23:17:45 replica.py:146] complete_request_prefill: replica_id=[3], request=355, current_budget=180,last_prefill_completed_at=30614673.856461003,last_ttft=10.1815
DEBUG 08-14 23:17:45 replica.py:153] complete_request_prefill - replica_id=[3], request=355,self.replica_slo_budget-sum_pending_tokens==current_budget:True,1048576-468==1048108
DEBUG 08-14 23:17:45 open_ai.py:335] async_send_request: request finish prefill, 358
INFO 08-14 23:17:45 open_ai.py:352] async_send_request: prefill completed: req=358,replica_id=3
DEBUG 08-14 23:17:45 replica.py:146] complete_request_prefill: replica_id=[3], request=358, current_budget=160,last_prefill_completed_at=30614673.86659971,last_ttft=10.1722
DEBUG 08-14 23:17:45 replica.py:153] complete_request_prefill - replica_id=[3], request=358,self.replica_slo_budget-sum_pending_tokens==current_budget:True,1048576-308==1048268
DEBUG 08-14 23:17:45 shared.py:180] Removed task for request 66 on 127.0.0.1:8001
DEBUG 08-14 23:17:45 replica.py:171] complete_request_decode:num_saved_toekens=48
DEBUG 08-14 23:17:45 open_ai.py:452] good request:https://u722127-8cb5-f6dc13db.nmb1.seetacloud.com:8443:good,request._id=308,input=360,output=51
INFO 08-14 23:17:45 shared.py:299] Adding task for request 372 to replica 1,session_id=138
DEBUG 08-14 23:17:45 replica.py:226] add_request - replica_id=[1], request=372,self.replica_slo_budget-sum_pending_tokens==current_budget:True,1048576-172==1048404
INFO 08-14 23:17:45 shared.py:299] Adding task for request 371 to replica 1,session_id=31
DEBUG 08-14 23:17:45 replica.py:226] add_request - replica_id=[1], request=371,self.replica_slo_budget-sum_pending_tokens==current_budget:True,1048576-791==1047785
INFO 08-14 23:17:45 shared.py:299] Adding task for request 374 to replica 0,session_id=140
DEBUG 08-14 23:17:45 replica.py:226] add_request - replica_id=[0], request=374,self.replica_slo_budget-sum_pending_tokens==current_budget:True,1048576-330==1048246
INFO 08-14 23:17:45 shared.py:299] Adding task for request 375 to replica 3,session_id=140
DEBUG 08-14 23:17:45 replica.py:226] add_request - replica_id=[3], request=375,self.replica_slo_budget-sum_pending_tokens==current_budget:True,1048576-460==1048116
INFO 08-14 23:17:45 shared.py:299] Adding task for request 376 to replica 2,session_id=146
DEBUG 08-14 23:17:45 replica.py:226] add_request - replica_id=[2], request=376,self.replica_slo_budget-sum_pending_tokens==current_budget:True,1048576-1105==1047471
INFO 08-14 23:17:45 shared.py:299] Adding task for request 377 to replica 4,session_id=147
DEBUG 08-14 23:17:45 replica.py:226] add_request - replica_id=[4], request=377,self.replica_slo_budget-sum_pending_tokens==current_budget:True,1048576-328==1048248
INFO 08-14 23:17:45 shared.py:299] Adding task for request 378 to replica 1,session_id=34
DEBUG 08-14 23:17:45 replica.py:226] add_request - replica_id=[1], request=378,self.replica_slo_budget-sum_pending_tokens==current_budget:True,1048576-1920==1046656
INFO 08-14 23:17:45 shared.py:299] Adding task for request 379 to replica 3,session_id=142
DEBUG 08-14 23:17:45 replica.py:226] add_request - replica_id=[3], request=379,self.replica_slo_budget-sum_pending_tokens==current_budget:True,1048576-625==1047951
INFO 08-14 23:17:45 open_ai.py:115] async_send_request:request._id=372,session=138,127.0.0.1:8001
INFO 08-14 23:17:45 open_ai.py:115] async_send_request:request._id=371,session=31,127.0.0.1:8001
INFO 08-14 23:17:45 open_ai.py:115] async_send_request:request._id=374,session=140,127.0.0.1:8000
INFO 08-14 23:17:45 open_ai.py:115] async_send_request:request._id=375,session=140,https://uu722127-b80a-4e3f9d5d.cqa1.seetacloud.com:8443
INFO 08-14 23:17:45 open_ai.py:115] async_send_request:request._id=376,session=146,https://u722127-b80a-4e3f9d5d.cqa1.seetacloud.com:8443
INFO 08-14 23:17:45 open_ai.py:115] async_send_request:request._id=377,session=147,https://u722127-8cb5-f6dc13db.nmb1.seetacloud.com:8443
INFO 08-14 23:17:45 open_ai.py:115] async_send_request:request._id=378,session=34,127.0.0.1:8001
INFO 08-14 23:17:45 open_ai.py:115] async_send_request:request._id=379,session=142,https://uu722127-b80a-4e3f9d5d.cqa1.seetacloud.com:8443
DEBUG 08-14 23:17:45 replica.py:171] complete_request_decode:num_saved_toekens=496
DEBUG 08-14 23:17:45 open_ai.py:452] good request:https://u722127-b80a-4e3f9d5d.cqa1.seetacloud.com:8443:good,request._id=203,input=136,output=493
DEBUG 08-14 23:17:45 replica.py:171] complete_request_decode:num_saved_toekens=592
DEBUG 08-14 23:17:45 replica.py:171] complete_request_decode:num_saved_toekens=48
DEBUG 08-14 23:17:45 open_ai.py:452] good request:https://u722127-8cb5-f6dc13db.nmb1.seetacloud.com:8443:good,request._id=305,input=355,output=55
DEBUG 08-14 23:17:45 replica.py:171] complete_request_decode:num_saved_toekens=224
DEBUG 08-14 23:17:45 open_ai.py:452] good request:https://u722127-8cb5-f6dc13db.nmb1.seetacloud.com:8443:good,request._id=227,input=158,output=210
DEBUG 08-14 23:17:45 replica.py:171] complete_request_decode:num_saved_toekens=64
DEBUG 08-14 23:17:45 open_ai.py:452] good request:https://u722127-8cb5-f6dc13db.nmb1.seetacloud.com:8443:good,request._id=293,input=348,output=67
DEBUG 08-14 23:17:45 metrics_store.py:131] update_metrics:request_id=196
DEBUG 08-14 23:17:45 metrics_store.py:131] update_metrics:request_id=310
DEBUG 08-14 23:17:45 metrics_store.py:131] update_metrics:request_id=308
DEBUG 08-14 23:17:45 shared.py:180] Removed task for request 196 on 127.0.0.1:8001
DEBUG 08-14 23:17:45 shared.py:180] Removed task for request 310 on https://u722127-b80a-4e3f9d5d.cqa1.seetacloud.com:8443
DEBUG 08-14 23:17:46 shared.py:180] Removed task for request 308 on https://u722127-8cb5-f6dc13db.nmb1.seetacloud.com:8443
DEBUG 08-14 23:17:46 open_ai.py:335] async_send_request: request finish prefill, 364
INFO 08-14 23:17:46 open_ai.py:352] async_send_request: prefill completed: req=364,replica_id=0
DEBUG 08-14 23:17:46 replica.py:146] complete_request_prefill: replica_id=[0], request=364, current_budget=168,last_prefill_completed_at=30614674.212853897,last_ttft=10.4857
DEBUG 08-14 23:17:46 replica.py:153] complete_request_prefill - replica_id=[0], request=364,self.replica_slo_budget-sum_pending_tokens==current_budget:True,1048576-162==1048414
DEBUG 08-14 23:17:46 open_ai.py:335] async_send_request: request finish prefill, 365
INFO 08-14 23:17:46 open_ai.py:352] async_send_request: prefill completed: req=365,replica_id=4
DEBUG 08-14 23:17:46 replica.py:146] complete_request_prefill: replica_id=[4], request=365, current_budget=160,last_prefill_completed_at=30614674.22559583,last_ttft=10.4976
DEBUG 08-14 23:17:46 replica.py:153] complete_request_prefill - replica_id=[4], request=365,self.replica_slo_budget-sum_pending_tokens==current_budget:True,1048576-168==1048408
DEBUG 08-14 23:17:46 replica.py:171] complete_request_decode:num_saved_toekens=832
DEBUG 08-14 23:17:46 open_ai.py:335] async_send_request: request finish prefill, 363
INFO 08-14 23:17:46 open_ai.py:352] async_send_request: prefill completed: req=363,replica_id=2
DEBUG 08-14 23:17:46 replica.py:146] complete_request_prefill: replica_id=[2], request=363, current_budget=787,last_prefill_completed_at=30614674.246877905,last_ttft=10.5397
DEBUG 08-14 23:17:46 replica.py:153] complete_request_prefill - replica_id=[2], request=363,self.replica_slo_budget-sum_pending_tokens==current_budget:True,1048576-318==1048258
DEBUG 08-14 23:17:46 replica.py:171] complete_request_decode:num_saved_toekens=80
DEBUG 08-14 23:17:46 open_ai.py:452] good request:https://u722127-8cb5-f6dc13db.nmb1.seetacloud.com:8443:good,request._id=288,input=365,output=78
INFO 08-14 23:17:46 shared.py:299] Adding task for request 380 to replica 1,session_id=151
DEBUG 08-14 23:17:46 replica.py:226] add_request - replica_id=[1], request=380,self.replica_slo_budget-sum_pending_tokens==current_budget:True,1048576-2068==1046508
INFO 08-14 23:17:46 shared.py:299] Adding task for request 381 to replica 2,session_id=144
DEBUG 08-14 23:17:46 replica.py:226] add_request - replica_id=[2], request=381,self.replica_slo_budget-sum_pending_tokens==current_budget:True,1048576-472==1048104
INFO 08-14 23:17:46 shared.py:299] Adding task for request 382 to replica 2,session_id=102
DEBUG 08-14 23:17:46 replica.py:226] add_request - replica_id=[2], request=382,self.replica_slo_budget-sum_pending_tokens==current_budget:True,1048576-630==1047946
INFO 08-14 23:17:46 shared.py:299] Adding task for request 383 to replica 1,session_id=139
DEBUG 08-14 23:17:46 replica.py:226] add_request - replica_id=[1], request=383,self.replica_slo_budget-sum_pending_tokens==current_budget:True,1048576-2234==1046342
INFO 08-14 23:17:46 shared.py:299] Adding task for request 388 to replica 0,session_id=136
DEBUG 08-14 23:17:46 replica.py:226] add_request - replica_id=[0], request=388,self.replica_slo_budget-sum_pending_tokens==current_budget:True,1048576-334==1048242
INFO 08-14 23:17:46 open_ai.py:115] async_send_request:request._id=380,session=151,127.0.0.1:8001
INFO 08-14 23:17:46 open_ai.py:115] async_send_request:request._id=381,session=144,https://u722127-b80a-4e3f9d5d.cqa1.seetacloud.com:8443
INFO 08-14 23:17:46 open_ai.py:115] async_send_request:request._id=382,session=102,https://u722127-b80a-4e3f9d5d.cqa1.seetacloud.com:8443
INFO 08-14 23:17:46 open_ai.py:115] async_send_request:request._id=383,session=139,127.0.0.1:8001
INFO 08-14 23:17:46 open_ai.py:115] async_send_request:request._id=388,session=136,127.0.0.1:8000
DEBUG 08-14 23:17:46 replica.py:171] complete_request_decode:num_saved_toekens=48
DEBUG 08-14 23:17:46 open_ai.py:452] good request:https://u722127-8cb5-f6dc13db.nmb1.seetacloud.com:8443:good,request._id=314,input=369,output=62
DEBUG 08-14 23:17:46 replica.py:171] complete_request_decode:num_saved_toekens=80
DEBUG 08-14 23:17:46 open_ai.py:452] good request:https://u722127-8cb5-f6dc13db.nmb1.seetacloud.com:8443:good,request._id=287,input=354,output=85
DEBUG 08-14 23:17:46 open_ai.py:335] async_send_request: request finish prefill, 361
INFO 08-14 23:17:46 open_ai.py:352] async_send_request: prefill completed: req=361,replica_id=3
DEBUG 08-14 23:17:46 replica.py:146] complete_request_prefill: replica_id=[3], request=361, current_budget=152,last_prefill_completed_at=30614674.44835998,last_ttft=10.7438
DEBUG 08-14 23:17:46 replica.py:153] complete_request_prefill - replica_id=[3], request=361,self.replica_slo_budget-sum_pending_tokens==current_budget:True,1048576-473==1048103
DEBUG 08-14 23:17:46 replica.py:171] complete_request_decode:num_saved_toekens=816
DEBUG 08-14 23:17:46 open_ai.py:452] good request:https://uu722127-b80a-4e3f9d5d.cqa1.seetacloud.com:8443:good,request._id=77,input=154,output=807
DEBUG 08-14 23:17:46 replica.py:171] complete_request_decode:num_saved_toekens=192
DEBUG 08-14 23:17:46 open_ai.py:452] good request:https://u722127-b80a-4e3f9d5d.cqa1.seetacloud.com:8443:good,request._id=192,input=156,output=186
DEBUG 08-14 23:17:46 open_ai.py:335] async_send_request: request finish prefill, 372
INFO 08-14 23:17:46 open_ai.py:352] async_send_request: prefill completed: req=372,replica_id=1
DEBUG 08-14 23:17:46 replica.py:146] complete_request_prefill: replica_id=[1], request=372, current_budget=172,last_prefill_completed_at=30614674.47707003,last_ttft=10.7269
DEBUG 08-14 23:17:46 replica.py:153] complete_request_prefill - replica_id=[1], request=372,self.replica_slo_budget-sum_pending_tokens==current_budget:True,1048576-2062==1046514
DEBUG 08-14 23:17:46 metrics_store.py:131] update_metrics:request_id=203
DEBUG 08-14 23:17:46 shared.py:180] Removed task for request 203 on https://u722127-b80a-4e3f9d5d.cqa1.seetacloud.com:8443
DEBUG 08-14 23:17:46 replica.py:171] complete_request_decode:num_saved_toekens=80
DEBUG 08-14 23:17:46 open_ai.py:452] good request:https://u722127-8cb5-f6dc13db.nmb1.seetacloud.com:8443:good,request._id=292,input=640,output=82
DEBUG 08-14 23:17:46 open_ai.py:335] async_send_request: request finish prefill, 371
INFO 08-14 23:17:46 open_ai.py:352] async_send_request: prefill completed: req=371,replica_id=1
DEBUG 08-14 23:17:46 replica.py:146] complete_request_prefill: replica_id=[1], request=371, current_budget=619,last_prefill_completed_at=30614674.55031458,last_ttft=10.8059
DEBUG 08-14 23:17:46 replica.py:153] complete_request_prefill - replica_id=[1], request=371,self.replica_slo_budget-sum_pending_tokens==current_budget:True,1048576-1443==1047133
DEBUG 08-14 23:17:46 open_ai.py:335] async_send_request: request finish prefill, 374
INFO 08-14 23:17:46 open_ai.py:352] async_send_request: prefill completed: req=374,replica_id=0
DEBUG 08-14 23:17:46 replica.py:146] complete_request_prefill: replica_id=[0], request=374, current_budget=162,last_prefill_completed_at=30614674.5682388,last_ttft=10.8111
DEBUG 08-14 23:17:46 replica.py:153] complete_request_prefill - replica_id=[0], request=374,self.replica_slo_budget-sum_pending_tokens==current_budget:True,1048576-172==1048404
DEBUG 08-14 23:17:46 replica.py:171] complete_request_decode:num_saved_toekens=80
DEBUG 08-14 23:17:46 open_ai.py:452] good request:https://u722127-8cb5-f6dc13db.nmb1.seetacloud.com:8443:good,request._id=307,input=378,output=76
DEBUG 08-14 23:17:46 open_ai.py:452] good request:127.0.0.1:8001:good,request._id=80,input=146,output=593
DEBUG 08-14 23:17:46 metrics_store.py:131] update_metrics:request_id=305
DEBUG 08-14 23:17:46 open_ai.py:335] async_send_request: request finish prefill, 368
INFO 08-14 23:17:46 open_ai.py:352] async_send_request: prefill completed: req=368,replica_id=2
DEBUG 08-14 23:17:46 replica.py:146] complete_request_prefill: replica_id=[2], request=368, current_budget=162,last_prefill_completed_at=30614674.58671458,last_ttft=10.8565
DEBUG 08-14 23:17:46 replica.py:153] complete_request_prefill - replica_id=[2], request=368,self.replica_slo_budget-sum_pending_tokens==current_budget:True,1048576-468==1048108
DEBUG 08-14 23:17:46 metrics_store.py:131] update_metrics:request_id=227
DEBUG 08-14 23:17:46 metrics_store.py:131] update_metrics:request_id=293
DEBUG 08-14 23:17:46 shared.py:180] Removed task for request 305 on https://u722127-8cb5-f6dc13db.nmb1.seetacloud.com:8443
DEBUG 08-14 23:17:46 open_ai.py:335] async_send_request: request finish prefill, 377
INFO 08-14 23:17:46 open_ai.py:352] async_send_request: prefill completed: req=377,replica_id=4
DEBUG 08-14 23:17:46 replica.py:146] complete_request_prefill: replica_id=[4], request=377, current_budget=168,last_prefill_completed_at=30614674.617957536,last_ttft=10.845
DEBUG 08-14 23:17:46 replica.py:153] complete_request_prefill - replica_id=[4], request=377,self.replica_slo_budget-sum_pending_tokens==current_budget:True,1048576-0==1048576
DEBUG 08-14 23:17:46 open_ai.py:335] async_send_request: request finish prefill, 366
INFO 08-14 23:17:46 open_ai.py:352] async_send_request: prefill completed: req=366,replica_id=3
DEBUG 08-14 23:17:46 replica.py:146] complete_request_prefill: replica_id=[3], request=366, current_budget=156,last_prefill_completed_at=30614674.63166189,last_ttft=10.9031
DEBUG 08-14 23:17:46 replica.py:153] complete_request_prefill - replica_id=[3], request=366,self.replica_slo_budget-sum_pending_tokens==current_budget:True,1048576-317==1048259
DEBUG 08-14 23:17:46 shared.py:180] Removed task for request 227 on https://u722127-8cb5-f6dc13db.nmb1.seetacloud.com:8443
DEBUG 08-14 23:17:46 shared.py:180] Removed task for request 293 on https://u722127-8cb5-f6dc13db.nmb1.seetacloud.com:8443
DEBUG 08-14 23:17:46 open_ai.py:335] async_send_request: request finish prefill, 376
INFO 08-14 23:17:46 open_ai.py:352] async_send_request: prefill completed: req=376,replica_id=2
DEBUG 08-14 23:17:46 replica.py:146] complete_request_prefill: replica_id=[2], request=376, current_budget=156,last_prefill_completed_at=30614674.71951049,last_ttft=10.9567
DEBUG 08-14 23:17:46 replica.py:153] complete_request_prefill - replica_id=[2], request=376,self.replica_slo_budget-sum_pending_tokens==current_budget:True,1048576-312==1048264
DEBUG 08-14 23:17:46 open_ai.py:335] async_send_request: request finish prefill, 375
INFO 08-14 23:17:46 open_ai.py:352] async_send_request: prefill completed: req=375,replica_id=3
DEBUG 08-14 23:17:46 replica.py:146] complete_request_prefill: replica_id=[3], request=375, current_budget=152,last_prefill_completed_at=30614674.737132434,last_ttft=10.9793
DEBUG 08-14 23:17:46 replica.py:153] complete_request_prefill - replica_id=[3], request=375,self.replica_slo_budget-sum_pending_tokens==current_budget:True,1048576-165==1048411
DEBUG 08-14 23:17:46 open_ai.py:335] async_send_request: request finish prefill, 379
INFO 08-14 23:17:46 open_ai.py:352] async_send_request: prefill completed: req=379,replica_id=3
DEBUG 08-14 23:17:46 replica.py:146] complete_request_prefill: replica_id=[3], request=379, current_budget=165,last_prefill_completed_at=30614674.75039695,last_ttft=10.9761
DEBUG 08-14 23:17:46 replica.py:153] complete_request_prefill - replica_id=[3], request=379,self.replica_slo_budget-sum_pending_tokens==current_budget:True,1048576-0==1048576
DEBUG 08-14 23:17:46 open_ai.py:335] async_send_request: request finish prefill, 378
INFO 08-14 23:17:46 open_ai.py:352] async_send_request: prefill completed: req=378,replica_id=1
DEBUG 08-14 23:17:46 replica.py:146] complete_request_prefill: replica_id=[1], request=378, current_budget=1129,last_prefill_completed_at=30614674.764377955,last_ttft=10.9904
DEBUG 08-14 23:17:46 replica.py:153] complete_request_prefill - replica_id=[1], request=378,self.replica_slo_budget-sum_pending_tokens==current_budget:True,1048576-314==1048262
DEBUG 08-14 23:17:46 open_ai.py:452] good request:https://uu722127-b80a-4e3f9d5d.cqa1.seetacloud.com:8443:good,request._id=10,input=154,output=830
DEBUG 08-14 23:17:46 replica.py:171] complete_request_decode:num_saved_toekens=736
DEBUG 08-14 23:17:46 open_ai.py:452] good request:https://u722127-b80a-4e3f9d5d.cqa1.seetacloud.com:8443:good,request._id=149,input=146,output=741
DEBUG 08-14 23:17:46 metrics_store.py:131] update_metrics:request_id=288
DEBUG 08-14 23:17:46 shared.py:180] Removed task for request 288 on https://u722127-8cb5-f6dc13db.nmb1.seetacloud.com:8443
DEBUG 08-14 23:17:46 replica.py:171] complete_request_decode:num_saved_toekens=896
DEBUG 08-14 23:17:46 open_ai.py:452] good request:https://u722127-b80a-4e3f9d5d.cqa1.seetacloud.com:8443:good,request._id=36,input=152,output=896
DEBUG 08-14 23:17:46 replica.py:171] complete_request_decode:num_saved_toekens=352
DEBUG 08-14 23:17:46 open_ai.py:452] good request:127.0.0.1:8000:good,request._id=226,input=152,output=349
INFO 08-14 23:17:46 shared.py:299] Adding task for request 390 to replica 4,session_id=136
DEBUG 08-14 23:17:46 replica.py:226] add_request - replica_id=[4], request=390,self.replica_slo_budget-sum_pending_tokens==current_budget:True,1048576-158==1048418
INFO 08-14 23:17:46 shared.py:299] Adding task for request 391 to replica 4,session_id=167
DEBUG 08-14 23:17:46 replica.py:226] add_request - replica_id=[4], request=391,self.replica_slo_budget-sum_pending_tokens==current_budget:True,1048576-298==1048278
INFO 08-14 23:17:46 shared.py:299] Adding task for request 393 to replica 3,session_id=156
DEBUG 08-14 23:17:46 replica.py:226] add_request - replica_id=[3], request=393,self.replica_slo_budget-sum_pending_tokens==current_budget:True,1048576-158==1048418
INFO 08-14 23:17:46 shared.py:299] Adding task for request 394 to replica 2,session_id=143
DEBUG 08-14 23:17:46 replica.py:226] add_request - replica_id=[2], request=394,self.replica_slo_budget-sum_pending_tokens==current_budget:True,1048576-478==1048098
INFO 08-14 23:17:46 shared.py:299] Adding task for request 395 to replica 1,session_id=143
DEBUG 08-14 23:17:46 replica.py:226] add_request - replica_id=[1], request=395,self.replica_slo_budget-sum_pending_tokens==current_budget:True,1048576-474==1048102
INFO 08-14 23:17:46 shared.py:299] Adding task for request 396 to replica 0,session_id=163
DEBUG 08-14 23:17:46 replica.py:226] add_request - replica_id=[0], request=396,self.replica_slo_budget-sum_pending_tokens==current_budget:True,1048576-328==1048248
INFO 08-14 23:17:46 shared.py:299] Adding task for request 397 to replica 3,session_id=148
DEBUG 08-14 23:17:46 replica.py:226] add_request - replica_id=[3], request=397,self.replica_slo_budget-sum_pending_tokens==current_budget:True,1048576-312==1048264
INFO 08-14 23:17:46 open_ai.py:115] async_send_request:request._id=390,session=136,https://u722127-8cb5-f6dc13db.nmb1.seetacloud.com:8443
INFO 08-14 23:17:46 open_ai.py:115] async_send_request:request._id=391,session=167,https://u722127-8cb5-f6dc13db.nmb1.seetacloud.com:8443
INFO 08-14 23:17:46 open_ai.py:115] async_send_request:request._id=393,session=156,https://uu722127-b80a-4e3f9d5d.cqa1.seetacloud.com:8443
INFO 08-14 23:17:46 open_ai.py:115] async_send_request:request._id=394,session=143,https://u722127-b80a-4e3f9d5d.cqa1.seetacloud.com:8443
INFO 08-14 23:17:46 open_ai.py:115] async_send_request:request._id=395,session=143,127.0.0.1:8001
INFO 08-14 23:17:46 open_ai.py:115] async_send_request:request._id=396,session=163,127.0.0.1:8000
INFO 08-14 23:17:46 open_ai.py:115] async_send_request:request._id=397,session=148,https://uu722127-b80a-4e3f9d5d.cqa1.seetacloud.com:8443
DEBUG 08-14 23:17:46 metrics_store.py:131] update_metrics:request_id=314
DEBUG 08-14 23:17:46 metrics_store.py:131] update_metrics:request_id=287
DEBUG 08-14 23:17:46 metrics_store.py:131] update_metrics:request_id=77
DEBUG 08-14 23:17:46 shared.py:180] Removed task for request 314 on https://u722127-8cb5-f6dc13db.nmb1.seetacloud.com:8443
DEBUG 08-14 23:17:46 metrics_store.py:131] update_metrics:request_id=192
DEBUG 08-14 23:17:46 shared.py:180] Removed task for request 287 on https://u722127-8cb5-f6dc13db.nmb1.seetacloud.com:8443
DEBUG 08-14 23:17:46 metrics_store.py:131] update_metrics:request_id=292
DEBUG 08-14 23:17:46 shared.py:180] Removed task for request 77 on https://uu722127-b80a-4e3f9d5d.cqa1.seetacloud.com:8443
DEBUG 08-14 23:17:47 metrics_store.py:131] update_metrics:request_id=307
DEBUG 08-14 23:17:47 shared.py:180] Removed task for request 192 on https://u722127-b80a-4e3f9d5d.cqa1.seetacloud.com:8443
DEBUG 08-14 23:17:47 open_ai.py:335] async_send_request: request finish prefill, 380
INFO 08-14 23:17:47 open_ai.py:352] async_send_request: prefill completed: req=380,replica_id=1
DEBUG 08-14 23:17:47 replica.py:146] complete_request_prefill: replica_id=[1], request=380, current_budget=148,last_prefill_completed_at=30614675.19694085,last_ttft=11.4191
DEBUG 08-14 23:17:47 replica.py:153] complete_request_prefill - replica_id=[1], request=380,self.replica_slo_budget-sum_pending_tokens==current_budget:True,1048576-326==1048250
DEBUG 08-14 23:17:47 metrics_store.py:131] update_metrics:request_id=80
DEBUG 08-14 23:17:47 shared.py:180] Removed task for request 292 on https://u722127-8cb5-f6dc13db.nmb1.seetacloud.com:8443
DEBUG 08-14 23:17:47 open_ai.py:335] async_send_request: request finish prefill, 383
INFO 08-14 23:17:47 open_ai.py:352] async_send_request: prefill completed: req=383,replica_id=1
DEBUG 08-14 23:17:47 replica.py:146] complete_request_prefill: replica_id=[1], request=383, current_budget=166,last_prefill_completed_at=30614675.239543736,last_ttft=11.4507
DEBUG 08-14 23:17:47 replica.py:153] complete_request_prefill - replica_id=[1], request=383,self.replica_slo_budget-sum_pending_tokens==current_budget:True,1048576-160==1048416
DEBUG 08-14 23:17:47 metrics_store.py:131] update_metrics:request_id=10
DEBUG 08-14 23:17:47 shared.py:180] Removed task for request 307 on https://u722127-8cb5-f6dc13db.nmb1.seetacloud.com:8443
DEBUG 08-14 23:17:47 replica.py:171] complete_request_decode:num_saved_toekens=592
DEBUG 08-14 23:17:47 open_ai.py:335] async_send_request: request finish prefill, 388
INFO 08-14 23:17:47 open_ai.py:352] async_send_request: prefill completed: req=388,replica_id=0
DEBUG 08-14 23:17:47 replica.py:146] complete_request_prefill: replica_id=[0], request=388, current_budget=172,last_prefill_completed_at=30614675.294463024,last_ttft=11.4761
DEBUG 08-14 23:17:47 replica.py:153] complete_request_prefill - replica_id=[0], request=388,self.replica_slo_budget-sum_pending_tokens==current_budget:True,1048576-156==1048420
DEBUG 08-14 23:17:47 replica.py:171] complete_request_decode:num_saved_toekens=32
DEBUG 08-14 23:17:47 open_ai.py:452] good request:127.0.0.1:8001:good,request._id=378,input=1129,output=32
DEBUG 08-14 23:17:47 open_ai.py:335] async_send_request: request finish prefill, 381
INFO 08-14 23:17:47 open_ai.py:352] async_send_request: prefill completed: req=381,replica_id=2
DEBUG 08-14 23:17:47 replica.py:146] complete_request_prefill: replica_id=[2], request=381, current_budget=154,last_prefill_completed_at=30614675.319051214,last_ttft=11.5349
DEBUG 08-14 23:17:47 replica.py:153] complete_request_prefill - replica_id=[2], request=381,self.replica_slo_budget-sum_pending_tokens==current_budget:True,1048576-324==1048252
DEBUG 08-14 23:17:47 open_ai.py:335] async_send_request: request finish prefill, 382
INFO 08-14 23:17:47 open_ai.py:352] async_send_request: prefill completed: req=382,replica_id=2
DEBUG 08-14 23:17:47 replica.py:146] complete_request_prefill: replica_id=[2], request=382, current_budget=158,last_prefill_completed_at=30614675.333014816,last_ttft=11.5458
DEBUG 08-14 23:17:47 replica.py:153] complete_request_prefill - replica_id=[2], request=382,self.replica_slo_budget-sum_pending_tokens==current_budget:True,1048576-166==1048410
DEBUG 08-14 23:17:47 metrics_store.py:131] update_metrics:request_id=149
DEBUG 08-14 23:17:47 shared.py:180] Removed task for request 80 on 127.0.0.1:8001
DEBUG 08-14 23:17:47 metrics_store.py:131] update_metrics:request_id=36
DEBUG 08-14 23:17:47 shared.py:180] Removed task for request 10 on https://uu722127-b80a-4e3f9d5d.cqa1.seetacloud.com:8443
DEBUG 08-14 23:17:47 replica.py:171] complete_request_decode:num_saved_toekens=640
DEBUG 08-14 23:17:47 open_ai.py:452] good request:127.0.0.1:8001:good,request._id=107,input=158,output=641
DEBUG 08-14 23:17:47 open_ai.py:452] good request:https://uu722127-b80a-4e3f9d5d.cqa1.seetacloud.com:8443:good,request._id=197,input=152,output=584
DEBUG 08-14 23:17:47 replica.py:171] complete_request_decode:num_saved_toekens=352
DEBUG 08-14 23:17:47 open_ai.py:452] good request:https://uu722127-b80a-4e3f9d5d.cqa1.seetacloud.com:8443:good,request._id=258,input=162,output=359
DEBUG 08-14 23:17:47 replica.py:171] complete_request_decode:num_saved_toekens=848
DEBUG 08-14 23:17:47 open_ai.py:452] good request:https://uu722127-b80a-4e3f9d5d.cqa1.seetacloud.com:8443:good,request._id=105,input=170,output=840
DEBUG 08-14 23:17:47 metrics_store.py:131] update_metrics:request_id=226
DEBUG 08-14 23:17:47 shared.py:180] Removed task for request 149 on https://u722127-b80a-4e3f9d5d.cqa1.seetacloud.com:8443
DEBUG 08-14 23:17:47 shared.py:180] Removed task for request 36 on https://u722127-b80a-4e3f9d5d.cqa1.seetacloud.com:8443
DEBUG 08-14 23:17:47 shared.py:180] Removed task for request 226 on 127.0.0.1:8000
DEBUG 08-14 23:17:47 replica.py:171] complete_request_decode:num_saved_toekens=672
DEBUG 08-14 23:17:47 open_ai.py:452] good request:127.0.0.1:8000:good,request._id=11,input=146,output=682
INFO 08-14 23:17:47 shared.py:299] Adding task for request 400 to replica 2,session_id=164
DEBUG 08-14 23:17:47 replica.py:226] add_request - replica_id=[2], request=400,self.replica_slo_budget-sum_pending_tokens==current_budget:True,1048576-318==1048258
INFO 08-14 23:17:47 shared.py:299] Adding task for request 401 to replica 1,session_id=17
DEBUG 08-14 23:17:47 replica.py:226] add_request - replica_id=[1], request=401,self.replica_slo_budget-sum_pending_tokens==current_budget:True,1048576-1083==1047493
INFO 08-14 23:17:47 shared.py:299] Adding task for request 404 to replica 2,session_id=152
DEBUG 08-14 23:17:47 replica.py:226] add_request - replica_id=[2], request=404,self.replica_slo_budget-sum_pending_tokens==current_budget:True,1048576-470==1048106
INFO 08-14 23:17:47 shared.py:299] Adding task for request 405 to replica 3,session_id=160
DEBUG 08-14 23:17:47 replica.py:226] add_request - replica_id=[3], request=405,self.replica_slo_budget-sum_pending_tokens==current_budget:True,1048576-466==1048110
INFO 08-14 23:17:47 shared.py:299] Adding task for request 406 to replica 2,session_id=160
DEBUG 08-14 23:17:47 replica.py:226] add_request - replica_id=[2], request=406,self.replica_slo_budget-sum_pending_tokens==current_budget:True,1048576-624==1047952
INFO 08-14 23:17:47 open_ai.py:115] async_send_request:request._id=400,session=164,https://u722127-b80a-4e3f9d5d.cqa1.seetacloud.com:8443
INFO 08-14 23:17:47 open_ai.py:115] async_send_request:request._id=401,session=17,127.0.0.1:8001
INFO 08-14 23:17:47 open_ai.py:115] async_send_request:request._id=404,session=152,https://u722127-b80a-4e3f9d5d.cqa1.seetacloud.com:8443
INFO 08-14 23:17:47 open_ai.py:115] async_send_request:request._id=405,session=160,https://uu722127-b80a-4e3f9d5d.cqa1.seetacloud.com:8443
INFO 08-14 23:17:47 open_ai.py:115] async_send_request:request._id=406,session=160,https://u722127-b80a-4e3f9d5d.cqa1.seetacloud.com:8443
DEBUG 08-14 23:17:47 replica.py:171] complete_request_decode:num_saved_toekens=912
DEBUG 08-14 23:17:47 replica.py:171] complete_request_decode:num_saved_toekens=176
DEBUG 08-14 23:17:47 open_ai.py:452] good request:127.0.0.1:8001:good,request._id=316,input=182,output=182
DEBUG 08-14 23:17:47 replica.py:171] complete_request_decode:num_saved_toekens=400
DEBUG 08-14 23:17:47 open_ai.py:452] good request:https://uu722127-b80a-4e3f9d5d.cqa1.seetacloud.com:8443:good,request._id=252,input=152,output=400
DEBUG 08-14 23:17:47 replica.py:171] complete_request_decode:num_saved_toekens=112
DEBUG 08-14 23:17:47 open_ai.py:452] good request:https://u722127-8cb5-f6dc13db.nmb1.seetacloud.com:8443:good,request._id=319,input=1038,output=113
DEBUG 08-14 23:17:47 metrics_store.py:131] update_metrics:request_id=378
DEBUG 08-14 23:17:47 metrics_store.py:131] update_metrics:request_id=107
DEBUG 08-14 23:17:47 metrics_store.py:131] update_metrics:request_id=197
DEBUG 08-14 23:17:47 shared.py:180] Removed task for request 378 on 127.0.0.1:8001
DEBUG 08-14 23:17:47 metrics_store.py:131] update_metrics:request_id=258
DEBUG 08-14 23:17:47 shared.py:180] Removed task for request 107 on 127.0.0.1:8001
DEBUG 08-14 23:17:47 metrics_store.py:131] update_metrics:request_id=105
DEBUG 08-14 23:17:47 shared.py:180] Removed task for request 197 on https://uu722127-b80a-4e3f9d5d.cqa1.seetacloud.com:8443
DEBUG 08-14 23:17:47 metrics_store.py:131] update_metrics:request_id=11
DEBUG 08-14 23:17:47 shared.py:180] Removed task for request 258 on https://uu722127-b80a-4e3f9d5d.cqa1.seetacloud.com:8443
DEBUG 08-14 23:17:47 open_ai.py:335] async_send_request: request finish prefill, 390
INFO 08-14 23:17:47 open_ai.py:352] async_send_request: prefill completed: req=390,replica_id=4
DEBUG 08-14 23:17:47 replica.py:146] complete_request_prefill: replica_id=[4], request=390, current_budget=158,last_prefill_completed_at=30614676.026121613,last_ttft=12.207
DEBUG 08-14 23:17:47 replica.py:153] complete_request_prefill - replica_id=[4], request=390,self.replica_slo_budget-sum_pending_tokens==current_budget:True,1048576-140==1048436
DEBUG 08-14 23:17:47 open_ai.py:335] async_send_request: request finish prefill, 395
INFO 08-14 23:17:47 open_ai.py:352] async_send_request: prefill completed: req=395,replica_id=1
DEBUG 08-14 23:17:47 replica.py:146] complete_request_prefill: replica_id=[1], request=395, current_budget=160,last_prefill_completed_at=30614676.04659131,last_ttft=12.2144
DEBUG 08-14 23:17:47 replica.py:153] complete_request_prefill - replica_id=[1], request=395,self.replica_slo_budget-sum_pending_tokens==current_budget:True,1048576-923==1047653
DEBUG 08-14 23:17:47 open_ai.py:335] async_send_request: request finish prefill, 391
INFO 08-14 23:17:47 open_ai.py:352] async_send_request: prefill completed: req=391,replica_id=4
DEBUG 08-14 23:17:47 replica.py:146] complete_request_prefill: replica_id=[4], request=391, current_budget=140,last_prefill_completed_at=30614676.066775165,last_ttft=12.2398
DEBUG 08-14 23:17:47 replica.py:153] complete_request_prefill - replica_id=[4], request=391,self.replica_slo_budget-sum_pending_tokens==current_budget:True,1048576-0==1048576
DEBUG 08-14 23:17:47 open_ai.py:335] async_send_request: request finish prefill, 396
INFO 08-14 23:17:47 open_ai.py:352] async_send_request: prefill completed: req=396,replica_id=0
DEBUG 08-14 23:17:47 replica.py:146] complete_request_prefill: replica_id=[0], request=396, current_budget=156,last_prefill_completed_at=30614676.08688182,last_ttft=12.2519
DEBUG 08-14 23:17:47 replica.py:153] complete_request_prefill - replica_id=[0], request=396,self.replica_slo_budget-sum_pending_tokens==current_budget:True,1048576-0==1048576
DEBUG 08-14 23:17:47 shared.py:180] Removed task for request 105 on https://uu722127-b80a-4e3f9d5d.cqa1.seetacloud.com:8443
DEBUG 08-14 23:17:48 open_ai.py:335] async_send_request: request finish prefill, 394
INFO 08-14 23:17:48 open_ai.py:352] async_send_request: prefill completed: req=394,replica_id=2
DEBUG 08-14 23:17:48 replica.py:146] complete_request_prefill: replica_id=[2], request=394, current_budget=166,last_prefill_completed_at=30614676.17470847,last_ttft=12.3431
DEBUG 08-14 23:17:48 replica.py:153] complete_request_prefill - replica_id=[2], request=394,self.replica_slo_budget-sum_pending_tokens==current_budget:True,1048576-458==1048118
DEBUG 08-14 23:17:48 shared.py:180] Removed task for request 11 on 127.0.0.1:8000
DEBUG 08-14 23:17:48 replica.py:171] complete_request_decode:num_saved_toekens=224
DEBUG 08-14 23:17:48 open_ai.py:452] good request:127.0.0.1:8001:good,request._id=256,input=148,output=224
DEBUG 08-14 23:17:48 replica.py:171] complete_request_decode:num_saved_toekens=592
DEBUG 08-14 23:17:48 open_ai.py:452] good request:127.0.0.1:8001:good,request._id=163,input=154,output=586
DEBUG 08-14 23:17:48 open_ai.py:335] async_send_request: request finish prefill, 393
INFO 08-14 23:17:48 open_ai.py:352] async_send_request: prefill completed: req=393,replica_id=3
DEBUG 08-14 23:17:48 replica.py:146] complete_request_prefill: replica_id=[3], request=393, current_budget=158,last_prefill_completed_at=30614676.27985265,last_ttft=12.4485
DEBUG 08-14 23:17:48 replica.py:153] complete_request_prefill - replica_id=[3], request=393,self.replica_slo_budget-sum_pending_tokens==current_budget:True,1048576-308==1048268
DEBUG 08-14 23:17:48 open_ai.py:335] async_send_request: request finish prefill, 397
INFO 08-14 23:17:48 open_ai.py:352] async_send_request: prefill completed: req=397,replica_id=3
DEBUG 08-14 23:17:48 replica.py:146] complete_request_prefill: replica_id=[3], request=397, current_budget=154,last_prefill_completed_at=30614676.30063328,last_ttft=12.4639
DEBUG 08-14 23:17:48 replica.py:153] complete_request_prefill - replica_id=[3], request=397,self.replica_slo_budget-sum_pending_tokens==current_budget:True,1048576-154==1048422
INFO 08-14 23:17:48 shared.py:299] Adding task for request 410 to replica 3,session_id=27
DEBUG 08-14 23:17:48 replica.py:226] add_request - replica_id=[3], request=410,self.replica_slo_budget-sum_pending_tokens==current_budget:True,1048576-1186==1047390
INFO 08-14 23:17:48 shared.py:299] Adding task for request 411 to replica 3,session_id=10
DEBUG 08-14 23:17:48 replica.py:226] add_request - replica_id=[3], request=411,self.replica_slo_budget-sum_pending_tokens==current_budget:True,1048576-4527==1044049
INFO 08-14 23:17:48 shared.py:299] Adding task for request 412 to replica 3,session_id=4
DEBUG 08-14 23:17:48 replica.py:226] add_request - replica_id=[3], request=412,self.replica_slo_budget-sum_pending_tokens==current_budget:True,1048576-4699==1043877
INFO 08-14 23:17:48 shared.py:299] Adding task for request 413 to replica 1,session_id=16
DEBUG 08-14 23:17:48 replica.py:226] add_request - replica_id=[1], request=413,self.replica_slo_budget-sum_pending_tokens==current_budget:True,1048576-2125==1046451
INFO 08-14 23:17:48 shared.py:299] Adding task for request 414 to replica 1,session_id=4
DEBUG 08-14 23:17:48 replica.py:226] add_request - replica_id=[1], request=414,self.replica_slo_budget-sum_pending_tokens==current_budget:True,1048576-2297==1046279
INFO 08-14 23:17:48 shared.py:299] Adding task for request 417 to replica 1,session_id=53
DEBUG 08-14 23:17:48 replica.py:226] add_request - replica_id=[1], request=417,self.replica_slo_budget-sum_pending_tokens==current_budget:True,1048576-2672==1045904
INFO 08-14 23:17:48 shared.py:299] Adding task for request 418 to replica 0,session_id=159
DEBUG 08-14 23:17:48 replica.py:226] add_request - replica_id=[0], request=418,self.replica_slo_budget-sum_pending_tokens==current_budget:True,1048576-158==1048418
INFO 08-14 23:17:48 shared.py:299] Adding task for request 419 to replica 3,session_id=159
DEBUG 08-14 23:17:48 replica.py:226] add_request - replica_id=[3], request=419,self.replica_slo_budget-sum_pending_tokens==current_budget:True,1048576-4853==1043723
INFO 08-14 23:17:48 open_ai.py:115] async_send_request:request._id=410,session=27,https://uu722127-b80a-4e3f9d5d.cqa1.seetacloud.com:8443
INFO 08-14 23:17:48 open_ai.py:115] async_send_request:request._id=411,session=10,https://uu722127-b80a-4e3f9d5d.cqa1.seetacloud.com:8443
INFO 08-14 23:17:48 open_ai.py:115] async_send_request:request._id=412,session=4,https://uu722127-b80a-4e3f9d5d.cqa1.seetacloud.com:8443
INFO 08-14 23:17:48 open_ai.py:115] async_send_request:request._id=413,session=16,127.0.0.1:8001
INFO 08-14 23:17:48 open_ai.py:115] async_send_request:request._id=414,session=4,127.0.0.1:8001
INFO 08-14 23:17:48 open_ai.py:115] async_send_request:request._id=417,session=53,127.0.0.1:8001
INFO 08-14 23:17:48 open_ai.py:115] async_send_request:request._id=418,session=159,127.0.0.1:8000
INFO 08-14 23:17:48 open_ai.py:115] async_send_request:request._id=419,session=159,https://uu722127-b80a-4e3f9d5d.cqa1.seetacloud.com:8443
DEBUG 08-14 23:17:48 replica.py:171] complete_request_decode:num_saved_toekens=656
DEBUG 08-14 23:17:48 open_ai.py:452] good request:https://u722127-b80a-4e3f9d5d.cqa1.seetacloud.com:8443:good,request._id=201,input=145,output=669
DEBUG 08-14 23:17:48 replica.py:171] complete_request_decode:num_saved_toekens=448
DEBUG 08-14 23:17:48 open_ai.py:452] good request:https://u722127-b80a-4e3f9d5d.cqa1.seetacloud.com:8443:good,request._id=257,input=164,output=455
DEBUG 08-14 23:17:48 replica.py:171] complete_request_decode:num_saved_toekens=176
DEBUG 08-14 23:17:48 replica.py:171] complete_request_decode:num_saved_toekens=992
DEBUG 08-14 23:17:48 open_ai.py:452] good request:https://u722127-b80a-4e3f9d5d.cqa1.seetacloud.com:8443:good,request._id=85,input=150,output=989
DEBUG 08-14 23:17:48 open_ai.py:452] good request:https://u722127-b80a-4e3f9d5d.cqa1.seetacloud.com:8443:good,request._id=90,input=166,output=907
DEBUG 08-14 23:17:48 metrics_store.py:131] update_metrics:request_id=316
DEBUG 08-14 23:17:48 metrics_store.py:131] update_metrics:request_id=252
DEBUG 08-14 23:17:48 metrics_store.py:131] update_metrics:request_id=319
DEBUG 08-14 23:17:48 shared.py:180] Removed task for request 316 on 127.0.0.1:8001
DEBUG 08-14 23:17:48 metrics_store.py:131] update_metrics:request_id=256
DEBUG 08-14 23:17:48 shared.py:180] Removed task for request 252 on https://uu722127-b80a-4e3f9d5d.cqa1.seetacloud.com:8443
DEBUG 08-14 23:17:48 metrics_store.py:131] update_metrics:request_id=163
DEBUG 08-14 23:17:48 shared.py:180] Removed task for request 319 on https://u722127-8cb5-f6dc13db.nmb1.seetacloud.com:8443
DEBUG 08-14 23:17:48 shared.py:180] Removed task for request 256 on 127.0.0.1:8001
DEBUG 08-14 23:17:48 open_ai.py:335] async_send_request: request finish prefill, 400
INFO 08-14 23:17:48 open_ai.py:352] async_send_request: prefill completed: req=400,replica_id=2
DEBUG 08-14 23:17:48 replica.py:146] complete_request_prefill: replica_id=[2], request=400, current_budget=152,last_prefill_completed_at=30614676.96634559,last_ttft=13.1181
DEBUG 08-14 23:17:48 replica.py:153] complete_request_prefill - replica_id=[2], request=400,self.replica_slo_budget-sum_pending_tokens==current_budget:True,1048576-306==1048270
DEBUG 08-14 23:17:48 replica.py:171] complete_request_decode:num_saved_toekens=592
DEBUG 08-14 23:17:48 open_ai.py:452] good request:127.0.0.1:8001:good,request._id=178,input=160,output=594
DEBUG 08-14 23:17:48 open_ai.py:335] async_send_request: request finish prefill, 401
INFO 08-14 23:17:48 open_ai.py:352] async_send_request: prefill completed: req=401,replica_id=1
DEBUG 08-14 23:17:48 replica.py:146] complete_request_prefill: replica_id=[1], request=401, current_budget=923,last_prefill_completed_at=30614676.993446685,last_ttft=13.1413
DEBUG 08-14 23:17:48 replica.py:153] complete_request_prefill - replica_id=[1], request=401,self.replica_slo_budget-sum_pending_tokens==current_budget:True,1048576-1749==1046827
DEBUG 08-14 23:17:48 open_ai.py:335] async_send_request: request finish prefill, 404
INFO 08-14 23:17:48 open_ai.py:352] async_send_request: prefill completed: req=404,replica_id=2
DEBUG 08-14 23:17:48 replica.py:146] complete_request_prefill: replica_id=[2], request=404, current_budget=152,last_prefill_completed_at=30614677.0170242,last_ttft=13.1543
DEBUG 08-14 23:17:48 replica.py:153] complete_request_prefill - replica_id=[2], request=404,self.replica_slo_budget-sum_pending_tokens==current_budget:True,1048576-154==1048422
DEBUG 08-14 23:17:48 open_ai.py:335] async_send_request: request finish prefill, 406
INFO 08-14 23:17:48 open_ai.py:352] async_send_request: prefill completed: req=406,replica_id=2
DEBUG 08-14 23:17:48 replica.py:146] complete_request_prefill: replica_id=[2], request=406, current_budget=154,last_prefill_completed_at=30614677.03839057,last_ttft=13.1722
DEBUG 08-14 23:17:48 replica.py:153] complete_request_prefill - replica_id=[2], request=406,self.replica_slo_budget-sum_pending_tokens==current_budget:True,1048576-0==1048576
DEBUG 08-14 23:17:48 shared.py:180] Removed task for request 163 on 127.0.0.1:8001
DEBUG 08-14 23:17:48 open_ai.py:335] async_send_request: request finish prefill, 405
INFO 08-14 23:17:48 open_ai.py:352] async_send_request: prefill completed: req=405,replica_id=3
DEBUG 08-14 23:17:48 replica.py:146] complete_request_prefill: replica_id=[3], request=405, current_budget=154,last_prefill_completed_at=30614677.11106135,last_ttft=13.2455
DEBUG 08-14 23:17:48 replica.py:153] complete_request_prefill - replica_id=[3], request=405,self.replica_slo_budget-sum_pending_tokens==current_budget:True,1048576-4699==1043877
DEBUG 08-14 23:17:49 replica.py:171] complete_request_decode:num_saved_toekens=960
DEBUG 08-14 23:17:49 open_ai.py:452] good request:https://u722127-b80a-4e3f9d5d.cqa1.seetacloud.com:8443:good,request._id=106,input=146,output=968
DEBUG 08-14 23:17:49 replica.py:171] complete_request_decode:num_saved_toekens=368
DEBUG 08-14 23:17:49 open_ai.py:452] good request:https://uu722127-b80a-4e3f9d5d.cqa1.seetacloud.com:8443:good,request._id=117,input=168,output=374
DEBUG 08-14 23:17:49 replica.py:171] complete_request_decode:num_saved_toekens=400
DEBUG 08-14 23:17:49 open_ai.py:452] good request:https://u722127-b80a-4e3f9d5d.cqa1.seetacloud.com:8443:good,request._id=268,input=166,output=408
INFO 08-14 23:17:49 shared.py:299] Adding task for request 424 to replica 1,session_id=155
DEBUG 08-14 23:17:49 replica.py:226] add_request - replica_id=[1], request=424,self.replica_slo_budget-sum_pending_tokens==current_budget:True,1048576-1899==1046677
INFO 08-14 23:17:49 shared.py:299] Adding task for request 425 to replica 1,session_id=155
DEBUG 08-14 23:17:49 replica.py:226] add_request - replica_id=[1], request=425,self.replica_slo_budget-sum_pending_tokens==current_budget:True,1048576-2055==1046521
INFO 08-14 23:17:49 shared.py:299] Adding task for request 426 to replica 1,session_id=155
DEBUG 08-14 23:17:49 replica.py:226] add_request - replica_id=[1], request=426,self.replica_slo_budget-sum_pending_tokens==current_budget:True,1048576-2207==1046369
INFO 08-14 23:17:49 open_ai.py:115] async_send_request:request._id=424,session=155,127.0.0.1:8001
INFO 08-14 23:17:49 open_ai.py:115] async_send_request:request._id=425,session=155,127.0.0.1:8001
INFO 08-14 23:17:49 open_ai.py:115] async_send_request:request._id=426,session=155,127.0.0.1:8001
DEBUG 08-14 23:17:49 replica.py:171] complete_request_decode:num_saved_toekens=288
DEBUG 08-14 23:17:49 open_ai.py:452] good request:127.0.0.1:8000:good,request._id=274,input=158,output=283
DEBUG 08-14 23:17:49 replica.py:171] complete_request_decode:num_saved_toekens=384
DEBUG 08-14 23:17:49 replica.py:171] complete_request_decode:num_saved_toekens=416
DEBUG 08-14 23:17:49 open_ai.py:452] good request:https://uu722127-b80a-4e3f9d5d.cqa1.seetacloud.com:8443:good,request._id=92,input=154,output=406
DEBUG 08-14 23:17:49 replica.py:171] complete_request_decode:num_saved_toekens=400
DEBUG 08-14 23:17:49 open_ai.py:452] good request:https://u722127-b80a-4e3f9d5d.cqa1.seetacloud.com:8443:good,request._id=116,input=176,output=410
DEBUG 08-14 23:17:49 replica.py:171] complete_request_decode:num_saved_toekens=976
DEBUG 08-14 23:17:49 metrics_store.py:131] update_metrics:request_id=201
DEBUG 08-14 23:17:49 metrics_store.py:131] update_metrics:request_id=257
DEBUG 08-14 23:17:49 shared.py:180] Removed task for request 201 on https://u722127-b80a-4e3f9d5d.cqa1.seetacloud.com:8443
DEBUG 08-14 23:17:49 shared.py:180] Removed task for request 257 on https://u722127-b80a-4e3f9d5d.cqa1.seetacloud.com:8443
DEBUG 08-14 23:17:49 open_ai.py:335] async_send_request: request finish prefill, 418
INFO 08-14 23:17:49 open_ai.py:352] async_send_request: prefill completed: req=418,replica_id=0
DEBUG 08-14 23:17:49 replica.py:146] complete_request_prefill: replica_id=[0], request=418, current_budget=158,last_prefill_completed_at=30614677.62066248,last_ttft=13.7137
DEBUG 08-14 23:17:49 replica.py:153] complete_request_prefill - replica_id=[0], request=418,self.replica_slo_budget-sum_pending_tokens==current_budget:True,1048576-0==1048576
DEBUG 08-14 23:17:49 replica.py:171] complete_request_decode:num_saved_toekens=272
DEBUG 08-14 23:17:49 open_ai.py:452] good request:127.0.0.1:8000:good,request._id=232,input=150,output=280
DEBUG 08-14 23:17:49 open_ai.py:335] async_send_request: request finish prefill, 417
INFO 08-14 23:17:49 open_ai.py:352] async_send_request: prefill completed: req=417,replica_id=1
DEBUG 08-14 23:17:49 replica.py:146] complete_request_prefill: replica_id=[1], request=417, current_budget=375,last_prefill_completed_at=30614677.64873973,last_ttft=13.7429
DEBUG 08-14 23:17:49 replica.py:153] complete_request_prefill - replica_id=[1], request=417,self.replica_slo_budget-sum_pending_tokens==current_budget:True,1048576-1832==1046744
DEBUG 08-14 23:17:49 open_ai.py:335] async_send_request: request finish prefill, 412
INFO 08-14 23:17:49 open_ai.py:352] async_send_request: prefill completed: req=412,replica_id=3
DEBUG 08-14 23:17:49 replica.py:146] complete_request_prefill: replica_id=[3], request=412, current_budget=172,last_prefill_completed_at=30614677.6753916,last_ttft=13.7819
DEBUG 08-14 23:17:49 replica.py:153] complete_request_prefill - replica_id=[3], request=412,self.replica_slo_budget-sum_pending_tokens==current_budget:True,1048576-4527==1044049
DEBUG 08-14 23:17:49 open_ai.py:335] async_send_request: request finish prefill, 419
INFO 08-14 23:17:49 open_ai.py:352] async_send_request: prefill completed: req=419,replica_id=3
DEBUG 08-14 23:17:49 replica.py:146] complete_request_prefill: replica_id=[3], request=419, current_budget=154,last_prefill_completed_at=30614677.695865456,last_ttft=13.788
DEBUG 08-14 23:17:49 replica.py:153] complete_request_prefill - replica_id=[3], request=419,self.replica_slo_budget-sum_pending_tokens==current_budget:True,1048576-4373==1044203
DEBUG 08-14 23:17:49 open_ai.py:335] async_send_request: request finish prefill, 410
INFO 08-14 23:17:49 open_ai.py:352] async_send_request: prefill completed: req=410,replica_id=3
DEBUG 08-14 23:17:49 replica.py:146] complete_request_prefill: replica_id=[3], request=410, current_budget=1032,last_prefill_completed_at=30614677.720816307,last_ttft=13.8397
DEBUG 08-14 23:17:49 replica.py:153] complete_request_prefill - replica_id=[3], request=410,self.replica_slo_budget-sum_pending_tokens==current_budget:True,1048576-3341==1045235
DEBUG 08-14 23:17:49 replica.py:171] complete_request_decode:num_saved_toekens=1024
DEBUG 08-14 23:17:49 open_ai.py:452] good request:https://uu722127-b80a-4e3f9d5d.cqa1.seetacloud.com:8443:good,request._id=87,input=150,output=1024
DEBUG 08-14 23:17:49 open_ai.py:335] async_send_request: request finish prefill, 414
INFO 08-14 23:17:49 open_ai.py:352] async_send_request: prefill completed: req=414,replica_id=1
DEBUG 08-14 23:17:49 replica.py:146] complete_request_prefill: replica_id=[1], request=414, current_budget=172,last_prefill_completed_at=30614677.74645851,last_ttft=13.8523
DEBUG 08-14 23:17:49 replica.py:153] complete_request_prefill - replica_id=[1], request=414,self.replica_slo_budget-sum_pending_tokens==current_budget:True,1048576-1660==1046916
DEBUG 08-14 23:17:49 open_ai.py:335] async_send_request: request finish prefill, 413
INFO 08-14 23:17:49 open_ai.py:352] async_send_request: prefill completed: req=413,replica_id=1
DEBUG 08-14 23:17:49 replica.py:146] complete_request_prefill: replica_id=[1], request=413, current_budget=1202,last_prefill_completed_at=30614677.76708837,last_ttft=13.8728
DEBUG 08-14 23:17:49 replica.py:153] complete_request_prefill - replica_id=[1], request=413,self.replica_slo_budget-sum_pending_tokens==current_budget:True,1048576-458==1048118
DEBUG 08-14 23:17:49 open_ai.py:452] good request:https://uu722127-b80a-4e3f9d5d.cqa1.seetacloud.com:8443:good,request._id=350,input=160,output=191
DEBUG 08-14 23:17:49 replica.py:171] complete_request_decode:num_saved_toekens=768
DEBUG 08-14 23:17:49 open_ai.py:452] good request:127.0.0.1:8000:good,request._id=34,input=146,output=772
DEBUG 08-14 23:17:49 open_ai.py:335] async_send_request: request finish prefill, 411
INFO 08-14 23:17:49 open_ai.py:352] async_send_request: prefill completed: req=411,replica_id=3
DEBUG 08-14 23:17:49 replica.py:146] complete_request_prefill: replica_id=[3], request=411, current_budget=3341,last_prefill_completed_at=30614677.809942745,last_ttft=13.9267
DEBUG 08-14 23:17:49 replica.py:153] complete_request_prefill - replica_id=[3], request=411,self.replica_slo_budget-sum_pending_tokens==current_budget:True,1048576-0==1048576
DEBUG 08-14 23:17:49 metrics_store.py:131] update_metrics:request_id=85
DEBUG 08-14 23:17:49 replica.py:171] complete_request_decode:num_saved_toekens=304
DEBUG 08-14 23:17:49 open_ai.py:452] good request:https://u722127-b80a-4e3f9d5d.cqa1.seetacloud.com:8443:good,request._id=344,input=148,output=305
DEBUG 08-14 23:17:49 metrics_store.py:131] update_metrics:request_id=90
DEBUG 08-14 23:17:49 metrics_store.py:131] update_metrics:request_id=178
DEBUG 08-14 23:17:49 shared.py:180] Removed task for request 85 on https://u722127-b80a-4e3f9d5d.cqa1.seetacloud.com:8443
DEBUG 08-14 23:17:49 metrics_store.py:131] update_metrics:request_id=106
DEBUG 08-14 23:17:49 shared.py:180] Removed task for request 90 on https://u722127-b80a-4e3f9d5d.cqa1.seetacloud.com:8443
DEBUG 08-14 23:17:49 metrics_store.py:131] update_metrics:request_id=117
DEBUG 08-14 23:17:49 shared.py:180] Removed task for request 178 on 127.0.0.1:8001
DEBUG 08-14 23:17:49 metrics_store.py:131] update_metrics:request_id=268
DEBUG 08-14 23:17:49 shared.py:180] Removed task for request 106 on https://u722127-b80a-4e3f9d5d.cqa1.seetacloud.com:8443
DEBUG 08-14 23:17:49 replica.py:171] complete_request_decode:num_saved_toekens=352
DEBUG 08-14 23:17:49 open_ai.py:452] good request:https://u722127-b80a-4e3f9d5d.cqa1.seetacloud.com:8443:good,request._id=321,input=168,output=344
DEBUG 08-14 23:17:49 replica.py:171] complete_request_decode:num_saved_toekens=0
DEBUG 08-14 23:17:49 open_ai.py:452] good request:127.0.0.1:8001:good,request._id=413,input=1202,output=13
DEBUG 08-14 23:17:49 replica.py:171] complete_request_decode:num_saved_toekens=656
DEBUG 08-14 23:17:49 open_ai.py:452] good request:https://uu722127-b80a-4e3f9d5d.cqa1.seetacloud.com:8443:good,request._id=222,input=172,output=651
DEBUG 08-14 23:17:49 replica.py:171] complete_request_decode:num_saved_toekens=16
DEBUG 08-14 23:17:49 shared.py:180] Removed task for request 117 on https://uu722127-b80a-4e3f9d5d.cqa1.seetacloud.com:8443
DEBUG 08-14 23:17:49 shared.py:180] Removed task for request 268 on https://u722127-b80a-4e3f9d5d.cqa1.seetacloud.com:8443
DEBUG 08-14 23:17:49 replica.py:171] complete_request_decode:num_saved_toekens=816
DEBUG 08-14 23:17:49 open_ai.py:452] good request:127.0.0.1:8001:good,request._id=71,input=170,output=806
DEBUG 08-14 23:17:50 replica.py:171] complete_request_decode:num_saved_toekens=272
DEBUG 08-14 23:17:50 open_ai.py:452] good request:https://u722127-b80a-4e3f9d5d.cqa1.seetacloud.com:8443:good,request._id=363,input=787,output=271
DEBUG 08-14 23:17:50 replica.py:171] complete_request_decode:num_saved_toekens=448
DEBUG 08-14 23:17:50 open_ai.py:452] good request:https://uu722127-b80a-4e3f9d5d.cqa1.seetacloud.com:8443:good,request._id=115,input=184,output=451
INFO 08-14 23:17:50 shared.py:299] Adding task for request 433 to replica 2,session_id=38
DEBUG 08-14 23:17:50 replica.py:226] add_request - replica_id=[2], request=433,self.replica_slo_budget-sum_pending_tokens==current_budget:True,1048576-1375==1047201
INFO 08-14 23:17:50 shared.py:299] Adding task for request 435 to replica 2,session_id=132
DEBUG 08-14 23:17:50 replica.py:226] add_request - replica_id=[2], request=435,self.replica_slo_budget-sum_pending_tokens==current_budget:True,1048576-1535==1047041
INFO 08-14 23:17:50 shared.py:299] Adding task for request 436 to replica 2,session_id=132
DEBUG 08-14 23:17:50 replica.py:226] add_request - replica_id=[2], request=436,self.replica_slo_budget-sum_pending_tokens==current_budget:True,1048576-1697==1046879
INFO 08-14 23:17:50 shared.py:299] Adding task for request 438 to replica 2,session_id=27
DEBUG 08-14 23:17:50 replica.py:226] add_request - replica_id=[2], request=438,self.replica_slo_budget-sum_pending_tokens==current_budget:True,1048576-2578==1045998
INFO 08-14 23:17:50 shared.py:299] Adding task for request 439 to replica 2,session_id=12
DEBUG 08-14 23:17:50 replica.py:226] add_request - replica_id=[2], request=439,self.replica_slo_budget-sum_pending_tokens==current_budget:True,1048576-4666==1043910
INFO 08-14 23:17:50 open_ai.py:115] async_send_request:request._id=433,session=38,https://u722127-b80a-4e3f9d5d.cqa1.seetacloud.com:8443
INFO 08-14 23:17:50 open_ai.py:115] async_send_request:request._id=435,session=132,https://u722127-b80a-4e3f9d5d.cqa1.seetacloud.com:8443
INFO 08-14 23:17:50 open_ai.py:115] async_send_request:request._id=436,session=132,https://u722127-b80a-4e3f9d5d.cqa1.seetacloud.com:8443
INFO 08-14 23:17:50 open_ai.py:115] async_send_request:request._id=438,session=27,https://u722127-b80a-4e3f9d5d.cqa1.seetacloud.com:8443
INFO 08-14 23:17:50 open_ai.py:115] async_send_request:request._id=439,session=12,https://u722127-b80a-4e3f9d5d.cqa1.seetacloud.com:8443
DEBUG 08-14 23:17:50 metrics_store.py:131] update_metrics:request_id=274
DEBUG 08-14 23:17:50 shared.py:180] Removed task for request 274 on 127.0.0.1:8000
DEBUG 08-14 23:17:50 replica.py:171] complete_request_decode:num_saved_toekens=640
DEBUG 08-14 23:17:50 open_ai.py:452] good request:127.0.0.1:8000:good,request._id=172,input=144,output=655
DEBUG 08-14 23:17:50 open_ai.py:335] async_send_request: request finish prefill, 425
INFO 08-14 23:17:50 open_ai.py:352] async_send_request: prefill completed: req=425,replica_id=1
DEBUG 08-14 23:17:50 replica.py:146] complete_request_prefill: replica_id=[1], request=425, current_budget=156,last_prefill_completed_at=30614678.57117278,last_ttft=14.6455
DEBUG 08-14 23:17:50 replica.py:153] complete_request_prefill - replica_id=[1], request=425,self.replica_slo_budget-sum_pending_tokens==current_budget:True,1048576-302==1048274
DEBUG 08-14 23:17:50 open_ai.py:335] async_send_request: request finish prefill, 426
INFO 08-14 23:17:50 open_ai.py:352] async_send_request: prefill completed: req=426,replica_id=1
DEBUG 08-14 23:17:50 replica.py:146] complete_request_prefill: replica_id=[1], request=426, current_budget=152,last_prefill_completed_at=30614678.598365285,last_ttft=14.672
DEBUG 08-14 23:17:50 replica.py:153] complete_request_prefill - replica_id=[1], request=426,self.replica_slo_budget-sum_pending_tokens==current_budget:True,1048576-150==1048426
DEBUG 08-14 23:17:50 replica.py:171] complete_request_decode:num_saved_toekens=624
DEBUG 08-14 23:17:50 open_ai.py:452] good request:https://uu722127-b80a-4e3f9d5d.cqa1.seetacloud.com:8443:good,request._id=248,input=176,output=638
DEBUG 08-14 23:17:50 open_ai.py:335] async_send_request: request finish prefill, 424
INFO 08-14 23:17:50 open_ai.py:352] async_send_request: prefill completed: req=424,replica_id=1
DEBUG 08-14 23:17:50 replica.py:146] complete_request_prefill: replica_id=[1], request=424, current_budget=150,last_prefill_completed_at=30614678.62550317,last_ttft=14.7002
DEBUG 08-14 23:17:50 replica.py:153] complete_request_prefill - replica_id=[1], request=424,self.replica_slo_budget-sum_pending_tokens==current_budget:True,1048576-0==1048576
DEBUG 08-14 23:17:50 open_ai.py:452] good request:https://uu722127-b80a-4e3f9d5d.cqa1.seetacloud.com:8443:good,request._id=190,input=154,output=383
DEBUG 08-14 23:17:50 metrics_store.py:131] update_metrics:request_id=92
DEBUG 08-14 23:17:50 metrics_store.py:131] update_metrics:request_id=116
DEBUG 08-14 23:17:50 shared.py:180] Removed task for request 92 on https://uu722127-b80a-4e3f9d5d.cqa1.seetacloud.com:8443
DEBUG 08-14 23:17:50 shared.py:180] Removed task for request 116 on https://u722127-b80a-4e3f9d5d.cqa1.seetacloud.com:8443
DEBUG 08-14 23:17:50 replica.py:171] complete_request_decode:num_saved_toekens=48
DEBUG 08-14 23:17:50 open_ai.py:452] good request:127.0.0.1:8001:good,request._id=417,input=375,output=55
DEBUG 08-14 23:17:50 replica.py:171] complete_request_decode:num_saved_toekens=128
DEBUG 08-14 23:17:50 open_ai.py:452] good request:https://u722127-b80a-4e3f9d5d.cqa1.seetacloud.com:8443:good,request._id=404,input=152,output=135
DEBUG 08-14 23:17:50 open_ai.py:452] good request:https://u722127-b80a-4e3f9d5d.cqa1.seetacloud.com:8443:good,request._id=120,input=160,output=977
DEBUG 08-14 23:17:50 metrics_store.py:131] update_metrics:request_id=232
DEBUG 08-14 23:17:50 metrics_store.py:131] update_metrics:request_id=87
DEBUG 08-14 23:17:50 metrics_store.py:131] update_metrics:request_id=350
DEBUG 08-14 23:17:50 shared.py:180] Removed task for request 232 on 127.0.0.1:8000
DEBUG 08-14 23:17:50 metrics_store.py:131] update_metrics:request_id=34
DEBUG 08-14 23:17:50 shared.py:180] Removed task for request 87 on https://uu722127-b80a-4e3f9d5d.cqa1.seetacloud.com:8443
DEBUG 08-14 23:17:50 metrics_store.py:131] update_metrics:request_id=344
DEBUG 08-14 23:17:50 shared.py:180] Removed task for request 350 on https://uu722127-b80a-4e3f9d5d.cqa1.seetacloud.com:8443
DEBUG 08-14 23:17:50 metrics_store.py:131] update_metrics:request_id=321
DEBUG 08-14 23:17:50 shared.py:180] Removed task for request 34 on 127.0.0.1:8000
DEBUG 08-14 23:17:50 replica.py:171] complete_request_decode:num_saved_toekens=496
DEBUG 08-14 23:17:50 open_ai.py:452] good request:https://uu722127-b80a-4e3f9d5d.cqa1.seetacloud.com:8443:good,request._id=62,input=162,output=505
DEBUG 08-14 23:17:50 metrics_store.py:131] update_metrics:request_id=413
DEBUG 08-14 23:17:50 shared.py:180] Removed task for request 344 on https://u722127-b80a-4e3f9d5d.cqa1.seetacloud.com:8443
DEBUG 08-14 23:17:50 metrics_store.py:131] update_metrics:request_id=222
DEBUG 08-14 23:17:50 shared.py:180] Removed task for request 321 on https://u722127-b80a-4e3f9d5d.cqa1.seetacloud.com:8443
DEBUG 08-14 23:17:50 shared.py:180] Removed task for request 413 on 127.0.0.1:8001
DEBUG 08-14 23:17:51 shared.py:180] Removed task for request 222 on https://uu722127-b80a-4e3f9d5d.cqa1.seetacloud.com:8443
DEBUG 08-14 23:17:51 replica.py:171] complete_request_decode:num_saved_toekens=528
DEBUG 08-14 23:17:51 open_ai.py:452] good request:https://u722127-b80a-4e3f9d5d.cqa1.seetacloud.com:8443:good,request._id=61,input=158,output=525
DEBUG 08-14 23:17:51 replica.py:171] complete_request_decode:num_saved_toekens=112
DEBUG 08-14 23:17:51 open_ai.py:452] good request:127.0.0.1:8001:good,request._id=401,input=923,output=112
DEBUG 08-14 23:17:51 replica.py:171] complete_request_decode:num_saved_toekens=576
DEBUG 08-14 23:17:51 open_ai.py:452] good request:127.0.0.1:8001:good,request._id=223,input=166,output=570
DEBUG 08-14 23:17:51 open_ai.py:452] good request:https://uu722127-b80a-4e3f9d5d.cqa1.seetacloud.com:8443:good,request._id=410,input=1032,output=13
DEBUG 08-14 23:17:51 metrics_store.py:131] update_metrics:request_id=71
DEBUG 08-14 23:17:51 metrics_store.py:131] update_metrics:request_id=363
DEBUG 08-14 23:17:51 metrics_store.py:131] update_metrics:request_id=115
DEBUG 08-14 23:17:51 shared.py:180] Removed task for request 71 on 127.0.0.1:8001
DEBUG 08-14 23:17:51 shared.py:180] Removed task for request 363 on https://u722127-b80a-4e3f9d5d.cqa1.seetacloud.com:8443
DEBUG 08-14 23:17:51 shared.py:180] Removed task for request 115 on https://uu722127-b80a-4e3f9d5d.cqa1.seetacloud.com:8443
INFO 08-14 23:17:51 shared.py:299] Adding task for request 278 to replica 2,session_id=85
DEBUG 08-14 23:17:51 replica.py:226] add_request - replica_id=[2], request=278,self.replica_slo_budget-sum_pending_tokens==current_budget:True,1048576-4812==1043764
INFO 08-14 23:17:51 shared.py:299] Adding task for request 440 to replica 3,session_id=16
DEBUG 08-14 23:17:51 replica.py:226] add_request - replica_id=[3], request=440,self.replica_slo_budget-sum_pending_tokens==current_budget:True,1048576-1051==1047525
INFO 08-14 23:17:51 shared.py:299] Adding task for request 280 to replica 3,session_id=85
DEBUG 08-14 23:17:51 replica.py:226] add_request - replica_id=[3], request=280,self.replica_slo_budget-sum_pending_tokens==current_budget:True,1048576-1199==1047377
INFO 08-14 23:17:51 shared.py:299] Adding task for request 441 to replica 2,session_id=32
DEBUG 08-14 23:17:51 replica.py:226] add_request - replica_id=[2], request=441,self.replica_slo_budget-sum_pending_tokens==current_budget:True,1048576-6761==1041815
INFO 08-14 23:17:51 shared.py:299] Adding task for request 298 to replica 2,session_id=93
DEBUG 08-14 23:17:51 replica.py:226] add_request - replica_id=[2], request=298,self.replica_slo_budget-sum_pending_tokens==current_budget:True,1048576-6905==1041671
INFO 08-14 23:17:51 shared.py:299] Adding task for request 297 to replica 3,session_id=93
DEBUG 08-14 23:17:51 replica.py:226] add_request - replica_id=[3], request=297,self.replica_slo_budget-sum_pending_tokens==current_budget:True,1048576-1349==1047227
INFO 08-14 23:17:51 shared.py:299] Adding task for request 301 to replica 3,session_id=93
DEBUG 08-14 23:17:51 replica.py:226] add_request - replica_id=[3], request=301,self.replica_slo_budget-sum_pending_tokens==current_budget:True,1048576-1495==1047081
INFO 08-14 23:17:51 shared.py:299] Adding task for request 315 to replica 2,session_id=89
DEBUG 08-14 23:17:51 replica.py:226] add_request - replica_id=[2], request=315,self.replica_slo_budget-sum_pending_tokens==current_budget:True,1048576-7049==1041527
INFO 08-14 23:17:51 shared.py:299] Adding task for request 327 to replica 0,session_id=1
DEBUG 08-14 23:17:51 replica.py:226] add_request - replica_id=[0], request=327,self.replica_slo_budget-sum_pending_tokens==current_budget:True,1048576-192==1048384
INFO 08-14 23:17:51 shared.py:299] Adding task for request 329 to replica 2,session_id=1
DEBUG 08-14 23:17:51 replica.py:226] add_request - replica_id=[2], request=329,self.replica_slo_budget-sum_pending_tokens==current_budget:True,1048576-7227==1041349
INFO 08-14 23:17:51 shared.py:299] Adding task for request 328 to replica 3,session_id=1
DEBUG 08-14 23:17:51 replica.py:226] add_request - replica_id=[3], request=328,self.replica_slo_budget-sum_pending_tokens==current_budget:True,1048576-1670==1046906
INFO 08-14 23:17:51 shared.py:299] Adding task for request 337 to replica 0,session_id=97
DEBUG 08-14 23:17:51 replica.py:226] add_request - replica_id=[0], request=337,self.replica_slo_budget-sum_pending_tokens==current_budget:True,1048576-362==1048214
INFO 08-14 23:17:51 shared.py:299] Adding task for request 445 to replica 1,session_id=64
DEBUG 08-14 23:17:51 replica.py:226] add_request - replica_id=[1], request=445,self.replica_slo_budget-sum_pending_tokens==current_budget:True,1048576-514==1048062
INFO 08-14 23:17:51 shared.py:299] Adding task for request 336 to replica 1,session_id=105
DEBUG 08-14 23:17:51 replica.py:226] add_request - replica_id=[1], request=336,self.replica_slo_budget-sum_pending_tokens==current_budget:True,1048576-664==1047912
INFO 08-14 23:17:51 shared.py:299] Adding task for request 339 to replica 2,session_id=97
DEBUG 08-14 23:17:51 replica.py:226] add_request - replica_id=[2], request=339,self.replica_slo_budget-sum_pending_tokens==current_budget:True,1048576-7401==1041175
INFO 08-14 23:17:51 shared.py:299] Adding task for request 338 to replica 3,session_id=101
DEBUG 08-14 23:17:51 replica.py:226] add_request - replica_id=[3], request=338,self.replica_slo_budget-sum_pending_tokens==current_budget:True,1048576-1842==1046734
INFO 08-14 23:17:51 shared.py:299] Adding task for request 345 to replica 0,session_id=117
DEBUG 08-14 23:17:51 replica.py:226] add_request - replica_id=[0], request=345,self.replica_slo_budget-sum_pending_tokens==current_budget:True,1048576-510==1048066
INFO 08-14 23:17:51 shared.py:299] Adding task for request 343 to replica 1,session_id=121
DEBUG 08-14 23:17:51 replica.py:226] add_request - replica_id=[1], request=343,self.replica_slo_budget-sum_pending_tokens==current_budget:True,1048576-836==1047740
INFO 08-14 23:17:51 shared.py:299] Adding task for request 360 to replica 2,session_id=109
DEBUG 08-14 23:17:51 replica.py:226] add_request - replica_id=[2], request=360,self.replica_slo_budget-sum_pending_tokens==current_budget:True,1048576-7549==1041027
INFO 08-14 23:17:51 shared.py:299] Adding task for request 359 to replica 3,session_id=109
DEBUG 08-14 23:17:51 replica.py:226] add_request - replica_id=[3], request=359,self.replica_slo_budget-sum_pending_tokens==current_budget:True,1048576-1988==1046588
INFO 08-14 23:17:51 shared.py:299] Adding task for request 449 to replica 4,session_id=24
DEBUG 08-14 23:17:51 replica.py:226] add_request - replica_id=[4], request=449,self.replica_slo_budget-sum_pending_tokens==current_budget:True,1048576-2463==1046113
INFO 08-14 23:17:51 shared.py:299] Adding task for request 362 to replica 4,session_id=109
DEBUG 08-14 23:17:51 replica.py:226] add_request - replica_id=[4], request=362,self.replica_slo_budget-sum_pending_tokens==current_budget:True,1048576-2613==1045963
INFO 08-14 23:17:51 shared.py:299] Adding task for request 367 to replica 1,session_id=133
DEBUG 08-14 23:17:51 replica.py:226] add_request - replica_id=[1], request=367,self.replica_slo_budget-sum_pending_tokens==current_budget:True,1048576-982==1047594
INFO 08-14 23:17:51 shared.py:299] Adding task for request 369 to replica 3,session_id=137
DEBUG 08-14 23:17:51 replica.py:226] add_request - replica_id=[3], request=369,self.replica_slo_budget-sum_pending_tokens==current_budget:True,1048576-2172==1046404
INFO 08-14 23:17:51 open_ai.py:115] async_send_request:request._id=278,session=85,https://u722127-b80a-4e3f9d5d.cqa1.seetacloud.com:8443
INFO 08-14 23:17:51 open_ai.py:115] async_send_request:request._id=440,session=16,https://uu722127-b80a-4e3f9d5d.cqa1.seetacloud.com:8443
INFO 08-14 23:17:51 open_ai.py:115] async_send_request:request._id=280,session=85,https://uu722127-b80a-4e3f9d5d.cqa1.seetacloud.com:8443
INFO 08-14 23:17:51 open_ai.py:115] async_send_request:request._id=441,session=32,https://u722127-b80a-4e3f9d5d.cqa1.seetacloud.com:8443
INFO 08-14 23:17:51 open_ai.py:115] async_send_request:request._id=298,session=93,https://u722127-b80a-4e3f9d5d.cqa1.seetacloud.com:8443
INFO 08-14 23:17:51 open_ai.py:115] async_send_request:request._id=297,session=93,https://uu722127-b80a-4e3f9d5d.cqa1.seetacloud.com:8443
INFO 08-14 23:17:51 open_ai.py:115] async_send_request:request._id=301,session=93,https://uu722127-b80a-4e3f9d5d.cqa1.seetacloud.com:8443
INFO 08-14 23:17:51 open_ai.py:115] async_send_request:request._id=315,session=89,https://u722127-b80a-4e3f9d5d.cqa1.seetacloud.com:8443
INFO 08-14 23:17:51 open_ai.py:115] async_send_request:request._id=327,session=1,127.0.0.1:8000
INFO 08-14 23:17:51 open_ai.py:115] async_send_request:request._id=329,session=1,https://u722127-b80a-4e3f9d5d.cqa1.seetacloud.com:8443
INFO 08-14 23:17:51 open_ai.py:115] async_send_request:request._id=328,session=1,https://uu722127-b80a-4e3f9d5d.cqa1.seetacloud.com:8443
INFO 08-14 23:17:51 open_ai.py:115] async_send_request:request._id=337,session=97,127.0.0.1:8000
INFO 08-14 23:17:51 open_ai.py:115] async_send_request:request._id=445,session=64,127.0.0.1:8001
INFO 08-14 23:17:51 open_ai.py:115] async_send_request:request._id=336,session=105,127.0.0.1:8001
INFO 08-14 23:17:51 open_ai.py:115] async_send_request:request._id=339,session=97,https://u722127-b80a-4e3f9d5d.cqa1.seetacloud.com:8443
INFO 08-14 23:17:51 open_ai.py:115] async_send_request:request._id=338,session=101,https://uu722127-b80a-4e3f9d5d.cqa1.seetacloud.com:8443
INFO 08-14 23:17:51 open_ai.py:115] async_send_request:request._id=345,session=117,127.0.0.1:8000
INFO 08-14 23:17:51 open_ai.py:115] async_send_request:request._id=343,session=121,127.0.0.1:8001
INFO 08-14 23:17:51 open_ai.py:115] async_send_request:request._id=360,session=109,https://u722127-b80a-4e3f9d5d.cqa1.seetacloud.com:8443
INFO 08-14 23:17:51 open_ai.py:115] async_send_request:request._id=359,session=109,https://uu722127-b80a-4e3f9d5d.cqa1.seetacloud.com:8443
INFO 08-14 23:17:51 open_ai.py:115] async_send_request:request._id=449,session=24,https://u722127-8cb5-f6dc13db.nmb1.seetacloud.com:8443
INFO 08-14 23:17:51 open_ai.py:115] async_send_request:request._id=362,session=109,https://u722127-8cb5-f6dc13db.nmb1.seetacloud.com:8443
INFO 08-14 23:17:51 open_ai.py:115] async_send_request:request._id=367,session=133,127.0.0.1:8001
INFO 08-14 23:17:51 open_ai.py:115] async_send_request:request._id=369,session=137,https://uu722127-b80a-4e3f9d5d.cqa1.seetacloud.com:8443
DEBUG 08-14 23:17:51 replica.py:171] complete_request_decode:num_saved_toekens=576
DEBUG 08-14 23:17:51 open_ai.py:452] good request:https://u722127-b80a-4e3f9d5d.cqa1.seetacloud.com:8443:good,request._id=271,input=154,output=567
INFO 08-14 23:17:51 shared.py:299] Adding task for request 373 to replica 0,session_id=145
DEBUG 08-14 23:17:51 replica.py:226] add_request - replica_id=[0], request=373,self.replica_slo_budget-sum_pending_tokens==current_budget:True,1048576-656==1047920
INFO 08-14 23:17:51 shared.py:299] Adding task for request 370 to replica 2,session_id=141
DEBUG 08-14 23:17:51 replica.py:226] add_request - replica_id=[2], request=370,self.replica_slo_budget-sum_pending_tokens==current_budget:True,1048576-7707==1040869
DEBUG 08-14 23:17:51 replica.py:171] complete_request_decode:num_saved_toekens=240
DEBUG 08-14 23:17:51 open_ai.py:452] good request:https://uu722127-b80a-4e3f9d5d.cqa1.seetacloud.com:8443:good,request._id=397,input=154,output=239
DEBUG 08-14 23:17:51 replica.py:171] complete_request_decode:num_saved_toekens=592
DEBUG 08-14 23:17:51 open_ai.py:452] good request:127.0.0.1:8001:good,request._id=221,input=172,output=594
DEBUG 08-14 23:17:51 replica.py:171] complete_request_decode:num_saved_toekens=352
DEBUG 08-14 23:17:51 open_ai.py:452] good request:https://u722127-b80a-4e3f9d5d.cqa1.seetacloud.com:8443:good,request._id=376,input=156,output=354
DEBUG 08-14 23:17:51 replica.py:171] complete_request_decode:num_saved_toekens=752
INFO 08-14 23:17:51 open_ai.py:115] async_send_request:request._id=373,session=145,127.0.0.1:8000
INFO 08-14 23:17:51 open_ai.py:115] async_send_request:request._id=370,session=141,https://u722127-b80a-4e3f9d5d.cqa1.seetacloud.com:8443
INFO 08-14 23:17:51 shared.py:299] Adding task for request 389 to replica 0,session_id=9
DEBUG 08-14 23:17:51 replica.py:226] add_request - replica_id=[0], request=389,self.replica_slo_budget-sum_pending_tokens==current_budget:True,1048576-2673==1045903
INFO 08-14 23:17:51 shared.py:299] Adding task for request 387 to replica 1,session_id=153
DEBUG 08-14 23:17:51 replica.py:226] add_request - replica_id=[1], request=387,self.replica_slo_budget-sum_pending_tokens==current_budget:True,1048576-1124==1047452
INFO 08-14 23:17:51 shared.py:299] Adding task for request 386 to replica 2,session_id=113
DEBUG 08-14 23:17:51 replica.py:226] add_request - replica_id=[2], request=386,self.replica_slo_budget-sum_pending_tokens==current_budget:True,1048576-7891==1040685
INFO 08-14 23:17:51 shared.py:299] Adding task for request 385 to replica 3,session_id=113
DEBUG 08-14 23:17:51 replica.py:226] add_request - replica_id=[3], request=385,self.replica_slo_budget-sum_pending_tokens==current_budget:True,1048576-2360==1046216
INFO 08-14 23:17:51 shared.py:299] Adding task for request 384 to replica 4,session_id=113
DEBUG 08-14 23:17:51 replica.py:226] add_request - replica_id=[4], request=384,self.replica_slo_budget-sum_pending_tokens==current_budget:True,1048576-2805==1045771
INFO 08-14 23:17:51 open_ai.py:115] async_send_request:request._id=389,session=9,127.0.0.1:8000
INFO 08-14 23:17:51 open_ai.py:115] async_send_request:request._id=387,session=153,127.0.0.1:8001
INFO 08-14 23:17:51 open_ai.py:115] async_send_request:request._id=386,session=113,https://u722127-b80a-4e3f9d5d.cqa1.seetacloud.com:8443
INFO 08-14 23:17:51 open_ai.py:115] async_send_request:request._id=385,session=113,https://uu722127-b80a-4e3f9d5d.cqa1.seetacloud.com:8443
INFO 08-14 23:17:51 open_ai.py:115] async_send_request:request._id=384,session=113,https://u722127-8cb5-f6dc13db.nmb1.seetacloud.com:8443
DEBUG 08-14 23:17:51 metrics_store.py:131] update_metrics:request_id=172
DEBUG 08-14 23:17:51 metrics_store.py:131] update_metrics:request_id=248
INFO 08-14 23:17:51 shared.py:299] Adding task for request 398 to replica 3,session_id=161
DEBUG 08-14 23:17:51 replica.py:226] add_request - replica_id=[3], request=398,self.replica_slo_budget-sum_pending_tokens==current_budget:True,1048576-2520==1046056
DEBUG 08-14 23:17:51 metrics_store.py:131] update_metrics:request_id=190
DEBUG 08-14 23:17:51 shared.py:180] Removed task for request 172 on 127.0.0.1:8000
INFO 08-14 23:17:51 open_ai.py:115] async_send_request:request._id=398,session=161,https://uu722127-b80a-4e3f9d5d.cqa1.seetacloud.com:8443
DEBUG 08-14 23:17:51 replica.py:171] complete_request_decode:num_saved_toekens=272
DEBUG 08-14 23:17:51 open_ai.py:452] good request:https://uu722127-b80a-4e3f9d5d.cqa1.seetacloud.com:8443:good,request._id=393,input=158,output=259
DEBUG 08-14 23:17:51 metrics_store.py:131] update_metrics:request_id=417
DEBUG 08-14 23:17:51 shared.py:180] Removed task for request 248 on https://uu722127-b80a-4e3f9d5d.cqa1.seetacloud.com:8443
INFO 08-14 23:17:51 shared.py:299] Adding task for request 402 to replica 0,session_id=157
DEBUG 08-14 23:17:51 replica.py:226] add_request - replica_id=[0], request=402,self.replica_slo_budget-sum_pending_tokens==current_budget:True,1048576-2827==1045749
INFO 08-14 23:17:51 shared.py:299] Adding task for request 403 to replica 3,session_id=157
DEBUG 08-14 23:17:51 replica.py:226] add_request - replica_id=[3], request=403,self.replica_slo_budget-sum_pending_tokens==current_budget:True,1048576-2674==1045902
INFO 08-14 23:17:51 shared.py:299] Adding task for request 408 to replica 1,session_id=129
DEBUG 08-14 23:17:51 replica.py:226] add_request - replica_id=[1], request=408,self.replica_slo_budget-sum_pending_tokens==current_budget:True,1048576-1296==1047280
INFO 08-14 23:17:51 shared.py:299] Adding task for request 407 to replica 2,session_id=129
DEBUG 08-14 23:17:51 replica.py:226] add_request - replica_id=[2], request=407,self.replica_slo_budget-sum_pending_tokens==current_budget:True,1048576-8065==1040511
INFO 08-14 23:17:51 shared.py:299] Adding task for request 409 to replica 4,session_id=129
DEBUG 08-14 23:17:51 replica.py:226] add_request - replica_id=[4], request=409,self.replica_slo_budget-sum_pending_tokens==current_budget:True,1048576-2975==1045601
DEBUG 08-14 23:17:51 metrics_store.py:131] update_metrics:request_id=404
DEBUG 08-14 23:17:51 shared.py:180] Removed task for request 190 on https://uu722127-b80a-4e3f9d5d.cqa1.seetacloud.com:8443
INFO 08-14 23:17:51 shared.py:299] Adding task for request 416 to replica 0,session_id=149
DEBUG 08-14 23:17:51 replica.py:226] add_request - replica_id=[0], request=416,self.replica_slo_budget-sum_pending_tokens==current_budget:True,1048576-2983==1045593
INFO 08-14 23:17:51 shared.py:299] Adding task for request 415 to replica 3,session_id=149
DEBUG 08-14 23:17:51 replica.py:226] add_request - replica_id=[3], request=415,self.replica_slo_budget-sum_pending_tokens==current_budget:True,1048576-2828==1045748
INFO 08-14 23:17:51 shared.py:299] Adding task for request 420 to replica 3,session_id=165
DEBUG 08-14 23:17:51 replica.py:226] add_request - replica_id=[3], request=420,self.replica_slo_budget-sum_pending_tokens==current_budget:True,1048576-3002==1045574
INFO 08-14 23:17:51 open_ai.py:115] async_send_request:request._id=402,session=157,127.0.0.1:8000
INFO 08-14 23:17:51 open_ai.py:115] async_send_request:request._id=403,session=157,https://uu722127-b80a-4e3f9d5d.cqa1.seetacloud.com:8443
INFO 08-14 23:17:51 open_ai.py:115] async_send_request:request._id=408,session=129,127.0.0.1:8001
INFO 08-14 23:17:51 open_ai.py:115] async_send_request:request._id=407,session=129,https://u722127-b80a-4e3f9d5d.cqa1.seetacloud.com:8443
INFO 08-14 23:17:51 open_ai.py:115] async_send_request:request._id=409,session=129,https://u722127-8cb5-f6dc13db.nmb1.seetacloud.com:8443
DEBUG 08-14 23:17:51 metrics_store.py:131] update_metrics:request_id=120
DEBUG 08-14 23:17:51 shared.py:180] Removed task for request 417 on 127.0.0.1:8001
INFO 08-14 23:17:51 open_ai.py:115] async_send_request:request._id=416,session=149,127.0.0.1:8000
INFO 08-14 23:17:51 open_ai.py:115] async_send_request:request._id=415,session=149,https://uu722127-b80a-4e3f9d5d.cqa1.seetacloud.com:8443
INFO 08-14 23:17:51 open_ai.py:115] async_send_request:request._id=420,session=165,https://uu722127-b80a-4e3f9d5d.cqa1.seetacloud.com:8443
DEBUG 08-14 23:17:51 metrics_store.py:131] update_metrics:request_id=62
DEBUG 08-14 23:17:51 shared.py:180] Removed task for request 404 on https://u722127-b80a-4e3f9d5d.cqa1.seetacloud.com:8443
INFO 08-14 23:17:51 shared.py:299] Adding task for request 431 to replica 2,session_id=125
DEBUG 08-14 23:17:51 replica.py:226] add_request - replica_id=[2], request=431,self.replica_slo_budget-sum_pending_tokens==current_budget:True,1048576-8219==1040357
INFO 08-14 23:17:51 shared.py:299] Adding task for request 432 to replica 2,session_id=125
DEBUG 08-14 23:17:51 replica.py:226] add_request - replica_id=[2], request=432,self.replica_slo_budget-sum_pending_tokens==current_budget:True,1048576-8385==1040191
DEBUG 08-14 23:17:51 metrics_store.py:131] update_metrics:request_id=61
DEBUG 08-14 23:17:51 shared.py:180] Removed task for request 120 on https://u722127-b80a-4e3f9d5d.cqa1.seetacloud.com:8443
INFO 08-14 23:17:51 open_ai.py:115] async_send_request:request._id=431,session=125,https://u722127-b80a-4e3f9d5d.cqa1.seetacloud.com:8443
INFO 08-14 23:17:51 open_ai.py:115] async_send_request:request._id=432,session=125,https://u722127-b80a-4e3f9d5d.cqa1.seetacloud.com:8443
DEBUG 08-14 23:17:51 metrics_store.py:131] update_metrics:request_id=401
DEBUG 08-14 23:17:51 shared.py:180] Removed task for request 62 on https://uu722127-b80a-4e3f9d5d.cqa1.seetacloud.com:8443
DEBUG 08-14 23:17:51 open_ai.py:335] async_send_request: request finish prefill, 435
INFO 08-14 23:17:51 open_ai.py:352] async_send_request: prefill completed: req=435,replica_id=2
DEBUG 08-14 23:17:51 replica.py:146] complete_request_prefill: replica_id=[2], request=435, current_budget=160,last_prefill_completed_at=30614680.020480946,last_ttft=16.0066
DEBUG 08-14 23:17:51 replica.py:153] complete_request_prefill - replica_id=[2], request=435,self.replica_slo_budget-sum_pending_tokens==current_budget:True,1048576-8225==1040351
INFO 08-14 23:17:51 shared.py:299] Adding task for request 437 to replica 3,session_id=5
DEBUG 08-14 23:17:51 replica.py:226] add_request - replica_id=[3], request=437,self.replica_slo_budget-sum_pending_tokens==current_budget:True,1048576-4417==1044159
DEBUG 08-14 23:17:51 replica.py:171] complete_request_decode:num_saved_toekens=416
DEBUG 08-14 23:17:51 open_ai.py:452] good request:127.0.0.1:8001:good,request._id=185,input=146,output=416
DEBUG 08-14 23:17:51 open_ai.py:335] async_send_request: request finish prefill, 433
INFO 08-14 23:17:51 open_ai.py:352] async_send_request: prefill completed: req=433,replica_id=2
DEBUG 08-14 23:17:51 replica.py:146] complete_request_prefill: replica_id=[2], request=433, current_budget=1375,last_prefill_completed_at=30614680.033473615,last_ttft=16.0383
DEBUG 08-14 23:17:51 replica.py:153] complete_request_prefill - replica_id=[2], request=433,self.replica_slo_budget-sum_pending_tokens==current_budget:True,1048576-6850==1041726
DEBUG 08-14 23:17:51 metrics_store.py:131] update_metrics:request_id=223
DEBUG 08-14 23:17:51 shared.py:180] Removed task for request 61 on https://u722127-b80a-4e3f9d5d.cqa1.seetacloud.com:8443
INFO 08-14 23:17:51 open_ai.py:115] async_send_request:request._id=437,session=5,https://uu722127-b80a-4e3f9d5d.cqa1.seetacloud.com:8443
DEBUG 08-14 23:17:51 replica.py:171] complete_request_decode:num_saved_toekens=160
DEBUG 08-14 23:17:51 open_ai.py:452] good request:https://uu722127-b80a-4e3f9d5d.cqa1.seetacloud.com:8443:good,request._id=411,input=3341,output=155
DEBUG 08-14 23:17:51 metrics_store.py:131] update_metrics:request_id=410
DEBUG 08-14 23:17:51 shared.py:180] Removed task for request 401 on 127.0.0.1:8001
DEBUG 08-14 23:17:51 shared.py:180] Removed task for request 223 on 127.0.0.1:8001
INFO 08-14 23:17:51 shared.py:299] Adding task for request 442 to replica 1,session_id=25
DEBUG 08-14 23:17:51 replica.py:226] add_request - replica_id=[1], request=442,self.replica_slo_budget-sum_pending_tokens==current_budget:True,1048576-2788==1045788
DEBUG 08-14 23:17:51 open_ai.py:335] async_send_request: request finish prefill, 439
INFO 08-14 23:17:51 open_ai.py:352] async_send_request: prefill completed: req=439,replica_id=2
DEBUG 08-14 23:17:51 replica.py:146] complete_request_prefill: replica_id=[2], request=439, current_budget=2088,last_prefill_completed_at=30614680.126684558,last_ttft=16.0604
DEBUG 08-14 23:17:51 replica.py:153] complete_request_prefill - replica_id=[2], request=439,self.replica_slo_budget-sum_pending_tokens==current_budget:True,1048576-4762==1043814
DEBUG 08-14 23:17:51 open_ai.py:335] async_send_request: request finish prefill, 436
INFO 08-14 23:17:51 open_ai.py:352] async_send_request: prefill completed: req=436,replica_id=2
DEBUG 08-14 23:17:51 replica.py:146] complete_request_prefill: replica_id=[2], request=436, current_budget=162,last_prefill_completed_at=30614680.137163036,last_ttft=16.1226
DEBUG 08-14 23:17:51 replica.py:153] complete_request_prefill - replica_id=[2], request=436,self.replica_slo_budget-sum_pending_tokens==current_budget:True,1048576-4600==1043976
INFO 08-14 23:17:51 shared.py:299] Adding task for request 443 to replica 1,session_id=13
DEBUG 08-14 23:17:51 replica.py:226] add_request - replica_id=[1], request=443,self.replica_slo_budget-sum_pending_tokens==current_budget:True,1048576-5005==1043571
DEBUG 08-14 23:17:51 open_ai.py:335] async_send_request: request finish prefill, 438
INFO 08-14 23:17:51 open_ai.py:352] async_send_request: prefill completed: req=438,replica_id=2
DEBUG 08-14 23:17:51 replica.py:146] complete_request_prefill: replica_id=[2], request=438, current_budget=881,last_prefill_completed_at=30614680.14538892,last_ttft=16.0937
DEBUG 08-14 23:17:51 replica.py:153] complete_request_prefill - replica_id=[2], request=438,self.replica_slo_budget-sum_pending_tokens==current_budget:True,1048576-3719==1044857
DEBUG 08-14 23:17:52 shared.py:180] Removed task for request 410 on https://uu722127-b80a-4e3f9d5d.cqa1.seetacloud.com:8443
INFO 08-14 23:17:52 open_ai.py:115] async_send_request:request._id=442,session=25,127.0.0.1:8001
INFO 08-14 23:17:52 shared.py:299] Adding task for request 444 to replica 1,session_id=65
DEBUG 08-14 23:17:52 replica.py:226] add_request - replica_id=[1], request=444,self.replica_slo_budget-sum_pending_tokens==current_budget:True,1048576-5704==1042872
INFO 08-14 23:17:52 open_ai.py:115] async_send_request:request._id=443,session=13,127.0.0.1:8001
INFO 08-14 23:17:52 open_ai.py:115] async_send_request:request._id=444,session=65,127.0.0.1:8001
INFO 08-14 23:17:52 shared.py:299] Adding task for request 450 to replica 1,session_id=36
DEBUG 08-14 23:17:52 replica.py:226] add_request - replica_id=[1], request=450,self.replica_slo_budget-sum_pending_tokens==current_budget:True,1048576-7036==1041540
INFO 08-14 23:17:52 shared.py:299] Adding task for request 447 to replica 1,session_id=17
DEBUG 08-14 23:17:52 replica.py:226] add_request - replica_id=[1], request=447,self.replica_slo_budget-sum_pending_tokens==current_budget:True,1048576-7216==1041360
INFO 08-14 23:17:52 shared.py:299] Adding task for request 446 to replica 2,session_id=17
DEBUG 08-14 23:17:52 replica.py:226] add_request - replica_id=[2], request=446,self.replica_slo_budget-sum_pending_tokens==current_budget:True,1048576-3915==1044661
INFO 08-14 23:17:52 shared.py:299] Adding task for request 448 to replica 3,session_id=17
DEBUG 08-14 23:17:52 replica.py:226] add_request - replica_id=[3], request=448,self.replica_slo_budget-sum_pending_tokens==current_budget:True,1048576-4595==1043981
INFO 08-14 23:17:52 shared.py:299] Adding task for request 451 to replica 2,session_id=51
DEBUG 08-14 23:17:52 replica.py:226] add_request - replica_id=[2], request=451,self.replica_slo_budget-sum_pending_tokens==current_budget:True,1048576-4848==1043728
INFO 08-14 23:17:52 shared.py:299] Adding task for request 453 to replica 2,session_id=53
DEBUG 08-14 23:17:52 replica.py:226] add_request - replica_id=[2], request=453,self.replica_slo_budget-sum_pending_tokens==current_budget:True,1048576-5008==1043568
INFO 08-14 23:17:52 shared.py:299] Adding task for request 458 to replica 4,session_id=42
DEBUG 08-14 23:17:52 replica.py:226] add_request - replica_id=[4], request=458,self.replica_slo_budget-sum_pending_tokens==current_budget:True,1048576-3907==1044669
INFO 08-14 23:17:52 open_ai.py:115] async_send_request:request._id=450,session=36,127.0.0.1:8001
INFO 08-14 23:17:52 open_ai.py:115] async_send_request:request._id=447,session=17,127.0.0.1:8001
INFO 08-14 23:17:52 open_ai.py:115] async_send_request:request._id=446,session=17,https://u722127-b80a-4e3f9d5d.cqa1.seetacloud.com:8443
INFO 08-14 23:17:52 open_ai.py:115] async_send_request:request._id=448,session=17,https://uu722127-b80a-4e3f9d5d.cqa1.seetacloud.com:8443
INFO 08-14 23:17:52 open_ai.py:115] async_send_request:request._id=451,session=51,https://u722127-b80a-4e3f9d5d.cqa1.seetacloud.com:8443
INFO 08-14 23:17:52 open_ai.py:115] async_send_request:request._id=453,session=53,https://u722127-b80a-4e3f9d5d.cqa1.seetacloud.com:8443
INFO 08-14 23:17:52 open_ai.py:115] async_send_request:request._id=458,session=42,https://u722127-8cb5-f6dc13db.nmb1.seetacloud.com:8443
INFO 08-14 23:17:52 shared.py:299] Adding task for request 457 to replica 0,session_id=25
DEBUG 08-14 23:17:52 replica.py:226] add_request - replica_id=[0], request=457,self.replica_slo_budget-sum_pending_tokens==current_budget:True,1048576-4324==1044252
INFO 08-14 23:17:52 shared.py:299] Adding task for request 456 to replica 1,session_id=13
DEBUG 08-14 23:17:52 replica.py:226] add_request - replica_id=[1], request=456,self.replica_slo_budget-sum_pending_tokens==current_budget:True,1048576-9281==1039295
INFO 08-14 23:17:52 shared.py:299] Adding task for request 459 to replica 4,session_id=75
DEBUG 08-14 23:17:52 replica.py:226] add_request - replica_id=[4], request=459,self.replica_slo_budget-sum_pending_tokens==current_budget:True,1048576-4665==1043911
INFO 08-14 23:17:52 open_ai.py:115] async_send_request:request._id=457,session=25,127.0.0.1:8000
INFO 08-14 23:17:52 open_ai.py:115] async_send_request:request._id=456,session=13,127.0.0.1:8001
INFO 08-14 23:17:52 open_ai.py:115] async_send_request:request._id=459,session=75,https://u722127-8cb5-f6dc13db.nmb1.seetacloud.com:8443
DEBUG 08-14 23:17:52 replica.py:171] complete_request_decode:num_saved_toekens=288
DEBUG 08-14 23:17:52 open_ai.py:452] good request:https://u722127-b80a-4e3f9d5d.cqa1.seetacloud.com:8443:good,request._id=394,input=166,output=294
DEBUG 08-14 23:17:52 metrics_store.py:131] update_metrics:request_id=271
DEBUG 08-14 23:17:52 metrics_store.py:131] update_metrics:request_id=397
DEBUG 08-14 23:17:52 metrics_store.py:131] update_metrics:request_id=221
DEBUG 08-14 23:17:52 shared.py:180] Removed task for request 271 on https://u722127-b80a-4e3f9d5d.cqa1.seetacloud.com:8443
DEBUG 08-14 23:17:52 metrics_store.py:131] update_metrics:request_id=376
DEBUG 08-14 23:17:52 shared.py:180] Removed task for request 397 on https://uu722127-b80a-4e3f9d5d.cqa1.seetacloud.com:8443
DEBUG 08-14 23:17:52 shared.py:180] Removed task for request 221 on 127.0.0.1:8001
DEBUG 08-14 23:17:52 shared.py:180] Removed task for request 376 on https://u722127-b80a-4e3f9d5d.cqa1.seetacloud.com:8443
DEBUG 08-14 23:17:52 replica.py:171] complete_request_decode:num_saved_toekens=864
DEBUG 08-14 23:17:52 open_ai.py:452] good request:127.0.0.1:8000:good,request._id=99,input=154,output=869
DEBUG 08-14 23:17:52 replica.py:171] complete_request_decode:num_saved_toekens=224
DEBUG 08-14 23:17:52 open_ai.py:452] good request:https://u722127-8cb5-f6dc13db.nmb1.seetacloud.com:8443:good,request._id=365,input=160,output=231
DEBUG 08-14 23:17:52 replica.py:171] complete_request_decode:num_saved_toekens=448
DEBUG 08-14 23:17:52 open_ai.py:452] good request:127.0.0.1:8001:good,request._id=95,input=150,output=449
DEBUG 08-14 23:17:52 replica.py:171] complete_request_decode:num_saved_toekens=880
DEBUG 08-14 23:17:52 open_ai.py:452] good request:127.0.0.1:8000:good,request._id=72,input=144,output=885
DEBUG 08-14 23:17:52 open_ai.py:452] good request:127.0.0.1:8000:good,request._id=150,input=160,output=761
DEBUG 08-14 23:17:52 metrics_store.py:131] update_metrics:request_id=393
DEBUG 08-14 23:17:52 shared.py:180] Removed task for request 393 on https://uu722127-b80a-4e3f9d5d.cqa1.seetacloud.com:8443
DEBUG 08-14 23:17:52 open_ai.py:335] async_send_request: request finish prefill, 362
INFO 08-14 23:17:52 open_ai.py:352] async_send_request: prefill completed: req=362,replica_id=4
DEBUG 08-14 23:17:52 replica.py:146] complete_request_prefill: replica_id=[4], request=362, current_budget=150,last_prefill_completed_at=30614680.462857854,last_ttft=16.7577
DEBUG 08-14 23:17:52 replica.py:153] complete_request_prefill - replica_id=[4], request=362,self.replica_slo_budget-sum_pending_tokens==current_budget:True,1048576-4515==1044061
DEBUG 08-14 23:17:52 open_ai.py:335] async_send_request: request finish prefill, 343
INFO 08-14 23:17:52 open_ai.py:352] async_send_request: prefill completed: req=343,replica_id=1
DEBUG 08-14 23:17:52 replica.py:146] complete_request_prefill: replica_id=[1], request=343, current_budget=172,last_prefill_completed_at=30614680.47204089,last_ttft=16.8319
DEBUG 08-14 23:17:52 replica.py:153] complete_request_prefill - replica_id=[1], request=343,self.replica_slo_budget-sum_pending_tokens==current_budget:True,1048576-9109==1039467
DEBUG 08-14 23:17:52 open_ai.py:335] async_send_request: request finish prefill, 445
INFO 08-14 23:17:52 open_ai.py:352] async_send_request: prefill completed: req=445,replica_id=1
DEBUG 08-14 23:17:52 replica.py:146] complete_request_prefill: replica_id=[1], request=445, current_budget=514,last_prefill_completed_at=30614680.479110256,last_ttft=16.2841
DEBUG 08-14 23:17:52 replica.py:153] complete_request_prefill - replica_id=[1], request=445,self.replica_slo_budget-sum_pending_tokens==current_budget:True,1048576-8595==1039981
DEBUG 08-14 23:17:52 open_ai.py:335] async_send_request: request finish prefill, 367
INFO 08-14 23:17:52 open_ai.py:352] async_send_request: prefill completed: req=367,replica_id=1
DEBUG 08-14 23:17:52 replica.py:146] complete_request_prefill: replica_id=[1], request=367, current_budget=146,last_prefill_completed_at=30614680.48607044,last_ttft=16.7564
DEBUG 08-14 23:17:52 replica.py:153] complete_request_prefill - replica_id=[1], request=367,self.replica_slo_budget-sum_pending_tokens==current_budget:True,1048576-8449==1040127
DEBUG 08-14 23:17:52 open_ai.py:335] async_send_request: request finish prefill, 336
INFO 08-14 23:17:52 open_ai.py:352] async_send_request: prefill completed: req=336,replica_id=1
DEBUG 08-14 23:17:52 replica.py:146] complete_request_prefill: replica_id=[1], request=336, current_budget=150,last_prefill_completed_at=30614680.492908724,last_ttft=16.8728
DEBUG 08-14 23:17:52 replica.py:153] complete_request_prefill - replica_id=[1], request=336,self.replica_slo_budget-sum_pending_tokens==current_budget:True,1048576-8299==1040277
DEBUG 08-14 23:17:52 open_ai.py:335] async_send_request: request finish prefill, 337
INFO 08-14 23:17:52 open_ai.py:352] async_send_request: prefill completed: req=337,replica_id=0
DEBUG 08-14 23:17:52 replica.py:146] complete_request_prefill: replica_id=[0], request=337, current_budget=170,last_prefill_completed_at=30614680.50253752,last_ttft=16.873
DEBUG 08-14 23:17:52 replica.py:153] complete_request_prefill - replica_id=[0], request=337,self.replica_slo_budget-sum_pending_tokens==current_budget:True,1048576-4154==1044422
DEBUG 08-14 23:17:52 open_ai.py:335] async_send_request: request finish prefill, 345
INFO 08-14 23:17:52 open_ai.py:352] async_send_request: prefill completed: req=345,replica_id=0
DEBUG 08-14 23:17:52 replica.py:146] complete_request_prefill: replica_id=[0], request=345, current_budget=148,last_prefill_completed_at=30614680.509535223,last_ttft=16.868
DEBUG 08-14 23:17:52 replica.py:153] complete_request_prefill - replica_id=[0], request=345,self.replica_slo_budget-sum_pending_tokens==current_budget:True,1048576-4006==1044570
DEBUG 08-14 23:17:52 open_ai.py:335] async_send_request: request finish prefill, 327
INFO 08-14 23:17:52 open_ai.py:352] async_send_request: prefill completed: req=327,replica_id=0
DEBUG 08-14 23:17:52 replica.py:146] complete_request_prefill: replica_id=[0], request=327, current_budget=192,last_prefill_completed_at=30614680.516868245,last_ttft=16.9251
DEBUG 08-14 23:17:52 replica.py:153] complete_request_prefill - replica_id=[0], request=327,self.replica_slo_budget-sum_pending_tokens==current_budget:True,1048576-3814==1044762
DEBUG 08-14 23:17:52 metrics_store.py:131] update_metrics:request_id=185
DEBUG 08-14 23:17:52 open_ai.py:335] async_send_request: request finish prefill, 278
INFO 08-14 23:17:52 open_ai.py:352] async_send_request: prefill completed: req=278,replica_id=2
DEBUG 08-14 23:17:52 replica.py:146] complete_request_prefill: replica_id=[2], request=278, current_budget=146,last_prefill_completed_at=30614680.533838365,last_ttft=17.0476
DEBUG 08-14 23:17:52 replica.py:153] complete_request_prefill - replica_id=[2], request=278,self.replica_slo_budget-sum_pending_tokens==current_budget:True,1048576-4862==1043714
DEBUG 08-14 23:17:52 open_ai.py:335] async_send_request: request finish prefill, 408
INFO 08-14 23:17:52 open_ai.py:352] async_send_request: prefill completed: req=408,replica_id=1
DEBUG 08-14 23:17:52 replica.py:146] complete_request_prefill: replica_id=[1], request=408, current_budget=172,last_prefill_completed_at=30614680.543097083,last_ttft=16.6683
DEBUG 08-14 23:17:52 replica.py:153] complete_request_prefill - replica_id=[1], request=408,self.replica_slo_budget-sum_pending_tokens==current_budget:True,1048576-8127==1040449
DEBUG 08-14 23:17:52 open_ai.py:335] async_send_request: request finish prefill, 387
INFO 08-14 23:17:52 open_ai.py:352] async_send_request: prefill completed: req=387,replica_id=1
DEBUG 08-14 23:17:52 replica.py:146] complete_request_prefill: replica_id=[1], request=387, current_budget=142,last_prefill_completed_at=30614680.550302338,last_ttft=16.7568
DEBUG 08-14 23:17:52 replica.py:153] complete_request_prefill - replica_id=[1], request=387,self.replica_slo_budget-sum_pending_tokens==current_budget:True,1048576-7985==1040591
DEBUG 08-14 23:17:52 metrics_store.py:131] update_metrics:request_id=411
DEBUG 08-14 23:17:52 shared.py:180] Removed task for request 185 on 127.0.0.1:8001
DEBUG 08-14 23:17:52 open_ai.py:335] async_send_request: request finish prefill, 449
INFO 08-14 23:17:52 open_ai.py:352] async_send_request: prefill completed: req=449,replica_id=4
DEBUG 08-14 23:17:52 replica.py:146] complete_request_prefill: replica_id=[4], request=449, current_budget=2463,last_prefill_completed_at=30614680.563828815,last_ttft=16.3377
DEBUG 08-14 23:17:52 replica.py:153] complete_request_prefill - replica_id=[4], request=449,self.replica_slo_budget-sum_pending_tokens==current_budget:True,1048576-2052==1046524
DEBUG 08-14 23:17:52 shared.py:180] Removed task for request 411 on https://uu722127-b80a-4e3f9d5d.cqa1.seetacloud.com:8443
DEBUG 08-14 23:17:52 open_ai.py:335] async_send_request: request finish prefill, 359
INFO 08-14 23:17:52 open_ai.py:352] async_send_request: prefill completed: req=359,replica_id=3
DEBUG 08-14 23:17:52 replica.py:146] complete_request_prefill: replica_id=[3], request=359, current_budget=146,last_prefill_completed_at=30614680.591216903,last_ttft=16.8878
DEBUG 08-14 23:17:52 replica.py:153] complete_request_prefill - replica_id=[3], request=359,self.replica_slo_budget-sum_pending_tokens==current_budget:True,1048576-4449==1044127
DEBUG 08-14 23:17:52 open_ai.py:335] async_send_request: request finish prefill, 384
INFO 08-14 23:17:52 open_ai.py:352] async_send_request: prefill completed: req=384,replica_id=4
DEBUG 08-14 23:17:52 replica.py:146] complete_request_prefill: replica_id=[4], request=384, current_budget=192,last_prefill_completed_at=30614680.600290753,last_ttft=16.8114
DEBUG 08-14 23:17:52 replica.py:153] complete_request_prefill - replica_id=[4], request=384,self.replica_slo_budget-sum_pending_tokens==current_budget:True,1048576-1860==1046716
DEBUG 08-14 23:17:52 open_ai.py:335] async_send_request: request finish prefill, 409
INFO 08-14 23:17:52 open_ai.py:352] async_send_request: prefill completed: req=409,replica_id=4
DEBUG 08-14 23:17:52 replica.py:146] complete_request_prefill: replica_id=[4], request=409, current_budget=170,last_prefill_completed_at=30614680.612614613,last_ttft=16.7371
DEBUG 08-14 23:17:52 replica.py:153] complete_request_prefill - replica_id=[4], request=409,self.replica_slo_budget-sum_pending_tokens==current_budget:True,1048576-1690==1046886
DEBUG 08-14 23:17:52 open_ai.py:335] async_send_request: request finish prefill, 440
INFO 08-14 23:17:52 open_ai.py:352] async_send_request: prefill completed: req=440,replica_id=3
DEBUG 08-14 23:17:52 replica.py:146] complete_request_prefill: replica_id=[3], request=440, current_budget=1051,last_prefill_completed_at=30614680.619921315,last_ttft=16.5302
DEBUG 08-14 23:17:52 replica.py:153] complete_request_prefill - replica_id=[3], request=440,self.replica_slo_budget-sum_pending_tokens==current_budget:True,1048576-3398==1045178
DEBUG 08-14 23:17:52 open_ai.py:335] async_send_request: request finish prefill, 280
INFO 08-14 23:17:52 open_ai.py:352] async_send_request: prefill completed: req=280,replica_id=3
DEBUG 08-14 23:17:52 replica.py:146] complete_request_prefill: replica_id=[3], request=280, current_budget=148,last_prefill_completed_at=30614680.646013726,last_ttft=17.1589
DEBUG 08-14 23:17:52 replica.py:153] complete_request_prefill - replica_id=[3], request=280,self.replica_slo_budget-sum_pending_tokens==current_budget:True,1048576-3250==1045326
DEBUG 08-14 23:17:52 open_ai.py:335] async_send_request: request finish prefill, 385
INFO 08-14 23:17:52 open_ai.py:352] async_send_request: prefill completed: req=385,replica_id=3
DEBUG 08-14 23:17:52 replica.py:146] complete_request_prefill: replica_id=[3], request=385, current_budget=188,last_prefill_completed_at=30614680.653122347,last_ttft=16.864
DEBUG 08-14 23:17:52 replica.py:153] complete_request_prefill - replica_id=[3], request=385,self.replica_slo_budget-sum_pending_tokens==current_budget:True,1048576-3062==1045514
DEBUG 08-14 23:17:52 open_ai.py:335] async_send_request: request finish prefill, 441
INFO 08-14 23:17:52 open_ai.py:352] async_send_request: prefill completed: req=441,replica_id=2
DEBUG 08-14 23:17:52 replica.py:146] complete_request_prefill: replica_id=[2], request=441, current_budget=1949,last_prefill_completed_at=30614680.66068985,last_ttft=16.5422
DEBUG 08-14 23:17:52 replica.py:153] complete_request_prefill - replica_id=[2], request=441,self.replica_slo_budget-sum_pending_tokens==current_budget:True,1048576-2913==1045663
DEBUG 08-14 23:17:52 open_ai.py:335] async_send_request: request finish prefill, 398
INFO 08-14 23:17:52 open_ai.py:352] async_send_request: prefill completed: req=398,replica_id=3
DEBUG 08-14 23:17:52 replica.py:146] complete_request_prefill: replica_id=[3], request=398, current_budget=160,last_prefill_completed_at=30614680.6679725,last_ttft=16.8297
DEBUG 08-14 23:17:52 replica.py:153] complete_request_prefill - replica_id=[3], request=398,self.replica_slo_budget-sum_pending_tokens==current_budget:True,1048576-2902==1045674
DEBUG 08-14 23:17:52 open_ai.py:335] async_send_request: request finish prefill, 297
INFO 08-14 23:17:52 open_ai.py:352] async_send_request: prefill completed: req=297,replica_id=3
DEBUG 08-14 23:17:52 replica.py:146] complete_request_prefill: replica_id=[3], request=297, current_budget=150,last_prefill_completed_at=30614680.674966063,last_ttft=17.1484
DEBUG 08-14 23:17:52 replica.py:153] complete_request_prefill - replica_id=[3], request=297,self.replica_slo_budget-sum_pending_tokens==current_budget:True,1048576-2752==1045824
DEBUG 08-14 23:17:52 open_ai.py:335] async_send_request: request finish prefill, 301
INFO 08-14 23:17:52 open_ai.py:352] async_send_request: prefill completed: req=301,replica_id=3
DEBUG 08-14 23:17:52 replica.py:146] complete_request_prefill: replica_id=[3], request=301, current_budget=146,last_prefill_completed_at=30614680.682109427,last_ttft=17.1542
DEBUG 08-14 23:17:52 replica.py:153] complete_request_prefill - replica_id=[3], request=301,self.replica_slo_budget-sum_pending_tokens==current_budget:True,1048576-2606==1045970
DEBUG 08-14 23:17:52 open_ai.py:335] async_send_request: request finish prefill, 315
INFO 08-14 23:17:52 open_ai.py:352] async_send_request: prefill completed: req=315,replica_id=2
DEBUG 08-14 23:17:52 replica.py:146] complete_request_prefill: replica_id=[2], request=315, current_budget=144,last_prefill_completed_at=30614680.689002354,last_ttft=17.131
DEBUG 08-14 23:17:52 replica.py:153] complete_request_prefill - replica_id=[2], request=315,self.replica_slo_budget-sum_pending_tokens==current_budget:True,1048576-2769==1045807
DEBUG 08-14 23:17:52 open_ai.py:335] async_send_request: request finish prefill, 298
INFO 08-14 23:17:52 open_ai.py:352] async_send_request: prefill completed: req=298,replica_id=2
DEBUG 08-14 23:17:52 replica.py:146] complete_request_prefill: replica_id=[2], request=298, current_budget=144,last_prefill_completed_at=30614680.696145855,last_ttft=17.1689
DEBUG 08-14 23:17:52 replica.py:153] complete_request_prefill - replica_id=[2], request=298,self.replica_slo_budget-sum_pending_tokens==current_budget:True,1048576-2625==1045951
DEBUG 08-14 23:17:52 open_ai.py:335] async_send_request: request finish prefill, 369
INFO 08-14 23:17:52 open_ai.py:352] async_send_request: prefill completed: req=369,replica_id=3
DEBUG 08-14 23:17:52 replica.py:146] complete_request_prefill: replica_id=[3], request=369, current_budget=184,last_prefill_completed_at=30614680.703125488,last_ttft=16.9695
DEBUG 08-14 23:17:52 replica.py:153] complete_request_prefill - replica_id=[3], request=369,self.replica_slo_budget-sum_pending_tokens==current_budget:True,1048576-2422==1046154
DEBUG 08-14 23:17:52 open_ai.py:335] async_send_request: request finish prefill, 338
INFO 08-14 23:17:52 open_ai.py:352] async_send_request: prefill completed: req=338,replica_id=3
DEBUG 08-14 23:17:52 replica.py:146] complete_request_prefill: replica_id=[3], request=338, current_budget=172,last_prefill_completed_at=30614680.710340064,last_ttft=17.0801
DEBUG 08-14 23:17:52 replica.py:153] complete_request_prefill - replica_id=[3], request=338,self.replica_slo_budget-sum_pending_tokens==current_budget:True,1048576-2250==1046326
DEBUG 08-14 23:17:52 open_ai.py:335] async_send_request: request finish prefill, 328
INFO 08-14 23:17:52 open_ai.py:352] async_send_request: prefill completed: req=328,replica_id=3
DEBUG 08-14 23:17:52 replica.py:146] complete_request_prefill: replica_id=[3], request=328, current_budget=175,last_prefill_completed_at=30614680.717196967,last_ttft=17.125
DEBUG 08-14 23:17:52 replica.py:153] complete_request_prefill - replica_id=[3], request=328,self.replica_slo_budget-sum_pending_tokens==current_budget:True,1048576-2075==1046501
DEBUG 08-14 23:17:52 open_ai.py:335] async_send_request: request finish prefill, 402
INFO 08-14 23:17:52 open_ai.py:352] async_send_request: prefill completed: req=402,replica_id=0
DEBUG 08-14 23:17:52 replica.py:146] complete_request_prefill: replica_id=[0], request=402, current_budget=154,last_prefill_completed_at=30614680.724027056,last_ttft=16.8626
DEBUG 08-14 23:17:52 replica.py:153] complete_request_prefill - replica_id=[0], request=402,self.replica_slo_budget-sum_pending_tokens==current_budget:True,1048576-3660==1044916
DEBUG 08-14 23:17:52 replica.py:171] complete_request_decode:num_saved_toekens=400
DEBUG 08-14 23:17:52 open_ai.py:452] good request:127.0.0.1:8000:good,request._id=312,input=158,output=400
DEBUG 08-14 23:17:52 open_ai.py:335] async_send_request: request finish prefill, 389
INFO 08-14 23:17:52 open_ai.py:352] async_send_request: prefill completed: req=389,replica_id=0
DEBUG 08-14 23:17:52 replica.py:146] complete_request_prefill: replica_id=[0], request=389, current_budget=2017,last_prefill_completed_at=30614680.73373329,last_ttft=16.9146
DEBUG 08-14 23:17:52 replica.py:153] complete_request_prefill - replica_id=[0], request=389,self.replica_slo_budget-sum_pending_tokens==current_budget:True,1048576-1643==1046933
DEBUG 08-14 23:17:52 open_ai.py:335] async_send_request: request finish prefill, 373
INFO 08-14 23:17:52 open_ai.py:352] async_send_request: prefill completed: req=373,replica_id=0
DEBUG 08-14 23:17:52 replica.py:146] complete_request_prefill: replica_id=[0], request=373, current_budget=146,last_prefill_completed_at=30614680.74089444,last_ttft=16.9876
DEBUG 08-14 23:17:52 replica.py:153] complete_request_prefill - replica_id=[0], request=373,self.replica_slo_budget-sum_pending_tokens==current_budget:True,1048576-1497==1047079
DEBUG 08-14 23:17:52 open_ai.py:335] async_send_request: request finish prefill, 339
INFO 08-14 23:17:52 open_ai.py:352] async_send_request: prefill completed: req=339,replica_id=2
DEBUG 08-14 23:17:52 replica.py:146] complete_request_prefill: replica_id=[2], request=339, current_budget=174,last_prefill_completed_at=30614680.774771612,last_ttft=17.1442
DEBUG 08-14 23:17:52 replica.py:153] complete_request_prefill - replica_id=[2], request=339,self.replica_slo_budget-sum_pending_tokens==current_budget:True,1048576-2451==1046125
DEBUG 08-14 23:17:52 open_ai.py:335] async_send_request: request finish prefill, 360
INFO 08-14 23:17:52 open_ai.py:352] async_send_request: prefill completed: req=360,replica_id=2
DEBUG 08-14 23:17:52 replica.py:146] complete_request_prefill: replica_id=[2], request=360, current_budget=148,last_prefill_completed_at=30614680.78268838,last_ttft=17.0783
DEBUG 08-14 23:17:52 replica.py:153] complete_request_prefill - replica_id=[2], request=360,self.replica_slo_budget-sum_pending_tokens==current_budget:True,1048576-2303==1046273
DEBUG 08-14 23:17:52 open_ai.py:335] async_send_request: request finish prefill, 329
INFO 08-14 23:17:52 open_ai.py:352] async_send_request: prefill completed: req=329,replica_id=2
DEBUG 08-14 23:17:52 replica.py:146] complete_request_prefill: replica_id=[2], request=329, current_budget=178,last_prefill_completed_at=30614680.78996282,last_ttft=17.1964
DEBUG 08-14 23:17:52 replica.py:153] complete_request_prefill - replica_id=[2], request=329,self.replica_slo_budget-sum_pending_tokens==current_budget:True,1048576-2125==1046451
DEBUG 08-14 23:17:52 replica.py:171] complete_request_decode:num_saved_toekens=576
DEBUG 08-14 23:17:52 open_ai.py:452] good request:https://uu722127-b80a-4e3f9d5d.cqa1.seetacloud.com:8443:good,request._id=304,input=158,output=570
DEBUG 08-14 23:17:52 open_ai.py:335] async_send_request: request finish prefill, 416
INFO 08-14 23:17:52 open_ai.py:352] async_send_request: prefill completed: req=416,replica_id=0
DEBUG 08-14 23:17:52 replica.py:146] complete_request_prefill: replica_id=[0], request=416, current_budget=156,last_prefill_completed_at=30614680.803648084,last_ttft=16.9014
DEBUG 08-14 23:17:52 replica.py:153] complete_request_prefill - replica_id=[0], request=416,self.replica_slo_budget-sum_pending_tokens==current_budget:True,1048576-1341==1047235
DEBUG 08-14 23:17:52 open_ai.py:335] async_send_request: request finish prefill, 403
INFO 08-14 23:17:52 open_ai.py:352] async_send_request: prefill completed: req=403,replica_id=3
DEBUG 08-14 23:17:52 replica.py:146] complete_request_prefill: replica_id=[3], request=403, current_budget=154,last_prefill_completed_at=30614680.810965545,last_ttft=16.9492
DEBUG 08-14 23:17:52 replica.py:153] complete_request_prefill - replica_id=[3], request=403,self.replica_slo_budget-sum_pending_tokens==current_budget:True,1048576-1921==1046655
DEBUG 08-14 23:17:52 replica.py:171] complete_request_decode:num_saved_toekens=0
DEBUG 08-14 23:17:52 open_ai.py:452] good request:127.0.0.1:8001:good,request._id=445,input=514,output=13
DEBUG 08-14 23:17:52 open_ai.py:335] async_send_request: request finish prefill, 407
INFO 08-14 23:17:52 open_ai.py:352] async_send_request: prefill completed: req=407,replica_id=2
DEBUG 08-14 23:17:52 replica.py:146] complete_request_prefill: replica_id=[2], request=407, current_budget=174,last_prefill_completed_at=30614680.84790668,last_ttft=16.9736
DEBUG 08-14 23:17:52 replica.py:153] complete_request_prefill - replica_id=[2], request=407,self.replica_slo_budget-sum_pending_tokens==current_budget:True,1048576-1951==1046625
DEBUG 08-14 23:17:52 open_ai.py:335] async_send_request: request finish prefill, 386
INFO 08-14 23:17:52 open_ai.py:352] async_send_request: prefill completed: req=386,replica_id=2
DEBUG 08-14 23:17:52 replica.py:146] complete_request_prefill: replica_id=[2], request=386, current_budget=184,last_prefill_completed_at=30614680.855161525,last_ttft=17.0649
DEBUG 08-14 23:17:52 replica.py:153] complete_request_prefill - replica_id=[2], request=386,self.replica_slo_budget-sum_pending_tokens==current_budget:True,1048576-1767==1046809
DEBUG 08-14 23:17:52 open_ai.py:335] async_send_request: request finish prefill, 370
INFO 08-14 23:17:52 open_ai.py:352] async_send_request: prefill completed: req=370,replica_id=2
DEBUG 08-14 23:17:52 replica.py:146] complete_request_prefill: replica_id=[2], request=370, current_budget=158,last_prefill_completed_at=30614680.862082873,last_ttft=17.1206
DEBUG 08-14 23:17:52 replica.py:153] complete_request_prefill - replica_id=[2], request=370,self.replica_slo_budget-sum_pending_tokens==current_budget:True,1048576-1609==1046967
INFO 08-14 23:17:52 shared.py:299] Adding task for request 460 to replica 3,session_id=64
DEBUG 08-14 23:17:52 replica.py:226] add_request - replica_id=[3], request=460,self.replica_slo_budget-sum_pending_tokens==current_budget:True,1048576-2284==1046292
INFO 08-14 23:17:52 shared.py:299] Adding task for request 461 to replica 2,session_id=5
DEBUG 08-14 23:17:52 replica.py:226] add_request - replica_id=[2], request=461,self.replica_slo_budget-sum_pending_tokens==current_budget:True,1048576-1821==1046755
INFO 08-14 23:17:52 shared.py:299] Adding task for request 462 to replica 1,session_id=62
DEBUG 08-14 23:17:52 replica.py:226] add_request - replica_id=[1], request=462,self.replica_slo_budget-sum_pending_tokens==current_budget:True,1048576-8862==1039714
INFO 08-14 23:17:52 shared.py:299] Adding task for request 463 to replica 3,session_id=65
DEBUG 08-14 23:17:52 replica.py:226] add_request - replica_id=[3], request=463,self.replica_slo_budget-sum_pending_tokens==current_budget:True,1048576-2833==1045743
INFO 08-14 23:17:52 shared.py:299] Adding task for request 464 to replica 1,session_id=67
DEBUG 08-14 23:17:52 replica.py:226] add_request - replica_id=[1], request=464,self.replica_slo_budget-sum_pending_tokens==current_budget:True,1048576-9637==1038939
INFO 08-14 23:17:52 shared.py:299] Adding task for request 465 to replica 1,session_id=12
DEBUG 08-14 23:17:52 replica.py:226] add_request - replica_id=[1], request=465,self.replica_slo_budget-sum_pending_tokens==current_budget:True,1048576-9865==1038711
INFO 08-14 23:17:52 shared.py:299] Adding task for request 466 to replica 2,session_id=33
DEBUG 08-14 23:17:52 replica.py:226] add_request - replica_id=[2], request=466,self.replica_slo_budget-sum_pending_tokens==current_budget:True,1048576-3358==1045218
INFO 08-14 23:17:52 shared.py:299] Adding task for request 467 to replica 4,session_id=28
DEBUG 08-14 23:17:52 replica.py:226] add_request - replica_id=[4], request=467,self.replica_slo_budget-sum_pending_tokens==current_budget:True,1048576-3129==1045447
INFO 08-14 23:17:52 shared.py:299] Adding task for request 468 to replica 3,session_id=14
DEBUG 08-14 23:17:52 replica.py:226] add_request - replica_id=[3], request=468,self.replica_slo_budget-sum_pending_tokens==current_budget:True,1048576-8229==1040347
INFO 08-14 23:17:52 open_ai.py:115] async_send_request:request._id=460,session=64,https://uu722127-b80a-4e3f9d5d.cqa1.seetacloud.com:8443
INFO 08-14 23:17:52 open_ai.py:115] async_send_request:request._id=461,session=5,https://u722127-b80a-4e3f9d5d.cqa1.seetacloud.com:8443
INFO 08-14 23:17:52 open_ai.py:115] async_send_request:request._id=462,session=62,127.0.0.1:8001
INFO 08-14 23:17:52 open_ai.py:115] async_send_request:request._id=463,session=65,https://uu722127-b80a-4e3f9d5d.cqa1.seetacloud.com:8443
INFO 08-14 23:17:52 open_ai.py:115] async_send_request:request._id=464,session=67,127.0.0.1:8001
INFO 08-14 23:17:52 open_ai.py:115] async_send_request:request._id=465,session=12,127.0.0.1:8001
INFO 08-14 23:17:52 open_ai.py:115] async_send_request:request._id=466,session=33,https://u722127-b80a-4e3f9d5d.cqa1.seetacloud.com:8443
INFO 08-14 23:17:52 open_ai.py:115] async_send_request:request._id=467,session=28,https://u722127-8cb5-f6dc13db.nmb1.seetacloud.com:8443
INFO 08-14 23:17:52 open_ai.py:115] async_send_request:request._id=468,session=14,https://uu722127-b80a-4e3f9d5d.cqa1.seetacloud.com:8443
INFO 08-14 23:17:52 shared.py:299] Adding task for request 469 to replica 2,session_id=15
DEBUG 08-14 23:17:52 replica.py:226] add_request - replica_id=[2], request=469,self.replica_slo_budget-sum_pending_tokens==current_budget:True,1048576-10337==1038239
DEBUG 08-14 23:17:52 open_ai.py:335] async_send_request: request finish prefill, 431
INFO 08-14 23:17:52 open_ai.py:352] async_send_request: prefill completed: req=431,replica_id=2
DEBUG 08-14 23:17:52 replica.py:146] complete_request_prefill: replica_id=[2], request=431, current_budget=154,last_prefill_completed_at=30614681.0073125,last_ttft=17.0515
DEBUG 08-14 23:17:52 replica.py:153] complete_request_prefill - replica_id=[2], request=431,self.replica_slo_budget-sum_pending_tokens==current_budget:True,1048576-10183==1038393
DEBUG 08-14 23:17:52 open_ai.py:335] async_send_request: request finish prefill, 420
INFO 08-14 23:17:52 open_ai.py:352] async_send_request: prefill completed: req=420,replica_id=3
DEBUG 08-14 23:17:52 replica.py:146] complete_request_prefill: replica_id=[3], request=420, current_budget=174,last_prefill_completed_at=30614681.014379233,last_ttft=17.1059
DEBUG 08-14 23:17:52 replica.py:153] complete_request_prefill - replica_id=[3], request=420,self.replica_slo_budget-sum_pending_tokens==current_budget:True,1048576-8055==1040521
DEBUG 08-14 23:17:52 open_ai.py:335] async_send_request: request finish prefill, 432
INFO 08-14 23:17:52 open_ai.py:352] async_send_request: prefill completed: req=432,replica_id=2
DEBUG 08-14 23:17:52 replica.py:146] complete_request_prefill: replica_id=[2], request=432, current_budget=166,last_prefill_completed_at=30614681.021262623,last_ttft=17.0647
DEBUG 08-14 23:17:52 replica.py:153] complete_request_prefill - replica_id=[2], request=432,self.replica_slo_budget-sum_pending_tokens==current_budget:True,1048576-10017==1038559
DEBUG 08-14 23:17:52 open_ai.py:335] async_send_request: request finish prefill, 415
INFO 08-14 23:17:52 open_ai.py:352] async_send_request: prefill completed: req=415,replica_id=3
DEBUG 08-14 23:17:52 replica.py:146] complete_request_prefill: replica_id=[3], request=415, current_budget=154,last_prefill_completed_at=30614681.02812829,last_ttft=17.1265
DEBUG 08-14 23:17:52 replica.py:153] complete_request_prefill - replica_id=[3], request=415,self.replica_slo_budget-sum_pending_tokens==current_budget:True,1048576-7901==1040675
DEBUG 08-14 23:17:52 open_ai.py:335] async_send_request: request finish prefill, 442
INFO 08-14 23:17:52 open_ai.py:352] async_send_request: prefill completed: req=442,replica_id=1
DEBUG 08-14 23:17:52 replica.py:146] complete_request_prefill: replica_id=[1], request=442, current_budget=1492,last_prefill_completed_at=30614681.035295345,last_ttft=16.9162
DEBUG 08-14 23:17:52 replica.py:153] complete_request_prefill - replica_id=[1], request=442,self.replica_slo_budget-sum_pending_tokens==current_budget:True,1048576-8373==1040203
INFO 08-14 23:17:52 open_ai.py:115] async_send_request:request._id=469,session=15,https://u722127-b80a-4e3f9d5d.cqa1.seetacloud.com:8443
DEBUG 08-14 23:17:52 replica.py:171] complete_request_decode:num_saved_toekens=672
DEBUG 08-14 23:17:52 open_ai.py:452] good request:https://u722127-8cb5-f6dc13db.nmb1.seetacloud.com:8443:good,request._id=52,input=168,output=664
DEBUG 08-14 23:17:52 open_ai.py:335] async_send_request: request finish prefill, 437
INFO 08-14 23:17:52 open_ai.py:352] async_send_request: prefill completed: req=437,replica_id=3
DEBUG 08-14 23:17:52 replica.py:146] complete_request_prefill: replica_id=[3], request=437, current_budget=1415,last_prefill_completed_at=30614681.05517289,last_ttft=17.0334
DEBUG 08-14 23:17:52 replica.py:153] complete_request_prefill - replica_id=[3], request=437,self.replica_slo_budget-sum_pending_tokens==current_budget:True,1048576-6486==1042090
DEBUG 08-14 23:17:52 open_ai.py:335] async_send_request: request finish prefill, 444
INFO 08-14 23:17:52 open_ai.py:352] async_send_request: prefill completed: req=444,replica_id=1
DEBUG 08-14 23:17:52 replica.py:146] complete_request_prefill: replica_id=[1], request=444, current_budget=699,last_prefill_completed_at=30614681.064290173,last_ttft=16.894
DEBUG 08-14 23:17:52 replica.py:153] complete_request_prefill - replica_id=[1], request=444,self.replica_slo_budget-sum_pending_tokens==current_budget:True,1048576-7674==1040902
DEBUG 08-14 23:17:52 open_ai.py:335] async_send_request: request finish prefill, 443
INFO 08-14 23:17:52 open_ai.py:352] async_send_request: prefill completed: req=443,replica_id=1
DEBUG 08-14 23:17:52 replica.py:146] complete_request_prefill: replica_id=[1], request=443, current_budget=2217,last_prefill_completed_at=30614681.071794946,last_ttft=16.9369
DEBUG 08-14 23:17:52 replica.py:153] complete_request_prefill - replica_id=[1], request=443,self.replica_slo_budget-sum_pending_tokens==current_budget:True,1048576-5457==1043119
DEBUG 08-14 23:17:52 open_ai.py:335] async_send_request: request finish prefill, 450
INFO 08-14 23:17:52 open_ai.py:352] async_send_request: prefill completed: req=450,replica_id=1
DEBUG 08-14 23:17:52 replica.py:146] complete_request_prefill: replica_id=[1], request=450, current_budget=1332,last_prefill_completed_at=30614681.091571257,last_ttft=16.8414
DEBUG 08-14 23:17:52 replica.py:153] complete_request_prefill - replica_id=[1], request=450,self.replica_slo_budget-sum_pending_tokens==current_budget:True,1048576-4125==1044451
DEBUG 08-14 23:17:52 replica.py:171] complete_request_decode:num_saved_toekens=816
DEBUG 08-14 23:17:52 open_ai.py:452] good request:https://u722127-b80a-4e3f9d5d.cqa1.seetacloud.com:8443:good,request._id=243,input=172,output=806
DEBUG 08-14 23:17:52 metrics_store.py:131] update_metrics:request_id=394
DEBUG 08-14 23:17:52 metrics_store.py:131] update_metrics:request_id=99
DEBUG 08-14 23:17:52 metrics_store.py:131] update_metrics:request_id=365
DEBUG 08-14 23:17:52 shared.py:180] Removed task for request 394 on https://u722127-b80a-4e3f9d5d.cqa1.seetacloud.com:8443
DEBUG 08-14 23:17:52 metrics_store.py:131] update_metrics:request_id=95
DEBUG 08-14 23:17:52 shared.py:180] Removed task for request 99 on 127.0.0.1:8000
DEBUG 08-14 23:17:52 metrics_store.py:131] update_metrics:request_id=72
DEBUG 08-14 23:17:52 shared.py:180] Removed task for request 365 on https://u722127-8cb5-f6dc13db.nmb1.seetacloud.com:8443
DEBUG 08-14 23:17:52 metrics_store.py:131] update_metrics:request_id=150
DEBUG 08-14 23:17:52 shared.py:180] Removed task for request 95 on 127.0.0.1:8001
DEBUG 08-14 23:17:53 metrics_store.py:131] update_metrics:request_id=312
DEBUG 08-14 23:17:53 shared.py:180] Removed task for request 72 on 127.0.0.1:8000
DEBUG 08-14 23:17:53 metrics_store.py:131] update_metrics:request_id=304
DEBUG 08-14 23:17:53 shared.py:180] Removed task for request 150 on 127.0.0.1:8000
DEBUG 08-14 23:17:53 open_ai.py:335] async_send_request: request finish prefill, 447
INFO 08-14 23:17:53 open_ai.py:352] async_send_request: prefill completed: req=447,replica_id=1
DEBUG 08-14 23:17:53 replica.py:146] complete_request_prefill: replica_id=[1], request=447, current_budget=180,last_prefill_completed_at=30614681.19776811,last_ttft=16.9749
DEBUG 08-14 23:17:53 replica.py:153] complete_request_prefill - replica_id=[1], request=447,self.replica_slo_budget-sum_pending_tokens==current_budget:True,1048576-3945==1044631
DEBUG 08-14 23:17:53 replica.py:171] complete_request_decode:num_saved_toekens=496
DEBUG 08-14 23:17:53 open_ai.py:452] good request:https://uu722127-b80a-4e3f9d5d.cqa1.seetacloud.com:8443:good,request._id=351,input=160,output=497
DEBUG 08-14 23:17:53 metrics_store.py:131] update_metrics:request_id=445
DEBUG 08-14 23:17:53 shared.py:180] Removed task for request 312 on 127.0.0.1:8000
DEBUG 08-14 23:17:53 replica.py:171] complete_request_decode:num_saved_toekens=80
DEBUG 08-14 23:17:53 open_ai.py:452] good request:https://u722127-b80a-4e3f9d5d.cqa1.seetacloud.com:8443:good,request._id=433,input=1375,output=73
DEBUG 08-14 23:17:53 open_ai.py:335] async_send_request: request finish prefill, 448
INFO 08-14 23:17:53 open_ai.py:352] async_send_request: prefill completed: req=448,replica_id=3
DEBUG 08-14 23:17:53 replica.py:146] complete_request_prefill: replica_id=[3], request=448, current_budget=178,last_prefill_completed_at=30614681.228496306,last_ttft=17.005
DEBUG 08-14 23:17:53 replica.py:153] complete_request_prefill - replica_id=[3], request=448,self.replica_slo_budget-sum_pending_tokens==current_budget:True,1048576-6308==1042268
DEBUG 08-14 23:17:53 shared.py:180] Removed task for request 304 on https://uu722127-b80a-4e3f9d5d.cqa1.seetacloud.com:8443
DEBUG 08-14 23:17:53 replica.py:171] complete_request_decode:num_saved_toekens=560
DEBUG 08-14 23:17:53 open_ai.py:452] good request:https://u722127-b80a-4e3f9d5d.cqa1.seetacloud.com:8443:good,request._id=311,input=160,output=568
DEBUG 08-14 23:17:53 open_ai.py:335] async_send_request: request finish prefill, 457
INFO 08-14 23:17:53 open_ai.py:352] async_send_request: prefill completed: req=457,replica_id=0
DEBUG 08-14 23:17:53 replica.py:146] complete_request_prefill: replica_id=[0], request=457, current_budget=1341,last_prefill_completed_at=30614681.281148475,last_ttft=16.9684
DEBUG 08-14 23:17:53 replica.py:153] complete_request_prefill - replica_id=[0], request=457,self.replica_slo_budget-sum_pending_tokens==current_budget:True,1048576-0==1048576
DEBUG 08-14 23:17:53 shared.py:180] Removed task for request 445 on 127.0.0.1:8001
DEBUG 08-14 23:17:53 replica.py:171] complete_request_decode:num_saved_toekens=176
DEBUG 08-14 23:17:53 open_ai.py:452] good request:127.0.0.1:8001:good,request._id=414,input=172,output=172
DEBUG 08-14 23:17:53 open_ai.py:335] async_send_request: request finish prefill, 456
INFO 08-14 23:17:53 open_ai.py:352] async_send_request: prefill completed: req=456,replica_id=1
DEBUG 08-14 23:17:53 replica.py:146] complete_request_prefill: replica_id=[1], request=456, current_budget=2065,last_prefill_completed_at=30614681.30945056,last_ttft=17.0046
DEBUG 08-14 23:17:53 replica.py:153] complete_request_prefill - replica_id=[1], request=456,self.replica_slo_budget-sum_pending_tokens==current_budget:True,1048576-1880==1046696
DEBUG 08-14 23:17:53 open_ai.py:335] async_send_request: request finish prefill, 459
INFO 08-14 23:17:53 open_ai.py:352] async_send_request: prefill completed: req=459,replica_id=4
DEBUG 08-14 23:17:53 replica.py:146] complete_request_prefill: replica_id=[4], request=459, current_budget=758,last_prefill_completed_at=30614681.347886313,last_ttft=16.9753
DEBUG 08-14 23:17:53 replica.py:153] complete_request_prefill - replica_id=[4], request=459,self.replica_slo_budget-sum_pending_tokens==current_budget:True,1048576-2371==1046205
DEBUG 08-14 23:17:53 open_ai.py:335] async_send_request: request finish prefill, 458
INFO 08-14 23:17:53 open_ai.py:352] async_send_request: prefill completed: req=458,replica_id=4
DEBUG 08-14 23:17:53 replica.py:146] complete_request_prefill: replica_id=[4], request=458, current_budget=932,last_prefill_completed_at=30614681.35667911,last_ttft=17.0279
DEBUG 08-14 23:17:53 replica.py:153] complete_request_prefill - replica_id=[4], request=458,self.replica_slo_budget-sum_pending_tokens==current_budget:True,1048576-1439==1047137
DEBUG 08-14 23:17:53 replica.py:171] complete_request_decode:num_saved_toekens=592
DEBUG 08-14 23:17:53 open_ai.py:452] good request:https://uu722127-b80a-4e3f9d5d.cqa1.seetacloud.com:8443:good,request._id=313,input=148,output=598
DEBUG 08-14 23:17:53 open_ai.py:335] async_send_request: request finish prefill, 446
INFO 08-14 23:17:53 open_ai.py:352] async_send_request: prefill completed: req=446,replica_id=2
DEBUG 08-14 23:17:53 replica.py:146] complete_request_prefill: replica_id=[2], request=446, current_budget=196,last_prefill_completed_at=30614681.36821728,last_ttft=17.1463
DEBUG 08-14 23:17:53 replica.py:153] complete_request_prefill - replica_id=[2], request=446,self.replica_slo_budget-sum_pending_tokens==current_budget:True,1048576-9821==1038755
DEBUG 08-14 23:17:53 replica.py:171] complete_request_decode:num_saved_toekens=16
DEBUG 08-14 23:17:53 open_ai.py:452] good request:127.0.0.1:8001:good,request._id=442,input=1492,output=13
DEBUG 08-14 23:17:53 replica.py:171] complete_request_decode:num_saved_toekens=16
DEBUG 08-14 23:17:53 open_ai.py:452] good request:127.0.0.1:8001:good,request._id=444,input=699,output=13
DEBUG 08-14 23:17:53 replica.py:171] complete_request_decode:num_saved_toekens=16
DEBUG 08-14 23:17:53 open_ai.py:452] good request:127.0.0.1:8001:good,request._id=443,input=2217,output=13
INFO 08-14 23:17:53 shared.py:299] Adding task for request 470 to replica 0,session_id=95
DEBUG 08-14 23:17:53 replica.py:226] add_request - replica_id=[0], request=470,self.replica_slo_budget-sum_pending_tokens==current_budget:True,1048576-678==1047898
INFO 08-14 23:17:53 shared.py:299] Adding task for request 471 to replica 0,session_id=32
DEBUG 08-14 23:17:53 replica.py:226] add_request - replica_id=[0], request=471,self.replica_slo_budget-sum_pending_tokens==current_budget:True,1048576-884==1047692
INFO 08-14 23:17:53 shared.py:299] Adding task for request 472 to replica 4,session_id=26
DEBUG 08-14 23:17:53 replica.py:226] add_request - replica_id=[4], request=472,self.replica_slo_budget-sum_pending_tokens==current_budget:True,1048576-3101==1045475
INFO 08-14 23:17:53 shared.py:299] Adding task for request 474 to replica 0,session_id=0
DEBUG 08-14 23:17:53 replica.py:226] add_request - replica_id=[0], request=474,self.replica_slo_budget-sum_pending_tokens==current_budget:True,1048576-3825==1044751
INFO 08-14 23:17:53 shared.py:299] Adding task for request 475 to replica 0,session_id=41
DEBUG 08-14 23:17:53 replica.py:226] add_request - replica_id=[0], request=475,self.replica_slo_budget-sum_pending_tokens==current_budget:True,1048576-4932==1043644
INFO 08-14 23:17:53 shared.py:299] Adding task for request 476 to replica 3,session_id=51
DEBUG 08-14 23:17:53 replica.py:226] add_request - replica_id=[3], request=476,self.replica_slo_budget-sum_pending_tokens==current_budget:True,1048576-6494==1042082
INFO 08-14 23:17:53 shared.py:299] Adding task for request 478 to replica 0,session_id=48
DEBUG 08-14 23:17:53 replica.py:226] add_request - replica_id=[0], request=478,self.replica_slo_budget-sum_pending_tokens==current_budget:True,1048576-6950==1041626
INFO 08-14 23:17:53 shared.py:299] Adding task for request 479 to replica 0,session_id=128
DEBUG 08-14 23:17:53 replica.py:226] add_request - replica_id=[0], request=479,self.replica_slo_budget-sum_pending_tokens==current_budget:True,1048576-7510==1041066
INFO 08-14 23:17:53 open_ai.py:115] async_send_request:request._id=470,session=95,127.0.0.1:8000
INFO 08-14 23:17:53 open_ai.py:115] async_send_request:request._id=471,session=32,127.0.0.1:8000
INFO 08-14 23:17:53 open_ai.py:115] async_send_request:request._id=472,session=26,https://u722127-8cb5-f6dc13db.nmb1.seetacloud.com:8443
INFO 08-14 23:17:53 open_ai.py:115] async_send_request:request._id=474,session=0,127.0.0.1:8000
INFO 08-14 23:17:53 open_ai.py:115] async_send_request:request._id=475,session=41,127.0.0.1:8000
INFO 08-14 23:17:53 open_ai.py:115] async_send_request:request._id=476,session=51,https://uu722127-b80a-4e3f9d5d.cqa1.seetacloud.com:8443
INFO 08-14 23:17:53 open_ai.py:115] async_send_request:request._id=478,session=48,127.0.0.1:8000
INFO 08-14 23:17:53 open_ai.py:115] async_send_request:request._id=479,session=128,127.0.0.1:8000
DEBUG 08-14 23:17:53 open_ai.py:335] async_send_request: request finish prefill, 451
INFO 08-14 23:17:53 open_ai.py:352] async_send_request: prefill completed: req=451,replica_id=2
DEBUG 08-14 23:17:53 replica.py:146] complete_request_prefill: replica_id=[2], request=451, current_budget=933,last_prefill_completed_at=30614681.529332433,last_ttft=17.2784
DEBUG 08-14 23:17:53 replica.py:153] complete_request_prefill - replica_id=[2], request=451,self.replica_slo_budget-sum_pending_tokens==current_budget:True,1048576-8888==1039688
DEBUG 08-14 23:17:53 open_ai.py:335] async_send_request: request finish prefill, 453
INFO 08-14 23:17:53 open_ai.py:352] async_send_request: prefill completed: req=453,replica_id=2
DEBUG 08-14 23:17:53 replica.py:146] complete_request_prefill: replica_id=[2], request=453, current_budget=160,last_prefill_completed_at=30614681.537483197,last_ttft=17.283
DEBUG 08-14 23:17:53 replica.py:153] complete_request_prefill - replica_id=[2], request=453,self.replica_slo_budget-sum_pending_tokens==current_budget:True,1048576-8728==1039848
DEBUG 08-14 23:17:53 replica.py:171] complete_request_decode:num_saved_toekens=512
DEBUG 08-14 23:17:53 open_ai.py:452] good request:https://uu722127-b80a-4e3f9d5d.cqa1.seetacloud.com:8443:good,request._id=355,input=180,output=520
DEBUG 08-14 23:17:53 replica.py:171] complete_request_decode:num_saved_toekens=912
DEBUG 08-14 23:17:53 open_ai.py:452] good request:127.0.0.1:8000:good,request._id=108,input=152,output=912
DEBUG 08-14 23:17:53 metrics_store.py:131] update_metrics:request_id=52
DEBUG 08-14 23:17:53 metrics_store.py:131] update_metrics:request_id=243
DEBUG 08-14 23:17:53 metrics_store.py:131] update_metrics:request_id=351
DEBUG 08-14 23:17:53 shared.py:180] Removed task for request 52 on https://u722127-8cb5-f6dc13db.nmb1.seetacloud.com:8443
DEBUG 08-14 23:17:53 metrics_store.py:131] update_metrics:request_id=433
DEBUG 08-14 23:17:53 shared.py:180] Removed task for request 243 on https://u722127-b80a-4e3f9d5d.cqa1.seetacloud.com:8443
DEBUG 08-14 23:17:53 metrics_store.py:131] update_metrics:request_id=311
DEBUG 08-14 23:17:53 shared.py:180] Removed task for request 351 on https://uu722127-b80a-4e3f9d5d.cqa1.seetacloud.com:8443
DEBUG 08-14 23:17:53 metrics_store.py:131] update_metrics:request_id=414
DEBUG 08-14 23:17:53 shared.py:180] Removed task for request 433 on https://u722127-b80a-4e3f9d5d.cqa1.seetacloud.com:8443
DEBUG 08-14 23:17:53 replica.py:171] complete_request_decode:num_saved_toekens=16
DEBUG 08-14 23:17:53 open_ai.py:452] good request:https://u722127-8cb5-f6dc13db.nmb1.seetacloud.com:8443:good,request._id=459,input=758,output=13
DEBUG 08-14 23:17:53 metrics_store.py:131] update_metrics:request_id=313
DEBUG 08-14 23:17:53 shared.py:180] Removed task for request 311 on https://u722127-b80a-4e3f9d5d.cqa1.seetacloud.com:8443
DEBUG 08-14 23:17:53 open_ai.py:335] async_send_request: request finish prefill, 460
INFO 08-14 23:17:53 open_ai.py:352] async_send_request: prefill completed: req=460,replica_id=3
DEBUG 08-14 23:17:53 replica.py:146] complete_request_prefill: replica_id=[3], request=460, current_budget=363,last_prefill_completed_at=30614681.652461033,last_ttft=17.2778
DEBUG 08-14 23:17:53 replica.py:153] complete_request_prefill - replica_id=[3], request=460,self.replica_slo_budget-sum_pending_tokens==current_budget:True,1048576-6131==1042445
DEBUG 08-14 23:17:53 metrics_store.py:131] update_metrics:request_id=442
DEBUG 08-14 23:17:53 shared.py:180] Removed task for request 414 on 127.0.0.1:8001
DEBUG 08-14 23:17:53 metrics_store.py:131] update_metrics:request_id=444
DEBUG 08-14 23:17:53 shared.py:180] Removed task for request 313 on https://uu722127-b80a-4e3f9d5d.cqa1.seetacloud.com:8443
DEBUG 08-14 23:17:53 replica.py:171] complete_request_decode:num_saved_toekens=592
DEBUG 08-14 23:17:53 open_ai.py:452] good request:https://u722127-b80a-4e3f9d5d.cqa1.seetacloud.com:8443:good,request._id=325,input=152,output=588
DEBUG 08-14 23:17:53 open_ai.py:335] async_send_request: request finish prefill, 461
INFO 08-14 23:17:53 open_ai.py:352] async_send_request: prefill completed: req=461,replica_id=2
DEBUG 08-14 23:17:53 replica.py:146] complete_request_prefill: replica_id=[2], request=461, current_budget=212,last_prefill_completed_at=30614681.705946933,last_ttft=17.3142
DEBUG 08-14 23:17:53 replica.py:153] complete_request_prefill - replica_id=[2], request=461,self.replica_slo_budget-sum_pending_tokens==current_budget:True,1048576-8516==1040060
DEBUG 08-14 23:17:53 metrics_store.py:131] update_metrics:request_id=443
DEBUG 08-14 23:17:53 shared.py:180] Removed task for request 442 on 127.0.0.1:8001
DEBUG 08-14 23:17:53 open_ai.py:335] async_send_request: request finish prefill, 463
INFO 08-14 23:17:53 open_ai.py:352] async_send_request: prefill completed: req=463,replica_id=3
DEBUG 08-14 23:17:53 replica.py:146] complete_request_prefill: replica_id=[3], request=463, current_budget=549,last_prefill_completed_at=30614681.733846582,last_ttft=17.2978
DEBUG 08-14 23:17:53 replica.py:153] complete_request_prefill - replica_id=[3], request=463,self.replica_slo_budget-sum_pending_tokens==current_budget:True,1048576-5582==1042994
DEBUG 08-14 23:17:53 replica.py:171] complete_request_decode:num_saved_toekens=560
DEBUG 08-14 23:17:53 open_ai.py:452] good request:https://uu722127-b80a-4e3f9d5d.cqa1.seetacloud.com:8443:good,request._id=347,input=158,output=558
DEBUG 08-14 23:17:53 open_ai.py:335] async_send_request: request finish prefill, 462
INFO 08-14 23:17:53 open_ai.py:352] async_send_request: prefill completed: req=462,replica_id=1
DEBUG 08-14 23:17:53 replica.py:146] complete_request_prefill: replica_id=[1], request=462, current_budget=877,last_prefill_completed_at=30614681.748197634,last_ttft=17.3487
DEBUG 08-14 23:17:53 replica.py:153] complete_request_prefill - replica_id=[1], request=462,self.replica_slo_budget-sum_pending_tokens==current_budget:True,1048576-1003==1047573
DEBUG 08-14 23:17:53 open_ai.py:335] async_send_request: request finish prefill, 464
INFO 08-14 23:17:53 open_ai.py:352] async_send_request: prefill completed: req=464,replica_id=1
DEBUG 08-14 23:17:53 replica.py:146] complete_request_prefill: replica_id=[1], request=464, current_budget=775,last_prefill_completed_at=30614681.762342855,last_ttft=17.3205
DEBUG 08-14 23:17:53 replica.py:153] complete_request_prefill - replica_id=[1], request=464,self.replica_slo_budget-sum_pending_tokens==current_budget:True,1048576-228==1048348
DEBUG 08-14 23:17:53 open_ai.py:335] async_send_request: request finish prefill, 465
INFO 08-14 23:17:53 open_ai.py:352] async_send_request: prefill completed: req=465,replica_id=1
DEBUG 08-14 23:17:53 replica.py:146] complete_request_prefill: replica_id=[1], request=465, current_budget=228,last_prefill_completed_at=30614681.770814206,last_ttft=17.3226
DEBUG 08-14 23:17:53 replica.py:153] complete_request_prefill - replica_id=[1], request=465,self.replica_slo_budget-sum_pending_tokens==current_budget:True,1048576-0==1048576
DEBUG 08-14 23:17:53 open_ai.py:335] async_send_request: request finish prefill, 467
INFO 08-14 23:17:53 open_ai.py:352] async_send_request: prefill completed: req=467,replica_id=4
DEBUG 08-14 23:17:53 replica.py:146] complete_request_prefill: replica_id=[4], request=467, current_budget=1439,last_prefill_completed_at=30614681.780197278,last_ttft=17.3051
DEBUG 08-14 23:17:53 replica.py:153] complete_request_prefill - replica_id=[4], request=467,self.replica_slo_budget-sum_pending_tokens==current_budget:True,1048576-1662==1046914
DEBUG 08-14 23:17:53 shared.py:180] Removed task for request 444 on 127.0.0.1:8001
DEBUG 08-14 23:17:53 shared.py:180] Removed task for request 443 on 127.0.0.1:8001
DEBUG 08-14 23:17:53 open_ai.py:335] async_send_request: request finish prefill, 466
INFO 08-14 23:17:53 open_ai.py:352] async_send_request: prefill completed: req=466,replica_id=2
DEBUG 08-14 23:17:53 replica.py:146] complete_request_prefill: replica_id=[2], request=466, current_budget=1537,last_prefill_completed_at=30614681.847572234,last_ttft=17.386
DEBUG 08-14 23:17:53 replica.py:153] complete_request_prefill - replica_id=[2], request=466,self.replica_slo_budget-sum_pending_tokens==current_budget:True,1048576-6979==1041597
DEBUG 08-14 23:17:53 replica.py:171] complete_request_decode:num_saved_toekens=688
DEBUG 08-14 23:17:53 open_ai.py:452] good request:https://u722127-b80a-4e3f9d5d.cqa1.seetacloud.com:8443:good,request._id=79,input=150,output=686
DEBUG 08-14 23:17:53 replica.py:171] complete_request_decode:num_saved_toekens=480
DEBUG 08-14 23:17:53 open_ai.py:452] good request:127.0.0.1:8000:good,request._id=191,input=156,output=483
DEBUG 08-14 23:17:53 open_ai.py:335] async_send_request: request finish prefill, 468
INFO 08-14 23:17:53 open_ai.py:352] async_send_request: prefill completed: req=468,replica_id=3
DEBUG 08-14 23:17:53 replica.py:146] complete_request_prefill: replica_id=[3], request=468, current_budget=5396,last_prefill_completed_at=30614681.890455004,last_ttft=17.4051
DEBUG 08-14 23:17:53 replica.py:153] complete_request_prefill - replica_id=[3], request=468,self.replica_slo_budget-sum_pending_tokens==current_budget:True,1048576-186==1048390
INFO 08-14 23:17:53 shared.py:299] Adding task for request 480 to replica 2,session_id=24
DEBUG 08-14 23:17:53 replica.py:226] add_request - replica_id=[2], request=480,self.replica_slo_budget-sum_pending_tokens==current_budget:True,1048576-7210==1041366
INFO 08-14 23:17:53 shared.py:299] Adding task for request 481 to replica 3,session_id=7
DEBUG 08-14 23:17:53 replica.py:226] add_request - replica_id=[3], request=481,self.replica_slo_budget-sum_pending_tokens==current_budget:True,1048576-1662==1046914
INFO 08-14 23:17:53 shared.py:299] Adding task for request 482 to replica 4,session_id=84
DEBUG 08-14 23:17:53 replica.py:226] add_request - replica_id=[4], request=482,self.replica_slo_budget-sum_pending_tokens==current_budget:True,1048576-2457==1046119
INFO 08-14 23:17:53 shared.py:299] Adding task for request 483 to replica 3,session_id=75
DEBUG 08-14 23:17:53 replica.py:226] add_request - replica_id=[3], request=483,self.replica_slo_budget-sum_pending_tokens==current_budget:True,1048576-2268==1046308
INFO 08-14 23:17:53 shared.py:299] Adding task for request 484 to replica 4,session_id=114
DEBUG 08-14 23:17:53 replica.py:226] add_request - replica_id=[4], request=484,self.replica_slo_budget-sum_pending_tokens==current_budget:True,1048576-3312==1045264
INFO 08-14 23:17:53 shared.py:299] Adding task for request 485 to replica 4,session_id=104
DEBUG 08-14 23:17:53 replica.py:226] add_request - replica_id=[4], request=485,self.replica_slo_budget-sum_pending_tokens==current_budget:True,1048576-4198==1044378
INFO 08-14 23:17:53 shared.py:299] Adding task for request 486 to replica 2,session_id=36
DEBUG 08-14 23:17:53 replica.py:226] add_request - replica_id=[2], request=486,self.replica_slo_budget-sum_pending_tokens==current_budget:True,1048576-7398==1041178
INFO 08-14 23:17:53 shared.py:299] Adding task for request 488 to replica 4,session_id=72
DEBUG 08-14 23:17:53 replica.py:226] add_request - replica_id=[4], request=488,self.replica_slo_budget-sum_pending_tokens==current_budget:True,1048576-5034==1043542
INFO 08-14 23:17:53 open_ai.py:115] async_send_request:request._id=480,session=24,https://u722127-b80a-4e3f9d5d.cqa1.seetacloud.com:8443
INFO 08-14 23:17:53 open_ai.py:115] async_send_request:request._id=481,session=7,https://uu722127-b80a-4e3f9d5d.cqa1.seetacloud.com:8443
INFO 08-14 23:17:53 open_ai.py:115] async_send_request:request._id=482,session=84,https://u722127-8cb5-f6dc13db.nmb1.seetacloud.com:8443
INFO 08-14 23:17:53 open_ai.py:115] async_send_request:request._id=483,session=75,https://uu722127-b80a-4e3f9d5d.cqa1.seetacloud.com:8443
INFO 08-14 23:17:53 open_ai.py:115] async_send_request:request._id=484,session=114,https://u722127-8cb5-f6dc13db.nmb1.seetacloud.com:8443
INFO 08-14 23:17:53 open_ai.py:115] async_send_request:request._id=485,session=104,https://u722127-8cb5-f6dc13db.nmb1.seetacloud.com:8443
INFO 08-14 23:17:53 open_ai.py:115] async_send_request:request._id=486,session=36,https://u722127-b80a-4e3f9d5d.cqa1.seetacloud.com:8443
INFO 08-14 23:17:53 open_ai.py:115] async_send_request:request._id=488,session=72,https://u722127-8cb5-f6dc13db.nmb1.seetacloud.com:8443
INFO 08-14 23:17:53 shared.py:299] Adding task for request 489 to replica 4,session_id=6
DEBUG 08-14 23:17:53 replica.py:226] add_request - replica_id=[4], request=489,self.replica_slo_budget-sum_pending_tokens==current_budget:True,1048576-8160==1040416
INFO 08-14 23:17:53 open_ai.py:115] async_send_request:request._id=489,session=6,https://u722127-8cb5-f6dc13db.nmb1.seetacloud.com:8443
DEBUG 08-14 23:17:53 open_ai.py:335] async_send_request: request finish prefill, 469
INFO 08-14 23:17:53 open_ai.py:352] async_send_request: prefill completed: req=469,replica_id=2
DEBUG 08-14 23:17:53 replica.py:146] complete_request_prefill: replica_id=[2], request=469, current_budget=6979,last_prefill_completed_at=30614682.0533168,last_ttft=17.5481
DEBUG 08-14 23:17:53 replica.py:153] complete_request_prefill - replica_id=[2], request=469,self.replica_slo_budget-sum_pending_tokens==current_budget:True,1048576-419==1048157
DEBUG 08-14 23:17:53 metrics_store.py:131] update_metrics:request_id=355
DEBUG 08-14 23:17:53 metrics_store.py:131] update_metrics:request_id=108
DEBUG 08-14 23:17:53 metrics_store.py:131] update_metrics:request_id=459
DEBUG 08-14 23:17:53 shared.py:180] Removed task for request 355 on https://uu722127-b80a-4e3f9d5d.cqa1.seetacloud.com:8443
DEBUG 08-14 23:17:53 metrics_store.py:131] update_metrics:request_id=325
DEBUG 08-14 23:17:53 shared.py:180] Removed task for request 108 on 127.0.0.1:8000
DEBUG 08-14 23:17:53 metrics_store.py:131] update_metrics:request_id=347
DEBUG 08-14 23:17:53 shared.py:180] Removed task for request 459 on https://u722127-8cb5-f6dc13db.nmb1.seetacloud.com:8443
DEBUG 08-14 23:17:53 metrics_store.py:131] update_metrics:request_id=79
DEBUG 08-14 23:17:53 shared.py:180] Removed task for request 325 on https://u722127-b80a-4e3f9d5d.cqa1.seetacloud.com:8443
DEBUG 08-14 23:17:53 metrics_store.py:131] update_metrics:request_id=191
DEBUG 08-14 23:17:53 shared.py:180] Removed task for request 347 on https://uu722127-b80a-4e3f9d5d.cqa1.seetacloud.com:8443
DEBUG 08-14 23:17:54 open_ai.py:335] async_send_request: request finish prefill, 470
INFO 08-14 23:17:54 open_ai.py:352] async_send_request: prefill completed: req=470,replica_id=0
DEBUG 08-14 23:17:54 replica.py:146] complete_request_prefill: replica_id=[0], request=470, current_budget=678,last_prefill_completed_at=30614682.160597224,last_ttft=17.6563
DEBUG 08-14 23:17:54 replica.py:153] complete_request_prefill - replica_id=[0], request=470,self.replica_slo_budget-sum_pending_tokens==current_budget:True,1048576-6832==1041744
DEBUG 08-14 23:17:54 shared.py:180] Removed task for request 79 on https://u722127-b80a-4e3f9d5d.cqa1.seetacloud.com:8443
DEBUG 08-14 23:17:54 open_ai.py:335] async_send_request: request finish prefill, 471
INFO 08-14 23:17:54 open_ai.py:352] async_send_request: prefill completed: req=471,replica_id=0
DEBUG 08-14 23:17:54 replica.py:146] complete_request_prefill: replica_id=[0], request=471, current_budget=206,last_prefill_completed_at=30614682.209559184,last_ttft=17.686
DEBUG 08-14 23:17:54 replica.py:153] complete_request_prefill - replica_id=[0], request=471,self.replica_slo_budget-sum_pending_tokens==current_budget:True,1048576-6626==1041950
DEBUG 08-14 23:17:54 shared.py:180] Removed task for request 191 on 127.0.0.1:8000
DEBUG 08-14 23:17:54 open_ai.py:335] async_send_request: request finish prefill, 476
INFO 08-14 23:17:54 open_ai.py:352] async_send_request: prefill completed: req=476,replica_id=3
DEBUG 08-14 23:17:54 replica.py:146] complete_request_prefill: replica_id=[3], request=476, current_budget=186,last_prefill_completed_at=30614682.25010053,last_ttft=17.671
DEBUG 08-14 23:17:54 replica.py:153] complete_request_prefill - replica_id=[3], request=476,self.replica_slo_budget-sum_pending_tokens==current_budget:True,1048576-2082==1046494
DEBUG 08-14 23:17:54 open_ai.py:335] async_send_request: request finish prefill, 472
INFO 08-14 23:17:54 open_ai.py:352] async_send_request: prefill completed: req=472,replica_id=4
DEBUG 08-14 23:17:54 replica.py:146] complete_request_prefill: replica_id=[4], request=472, current_budget=1662,last_prefill_completed_at=30614682.280353066,last_ttft=17.7556
DEBUG 08-14 23:17:54 replica.py:153] complete_request_prefill - replica_id=[4], request=472,self.replica_slo_budget-sum_pending_tokens==current_budget:True,1048576-6498==1042078
DEBUG 08-14 23:17:54 open_ai.py:335] async_send_request: request finish prefill, 474
INFO 08-14 23:17:54 open_ai.py:352] async_send_request: prefill completed: req=474,replica_id=0
DEBUG 08-14 23:17:54 replica.py:146] complete_request_prefill: replica_id=[0], request=474, current_budget=2941,last_prefill_completed_at=30614682.30003461,last_ttft=17.7548
DEBUG 08-14 23:17:54 replica.py:153] complete_request_prefill - replica_id=[0], request=474,self.replica_slo_budget-sum_pending_tokens==current_budget:True,1048576-3685==1044891
DEBUG 08-14 23:17:54 open_ai.py:335] async_send_request: request finish prefill, 475
INFO 08-14 23:17:54 open_ai.py:352] async_send_request: prefill completed: req=475,replica_id=0
DEBUG 08-14 23:17:54 replica.py:146] complete_request_prefill: replica_id=[0], request=475, current_budget=1107,last_prefill_completed_at=30614682.309250496,last_ttft=17.7372
DEBUG 08-14 23:17:54 replica.py:153] complete_request_prefill - replica_id=[0], request=475,self.replica_slo_budget-sum_pending_tokens==current_budget:True,1048576-2578==1045998
DEBUG 08-14 23:17:54 replica.py:171] complete_request_decode:num_saved_toekens=16
DEBUG 08-14 23:17:54 open_ai.py:452] good request:https://u722127-b80a-4e3f9d5d.cqa1.seetacloud.com:8443:good,request._id=469,input=6979,output=13
DEBUG 08-14 23:17:54 replica.py:171] complete_request_decode:num_saved_toekens=128
DEBUG 08-14 23:17:54 open_ai.py:452] good request:https://u722127-b80a-4e3f9d5d.cqa1.seetacloud.com:8443:good,request._id=439,input=2088,output=120
INFO 08-14 23:17:54 shared.py:299] Adding task for request 490 to replica 3,session_id=3
DEBUG 08-14 23:17:54 replica.py:226] add_request - replica_id=[3], request=490,self.replica_slo_budget-sum_pending_tokens==current_budget:True,1048576-3891==1044685
INFO 08-14 23:17:54 shared.py:299] Adding task for request 491 to replica 0,session_id=103
DEBUG 08-14 23:17:54 replica.py:226] add_request - replica_id=[0], request=491,self.replica_slo_budget-sum_pending_tokens==current_budget:True,1048576-3472==1045104
INFO 08-14 23:17:54 shared.py:299] Adding task for request 493 to replica 0,session_id=44
DEBUG 08-14 23:17:54 replica.py:226] add_request - replica_id=[0], request=493,self.replica_slo_budget-sum_pending_tokens==current_budget:True,1048576-5026==1043550
INFO 08-14 23:17:54 shared.py:299] Adding task for request 492 to replica 3,session_id=22
DEBUG 08-14 23:17:54 replica.py:226] add_request - replica_id=[3], request=492,self.replica_slo_budget-sum_pending_tokens==current_budget:True,1048576-5698==1042878
INFO 08-14 23:17:54 shared.py:299] Adding task for request 495 to replica 2,session_id=2
DEBUG 08-14 23:17:54 replica.py:226] add_request - replica_id=[2], request=495,self.replica_slo_budget-sum_pending_tokens==current_budget:True,1048576-4522==1044054
INFO 08-14 23:17:54 shared.py:299] Adding task for request 497 to replica 0,session_id=73
DEBUG 08-14 23:17:54 replica.py:226] add_request - replica_id=[0], request=497,self.replica_slo_budget-sum_pending_tokens==current_budget:True,1048576-6166==1042410
INFO 08-14 23:17:54 shared.py:299] Adding task for request 498 to replica 0,session_id=148
DEBUG 08-14 23:17:54 replica.py:226] add_request - replica_id=[0], request=498,self.replica_slo_budget-sum_pending_tokens==current_budget:True,1048576-6873==1041703
INFO 08-14 23:17:54 open_ai.py:115] async_send_request:request._id=490,session=3,https://uu722127-b80a-4e3f9d5d.cqa1.seetacloud.com:8443
INFO 08-14 23:17:54 open_ai.py:115] async_send_request:request._id=491,session=103,127.0.0.1:8000
INFO 08-14 23:17:54 open_ai.py:115] async_send_request:request._id=493,session=44,127.0.0.1:8000
INFO 08-14 23:17:54 open_ai.py:115] async_send_request:request._id=492,session=22,https://uu722127-b80a-4e3f9d5d.cqa1.seetacloud.com:8443
INFO 08-14 23:17:54 open_ai.py:115] async_send_request:request._id=495,session=2,https://u722127-b80a-4e3f9d5d.cqa1.seetacloud.com:8443
INFO 08-14 23:17:54 open_ai.py:115] async_send_request:request._id=497,session=73,127.0.0.1:8000
INFO 08-14 23:17:54 open_ai.py:115] async_send_request:request._id=498,session=148,127.0.0.1:8000
INFO 08-14 23:17:54 shared.py:299] Adding task for request 499 to replica 3,session_id=23
DEBUG 08-14 23:17:54 replica.py:226] add_request - replica_id=[3], request=499,self.replica_slo_budget-sum_pending_tokens==current_budget:True,1048576-8791==1039785
DEBUG 08-14 23:17:54 open_ai.py:335] async_send_request: request finish prefill, 479
INFO 08-14 23:17:54 open_ai.py:352] async_send_request: prefill completed: req=479,replica_id=0
DEBUG 08-14 23:17:54 replica.py:146] complete_request_prefill: replica_id=[0], request=479, current_budget=560,last_prefill_completed_at=30614682.492665153,last_ttft=17.9017
DEBUG 08-14 23:17:54 replica.py:153] complete_request_prefill - replica_id=[0], request=479,self.replica_slo_budget-sum_pending_tokens==current_budget:True,1048576-6313==1042263
DEBUG 08-14 23:17:54 open_ai.py:335] async_send_request: request finish prefill, 478
INFO 08-14 23:17:54 open_ai.py:352] async_send_request: prefill completed: req=478,replica_id=0
DEBUG 08-14 23:17:54 replica.py:146] complete_request_prefill: replica_id=[0], request=478, current_budget=2018,last_prefill_completed_at=30614682.503648084,last_ttft=17.915
DEBUG 08-14 23:17:54 replica.py:153] complete_request_prefill - replica_id=[0], request=478,self.replica_slo_budget-sum_pending_tokens==current_budget:True,1048576-4295==1044281
DEBUG 08-14 23:17:54 replica.py:171] complete_request_decode:num_saved_toekens=32
DEBUG 08-14 23:17:54 open_ai.py:452] good request:https://u722127-8cb5-f6dc13db.nmb1.seetacloud.com:8443:good,request._id=458,input=932,output=40
INFO 08-14 23:17:54 open_ai.py:115] async_send_request:request._id=499,session=23,https://uu722127-b80a-4e3f9d5d.cqa1.seetacloud.com:8443
DEBUG 08-14 23:17:54 replica.py:171] complete_request_decode:num_saved_toekens=736
DEBUG 08-14 23:17:54 open_ai.py:452] good request:https://u722127-b80a-4e3f9d5d.cqa1.seetacloud.com:8443:good,request._id=42,input=146,output=744
DEBUG 08-14 23:17:54 replica.py:171] complete_request_decode:num_saved_toekens=352
DEBUG 08-14 23:17:54 open_ai.py:452] good request:https://u722127-8cb5-f6dc13db.nmb1.seetacloud.com:8443:good,request._id=324,input=142,output=351
DEBUG 08-14 23:17:54 metrics_store.py:131] update_metrics:request_id=469
DEBUG 08-14 23:17:54 metrics_store.py:131] update_metrics:request_id=439
DEBUG 08-14 23:17:54 shared.py:180] Removed task for request 469 on https://u722127-b80a-4e3f9d5d.cqa1.seetacloud.com:8443
DEBUG 08-14 23:17:54 shared.py:180] Removed task for request 439 on https://u722127-b80a-4e3f9d5d.cqa1.seetacloud.com:8443
DEBUG 08-14 23:17:54 replica.py:171] complete_request_decode:num_saved_toekens=0
DEBUG 08-14 23:17:54 open_ai.py:452] good request:127.0.0.1:8000:good,request._id=479,input=560,output=13
DEBUG 08-14 23:17:54 replica.py:171] complete_request_decode:num_saved_toekens=112
DEBUG 08-14 23:17:54 open_ai.py:452] good request:https://u722127-b80a-4e3f9d5d.cqa1.seetacloud.com:8443:good,request._id=441,input=1949,output=109
DEBUG 08-14 23:17:54 open_ai.py:335] async_send_request: request finish prefill, 480
INFO 08-14 23:17:54 open_ai.py:352] async_send_request: prefill completed: req=480,replica_id=2
DEBUG 08-14 23:17:54 replica.py:146] complete_request_prefill: replica_id=[2], request=480, current_budget=231,last_prefill_completed_at=30614682.62487595,last_ttft=18.0228
DEBUG 08-14 23:17:54 replica.py:153] complete_request_prefill - replica_id=[2], request=480,self.replica_slo_budget-sum_pending_tokens==current_budget:True,1048576-4291==1044285
DEBUG 08-14 23:17:54 metrics_store.py:131] update_metrics:request_id=458
DEBUG 08-14 23:17:54 metrics_store.py:131] update_metrics:request_id=42
DEBUG 08-14 23:17:54 shared.py:180] Removed task for request 458 on https://u722127-8cb5-f6dc13db.nmb1.seetacloud.com:8443
DEBUG 08-14 23:17:54 open_ai.py:335] async_send_request: request finish prefill, 482
INFO 08-14 23:17:54 open_ai.py:352] async_send_request: prefill completed: req=482,replica_id=4
DEBUG 08-14 23:17:54 replica.py:146] complete_request_prefill: replica_id=[4], request=482, current_budget=795,last_prefill_completed_at=30614682.653190307,last_ttft=18.0376
DEBUG 08-14 23:17:54 replica.py:153] complete_request_prefill - replica_id=[4], request=482,self.replica_slo_budget-sum_pending_tokens==current_budget:True,1048576-5703==1042873
DEBUG 08-14 23:17:54 replica.py:171] complete_request_decode:num_saved_toekens=624
DEBUG 08-14 23:17:54 open_ai.py:452] good request:https://uu722127-b80a-4e3f9d5d.cqa1.seetacloud.com:8443:good,request._id=335,input=146,output=635
DEBUG 08-14 23:17:54 metrics_store.py:131] update_metrics:request_id=324
DEBUG 08-14 23:17:54 metrics_store.py:131] update_metrics:request_id=479
DEBUG 08-14 23:17:54 shared.py:180] Removed task for request 42 on https://u722127-b80a-4e3f9d5d.cqa1.seetacloud.com:8443
DEBUG 08-14 23:17:54 open_ai.py:335] async_send_request: request finish prefill, 486
INFO 08-14 23:17:54 open_ai.py:352] async_send_request: prefill completed: req=486,replica_id=2
DEBUG 08-14 23:17:54 replica.py:146] complete_request_prefill: replica_id=[2], request=486, current_budget=188,last_prefill_completed_at=30614682.68995437,last_ttft=18.0307
DEBUG 08-14 23:17:54 replica.py:153] complete_request_prefill - replica_id=[2], request=486,self.replica_slo_budget-sum_pending_tokens==current_budget:True,1048576-4103==1044473
DEBUG 08-14 23:17:54 metrics_store.py:131] update_metrics:request_id=441
DEBUG 08-14 23:17:54 shared.py:180] Removed task for request 324 on https://u722127-8cb5-f6dc13db.nmb1.seetacloud.com:8443
DEBUG 08-14 23:17:54 metrics_store.py:131] update_metrics:request_id=335
DEBUG 08-14 23:17:54 shared.py:180] Removed task for request 479 on 127.0.0.1:8000
DEBUG 08-14 23:17:54 shared.py:180] Removed task for request 441 on https://u722127-b80a-4e3f9d5d.cqa1.seetacloud.com:8443
DEBUG 08-14 23:17:54 open_ai.py:335] async_send_request: request finish prefill, 485
INFO 08-14 23:17:54 open_ai.py:352] async_send_request: prefill completed: req=485,replica_id=4
DEBUG 08-14 23:17:54 replica.py:146] complete_request_prefill: replica_id=[4], request=485, current_budget=886,last_prefill_completed_at=30614682.77985645,last_ttft=18.1314
DEBUG 08-14 23:17:54 replica.py:153] complete_request_prefill - replica_id=[4], request=485,self.replica_slo_budget-sum_pending_tokens==current_budget:True,1048576-4817==1043759
DEBUG 08-14 23:17:54 shared.py:180] Removed task for request 335 on https://uu722127-b80a-4e3f9d5d.cqa1.seetacloud.com:8443
DEBUG 08-14 23:17:54 open_ai.py:335] async_send_request: request finish prefill, 488
INFO 08-14 23:17:54 open_ai.py:352] async_send_request: prefill completed: req=488,replica_id=4
DEBUG 08-14 23:17:54 replica.py:146] complete_request_prefill: replica_id=[4], request=488, current_budget=836,last_prefill_completed_at=30614682.810864255,last_ttft=18.1224
DEBUG 08-14 23:17:54 replica.py:153] complete_request_prefill - replica_id=[4], request=488,self.replica_slo_budget-sum_pending_tokens==current_budget:True,1048576-3981==1044595
DEBUG 08-14 23:17:54 open_ai.py:335] async_send_request: request finish prefill, 484
INFO 08-14 23:17:54 open_ai.py:352] async_send_request: prefill completed: req=484,replica_id=4
DEBUG 08-14 23:17:54 replica.py:146] complete_request_prefill: replica_id=[4], request=484, current_budget=855,last_prefill_completed_at=30614682.8208367,last_ttft=18.1745
DEBUG 08-14 23:17:54 replica.py:153] complete_request_prefill - replica_id=[4], request=484,self.replica_slo_budget-sum_pending_tokens==current_budget:True,1048576-3126==1045450
DEBUG 08-14 23:17:54 open_ai.py:335] async_send_request: request finish prefill, 497
INFO 08-14 23:17:54 open_ai.py:352] async_send_request: prefill completed: req=497,replica_id=0
DEBUG 08-14 23:17:54 replica.py:146] complete_request_prefill: replica_id=[0], request=497, current_budget=1140,last_prefill_completed_at=30614682.83454449,last_ttft=18.0442
DEBUG 08-14 23:17:54 replica.py:153] complete_request_prefill - replica_id=[0], request=497,self.replica_slo_budget-sum_pending_tokens==current_budget:True,1048576-3155==1045421
DEBUG 08-14 23:17:54 open_ai.py:335] async_send_request: request finish prefill, 483
INFO 08-14 23:17:54 open_ai.py:352] async_send_request: prefill completed: req=483,replica_id=3
DEBUG 08-14 23:17:54 replica.py:146] complete_request_prefill: replica_id=[3], request=483, current_budget=606,last_prefill_completed_at=30614682.871013593,last_ttft=18.241
DEBUG 08-14 23:17:54 replica.py:153] complete_request_prefill - replica_id=[3], request=483,self.replica_slo_budget-sum_pending_tokens==current_budget:True,1048576-8185==1040391
DEBUG 08-14 23:17:54 open_ai.py:335] async_send_request: request finish prefill, 489
INFO 08-14 23:17:54 open_ai.py:352] async_send_request: prefill completed: req=489,replica_id=4
DEBUG 08-14 23:17:54 replica.py:146] complete_request_prefill: replica_id=[4], request=489, current_budget=3126,last_prefill_completed_at=30614682.8922605,last_ttft=18.1973
DEBUG 08-14 23:17:54 replica.py:153] complete_request_prefill - replica_id=[4], request=489,self.replica_slo_budget-sum_pending_tokens==current_budget:True,1048576-0==1048576
DEBUG 08-14 23:17:54 open_ai.py:335] async_send_request: request finish prefill, 481
INFO 08-14 23:17:54 open_ai.py:352] async_send_request: prefill completed: req=481,replica_id=3
DEBUG 08-14 23:17:54 replica.py:146] complete_request_prefill: replica_id=[3], request=481, current_budget=1476,last_prefill_completed_at=30614682.90379305,last_ttft=18.297
DEBUG 08-14 23:17:54 replica.py:153] complete_request_prefill - replica_id=[3], request=481,self.replica_slo_budget-sum_pending_tokens==current_budget:True,1048576-6709==1041867
DEBUG 08-14 23:17:54 replica.py:171] complete_request_decode:num_saved_toekens=80
DEBUG 08-14 23:17:54 open_ai.py:335] async_send_request: request finish prefill, 493
INFO 08-14 23:17:54 open_ai.py:352] async_send_request: prefill completed: req=493,replica_id=0
DEBUG 08-14 23:17:54 replica.py:146] complete_request_prefill: replica_id=[0], request=493, current_budget=1554,last_prefill_completed_at=30614682.93843699,last_ttft=18.215
DEBUG 08-14 23:17:54 replica.py:153] complete_request_prefill - replica_id=[0], request=493,self.replica_slo_budget-sum_pending_tokens==current_budget:True,1048576-1601==1046975
DEBUG 08-14 23:17:54 open_ai.py:335] async_send_request: request finish prefill, 498
INFO 08-14 23:17:54 open_ai.py:352] async_send_request: prefill completed: req=498,replica_id=0
DEBUG 08-14 23:17:54 replica.py:146] complete_request_prefill: replica_id=[0], request=498, current_budget=707,last_prefill_completed_at=30614682.949547056,last_ttft=18.1553
DEBUG 08-14 23:17:54 replica.py:153] complete_request_prefill - replica_id=[0], request=498,self.replica_slo_budget-sum_pending_tokens==current_budget:True,1048576-894==1047682
DEBUG 08-14 23:17:54 open_ai.py:335] async_send_request: request finish prefill, 491
INFO 08-14 23:17:54 open_ai.py:352] async_send_request: prefill completed: req=491,replica_id=0
DEBUG 08-14 23:17:54 replica.py:146] complete_request_prefill: replica_id=[0], request=491, current_budget=894,last_prefill_completed_at=30614682.95983218,last_ttft=18.2505
DEBUG 08-14 23:17:54 replica.py:153] complete_request_prefill - replica_id=[0], request=491,self.replica_slo_budget-sum_pending_tokens==current_budget:True,1048576-0==1048576
DEBUG 08-14 23:17:54 open_ai.py:335] async_send_request: request finish prefill, 490
INFO 08-14 23:17:54 open_ai.py:352] async_send_request: prefill completed: req=490,replica_id=3
DEBUG 08-14 23:17:54 replica.py:146] complete_request_prefill: replica_id=[3], request=490, current_budget=1809,last_prefill_completed_at=30614682.979589004,last_ttft=18.2845
DEBUG 08-14 23:17:54 replica.py:153] complete_request_prefill - replica_id=[3], request=490,self.replica_slo_budget-sum_pending_tokens==current_budget:True,1048576-4900==1043676
DEBUG 08-14 23:17:54 open_ai.py:452] good request:127.0.0.1:8001:good,request._id=450,input=1332,output=84
DEBUG 08-14 23:17:54 metrics_store.py:131] update_metrics:request_id=450
DEBUG 08-14 23:17:54 shared.py:180] Removed task for request 450 on 127.0.0.1:8001
DEBUG 08-14 23:17:54 open_ai.py:335] async_send_request: request finish prefill, 495
INFO 08-14 23:17:54 open_ai.py:352] async_send_request: prefill completed: req=495,replica_id=2
DEBUG 08-14 23:17:54 replica.py:146] complete_request_prefill: replica_id=[2], request=495, current_budget=4103,last_prefill_completed_at=30614683.08127152,last_ttft=18.3098
DEBUG 08-14 23:17:54 replica.py:153] complete_request_prefill - replica_id=[2], request=495,self.replica_slo_budget-sum_pending_tokens==current_budget:True,1048576-0==1048576
DEBUG 08-14 23:17:54 open_ai.py:335] async_send_request: request finish prefill, 492
INFO 08-14 23:17:54 open_ai.py:352] async_send_request: prefill completed: req=492,replica_id=3
DEBUG 08-14 23:17:54 replica.py:146] complete_request_prefill: replica_id=[3], request=492, current_budget=1807,last_prefill_completed_at=30614683.093721945,last_ttft=18.3731
DEBUG 08-14 23:17:54 replica.py:153] complete_request_prefill - replica_id=[3], request=492,self.replica_slo_budget-sum_pending_tokens==current_budget:True,1048576-3093==1045483
DEBUG 08-14 23:17:54 replica.py:171] complete_request_decode:num_saved_toekens=416
DEBUG 08-14 23:17:54 open_ai.py:452] good request:127.0.0.1:8001:good,request._id=371,input=619,output=414
DEBUG 08-14 23:17:54 metrics_store.py:131] update_metrics:request_id=371
DEBUG 08-14 23:17:54 replica.py:171] complete_request_decode:num_saved_toekens=64
DEBUG 08-14 23:17:54 open_ai.py:452] good request:127.0.0.1:8001:good,request._id=464,input=775,output=70
DEBUG 08-14 23:17:54 metrics_store.py:131] update_metrics:request_id=464
DEBUG 08-14 23:17:54 shared.py:180] Removed task for request 371 on 127.0.0.1:8001
DEBUG 08-14 23:17:54 shared.py:180] Removed task for request 464 on 127.0.0.1:8001
DEBUG 08-14 23:17:54 replica.py:171] complete_request_decode:num_saved_toekens=16
DEBUG 08-14 23:17:54 open_ai.py:452] good request:127.0.0.1:8000:good,request._id=497,input=1140,output=13
DEBUG 08-14 23:17:54 metrics_store.py:131] update_metrics:request_id=497
DEBUG 08-14 23:17:55 shared.py:180] Removed task for request 497 on 127.0.0.1:8000
DEBUG 08-14 23:17:55 replica.py:171] complete_request_decode:num_saved_toekens=16
DEBUG 08-14 23:17:55 open_ai.py:452] good request:127.0.0.1:8000:good,request._id=491,input=894,output=13
DEBUG 08-14 23:17:55 metrics_store.py:131] update_metrics:request_id=491
DEBUG 08-14 23:17:55 replica.py:171] complete_request_decode:num_saved_toekens=16
DEBUG 08-14 23:17:55 open_ai.py:452] good request:https://u722127-8cb5-f6dc13db.nmb1.seetacloud.com:8443:good,request._id=489,input=3126,output=13
DEBUG 08-14 23:17:55 metrics_store.py:131] update_metrics:request_id=489
DEBUG 08-14 23:17:55 shared.py:180] Removed task for request 491 on 127.0.0.1:8000
DEBUG 08-14 23:17:55 shared.py:180] Removed task for request 489 on https://u722127-8cb5-f6dc13db.nmb1.seetacloud.com:8443
DEBUG 08-14 23:17:55 replica.py:171] complete_request_decode:num_saved_toekens=528
DEBUG 08-14 23:17:55 open_ai.py:452] good request:https://uu722127-b80a-4e3f9d5d.cqa1.seetacloud.com:8443:good,request._id=375,input=152,output=535
DEBUG 08-14 23:17:55 metrics_store.py:131] update_metrics:request_id=375
DEBUG 08-14 23:17:55 open_ai.py:335] async_send_request: request finish prefill, 499
INFO 08-14 23:17:55 open_ai.py:352] async_send_request: prefill completed: req=499,replica_id=3
DEBUG 08-14 23:17:55 replica.py:146] complete_request_prefill: replica_id=[3], request=499, current_budget=3093,last_prefill_completed_at=30614683.198935423,last_ttft=18.4033
DEBUG 08-14 23:17:55 replica.py:153] complete_request_prefill - replica_id=[3], request=499,self.replica_slo_budget-sum_pending_tokens==current_budget:True,1048576-0==1048576
DEBUG 08-14 23:17:55 shared.py:180] Removed task for request 375 on https://uu722127-b80a-4e3f9d5d.cqa1.seetacloud.com:8443
DEBUG 08-14 23:17:55 replica.py:171] complete_request_decode:num_saved_toekens=80
DEBUG 08-14 23:17:55 open_ai.py:452] good request:127.0.0.1:8001:good,request._id=462,input=877,output=75
DEBUG 08-14 23:17:55 metrics_store.py:131] update_metrics:request_id=462
DEBUG 08-14 23:17:55 replica.py:171] complete_request_decode:num_saved_toekens=112
DEBUG 08-14 23:17:55 open_ai.py:452] good request:https://uu722127-b80a-4e3f9d5d.cqa1.seetacloud.com:8443:good,request._id=437,input=1415,output=107
DEBUG 08-14 23:17:55 metrics_store.py:131] update_metrics:request_id=437
DEBUG 08-14 23:17:55 shared.py:180] Removed task for request 462 on 127.0.0.1:8001
DEBUG 08-14 23:17:55 shared.py:180] Removed task for request 437 on https://uu722127-b80a-4e3f9d5d.cqa1.seetacloud.com:8443
DEBUG 08-14 23:17:55 replica.py:171] complete_request_decode:num_saved_toekens=16
DEBUG 08-14 23:17:55 open_ai.py:452] good request:https://u722127-b80a-4e3f9d5d.cqa1.seetacloud.com:8443:good,request._id=495,input=4103,output=13
DEBUG 08-14 23:17:55 metrics_store.py:131] update_metrics:request_id=495
DEBUG 08-14 23:17:55 shared.py:180] Removed task for request 495 on https://u722127-b80a-4e3f9d5d.cqa1.seetacloud.com:8443
DEBUG 08-14 23:17:55 replica.py:171] complete_request_decode:num_saved_toekens=368
DEBUG 08-14 23:17:55 open_ai.py:452] good request:https://u722127-8cb5-f6dc13db.nmb1.seetacloud.com:8443:good,request._id=334,input=154,output=363
DEBUG 08-14 23:17:55 metrics_store.py:131] update_metrics:request_id=334
DEBUG 08-14 23:17:55 shared.py:180] Removed task for request 334 on https://u722127-8cb5-f6dc13db.nmb1.seetacloud.com:8443
DEBUG 08-14 23:17:55 replica.py:171] complete_request_decode:num_saved_toekens=64
DEBUG 08-14 23:17:55 open_ai.py:452] good request:https://uu722127-b80a-4e3f9d5d.cqa1.seetacloud.com:8443:good,request._id=468,input=5396,output=71
DEBUG 08-14 23:17:55 metrics_store.py:131] update_metrics:request_id=468
DEBUG 08-14 23:17:55 shared.py:180] Removed task for request 468 on https://uu722127-b80a-4e3f9d5d.cqa1.seetacloud.com:8443
DEBUG 08-14 23:17:55 replica.py:171] complete_request_decode:num_saved_toekens=672
DEBUG 08-14 23:17:55 open_ai.py:452] good request:https://uu722127-b80a-4e3f9d5d.cqa1.seetacloud.com:8443:good,request._id=332,input=164,output=668
DEBUG 08-14 23:17:55 metrics_store.py:131] update_metrics:request_id=332
DEBUG 08-14 23:17:55 shared.py:180] Removed task for request 332 on https://uu722127-b80a-4e3f9d5d.cqa1.seetacloud.com:8443
DEBUG 08-14 23:17:55 replica.py:171] complete_request_decode:num_saved_toekens=720
DEBUG 08-14 23:17:55 open_ai.py:452] good request:https://u722127-b80a-4e3f9d5d.cqa1.seetacloud.com:8443:good,request._id=303,input=150,output=719
DEBUG 08-14 23:17:55 metrics_store.py:131] update_metrics:request_id=303
DEBUG 08-14 23:17:55 shared.py:180] Removed task for request 303 on https://u722127-b80a-4e3f9d5d.cqa1.seetacloud.com:8443
DEBUG 08-14 23:17:55 replica.py:171] complete_request_decode:num_saved_toekens=752
DEBUG 08-14 23:17:55 open_ai.py:452] good request:https://u722127-b80a-4e3f9d5d.cqa1.seetacloud.com:8443:good,request._id=187,input=144,output=764
DEBUG 08-14 23:17:55 metrics_store.py:131] update_metrics:request_id=187
DEBUG 08-14 23:17:55 shared.py:180] Removed task for request 187 on https://u722127-b80a-4e3f9d5d.cqa1.seetacloud.com:8443
DEBUG 08-14 23:17:55 replica.py:171] complete_request_decode:num_saved_toekens=112
DEBUG 08-14 23:17:55 open_ai.py:452] good request:https://u722127-8cb5-f6dc13db.nmb1.seetacloud.com:8443:good,request._id=449,input=2463,output=105
DEBUG 08-14 23:17:55 metrics_store.py:131] update_metrics:request_id=449
DEBUG 08-14 23:17:55 shared.py:180] Removed task for request 449 on https://u722127-8cb5-f6dc13db.nmb1.seetacloud.com:8443
DEBUG 08-14 23:17:55 replica.py:171] complete_request_decode:num_saved_toekens=112
DEBUG 08-14 23:17:55 open_ai.py:452] good request:https://u722127-b80a-4e3f9d5d.cqa1.seetacloud.com:8443:good,request._id=451,input=933,output=117
DEBUG 08-14 23:17:55 metrics_store.py:131] update_metrics:request_id=451
DEBUG 08-14 23:17:55 replica.py:171] complete_request_decode:num_saved_toekens=592
DEBUG 08-14 23:17:55 open_ai.py:452] good request:https://uu722127-b80a-4e3f9d5d.cqa1.seetacloud.com:8443:good,request._id=361,input=152,output=586
DEBUG 08-14 23:17:55 metrics_store.py:131] update_metrics:request_id=361
DEBUG 08-14 23:17:55 shared.py:180] Removed task for request 451 on https://u722127-b80a-4e3f9d5d.cqa1.seetacloud.com:8443
DEBUG 08-14 23:17:55 shared.py:180] Removed task for request 361 on https://uu722127-b80a-4e3f9d5d.cqa1.seetacloud.com:8443
DEBUG 08-14 23:17:55 replica.py:171] complete_request_decode:num_saved_toekens=48
DEBUG 08-14 23:17:55 open_ai.py:452] good request:https://u722127-8cb5-f6dc13db.nmb1.seetacloud.com:8443:good,request._id=488,input=836,output=44
DEBUG 08-14 23:17:55 metrics_store.py:131] update_metrics:request_id=488
DEBUG 08-14 23:17:55 shared.py:180] Removed task for request 488 on https://u722127-8cb5-f6dc13db.nmb1.seetacloud.com:8443
DEBUG 08-14 23:17:55 replica.py:171] complete_request_decode:num_saved_toekens=128
DEBUG 08-14 23:17:55 open_ai.py:452] good request:https://u722127-b80a-4e3f9d5d.cqa1.seetacloud.com:8443:good,request._id=466,input=1537,output=132
DEBUG 08-14 23:17:55 metrics_store.py:131] update_metrics:request_id=466
DEBUG 08-14 23:17:55 shared.py:180] Removed task for request 466 on https://u722127-b80a-4e3f9d5d.cqa1.seetacloud.com:8443
DEBUG 08-14 23:17:55 replica.py:171] complete_request_decode:num_saved_toekens=64
DEBUG 08-14 23:17:55 open_ai.py:452] good request:https://uu722127-b80a-4e3f9d5d.cqa1.seetacloud.com:8443:good,request._id=492,input=1807,output=59
DEBUG 08-14 23:17:55 metrics_store.py:131] update_metrics:request_id=492
DEBUG 08-14 23:17:55 replica.py:171] complete_request_decode:num_saved_toekens=96
DEBUG 08-14 23:17:55 open_ai.py:452] good request:https://u722127-8cb5-f6dc13db.nmb1.seetacloud.com:8443:good,request._id=467,input=1439,output=84
DEBUG 08-14 23:17:55 metrics_store.py:131] update_metrics:request_id=467
DEBUG 08-14 23:17:56 shared.py:180] Removed task for request 492 on https://uu722127-b80a-4e3f9d5d.cqa1.seetacloud.com:8443
DEBUG 08-14 23:17:56 shared.py:180] Removed task for request 467 on https://u722127-8cb5-f6dc13db.nmb1.seetacloud.com:8443
DEBUG 08-14 23:17:56 replica.py:171] complete_request_decode:num_saved_toekens=64
DEBUG 08-14 23:17:56 open_ai.py:452] good request:127.0.0.1:8000:good,request._id=498,input=707,output=62
DEBUG 08-14 23:17:56 metrics_store.py:131] update_metrics:request_id=498
DEBUG 08-14 23:17:56 shared.py:180] Removed task for request 498 on 127.0.0.1:8000
DEBUG 08-14 23:17:56 replica.py:171] complete_request_decode:num_saved_toekens=592
DEBUG 08-14 23:17:56 open_ai.py:452] good request:127.0.0.1:8000:good,request._id=93,input=158,output=593
DEBUG 08-14 23:17:56 metrics_store.py:131] update_metrics:request_id=93
DEBUG 08-14 23:17:56 shared.py:180] Removed task for request 93 on 127.0.0.1:8000
DEBUG 08-14 23:17:56 replica.py:171] complete_request_decode:num_saved_toekens=896
DEBUG 08-14 23:17:56 open_ai.py:452] good request:127.0.0.1:8001:good,request._id=194,input=154,output=896
DEBUG 08-14 23:17:56 metrics_store.py:131] update_metrics:request_id=194
DEBUG 08-14 23:17:56 shared.py:180] Removed task for request 194 on 127.0.0.1:8001
DEBUG 08-14 23:17:56 replica.py:171] complete_request_decode:num_saved_toekens=64
DEBUG 08-14 23:17:56 open_ai.py:452] good request:https://u722127-8cb5-f6dc13db.nmb1.seetacloud.com:8443:good,request._id=485,input=886,output=60
DEBUG 08-14 23:17:56 metrics_store.py:131] update_metrics:request_id=485
DEBUG 08-14 23:17:56 shared.py:180] Removed task for request 485 on https://u722127-8cb5-f6dc13db.nmb1.seetacloud.com:8443
DEBUG 08-14 23:17:56 replica.py:171] complete_request_decode:num_saved_toekens=80
DEBUG 08-14 23:17:56 open_ai.py:452] good request:https://uu722127-b80a-4e3f9d5d.cqa1.seetacloud.com:8443:good,request._id=490,input=1809,output=89
DEBUG 08-14 23:17:56 metrics_store.py:131] update_metrics:request_id=490
DEBUG 08-14 23:17:56 shared.py:180] Removed task for request 490 on https://uu722127-b80a-4e3f9d5d.cqa1.seetacloud.com:8443
DEBUG 08-14 23:17:56 replica.py:171] complete_request_decode:num_saved_toekens=96
DEBUG 08-14 23:17:56 replica.py:171] complete_request_decode:num_saved_toekens=480
DEBUG 08-14 23:17:56 open_ai.py:452] good request:127.0.0.1:8000:good,request._id=364,input=168,output=472
DEBUG 08-14 23:17:56 open_ai.py:452] good request:127.0.0.1:8000:good,request._id=470,input=678,output=100
DEBUG 08-14 23:17:56 metrics_store.py:131] update_metrics:request_id=364
DEBUG 08-14 23:17:56 metrics_store.py:131] update_metrics:request_id=470
DEBUG 08-14 23:17:56 shared.py:180] Removed task for request 364 on 127.0.0.1:8000
DEBUG 08-14 23:17:56 shared.py:180] Removed task for request 470 on 127.0.0.1:8000
DEBUG 08-14 23:17:56 replica.py:171] complete_request_decode:num_saved_toekens=608
DEBUG 08-14 23:17:56 open_ai.py:452] good request:127.0.0.1:8000:good,request._id=138,input=146,output=609
DEBUG 08-14 23:17:56 metrics_store.py:131] update_metrics:request_id=138
DEBUG 08-14 23:17:56 replica.py:171] complete_request_decode:num_saved_toekens=64
DEBUG 08-14 23:17:56 open_ai.py:452] good request:https://u722127-8cb5-f6dc13db.nmb1.seetacloud.com:8443:good,request._id=484,input=855,output=67
DEBUG 08-14 23:17:56 metrics_store.py:131] update_metrics:request_id=484
DEBUG 08-14 23:17:56 replica.py:171] complete_request_decode:num_saved_toekens=528
DEBUG 08-14 23:17:56 open_ai.py:452] good request:127.0.0.1:8001:good,request._id=352,input=147,output=531
DEBUG 08-14 23:17:56 metrics_store.py:131] update_metrics:request_id=352
DEBUG 08-14 23:17:56 shared.py:180] Removed task for request 138 on 127.0.0.1:8000
DEBUG 08-14 23:17:56 shared.py:180] Removed task for request 484 on https://u722127-8cb5-f6dc13db.nmb1.seetacloud.com:8443
DEBUG 08-14 23:17:56 shared.py:180] Removed task for request 352 on 127.0.0.1:8001
DEBUG 08-14 23:17:56 replica.py:171] complete_request_decode:num_saved_toekens=80
DEBUG 08-14 23:17:56 open_ai.py:452] good request:127.0.0.1:8000:good,request._id=493,input=1554,output=86
DEBUG 08-14 23:17:56 metrics_store.py:131] update_metrics:request_id=493
DEBUG 08-14 23:17:56 shared.py:180] Removed task for request 493 on 127.0.0.1:8000
DEBUG 08-14 23:17:56 replica.py:171] complete_request_decode:num_saved_toekens=768
DEBUG 08-14 23:17:56 open_ai.py:452] good request:https://u722127-b80a-4e3f9d5d.cqa1.seetacloud.com:8443:good,request._id=333,input=154,output=762
DEBUG 08-14 23:17:56 metrics_store.py:131] update_metrics:request_id=333
DEBUG 08-14 23:17:56 shared.py:180] Removed task for request 333 on https://u722127-b80a-4e3f9d5d.cqa1.seetacloud.com:8443
DEBUG 08-14 23:17:56 replica.py:171] complete_request_decode:num_saved_toekens=80
DEBUG 08-14 23:17:56 open_ai.py:452] good request:https://u722127-8cb5-f6dc13db.nmb1.seetacloud.com:8443:good,request._id=482,input=795,output=73
DEBUG 08-14 23:17:56 metrics_store.py:131] update_metrics:request_id=482
DEBUG 08-14 23:17:56 shared.py:180] Removed task for request 482 on https://u722127-8cb5-f6dc13db.nmb1.seetacloud.com:8443
DEBUG 08-14 23:17:56 replica.py:171] complete_request_decode:num_saved_toekens=112
DEBUG 08-14 23:17:56 open_ai.py:452] good request:https://uu722127-b80a-4e3f9d5d.cqa1.seetacloud.com:8443:good,request._id=481,input=1476,output=109
DEBUG 08-14 23:17:56 metrics_store.py:131] update_metrics:request_id=481
DEBUG 08-14 23:17:56 shared.py:180] Removed task for request 481 on https://uu722127-b80a-4e3f9d5d.cqa1.seetacloud.com:8443
DEBUG 08-14 23:17:56 replica.py:171] complete_request_decode:num_saved_toekens=96
DEBUG 08-14 23:17:56 open_ai.py:452] good request:https://uu722127-b80a-4e3f9d5d.cqa1.seetacloud.com:8443:good,request._id=499,input=3093,output=101
DEBUG 08-14 23:17:56 metrics_store.py:131] update_metrics:request_id=499
DEBUG 08-14 23:17:56 replica.py:171] complete_request_decode:num_saved_toekens=832
DEBUG 08-14 23:17:56 open_ai.py:452] good request:https://u722127-b80a-4e3f9d5d.cqa1.seetacloud.com:8443:good,request._id=294,input=182,output=831
DEBUG 08-14 23:17:56 metrics_store.py:131] update_metrics:request_id=294
DEBUG 08-14 23:17:56 shared.py:180] Removed task for request 499 on https://uu722127-b80a-4e3f9d5d.cqa1.seetacloud.com:8443
DEBUG 08-14 23:17:56 shared.py:180] Removed task for request 294 on https://u722127-b80a-4e3f9d5d.cqa1.seetacloud.com:8443
DEBUG 08-14 23:17:56 replica.py:171] complete_request_decode:num_saved_toekens=512
DEBUG 08-14 23:17:56 open_ai.py:452] good request:127.0.0.1:8001:good,request._id=372,input=172,output=505
DEBUG 08-14 23:17:56 metrics_store.py:131] update_metrics:request_id=372
DEBUG 08-14 23:17:56 shared.py:180] Removed task for request 372 on 127.0.0.1:8001
DEBUG 08-14 23:17:56 replica.py:171] complete_request_decode:num_saved_toekens=816
DEBUG 08-14 23:17:56 open_ai.py:452] good request:https://uu722127-b80a-4e3f9d5d.cqa1.seetacloud.com:8443:good,request._id=302,input=148,output=814
DEBUG 08-14 23:17:56 metrics_store.py:131] update_metrics:request_id=302
DEBUG 08-14 23:17:56 shared.py:180] Removed task for request 302 on https://uu722127-b80a-4e3f9d5d.cqa1.seetacloud.com:8443
DEBUG 08-14 23:17:56 replica.py:171] complete_request_decode:num_saved_toekens=112
DEBUG 08-14 23:17:56 open_ai.py:452] good request:127.0.0.1:8000:good,request._id=478,input=2018,output=121
DEBUG 08-14 23:17:56 metrics_store.py:131] update_metrics:request_id=478
DEBUG 08-14 23:17:56 shared.py:180] Removed task for request 478 on 127.0.0.1:8000
DEBUG 08-14 23:17:56 replica.py:171] complete_request_decode:num_saved_toekens=864
DEBUG 08-14 23:17:56 open_ai.py:452] good request:https://uu722127-b80a-4e3f9d5d.cqa1.seetacloud.com:8443:good,request._id=245,input=142,output=853
DEBUG 08-14 23:17:56 metrics_store.py:131] update_metrics:request_id=245
DEBUG 08-14 23:17:56 shared.py:180] Removed task for request 245 on https://uu722127-b80a-4e3f9d5d.cqa1.seetacloud.com:8443
DEBUG 08-14 23:17:57 replica.py:171] complete_request_decode:num_saved_toekens=208
DEBUG 08-14 23:17:57 open_ai.py:452] good request:https://u722127-b80a-4e3f9d5d.cqa1.seetacloud.com:8443:good,request._id=453,input=160,output=215
DEBUG 08-14 23:17:57 metrics_store.py:131] update_metrics:request_id=453
DEBUG 08-14 23:17:57 replica.py:171] complete_request_decode:num_saved_toekens=480
DEBUG 08-14 23:17:57 shared.py:180] Removed task for request 453 on https://u722127-b80a-4e3f9d5d.cqa1.seetacloud.com:8443
DEBUG 08-14 23:17:57 replica.py:171] complete_request_decode:num_saved_toekens=1024
DEBUG 08-14 23:17:57 open_ai.py:452] good request:https://u722127-b80a-4e3f9d5d.cqa1.seetacloud.com:8443:good,request._id=247,input=188,output=1024
DEBUG 08-14 23:17:57 replica.py:171] complete_request_decode:num_saved_toekens=928
DEBUG 08-14 23:17:57 open_ai.py:452] good request:127.0.0.1:8000:good,request._id=186,input=148,output=928
DEBUG 08-14 23:17:57 replica.py:171] complete_request_decode:num_saved_toekens=208
DEBUG 08-14 23:17:57 open_ai.py:452] good request:127.0.0.1:8001:good,request._id=380,input=148,output=486
DEBUG 08-14 23:17:57 metrics_store.py:131] update_metrics:request_id=247
DEBUG 08-14 23:17:57 metrics_store.py:131] update_metrics:request_id=186
DEBUG 08-14 23:17:57 shared.py:180] Removed task for request 247 on https://u722127-b80a-4e3f9d5d.cqa1.seetacloud.com:8443
DEBUG 08-14 23:17:57 shared.py:180] Removed task for request 186 on 127.0.0.1:8000
DEBUG 08-14 23:17:57 replica.py:171] complete_request_decode:num_saved_toekens=144
DEBUG 08-14 23:17:57 open_ai.py:452] good request:127.0.0.1:8000:good,request._id=474,input=2941,output=137
DEBUG 08-14 23:17:57 open_ai.py:452] good request:https://uu722127-b80a-4e3f9d5d.cqa1.seetacloud.com:8443:good,request._id=460,input=363,output=200
DEBUG 08-14 23:17:57 metrics_store.py:131] update_metrics:request_id=380
DEBUG 08-14 23:17:57 metrics_store.py:131] update_metrics:request_id=474
DEBUG 08-14 23:17:57 metrics_store.py:131] update_metrics:request_id=460
DEBUG 08-14 23:17:57 shared.py:180] Removed task for request 380 on 127.0.0.1:8001
DEBUG 08-14 23:17:57 shared.py:180] Removed task for request 474 on 127.0.0.1:8000
DEBUG 08-14 23:17:57 shared.py:180] Removed task for request 460 on https://uu722127-b80a-4e3f9d5d.cqa1.seetacloud.com:8443
DEBUG 08-14 23:17:57 replica.py:171] complete_request_decode:num_saved_toekens=272
DEBUG 08-14 23:17:57 open_ai.py:452] good request:https://uu722127-b80a-4e3f9d5d.cqa1.seetacloud.com:8443:good,request._id=301,input=146,output=279
DEBUG 08-14 23:17:57 metrics_store.py:131] update_metrics:request_id=301
DEBUG 08-14 23:17:57 shared.py:180] Removed task for request 301 on https://uu722127-b80a-4e3f9d5d.cqa1.seetacloud.com:8443
DEBUG 08-14 23:17:57 replica.py:171] complete_request_decode:num_saved_toekens=336
DEBUG 08-14 23:17:57 open_ai.py:452] good request:127.0.0.1:8001:good,request._id=426,input=152,output=336
DEBUG 08-14 23:17:57 metrics_store.py:131] update_metrics:request_id=426
DEBUG 08-14 23:17:57 shared.py:180] Removed task for request 426 on 127.0.0.1:8001
DEBUG 08-14 23:17:57 replica.py:171] complete_request_decode:num_saved_toekens=288
DEBUG 08-14 23:17:57 open_ai.py:452] good request:https://u722127-b80a-4e3f9d5d.cqa1.seetacloud.com:8443:good,request._id=329,input=178,output=298
DEBUG 08-14 23:17:57 metrics_store.py:131] update_metrics:request_id=329
DEBUG 08-14 23:17:57 shared.py:180] Removed task for request 329 on https://u722127-b80a-4e3f9d5d.cqa1.seetacloud.com:8443
DEBUG 08-14 23:17:57 replica.py:171] complete_request_decode:num_saved_toekens=864
DEBUG 08-14 23:17:57 replica.py:171] complete_request_decode:num_saved_toekens=880
DEBUG 08-14 23:17:57 open_ai.py:452] good request:https://uu722127-b80a-4e3f9d5d.cqa1.seetacloud.com:8443:good,request._id=236,input=150,output=888
DEBUG 08-14 23:17:57 replica.py:171] complete_request_decode:num_saved_toekens=640
DEBUG 08-14 23:17:57 open_ai.py:452] good request:127.0.0.1:8001:good,request._id=326,input=152,output=643
DEBUG 08-14 23:17:57 open_ai.py:452] good request:https://uu722127-b80a-4e3f9d5d.cqa1.seetacloud.com:8443:good,request._id=290,input=160,output=868
DEBUG 08-14 23:17:57 metrics_store.py:131] update_metrics:request_id=236
DEBUG 08-14 23:17:57 metrics_store.py:131] update_metrics:request_id=326
DEBUG 08-14 23:17:57 metrics_store.py:131] update_metrics:request_id=290
DEBUG 08-14 23:17:57 shared.py:180] Removed task for request 236 on https://uu722127-b80a-4e3f9d5d.cqa1.seetacloud.com:8443
DEBUG 08-14 23:17:57 shared.py:180] Removed task for request 326 on 127.0.0.1:8001
DEBUG 08-14 23:17:57 shared.py:180] Removed task for request 290 on https://uu722127-b80a-4e3f9d5d.cqa1.seetacloud.com:8443
DEBUG 08-14 23:17:57 replica.py:171] complete_request_decode:num_saved_toekens=512
DEBUG 08-14 23:17:57 open_ai.py:452] good request:https://u722127-8cb5-f6dc13db.nmb1.seetacloud.com:8443:good,request._id=73,input=152,output=506
DEBUG 08-14 23:17:57 metrics_store.py:131] update_metrics:request_id=73
DEBUG 08-14 23:17:57 shared.py:180] Removed task for request 73 on https://u722127-8cb5-f6dc13db.nmb1.seetacloud.com:8443
DEBUG 08-14 23:17:57 replica.py:171] complete_request_decode:num_saved_toekens=704
DEBUG 08-14 23:17:57 open_ai.py:452] good request:https://uu722127-b80a-4e3f9d5d.cqa1.seetacloud.com:8443:good,request._id=366,input=156,output=707
DEBUG 08-14 23:17:57 metrics_store.py:131] update_metrics:request_id=366
DEBUG 08-14 23:17:57 shared.py:180] Removed task for request 366 on https://uu722127-b80a-4e3f9d5d.cqa1.seetacloud.com:8443
DEBUG 08-14 23:17:57 replica.py:171] complete_request_decode:num_saved_toekens=128
DEBUG 08-14 23:17:57 open_ai.py:452] good request:https://u722127-8cb5-f6dc13db.nmb1.seetacloud.com:8443:good,request._id=472,input=1662,output=129
DEBUG 08-14 23:17:57 metrics_store.py:131] update_metrics:request_id=472
DEBUG 08-14 23:17:57 replica.py:171] complete_request_decode:num_saved_toekens=496
DEBUG 08-14 23:17:57 open_ai.py:452] good request:https://uu722127-b80a-4e3f9d5d.cqa1.seetacloud.com:8443:good,request._id=412,input=172,output=499
DEBUG 08-14 23:17:57 metrics_store.py:131] update_metrics:request_id=412
DEBUG 08-14 23:17:57 shared.py:180] Removed task for request 472 on https://u722127-8cb5-f6dc13db.nmb1.seetacloud.com:8443
DEBUG 08-14 23:17:57 shared.py:180] Removed task for request 412 on https://uu722127-b80a-4e3f9d5d.cqa1.seetacloud.com:8443
DEBUG 08-14 23:17:57 replica.py:171] complete_request_decode:num_saved_toekens=656
DEBUG 08-14 23:17:57 open_ai.py:452] good request:127.0.0.1:8000:good,request._id=183,input=148,output=662
DEBUG 08-14 23:17:57 metrics_store.py:131] update_metrics:request_id=183
DEBUG 08-14 23:17:57 shared.py:180] Removed task for request 183 on 127.0.0.1:8000
DEBUG 08-14 23:17:57 replica.py:171] complete_request_decode:num_saved_toekens=960
DEBUG 08-14 23:17:57 open_ai.py:452] good request:https://uu722127-b80a-4e3f9d5d.cqa1.seetacloud.com:8443:good,request._id=269,input=274,output=966
DEBUG 08-14 23:17:57 metrics_store.py:131] update_metrics:request_id=269
DEBUG 08-14 23:17:57 shared.py:180] Removed task for request 269 on https://uu722127-b80a-4e3f9d5d.cqa1.seetacloud.com:8443
DEBUG 08-14 23:17:57 replica.py:171] complete_request_decode:num_saved_toekens=880
DEBUG 08-14 23:17:57 open_ai.py:452] good request:https://u722127-b80a-4e3f9d5d.cqa1.seetacloud.com:8443:good,request._id=318,input=160,output=886
DEBUG 08-14 23:17:57 metrics_store.py:131] update_metrics:request_id=318
DEBUG 08-14 23:17:57 replica.py:171] complete_request_decode:num_saved_toekens=720
DEBUG 08-14 23:17:57 open_ai.py:452] good request:127.0.0.1:8000:good,request._id=264,input=158,output=718
DEBUG 08-14 23:17:57 metrics_store.py:131] update_metrics:request_id=264
DEBUG 08-14 23:17:57 shared.py:180] Removed task for request 318 on https://u722127-b80a-4e3f9d5d.cqa1.seetacloud.com:8443
DEBUG 08-14 23:17:57 shared.py:180] Removed task for request 264 on 127.0.0.1:8000
DEBUG 08-14 23:17:57 replica.py:171] complete_request_decode:num_saved_toekens=544
DEBUG 08-14 23:17:57 open_ai.py:452] good request:https://u722127-8cb5-f6dc13db.nmb1.seetacloud.com:8443:good,request._id=266,input=154,output=543
DEBUG 08-14 23:17:57 metrics_store.py:131] update_metrics:request_id=266
DEBUG 08-14 23:17:58 shared.py:180] Removed task for request 266 on https://u722127-8cb5-f6dc13db.nmb1.seetacloud.com:8443
DEBUG 08-14 23:17:58 replica.py:171] complete_request_decode:num_saved_toekens=224
DEBUG 08-14 23:17:58 open_ai.py:452] good request:https://uu722127-b80a-4e3f9d5d.cqa1.seetacloud.com:8443:good,request._id=483,input=606,output=214
DEBUG 08-14 23:17:58 metrics_store.py:131] update_metrics:request_id=483
DEBUG 08-14 23:17:58 shared.py:180] Removed task for request 483 on https://uu722127-b80a-4e3f9d5d.cqa1.seetacloud.com:8443
DEBUG 08-14 23:17:58 replica.py:171] complete_request_decode:num_saved_toekens=944
DEBUG 08-14 23:17:58 open_ai.py:452] good request:https://u722127-b80a-4e3f9d5d.cqa1.seetacloud.com:8443:good,request._id=255,input=166,output=952
DEBUG 08-14 23:17:58 metrics_store.py:131] update_metrics:request_id=255
DEBUG 08-14 23:17:58 shared.py:180] Removed task for request 255 on https://u722127-b80a-4e3f9d5d.cqa1.seetacloud.com:8443
DEBUG 08-14 23:17:58 replica.py:171] complete_request_decode:num_saved_toekens=688
DEBUG 08-14 23:17:58 open_ai.py:452] good request:https://u722127-8cb5-f6dc13db.nmb1.seetacloud.com:8443:good,request._id=212,input=158,output=675
DEBUG 08-14 23:17:58 metrics_store.py:131] update_metrics:request_id=212
DEBUG 08-14 23:17:58 shared.py:180] Removed task for request 212 on https://u722127-8cb5-f6dc13db.nmb1.seetacloud.com:8443
DEBUG 08-14 23:17:58 replica.py:171] complete_request_decode:num_saved_toekens=368
DEBUG 08-14 23:17:58 replica.py:171] complete_request_decode:num_saved_toekens=736
DEBUG 08-14 23:17:58 open_ai.py:452] good request:https://u722127-b80a-4e3f9d5d.cqa1.seetacloud.com:8443:good,request._id=382,input=158,output=734
DEBUG 08-14 23:17:58 open_ai.py:452] good request:https://uu722127-b80a-4e3f9d5d.cqa1.seetacloud.com:8443:good,request._id=280,input=148,output=364
DEBUG 08-14 23:17:58 metrics_store.py:131] update_metrics:request_id=382
DEBUG 08-14 23:17:58 metrics_store.py:131] update_metrics:request_id=280
DEBUG 08-14 23:17:58 shared.py:180] Removed task for request 382 on https://u722127-b80a-4e3f9d5d.cqa1.seetacloud.com:8443
DEBUG 08-14 23:17:58 shared.py:180] Removed task for request 280 on https://uu722127-b80a-4e3f9d5d.cqa1.seetacloud.com:8443
DEBUG 08-14 23:17:58 replica.py:171] complete_request_decode:num_saved_toekens=192
DEBUG 08-14 23:17:58 open_ai.py:452] good request:127.0.0.1:8000:good,request._id=475,input=1107,output=202
DEBUG 08-14 23:17:58 metrics_store.py:131] update_metrics:request_id=475
DEBUG 08-14 23:17:58 replica.py:171] complete_request_decode:num_saved_toekens=1024
DEBUG 08-14 23:17:58 open_ai.py:452] good request:https://uu722127-b80a-4e3f9d5d.cqa1.seetacloud.com:8443:good,request._id=263,input=156,output=1024
DEBUG 08-14 23:17:58 metrics_store.py:131] update_metrics:request_id=263
DEBUG 08-14 23:17:58 shared.py:180] Removed task for request 475 on 127.0.0.1:8000
DEBUG 08-14 23:17:58 shared.py:180] Removed task for request 263 on https://uu722127-b80a-4e3f9d5d.cqa1.seetacloud.com:8443
DEBUG 08-14 23:17:58 replica.py:171] complete_request_decode:num_saved_toekens=752
DEBUG 08-14 23:17:58 open_ai.py:452] good request:https://u722127-8cb5-f6dc13db.nmb1.seetacloud.com:8443:good,request._id=184,input=152,output=744
DEBUG 08-14 23:17:58 metrics_store.py:131] update_metrics:request_id=184
DEBUG 08-14 23:17:58 shared.py:180] Removed task for request 184 on https://u722127-8cb5-f6dc13db.nmb1.seetacloud.com:8443
DEBUG 08-14 23:17:58 replica.py:171] complete_request_decode:num_saved_toekens=528
DEBUG 08-14 23:17:58 open_ai.py:452] good request:127.0.0.1:8001:good,request._id=395,input=160,output=533
DEBUG 08-14 23:17:58 metrics_store.py:131] update_metrics:request_id=395
DEBUG 08-14 23:17:58 shared.py:180] Removed task for request 395 on 127.0.0.1:8001
DEBUG 08-14 23:17:58 replica.py:171] complete_request_decode:num_saved_toekens=320
DEBUG 08-14 23:17:58 open_ai.py:452] good request:https://uu722127-b80a-4e3f9d5d.cqa1.seetacloud.com:8443:good,request._id=463,input=549,output=323
DEBUG 08-14 23:17:58 metrics_store.py:131] update_metrics:request_id=463
DEBUG 08-14 23:17:58 shared.py:180] Removed task for request 463 on https://uu722127-b80a-4e3f9d5d.cqa1.seetacloud.com:8443
DEBUG 08-14 23:17:58 replica.py:171] complete_request_decode:num_saved_toekens=1024
DEBUG 08-14 23:17:58 open_ai.py:452] good request:https://u722127-b80a-4e3f9d5d.cqa1.seetacloud.com:8443:good,request._id=94,input=174,output=1024
DEBUG 08-14 23:17:58 metrics_store.py:131] update_metrics:request_id=94
DEBUG 08-14 23:17:58 shared.py:180] Removed task for request 94 on https://u722127-b80a-4e3f9d5d.cqa1.seetacloud.com:8443
DEBUG 08-14 23:17:58 replica.py:171] complete_request_decode:num_saved_toekens=400
DEBUG 08-14 23:17:58 open_ai.py:452] good request:https://u722127-b80a-4e3f9d5d.cqa1.seetacloud.com:8443:good,request._id=298,input=144,output=410
DEBUG 08-14 23:17:58 metrics_store.py:131] update_metrics:request_id=298
DEBUG 08-14 23:17:58 shared.py:180] Removed task for request 298 on https://u722127-b80a-4e3f9d5d.cqa1.seetacloud.com:8443
DEBUG 08-14 23:17:59 replica.py:171] complete_request_decode:num_saved_toekens=320
DEBUG 08-14 23:17:59 open_ai.py:452] good request:127.0.0.1:8001:good,request._id=336,input=150,output=328
DEBUG 08-14 23:17:59 metrics_store.py:131] update_metrics:request_id=336
DEBUG 08-14 23:17:59 shared.py:180] Removed task for request 336 on 127.0.0.1:8001
DEBUG 08-14 23:17:59 replica.py:171] complete_request_decode:num_saved_toekens=464
DEBUG 08-14 23:17:59 open_ai.py:452] good request:https://u722127-8cb5-f6dc13db.nmb1.seetacloud.com:8443:good,request._id=377,input=168,output=464
DEBUG 08-14 23:17:59 metrics_store.py:131] update_metrics:request_id=377
DEBUG 08-14 23:17:59 shared.py:180] Removed task for request 377 on https://u722127-8cb5-f6dc13db.nmb1.seetacloud.com:8443
DEBUG 08-14 23:17:59 replica.py:171] complete_request_decode:num_saved_toekens=896
DEBUG 08-14 23:17:59 open_ai.py:452] good request:https://u722127-b80a-4e3f9d5d.cqa1.seetacloud.com:8443:good,request._id=348,input=162,output=901
DEBUG 08-14 23:17:59 metrics_store.py:131] update_metrics:request_id=348
DEBUG 08-14 23:17:59 shared.py:180] Removed task for request 348 on https://u722127-b80a-4e3f9d5d.cqa1.seetacloud.com:8443
DEBUG 08-14 23:17:59 replica.py:171] complete_request_decode:num_saved_toekens=960
DEBUG 08-14 23:17:59 open_ai.py:452] good request:https://uu722127-b80a-4e3f9d5d.cqa1.seetacloud.com:8443:good,request._id=323,input=160,output=965
DEBUG 08-14 23:17:59 metrics_store.py:131] update_metrics:request_id=323
DEBUG 08-14 23:17:59 shared.py:180] Removed task for request 323 on https://uu722127-b80a-4e3f9d5d.cqa1.seetacloud.com:8443
DEBUG 08-14 23:17:59 replica.py:171] complete_request_decode:num_saved_toekens=832
DEBUG 08-14 23:17:59 open_ai.py:452] good request:127.0.0.1:8001:good,request._id=267,input=156,output=833
DEBUG 08-14 23:17:59 metrics_store.py:131] update_metrics:request_id=267
DEBUG 08-14 23:17:59 shared.py:180] Removed task for request 267 on 127.0.0.1:8001
DEBUG 08-14 23:17:59 replica.py:171] complete_request_decode:num_saved_toekens=1024
DEBUG 08-14 23:17:59 open_ai.py:452] good request:127.0.0.1:8000:good,request._id=195,input=150,output=1024
DEBUG 08-14 23:17:59 metrics_store.py:131] update_metrics:request_id=195
DEBUG 08-14 23:17:59 shared.py:180] Removed task for request 195 on 127.0.0.1:8000
INFO 08-14 23:17:59 shared.py:299] Adding task for request 392 to replica 3,session_id=150
DEBUG 08-14 23:17:59 replica.py:226] add_request - replica_id=[3], request=392,self.replica_slo_budget-sum_pending_tokens==current_budget:True,1048576-166==1048410
INFO 08-14 23:17:59 open_ai.py:115] async_send_request:request._id=392,session=150,https://uu722127-b80a-4e3f9d5d.cqa1.seetacloud.com:8443
INFO 08-14 23:17:59 shared.py:299] Adding task for request 399 to replica 3,session_id=154
DEBUG 08-14 23:17:59 replica.py:226] add_request - replica_id=[3], request=399,self.replica_slo_budget-sum_pending_tokens==current_budget:True,1048576-340==1048236
INFO 08-14 23:17:59 open_ai.py:115] async_send_request:request._id=399,session=154,https://uu722127-b80a-4e3f9d5d.cqa1.seetacloud.com:8443
INFO 08-14 23:17:59 shared.py:299] Adding task for request 423 to replica 2,session_id=166
DEBUG 08-14 23:17:59 replica.py:226] add_request - replica_id=[2], request=423,self.replica_slo_budget-sum_pending_tokens==current_budget:True,1048576-148==1048428
INFO 08-14 23:17:59 shared.py:299] Adding task for request 421 to replica 3,session_id=130
DEBUG 08-14 23:17:59 replica.py:226] add_request - replica_id=[3], request=421,self.replica_slo_budget-sum_pending_tokens==current_budget:True,1048576-546==1048030
INFO 08-14 23:17:59 shared.py:299] Adding task for request 422 to replica 3,session_id=166
DEBUG 08-14 23:17:59 replica.py:226] add_request - replica_id=[3], request=422,self.replica_slo_budget-sum_pending_tokens==current_budget:True,1048576-700==1047876
INFO 08-14 23:17:59 open_ai.py:115] async_send_request:request._id=423,session=166,https://u722127-b80a-4e3f9d5d.cqa1.seetacloud.com:8443
INFO 08-14 23:17:59 open_ai.py:115] async_send_request:request._id=421,session=130,https://uu722127-b80a-4e3f9d5d.cqa1.seetacloud.com:8443
INFO 08-14 23:17:59 open_ai.py:115] async_send_request:request._id=422,session=166,https://uu722127-b80a-4e3f9d5d.cqa1.seetacloud.com:8443
INFO 08-14 23:17:59 shared.py:299] Adding task for request 428 to replica 2,session_id=162
DEBUG 08-14 23:17:59 replica.py:226] add_request - replica_id=[2], request=428,self.replica_slo_budget-sum_pending_tokens==current_budget:True,1048576-302==1048274
INFO 08-14 23:17:59 shared.py:299] Adding task for request 427 to replica 3,session_id=162
DEBUG 08-14 23:17:59 replica.py:226] add_request - replica_id=[3], request=427,self.replica_slo_budget-sum_pending_tokens==current_budget:True,1048576-852==1047724
INFO 08-14 23:17:59 open_ai.py:115] async_send_request:request._id=428,session=162,https://u722127-b80a-4e3f9d5d.cqa1.seetacloud.com:8443
INFO 08-14 23:17:59 open_ai.py:115] async_send_request:request._id=427,session=162,https://uu722127-b80a-4e3f9d5d.cqa1.seetacloud.com:8443
INFO 08-14 23:17:59 shared.py:299] Adding task for request 430 to replica 3,session_id=158
DEBUG 08-14 23:17:59 replica.py:226] add_request - replica_id=[3], request=430,self.replica_slo_budget-sum_pending_tokens==current_budget:True,1048576-1014==1047562
INFO 08-14 23:17:59 shared.py:299] Adding task for request 429 to replica 4,session_id=158
DEBUG 08-14 23:17:59 replica.py:226] add_request - replica_id=[4], request=429,self.replica_slo_budget-sum_pending_tokens==current_budget:True,1048576-166==1048410
INFO 08-14 23:17:59 open_ai.py:115] async_send_request:request._id=430,session=158,https://uu722127-b80a-4e3f9d5d.cqa1.seetacloud.com:8443
INFO 08-14 23:17:59 open_ai.py:115] async_send_request:request._id=429,session=158,https://u722127-8cb5-f6dc13db.nmb1.seetacloud.com:8443
DEBUG 08-14 23:17:59 open_ai.py:335] async_send_request: request finish prefill, 392
INFO 08-14 23:17:59 open_ai.py:352] async_send_request: prefill completed: req=392,replica_id=3
DEBUG 08-14 23:17:59 replica.py:146] complete_request_prefill: replica_id=[3], request=392, current_budget=166,last_prefill_completed_at=30614687.96739972,last_ttft=24.1383
DEBUG 08-14 23:17:59 replica.py:153] complete_request_prefill - replica_id=[3], request=392,self.replica_slo_budget-sum_pending_tokens==current_budget:True,1048576-848==1047728
INFO 08-14 23:17:59 shared.py:299] Adding task for request 434 to replica 2,session_id=34
DEBUG 08-14 23:17:59 replica.py:226] add_request - replica_id=[2], request=434,self.replica_slo_budget-sum_pending_tokens==current_budget:True,1048576-1280==1047296
INFO 08-14 23:17:59 open_ai.py:115] async_send_request:request._id=434,session=34,https://u722127-b80a-4e3f9d5d.cqa1.seetacloud.com:8443
DEBUG 08-14 23:17:59 open_ai.py:335] async_send_request: request finish prefill, 399
INFO 08-14 23:17:59 open_ai.py:352] async_send_request: prefill completed: req=399,replica_id=3
DEBUG 08-14 23:17:59 replica.py:146] complete_request_prefill: replica_id=[3], request=399, current_budget=174,last_prefill_completed_at=30614688.02813712,last_ttft=24.1871
DEBUG 08-14 23:17:59 replica.py:153] complete_request_prefill - replica_id=[3], request=399,self.replica_slo_budget-sum_pending_tokens==current_budget:True,1048576-674==1047902
DEBUG 08-14 23:17:59 open_ai.py:335] async_send_request: request finish prefill, 423
INFO 08-14 23:17:59 open_ai.py:352] async_send_request: prefill completed: req=423,replica_id=2
DEBUG 08-14 23:17:59 replica.py:146] complete_request_prefill: replica_id=[2], request=423, current_budget=148,last_prefill_completed_at=30614688.04794142,last_ttft=24.124
DEBUG 08-14 23:17:59 replica.py:153] complete_request_prefill - replica_id=[2], request=423,self.replica_slo_budget-sum_pending_tokens==current_budget:True,1048576-1132==1047444
DEBUG 08-14 23:17:59 open_ai.py:335] async_send_request: request finish prefill, 422
INFO 08-14 23:17:59 open_ai.py:352] async_send_request: prefill completed: req=422,replica_id=3
DEBUG 08-14 23:17:59 replica.py:146] complete_request_prefill: replica_id=[3], request=422, current_budget=154,last_prefill_completed_at=30614688.059755594,last_ttft=24.1368
DEBUG 08-14 23:17:59 replica.py:153] complete_request_prefill - replica_id=[3], request=422,self.replica_slo_budget-sum_pending_tokens==current_budget:True,1048576-520==1048056
DEBUG 08-14 23:17:59 open_ai.py:335] async_send_request: request finish prefill, 429
INFO 08-14 23:17:59 open_ai.py:352] async_send_request: prefill completed: req=429,replica_id=4
DEBUG 08-14 23:17:59 replica.py:146] complete_request_prefill: replica_id=[4], request=429, current_budget=166,last_prefill_completed_at=30614688.069486603,last_ttft=24.1144
DEBUG 08-14 23:17:59 replica.py:153] complete_request_prefill - replica_id=[4], request=429,self.replica_slo_budget-sum_pending_tokens==current_budget:True,1048576-0==1048576
DEBUG 08-14 23:17:59 open_ai.py:335] async_send_request: request finish prefill, 421
INFO 08-14 23:17:59 open_ai.py:352] async_send_request: prefill completed: req=421,replica_id=3
DEBUG 08-14 23:17:59 replica.py:146] complete_request_prefill: replica_id=[3], request=421, current_budget=206,last_prefill_completed_at=30614688.076512523,last_ttft=24.157
DEBUG 08-14 23:17:59 replica.py:153] complete_request_prefill - replica_id=[3], request=421,self.replica_slo_budget-sum_pending_tokens==current_budget:True,1048576-314==1048262
DEBUG 08-14 23:17:59 open_ai.py:335] async_send_request: request finish prefill, 427
INFO 08-14 23:17:59 open_ai.py:352] async_send_request: prefill completed: req=427,replica_id=3
DEBUG 08-14 23:17:59 replica.py:146] complete_request_prefill: replica_id=[3], request=427, current_budget=152,last_prefill_completed_at=30614688.08439981,last_ttft=24.1513
DEBUG 08-14 23:17:59 replica.py:153] complete_request_prefill - replica_id=[3], request=427,self.replica_slo_budget-sum_pending_tokens==current_budget:True,1048576-162==1048414
DEBUG 08-14 23:17:59 open_ai.py:335] async_send_request: request finish prefill, 430
INFO 08-14 23:17:59 open_ai.py:352] async_send_request: prefill completed: req=430,replica_id=3
DEBUG 08-14 23:17:59 replica.py:146] complete_request_prefill: replica_id=[3], request=430, current_budget=162,last_prefill_completed_at=30614688.092497326,last_ttft=24.1367
DEBUG 08-14 23:17:59 replica.py:153] complete_request_prefill - replica_id=[3], request=430,self.replica_slo_budget-sum_pending_tokens==current_budget:True,1048576-0==1048576
DEBUG 08-14 23:17:59 open_ai.py:335] async_send_request: request finish prefill, 428
INFO 08-14 23:17:59 open_ai.py:352] async_send_request: prefill completed: req=428,replica_id=2
DEBUG 08-14 23:17:59 replica.py:146] complete_request_prefill: replica_id=[2], request=428, current_budget=154,last_prefill_completed_at=30614688.10262335,last_ttft=24.1682
DEBUG 08-14 23:17:59 replica.py:153] complete_request_prefill - replica_id=[2], request=428,self.replica_slo_budget-sum_pending_tokens==current_budget:True,1048576-978==1047598
DEBUG 08-14 23:17:59 open_ai.py:335] async_send_request: request finish prefill, 434
INFO 08-14 23:17:59 open_ai.py:352] async_send_request: prefill completed: req=434,replica_id=2
DEBUG 08-14 23:17:59 replica.py:146] complete_request_prefill: replica_id=[2], request=434, current_budget=978,last_prefill_completed_at=30614688.143437386,last_ttft=24.132
DEBUG 08-14 23:17:59 replica.py:153] complete_request_prefill - replica_id=[2], request=434,self.replica_slo_budget-sum_pending_tokens==current_budget:True,1048576-0==1048576
DEBUG 08-14 23:18:00 replica.py:171] complete_request_decode:num_saved_toekens=848
DEBUG 08-14 23:18:00 open_ai.py:452] good request:https://u722127-8cb5-f6dc13db.nmb1.seetacloud.com:8443:good,request._id=151,input=150,output=853
DEBUG 08-14 23:18:00 metrics_store.py:131] update_metrics:request_id=151
DEBUG 08-14 23:18:00 shared.py:180] Removed task for request 151 on https://u722127-8cb5-f6dc13db.nmb1.seetacloud.com:8443
INFO 08-14 23:18:00 shared.py:299] Adding task for request 452 to replica 4,session_id=38
DEBUG 08-14 23:18:00 replica.py:226] add_request - replica_id=[4], request=452,self.replica_slo_budget-sum_pending_tokens==current_budget:True,1048576-184==1048392
INFO 08-14 23:18:00 open_ai.py:115] async_send_request:request._id=452,session=38,https://u722127-8cb5-f6dc13db.nmb1.seetacloud.com:8443
INFO 08-14 23:18:00 shared.py:299] Adding task for request 455 to replica 1,session_id=10
DEBUG 08-14 23:18:00 replica.py:226] add_request - replica_id=[1], request=455,self.replica_slo_budget-sum_pending_tokens==current_budget:True,1048576-200==1048376
INFO 08-14 23:18:00 shared.py:299] Adding task for request 454 to replica 3,session_id=10
DEBUG 08-14 23:18:00 replica.py:226] add_request - replica_id=[3], request=454,self.replica_slo_budget-sum_pending_tokens==current_budget:True,1048576-234==1048342
INFO 08-14 23:18:00 open_ai.py:115] async_send_request:request._id=455,session=10,127.0.0.1:8001
INFO 08-14 23:18:00 open_ai.py:115] async_send_request:request._id=454,session=10,https://uu722127-b80a-4e3f9d5d.cqa1.seetacloud.com:8443
DEBUG 08-14 23:18:00 replica.py:171] complete_request_decode:num_saved_toekens=880
DEBUG 08-14 23:18:00 open_ai.py:452] good request:https://uu722127-b80a-4e3f9d5d.cqa1.seetacloud.com:8443:good,request._id=379,input=165,output=884
DEBUG 08-14 23:18:00 metrics_store.py:131] update_metrics:request_id=379
DEBUG 08-14 23:18:00 shared.py:180] Removed task for request 379 on https://uu722127-b80a-4e3f9d5d.cqa1.seetacloud.com:8443
DEBUG 08-14 23:18:00 open_ai.py:335] async_send_request: request finish prefill, 455
INFO 08-14 23:18:00 open_ai.py:352] async_send_request: prefill completed: req=455,replica_id=1
DEBUG 08-14 23:18:00 replica.py:146] complete_request_prefill: replica_id=[1], request=455, current_budget=200,last_prefill_completed_at=30614688.32244475,last_ttft=24.0614
DEBUG 08-14 23:18:00 replica.py:153] complete_request_prefill - replica_id=[1], request=455,self.replica_slo_budget-sum_pending_tokens==current_budget:True,1048576-0==1048576
DEBUG 08-14 23:18:00 open_ai.py:335] async_send_request: request finish prefill, 452
INFO 08-14 23:18:00 open_ai.py:352] async_send_request: prefill completed: req=452,replica_id=4
DEBUG 08-14 23:18:00 replica.py:146] complete_request_prefill: replica_id=[4], request=452, current_budget=184,last_prefill_completed_at=30614688.37129591,last_ttft=24.1185
DEBUG 08-14 23:18:00 replica.py:153] complete_request_prefill - replica_id=[4], request=452,self.replica_slo_budget-sum_pending_tokens==current_budget:True,1048576-0==1048576
DEBUG 08-14 23:18:00 open_ai.py:335] async_send_request: request finish prefill, 454
INFO 08-14 23:18:00 open_ai.py:352] async_send_request: prefill completed: req=454,replica_id=3
DEBUG 08-14 23:18:00 replica.py:146] complete_request_prefill: replica_id=[3], request=454, current_budget=234,last_prefill_completed_at=30614688.386717703,last_ttft=24.1263
DEBUG 08-14 23:18:00 replica.py:153] complete_request_prefill - replica_id=[3], request=454,self.replica_slo_budget-sum_pending_tokens==current_budget:True,1048576-0==1048576
DEBUG 08-14 23:18:00 replica.py:171] complete_request_decode:num_saved_toekens=1024
DEBUG 08-14 23:18:00 open_ai.py:452] good request:https://uu722127-b80a-4e3f9d5d.cqa1.seetacloud.com:8443:good,request._id=320,input=148,output=1024
DEBUG 08-14 23:18:00 metrics_store.py:131] update_metrics:request_id=320
DEBUG 08-14 23:18:00 shared.py:180] Removed task for request 320 on https://uu722127-b80a-4e3f9d5d.cqa1.seetacloud.com:8443
INFO 08-14 23:18:00 shared.py:299] Adding task for request 473 to replica 3,session_id=42
DEBUG 08-14 23:18:00 replica.py:226] add_request - replica_id=[3], request=473,self.replica_slo_budget-sum_pending_tokens==current_budget:True,1048576-781==1047795
INFO 08-14 23:18:00 open_ai.py:115] async_send_request:request._id=473,session=42,https://uu722127-b80a-4e3f9d5d.cqa1.seetacloud.com:8443
DEBUG 08-14 23:18:00 replica.py:171] complete_request_decode:num_saved_toekens=752
DEBUG 08-14 23:18:00 open_ai.py:452] good request:127.0.0.1:8001:good,request._id=342,input=152,output=749
DEBUG 08-14 23:18:00 metrics_store.py:131] update_metrics:request_id=342
DEBUG 08-14 23:18:00 shared.py:180] Removed task for request 342 on 127.0.0.1:8001
DEBUG 08-14 23:18:00 replica.py:171] complete_request_decode:num_saved_toekens=784
DEBUG 08-14 23:18:00 open_ai.py:452] good request:127.0.0.1:8001:good,request._id=331,input=158,output=776
DEBUG 08-14 23:18:00 metrics_store.py:131] update_metrics:request_id=331
DEBUG 08-14 23:18:00 shared.py:180] Removed task for request 331 on 127.0.0.1:8001
INFO 08-14 23:18:00 shared.py:299] Adding task for request 487 to replica 1,session_id=62
DEBUG 08-14 23:18:00 replica.py:226] add_request - replica_id=[1], request=487,self.replica_slo_budget-sum_pending_tokens==current_budget:True,1048576-186==1048390
INFO 08-14 23:18:00 open_ai.py:115] async_send_request:request._id=487,session=62,127.0.0.1:8001
DEBUG 08-14 23:18:00 open_ai.py:335] async_send_request: request finish prefill, 473
INFO 08-14 23:18:00 open_ai.py:352] async_send_request: prefill completed: req=473,replica_id=3
DEBUG 08-14 23:18:00 replica.py:146] complete_request_prefill: replica_id=[3], request=473, current_budget=781,last_prefill_completed_at=30614688.680628553,last_ttft=24.1382
DEBUG 08-14 23:18:00 replica.py:153] complete_request_prefill - replica_id=[3], request=473,self.replica_slo_budget-sum_pending_tokens==current_budget:True,1048576-0==1048576
DEBUG 08-14 23:18:00 open_ai.py:335] async_send_request: request finish prefill, 487
INFO 08-14 23:18:00 open_ai.py:352] async_send_request: prefill completed: req=487,replica_id=1
DEBUG 08-14 23:18:00 replica.py:146] complete_request_prefill: replica_id=[1], request=487, current_budget=186,last_prefill_completed_at=30614688.736014355,last_ttft=24.0657
DEBUG 08-14 23:18:00 replica.py:153] complete_request_prefill - replica_id=[1], request=487,self.replica_slo_budget-sum_pending_tokens==current_budget:True,1048576-0==1048576
DEBUG 08-14 23:18:00 replica.py:171] complete_request_decode:num_saved_toekens=624
DEBUG 08-14 23:18:00 replica.py:171] complete_request_decode:num_saved_toekens=720
DEBUG 08-14 23:18:00 open_ai.py:452] good request:127.0.0.1:8000:good,request._id=341,input=148,output=720
DEBUG 08-14 23:18:00 metrics_store.py:131] update_metrics:request_id=341
DEBUG 08-14 23:18:00 shared.py:180] Removed task for request 341 on 127.0.0.1:8000
INFO 08-14 23:18:00 shared.py:299] Adding task for request 496 to replica 3,session_id=14
DEBUG 08-14 23:18:00 replica.py:226] add_request - replica_id=[3], request=496,self.replica_slo_budget-sum_pending_tokens==current_budget:True,1048576-5245==1043331
INFO 08-14 23:18:00 open_ai.py:115] async_send_request:request._id=496,session=14,https://uu722127-b80a-4e3f9d5d.cqa1.seetacloud.com:8443
DEBUG 08-14 23:18:00 open_ai.py:452] good request:https://u722127-8cb5-f6dc13db.nmb1.seetacloud.com:8443:good,request._id=270,input=150,output=624
DEBUG 08-14 23:18:00 metrics_store.py:131] update_metrics:request_id=270
DEBUG 08-14 23:18:00 shared.py:180] Removed task for request 270 on https://u722127-8cb5-f6dc13db.nmb1.seetacloud.com:8443
DEBUG 08-14 23:18:00 replica.py:171] complete_request_decode:num_saved_toekens=800
DEBUG 08-14 23:18:00 open_ai.py:452] good request:127.0.0.1:8000:good,request._id=277,input=156,output=801
DEBUG 08-14 23:18:00 metrics_store.py:131] update_metrics:request_id=277
DEBUG 08-14 23:18:00 shared.py:180] Removed task for request 277 on 127.0.0.1:8000
DEBUG 08-14 23:18:00 replica.py:171] complete_request_decode:num_saved_toekens=560
DEBUG 08-14 23:18:00 open_ai.py:452] good request:https://u722127-b80a-4e3f9d5d.cqa1.seetacloud.com:8443:good,request._id=435,input=160,output=575
DEBUG 08-14 23:18:00 metrics_store.py:131] update_metrics:request_id=435
DEBUG 08-14 23:18:00 shared.py:180] Removed task for request 435 on https://u722127-b80a-4e3f9d5d.cqa1.seetacloud.com:8443
DEBUG 08-14 23:18:00 replica.py:171] complete_request_decode:num_saved_toekens=864
DEBUG 08-14 23:18:00 open_ai.py:452] good request:127.0.0.1:8001:good,request._id=276,input=164,output=870
DEBUG 08-14 23:18:00 metrics_store.py:131] update_metrics:request_id=276
DEBUG 08-14 23:18:00 shared.py:180] Removed task for request 276 on 127.0.0.1:8001
DEBUG 08-14 23:18:00 replica.py:171] complete_request_decode:num_saved_toekens=528
DEBUG 08-14 23:18:00 open_ai.py:452] good request:127.0.0.1:8001:good,request._id=425,input=156,output=516
DEBUG 08-14 23:18:00 metrics_store.py:131] update_metrics:request_id=425
DEBUG 08-14 23:18:00 shared.py:180] Removed task for request 425 on 127.0.0.1:8001
DEBUG 08-14 23:18:00 open_ai.py:335] async_send_request: request finish prefill, 496
INFO 08-14 23:18:00 open_ai.py:352] async_send_request: prefill completed: req=496,replica_id=3
DEBUG 08-14 23:18:00 replica.py:146] complete_request_prefill: replica_id=[3], request=496, current_budget=5245,last_prefill_completed_at=30614689.146848105,last_ttft=24.3642
DEBUG 08-14 23:18:00 replica.py:153] complete_request_prefill - replica_id=[3], request=496,self.replica_slo_budget-sum_pending_tokens==current_budget:True,1048576-0==1048576
DEBUG 08-14 23:18:01 replica.py:171] complete_request_decode:num_saved_toekens=912
DEBUG 08-14 23:18:01 open_ai.py:452] good request:https://u722127-b80a-4e3f9d5d.cqa1.seetacloud.com:8443:good,request._id=381,input=154,output=915
DEBUG 08-14 23:18:01 metrics_store.py:131] update_metrics:request_id=381
DEBUG 08-14 23:18:01 shared.py:180] Removed task for request 381 on https://u722127-b80a-4e3f9d5d.cqa1.seetacloud.com:8443
DEBUG 08-14 23:18:01 replica.py:171] complete_request_decode:num_saved_toekens=1024
DEBUG 08-14 23:18:01 open_ai.py:452] good request:https://u722127-b80a-4e3f9d5d.cqa1.seetacloud.com:8443:good,request._id=356,input=176,output=1024
DEBUG 08-14 23:18:01 metrics_store.py:131] update_metrics:request_id=356
DEBUG 08-14 23:18:01 shared.py:180] Removed task for request 356 on https://u722127-b80a-4e3f9d5d.cqa1.seetacloud.com:8443
DEBUG 08-14 23:18:01 replica.py:171] complete_request_decode:num_saved_toekens=960
DEBUG 08-14 23:18:01 open_ai.py:452] good request:https://u722127-8cb5-f6dc13db.nmb1.seetacloud.com:8443:good,request._id=65,input=166,output=970
DEBUG 08-14 23:18:01 metrics_store.py:131] update_metrics:request_id=65
DEBUG 08-14 23:18:01 shared.py:180] Removed task for request 65 on https://u722127-8cb5-f6dc13db.nmb1.seetacloud.com:8443
DEBUG 08-14 23:18:01 replica.py:171] complete_request_decode:num_saved_toekens=1024
DEBUG 08-14 23:18:01 open_ai.py:452] good request:https://uu722127-b80a-4e3f9d5d.cqa1.seetacloud.com:8443:good,request._id=358,input=160,output=1024
DEBUG 08-14 23:18:01 metrics_store.py:131] update_metrics:request_id=358
DEBUG 08-14 23:18:01 shared.py:180] Removed task for request 358 on https://uu722127-b80a-4e3f9d5d.cqa1.seetacloud.com:8443
DEBUG 08-14 23:18:01 replica.py:171] complete_request_decode:num_saved_toekens=800
DEBUG 08-14 23:18:01 open_ai.py:452] good request:127.0.0.1:8001:good,request._id=357,input=185,output=798
DEBUG 08-14 23:18:01 metrics_store.py:131] update_metrics:request_id=357
DEBUG 08-14 23:18:01 shared.py:180] Removed task for request 357 on 127.0.0.1:8001
DEBUG 08-14 23:18:01 replica.py:171] complete_request_decode:num_saved_toekens=576
DEBUG 08-14 23:18:01 open_ai.py:452] good request:https://uu722127-b80a-4e3f9d5d.cqa1.seetacloud.com:8443:good,request._id=398,input=160,output=581
DEBUG 08-14 23:18:01 metrics_store.py:131] update_metrics:request_id=398
DEBUG 08-14 23:18:01 shared.py:180] Removed task for request 398 on https://uu722127-b80a-4e3f9d5d.cqa1.seetacloud.com:8443
DEBUG 08-14 23:18:01 replica.py:171] complete_request_decode:num_saved_toekens=864
DEBUG 08-14 23:18:01 open_ai.py:452] good request:https://u722127-b80a-4e3f9d5d.cqa1.seetacloud.com:8443:good,request._id=400,input=152,output=862
DEBUG 08-14 23:18:01 metrics_store.py:131] update_metrics:request_id=400
DEBUG 08-14 23:18:01 shared.py:180] Removed task for request 400 on https://u722127-b80a-4e3f9d5d.cqa1.seetacloud.com:8443
DEBUG 08-14 23:18:01 replica.py:171] complete_request_decode:num_saved_toekens=592
DEBUG 08-14 23:18:01 open_ai.py:452] good request:https://uu722127-b80a-4e3f9d5d.cqa1.seetacloud.com:8443:good,request._id=297,input=150,output=596
DEBUG 08-14 23:18:01 metrics_store.py:131] update_metrics:request_id=297
DEBUG 08-14 23:18:01 shared.py:180] Removed task for request 297 on https://uu722127-b80a-4e3f9d5d.cqa1.seetacloud.com:8443
DEBUG 08-14 23:18:01 replica.py:171] complete_request_decode:num_saved_toekens=1024
DEBUG 08-14 23:18:01 open_ai.py:452] good request:https://u722127-b80a-4e3f9d5d.cqa1.seetacloud.com:8443:good,request._id=368,input=162,output=1024
DEBUG 08-14 23:18:01 metrics_store.py:131] update_metrics:request_id=368
DEBUG 08-14 23:18:01 shared.py:180] Removed task for request 368 on https://u722127-b80a-4e3f9d5d.cqa1.seetacloud.com:8443
DEBUG 08-14 23:18:02 replica.py:171] complete_request_decode:num_saved_toekens=800
DEBUG 08-14 23:18:02 open_ai.py:452] good request:https://uu722127-b80a-4e3f9d5d.cqa1.seetacloud.com:8443:good,request._id=419,input=154,output=796
DEBUG 08-14 23:18:02 metrics_store.py:131] update_metrics:request_id=419
DEBUG 08-14 23:18:02 shared.py:180] Removed task for request 419 on https://uu722127-b80a-4e3f9d5d.cqa1.seetacloud.com:8443
DEBUG 08-14 23:18:02 replica.py:171] complete_request_decode:num_saved_toekens=576
DEBUG 08-14 23:18:02 open_ai.py:452] good request:127.0.0.1:8001:good,request._id=424,input=150,output=575
DEBUG 08-14 23:18:02 metrics_store.py:131] update_metrics:request_id=424
DEBUG 08-14 23:18:02 shared.py:180] Removed task for request 424 on 127.0.0.1:8001
DEBUG 08-14 23:18:02 replica.py:171] complete_request_decode:num_saved_toekens=848
DEBUG 08-14 23:18:02 open_ai.py:452] good request:https://uu722127-b80a-4e3f9d5d.cqa1.seetacloud.com:8443:good,request._id=405,input=154,output=849
DEBUG 08-14 23:18:02 metrics_store.py:131] update_metrics:request_id=405
DEBUG 08-14 23:18:02 shared.py:180] Removed task for request 405 on https://uu722127-b80a-4e3f9d5d.cqa1.seetacloud.com:8443
DEBUG 08-14 23:18:02 replica.py:171] complete_request_decode:num_saved_toekens=704
DEBUG 08-14 23:18:02 open_ai.py:452] good request:https://u722127-8cb5-f6dc13db.nmb1.seetacloud.com:8443:good,request._id=261,input=152,output=707
DEBUG 08-14 23:18:02 metrics_store.py:131] update_metrics:request_id=261
DEBUG 08-14 23:18:02 shared.py:180] Removed task for request 261 on https://u722127-8cb5-f6dc13db.nmb1.seetacloud.com:8443
DEBUG 08-14 23:18:02 replica.py:171] complete_request_decode:num_saved_toekens=880
DEBUG 08-14 23:18:02 open_ai.py:452] good request:https://u722127-b80a-4e3f9d5d.cqa1.seetacloud.com:8443:good,request._id=406,input=154,output=882
DEBUG 08-14 23:18:02 metrics_store.py:131] update_metrics:request_id=406
DEBUG 08-14 23:18:02 shared.py:180] Removed task for request 406 on https://u722127-b80a-4e3f9d5d.cqa1.seetacloud.com:8443
DEBUG 08-14 23:18:02 replica.py:171] complete_request_decode:num_saved_toekens=1024
DEBUG 08-14 23:18:02 open_ai.py:452] good request:127.0.0.1:8001:good,request._id=254,input=152,output=1024
DEBUG 08-14 23:18:02 metrics_store.py:131] update_metrics:request_id=254
DEBUG 08-14 23:18:02 shared.py:180] Removed task for request 254 on 127.0.0.1:8001
DEBUG 08-14 23:18:02 replica.py:171] complete_request_decode:num_saved_toekens=736
DEBUG 08-14 23:18:02 open_ai.py:452] good request:127.0.0.1:8000:good,request._id=374,input=162,output=746
DEBUG 08-14 23:18:02 metrics_store.py:131] update_metrics:request_id=374
DEBUG 08-14 23:18:02 shared.py:180] Removed task for request 374 on 127.0.0.1:8000
DEBUG 08-14 23:18:02 replica.py:171] complete_request_decode:num_saved_toekens=768
DEBUG 08-14 23:18:02 open_ai.py:452] good request:127.0.0.1:8001:good,request._id=383,input=166,output=762
DEBUG 08-14 23:18:02 metrics_store.py:131] update_metrics:request_id=383
DEBUG 08-14 23:18:02 shared.py:180] Removed task for request 383 on 127.0.0.1:8001
DEBUG 08-14 23:18:02 replica.py:171] complete_request_decode:num_saved_toekens=592
DEBUG 08-14 23:18:02 open_ai.py:452] good request:https://uu722127-b80a-4e3f9d5d.cqa1.seetacloud.com:8443:good,request._id=448,input=178,output=603
DEBUG 08-14 23:18:02 metrics_store.py:131] update_metrics:request_id=448
DEBUG 08-14 23:18:02 shared.py:180] Removed task for request 448 on https://uu722127-b80a-4e3f9d5d.cqa1.seetacloud.com:8443
DEBUG 08-14 23:18:02 replica.py:171] complete_request_decode:num_saved_toekens=848
DEBUG 08-14 23:18:02 open_ai.py:452] good request:127.0.0.1:8000:good,request._id=330,input=156,output=850
DEBUG 08-14 23:18:02 metrics_store.py:131] update_metrics:request_id=330
DEBUG 08-14 23:18:02 replica.py:171] complete_request_decode:num_saved_toekens=816
DEBUG 08-14 23:18:02 open_ai.py:452] good request:127.0.0.1:8000:good,request._id=354,input=172,output=806
DEBUG 08-14 23:18:02 metrics_store.py:131] update_metrics:request_id=354
DEBUG 08-14 23:18:02 shared.py:180] Removed task for request 330 on 127.0.0.1:8000
DEBUG 08-14 23:18:02 shared.py:180] Removed task for request 354 on 127.0.0.1:8000
DEBUG 08-14 23:18:02 replica.py:171] complete_request_decode:num_saved_toekens=464
DEBUG 08-14 23:18:02 open_ai.py:452] good request:127.0.0.1:8001:good,request._id=465,input=228,output=469
DEBUG 08-14 23:18:02 metrics_store.py:131] update_metrics:request_id=465
DEBUG 08-14 23:18:02 shared.py:180] Removed task for request 465 on 127.0.0.1:8001
DEBUG 08-14 23:18:02 replica.py:171] complete_request_decode:num_saved_toekens=704
DEBUG 08-14 23:18:02 open_ai.py:452] good request:https://u722127-b80a-4e3f9d5d.cqa1.seetacloud.com:8443:good,request._id=438,input=881,output=709
DEBUG 08-14 23:18:02 metrics_store.py:131] update_metrics:request_id=438
DEBUG 08-14 23:18:02 shared.py:180] Removed task for request 438 on https://u722127-b80a-4e3f9d5d.cqa1.seetacloud.com:8443
DEBUG 08-14 23:18:02 replica.py:171] complete_request_decode:num_saved_toekens=160
DEBUG 08-14 23:18:02 open_ai.py:452] good request:https://uu722127-b80a-4e3f9d5d.cqa1.seetacloud.com:8443:good,request._id=473,input=781,output=160
DEBUG 08-14 23:18:02 metrics_store.py:131] update_metrics:request_id=473
DEBUG 08-14 23:18:02 shared.py:180] Removed task for request 473 on https://uu722127-b80a-4e3f9d5d.cqa1.seetacloud.com:8443
DEBUG 08-14 23:18:02 replica.py:171] complete_request_decode:num_saved_toekens=432
DEBUG 08-14 23:18:02 open_ai.py:452] good request:127.0.0.1:8000:good,request._id=471,input=206,output=427
DEBUG 08-14 23:18:02 metrics_store.py:131] update_metrics:request_id=471
DEBUG 08-14 23:18:02 shared.py:180] Removed task for request 471 on 127.0.0.1:8000
DEBUG 08-14 23:18:03 replica.py:171] complete_request_decode:num_saved_toekens=720
DEBUG 08-14 23:18:03 open_ai.py:452] good request:https://u722127-b80a-4e3f9d5d.cqa1.seetacloud.com:8443:good,request._id=436,input=162,output=731
DEBUG 08-14 23:18:03 metrics_store.py:131] update_metrics:request_id=436
DEBUG 08-14 23:18:03 shared.py:180] Removed task for request 436 on https://u722127-b80a-4e3f9d5d.cqa1.seetacloud.com:8443
DEBUG 08-14 23:18:03 replica.py:171] complete_request_decode:num_saved_toekens=768
DEBUG 08-14 23:18:03 open_ai.py:452] good request:127.0.0.1:8000:good,request._id=388,input=172,output=757
DEBUG 08-14 23:18:03 metrics_store.py:131] update_metrics:request_id=388
DEBUG 08-14 23:18:03 replica.py:171] complete_request_decode:num_saved_toekens=704
DEBUG 08-14 23:18:03 open_ai.py:452] good request:https://u722127-b80a-4e3f9d5d.cqa1.seetacloud.com:8443:good,request._id=278,input=146,output=710
DEBUG 08-14 23:18:03 metrics_store.py:131] update_metrics:request_id=278
DEBUG 08-14 23:18:03 shared.py:180] Removed task for request 388 on 127.0.0.1:8000
DEBUG 08-14 23:18:03 shared.py:180] Removed task for request 278 on https://u722127-b80a-4e3f9d5d.cqa1.seetacloud.com:8443
INFO 08-14 23:18:03 shared.py:299] Adding task for request 494 to replica 2,session_id=15
DEBUG 08-14 23:18:03 replica.py:226] add_request - replica_id=[2], request=494,self.replica_slo_budget-sum_pending_tokens==current_budget:True,1048576-6827==1041749
INFO 08-14 23:18:03 open_ai.py:115] async_send_request:request._id=494,session=15,https://u722127-b80a-4e3f9d5d.cqa1.seetacloud.com:8443
DEBUG 08-14 23:18:03 replica.py:171] complete_request_decode:num_saved_toekens=976
DEBUG 08-14 23:18:03 open_ai.py:452] good request:127.0.0.1:8001:good,request._id=295,input=172,output=974
DEBUG 08-14 23:18:03 metrics_store.py:131] update_metrics:request_id=295
DEBUG 08-14 23:18:03 shared.py:180] Removed task for request 295 on 127.0.0.1:8001
DEBUG 08-14 23:18:03 replica.py:171] complete_request_decode:num_saved_toekens=896
DEBUG 08-14 23:18:03 open_ai.py:452] good request:127.0.0.1:8001:good,request._id=340,input=160,output=906
DEBUG 08-14 23:18:03 metrics_store.py:131] update_metrics:request_id=340
DEBUG 08-14 23:18:03 shared.py:180] Removed task for request 340 on 127.0.0.1:8001
DEBUG 08-14 23:18:03 open_ai.py:335] async_send_request: request finish prefill, 494
INFO 08-14 23:18:03 open_ai.py:352] async_send_request: prefill completed: req=494,replica_id=2
DEBUG 08-14 23:18:03 replica.py:146] complete_request_prefill: replica_id=[2], request=494, current_budget=6827,last_prefill_completed_at=30614691.74788252,last_ttft=26.9916
DEBUG 08-14 23:18:03 replica.py:153] complete_request_prefill - replica_id=[2], request=494,self.replica_slo_budget-sum_pending_tokens==current_budget:True,1048576-0==1048576
DEBUG 08-14 23:18:03 replica.py:171] complete_request_decode:num_saved_toekens=640
DEBUG 08-14 23:18:03 replica.py:171] complete_request_decode:num_saved_toekens=656
DEBUG 08-14 23:18:03 open_ai.py:452] good request:https://uu722127-b80a-4e3f9d5d.cqa1.seetacloud.com:8443:good,request._id=476,input=186,output=646
DEBUG 08-14 23:18:03 replica.py:171] complete_request_decode:num_saved_toekens=736
DEBUG 08-14 23:18:03 open_ai.py:452] good request:https://u722127-b80a-4e3f9d5d.cqa1.seetacloud.com:8443:good,request._id=315,input=144,output=743
DEBUG 08-14 23:18:03 open_ai.py:452] good request:https://u722127-b80a-4e3f9d5d.cqa1.seetacloud.com:8443:good,request._id=480,input=231,output=634
DEBUG 08-14 23:18:03 metrics_store.py:131] update_metrics:request_id=476
DEBUG 08-14 23:18:03 metrics_store.py:131] update_metrics:request_id=315
DEBUG 08-14 23:18:03 metrics_store.py:131] update_metrics:request_id=480
DEBUG 08-14 23:18:03 shared.py:180] Removed task for request 476 on https://uu722127-b80a-4e3f9d5d.cqa1.seetacloud.com:8443
DEBUG 08-14 23:18:03 shared.py:180] Removed task for request 315 on https://u722127-b80a-4e3f9d5d.cqa1.seetacloud.com:8443
DEBUG 08-14 23:18:03 shared.py:180] Removed task for request 480 on https://u722127-b80a-4e3f9d5d.cqa1.seetacloud.com:8443
DEBUG 08-14 23:18:03 replica.py:171] complete_request_decode:num_saved_toekens=736
DEBUG 08-14 23:18:03 open_ai.py:452] good request:https://uu722127-b80a-4e3f9d5d.cqa1.seetacloud.com:8443:good,request._id=403,input=154,output=727
DEBUG 08-14 23:18:03 metrics_store.py:131] update_metrics:request_id=403
DEBUG 08-14 23:18:03 shared.py:180] Removed task for request 403 on https://uu722127-b80a-4e3f9d5d.cqa1.seetacloud.com:8443
DEBUG 08-14 23:18:03 replica.py:171] complete_request_decode:num_saved_toekens=544
DEBUG 08-14 23:18:03 open_ai.py:452] good request:127.0.0.1:8000:good,request._id=389,input=2017,output=552
DEBUG 08-14 23:18:03 metrics_store.py:131] update_metrics:request_id=389
DEBUG 08-14 23:18:03 shared.py:180] Removed task for request 389 on 127.0.0.1:8000
DEBUG 08-14 23:18:04 replica.py:171] complete_request_decode:num_saved_toekens=752
DEBUG 08-14 23:18:04 open_ai.py:452] good request:https://u722127-b80a-4e3f9d5d.cqa1.seetacloud.com:8443:good,request._id=370,input=158,output=751
DEBUG 08-14 23:18:04 metrics_store.py:131] update_metrics:request_id=370
DEBUG 08-14 23:18:04 shared.py:180] Removed task for request 370 on https://u722127-b80a-4e3f9d5d.cqa1.seetacloud.com:8443
DEBUG 08-14 23:18:04 replica.py:171] complete_request_decode:num_saved_toekens=752
DEBUG 08-14 23:18:04 open_ai.py:452] good request:https://u722127-b80a-4e3f9d5d.cqa1.seetacloud.com:8443:good,request._id=431,input=154,output=752
DEBUG 08-14 23:18:04 metrics_store.py:131] update_metrics:request_id=431
DEBUG 08-14 23:18:04 replica.py:171] complete_request_decode:num_saved_toekens=704
DEBUG 08-14 23:18:04 open_ai.py:452] good request:https://u722127-b80a-4e3f9d5d.cqa1.seetacloud.com:8443:good,request._id=461,input=212,output=707
DEBUG 08-14 23:18:04 metrics_store.py:131] update_metrics:request_id=461
DEBUG 08-14 23:18:04 shared.py:180] Removed task for request 431 on https://u722127-b80a-4e3f9d5d.cqa1.seetacloud.com:8443
DEBUG 08-14 23:18:04 shared.py:180] Removed task for request 461 on https://u722127-b80a-4e3f9d5d.cqa1.seetacloud.com:8443
INFO 08-14 23:18:04 shared.py:299] Adding task for request 477 to replica 2,session_id=51
DEBUG 08-14 23:18:04 replica.py:226] add_request - replica_id=[2], request=477,self.replica_slo_budget-sum_pending_tokens==current_budget:True,1048576-192==1048384
INFO 08-14 23:18:04 open_ai.py:115] async_send_request:request._id=477,session=51,https://u722127-b80a-4e3f9d5d.cqa1.seetacloud.com:8443
DEBUG 08-14 23:18:04 open_ai.py:335] async_send_request: request finish prefill, 477
INFO 08-14 23:18:04 open_ai.py:352] async_send_request: prefill completed: req=477,replica_id=2
DEBUG 08-14 23:18:04 replica.py:146] complete_request_prefill: replica_id=[2], request=477, current_budget=192,last_prefill_completed_at=30614692.507855546,last_ttft=27.9284
DEBUG 08-14 23:18:04 replica.py:153] complete_request_prefill - replica_id=[2], request=477,self.replica_slo_budget-sum_pending_tokens==current_budget:True,1048576-0==1048576
DEBUG 08-14 23:18:04 replica.py:171] complete_request_decode:num_saved_toekens=784
DEBUG 08-14 23:18:04 replica.py:171] complete_request_decode:num_saved_toekens=960
DEBUG 08-14 23:18:04 open_ai.py:452] good request:127.0.0.1:8000:good,request._id=322,input=168,output=959
DEBUG 08-14 23:18:04 open_ai.py:452] good request:https://u722127-b80a-4e3f9d5d.cqa1.seetacloud.com:8443:good,request._id=360,input=148,output=783
DEBUG 08-14 23:18:04 metrics_store.py:131] update_metrics:request_id=322
DEBUG 08-14 23:18:04 metrics_store.py:131] update_metrics:request_id=360
DEBUG 08-14 23:18:04 shared.py:180] Removed task for request 322 on 127.0.0.1:8000
DEBUG 08-14 23:18:04 shared.py:180] Removed task for request 360 on https://u722127-b80a-4e3f9d5d.cqa1.seetacloud.com:8443
DEBUG 08-14 23:18:04 replica.py:171] complete_request_decode:num_saved_toekens=960
DEBUG 08-14 23:18:04 open_ai.py:452] good request:127.0.0.1:8001:good,request._id=349,input=144,output=973
DEBUG 08-14 23:18:04 metrics_store.py:131] update_metrics:request_id=349
DEBUG 08-14 23:18:04 shared.py:180] Removed task for request 349 on 127.0.0.1:8001
DEBUG 08-14 23:18:04 replica.py:171] complete_request_decode:num_saved_toekens=928
DEBUG 08-14 23:18:04 open_ai.py:452] good request:127.0.0.1:8000:good,request._id=346,input=154,output=923
DEBUG 08-14 23:18:04 metrics_store.py:131] update_metrics:request_id=346
DEBUG 08-14 23:18:04 shared.py:180] Removed task for request 346 on 127.0.0.1:8000
DEBUG 08-14 23:18:04 replica.py:171] complete_request_decode:num_saved_toekens=240
DEBUG 08-14 23:18:04 open_ai.py:452] good request:127.0.0.1:8001:good,request._id=487,input=186,output=234
DEBUG 08-14 23:18:04 metrics_store.py:131] update_metrics:request_id=487
DEBUG 08-14 23:18:04 shared.py:180] Removed task for request 487 on 127.0.0.1:8001
DEBUG 08-14 23:18:04 replica.py:171] complete_request_decode:num_saved_toekens=800
DEBUG 08-14 23:18:04 open_ai.py:452] good request:https://uu722127-b80a-4e3f9d5d.cqa1.seetacloud.com:8443:good,request._id=338,input=172,output=801
DEBUG 08-14 23:18:04 metrics_store.py:131] update_metrics:request_id=338
DEBUG 08-14 23:18:04 shared.py:180] Removed task for request 338 on https://uu722127-b80a-4e3f9d5d.cqa1.seetacloud.com:8443
DEBUG 08-14 23:18:04 replica.py:171] complete_request_decode:num_saved_toekens=624
DEBUG 08-14 23:18:04 open_ai.py:452] good request:127.0.0.1:8001:good,request._id=447,input=180,output=623
DEBUG 08-14 23:18:04 metrics_store.py:131] update_metrics:request_id=447
DEBUG 08-14 23:18:04 shared.py:180] Removed task for request 447 on 127.0.0.1:8001
DEBUG 08-14 23:18:05 replica.py:171] complete_request_decode:num_saved_toekens=1024
DEBUG 08-14 23:18:05 open_ai.py:452] good request:127.0.0.1:8000:good,request._id=296,input=150,output=1024
DEBUG 08-14 23:18:05 metrics_store.py:131] update_metrics:request_id=296
DEBUG 08-14 23:18:05 shared.py:180] Removed task for request 296 on 127.0.0.1:8000
DEBUG 08-14 23:18:05 replica.py:171] complete_request_decode:num_saved_toekens=640
DEBUG 08-14 23:18:05 open_ai.py:452] good request:127.0.0.1:8000:good,request._id=345,input=148,output=636
DEBUG 08-14 23:18:05 metrics_store.py:131] update_metrics:request_id=345
DEBUG 08-14 23:18:05 shared.py:180] Removed task for request 345 on 127.0.0.1:8000
DEBUG 08-14 23:18:05 replica.py:171] complete_request_decode:num_saved_toekens=304
DEBUG 08-14 23:18:05 open_ai.py:452] good request:127.0.0.1:8001:good,request._id=455,input=200,output=303
DEBUG 08-14 23:18:05 metrics_store.py:131] update_metrics:request_id=455
DEBUG 08-14 23:18:05 shared.py:180] Removed task for request 455 on 127.0.0.1:8001
DEBUG 08-14 23:18:05 replica.py:171] complete_request_decode:num_saved_toekens=864
DEBUG 08-14 23:18:05 open_ai.py:452] good request:https://uu722127-b80a-4e3f9d5d.cqa1.seetacloud.com:8443:good,request._id=385,input=188,output=865
DEBUG 08-14 23:18:05 metrics_store.py:131] update_metrics:request_id=385
DEBUG 08-14 23:18:05 shared.py:180] Removed task for request 385 on https://uu722127-b80a-4e3f9d5d.cqa1.seetacloud.com:8443
DEBUG 08-14 23:18:05 replica.py:171] complete_request_decode:num_saved_toekens=816
DEBUG 08-14 23:18:05 open_ai.py:452] good request:https://u722127-8cb5-f6dc13db.nmb1.seetacloud.com:8443:good,request._id=237,input=152,output=809
DEBUG 08-14 23:18:05 metrics_store.py:131] update_metrics:request_id=237
DEBUG 08-14 23:18:05 shared.py:180] Removed task for request 237 on https://u722127-8cb5-f6dc13db.nmb1.seetacloud.com:8443
DEBUG 08-14 23:18:05 replica.py:171] complete_request_decode:num_saved_toekens=816
DEBUG 08-14 23:18:05 open_ai.py:452] good request:https://u722127-8cb5-f6dc13db.nmb1.seetacloud.com:8443:good,request._id=133,input=162,output=824
DEBUG 08-14 23:18:05 metrics_store.py:131] update_metrics:request_id=133
DEBUG 08-14 23:18:05 shared.py:180] Removed task for request 133 on https://u722127-8cb5-f6dc13db.nmb1.seetacloud.com:8443
DEBUG 08-14 23:18:05 replica.py:171] complete_request_decode:num_saved_toekens=416
DEBUG 08-14 23:18:05 open_ai.py:452] good request:https://uu722127-b80a-4e3f9d5d.cqa1.seetacloud.com:8443:good,request._id=422,input=154,output=416
DEBUG 08-14 23:18:05 metrics_store.py:131] update_metrics:request_id=422
DEBUG 08-14 23:18:05 shared.py:180] Removed task for request 422 on https://uu722127-b80a-4e3f9d5d.cqa1.seetacloud.com:8443
DEBUG 08-14 23:18:05 replica.py:171] complete_request_decode:num_saved_toekens=896
DEBUG 08-14 23:18:05 open_ai.py:452] good request:https://uu722127-b80a-4e3f9d5d.cqa1.seetacloud.com:8443:good,request._id=440,input=1051,output=891
DEBUG 08-14 23:18:05 metrics_store.py:131] update_metrics:request_id=440
DEBUG 08-14 23:18:05 shared.py:180] Removed task for request 440 on https://uu722127-b80a-4e3f9d5d.cqa1.seetacloud.com:8443
DEBUG 08-14 23:18:05 replica.py:171] complete_request_decode:num_saved_toekens=768
DEBUG 08-14 23:18:05 open_ai.py:452] good request:https://u722127-8cb5-f6dc13db.nmb1.seetacloud.com:8443:good,request._id=353,input=172,output=760
DEBUG 08-14 23:18:05 metrics_store.py:131] update_metrics:request_id=353
DEBUG 08-14 23:18:05 shared.py:180] Removed task for request 353 on https://u722127-8cb5-f6dc13db.nmb1.seetacloud.com:8443
DEBUG 08-14 23:18:06 replica.py:171] complete_request_decode:num_saved_toekens=896
DEBUG 08-14 23:18:06 open_ai.py:452] good request:https://u722127-b80a-4e3f9d5d.cqa1.seetacloud.com:8443:good,request._id=386,input=184,output=899
DEBUG 08-14 23:18:06 metrics_store.py:131] update_metrics:request_id=386
DEBUG 08-14 23:18:06 shared.py:180] Removed task for request 386 on https://u722127-b80a-4e3f9d5d.cqa1.seetacloud.com:8443
DEBUG 08-14 23:18:06 replica.py:171] complete_request_decode:num_saved_toekens=896
DEBUG 08-14 23:18:06 open_ai.py:452] good request:https://u722127-b80a-4e3f9d5d.cqa1.seetacloud.com:8443:good,request._id=432,input=166,output=892
DEBUG 08-14 23:18:06 metrics_store.py:131] update_metrics:request_id=432
DEBUG 08-14 23:18:06 shared.py:180] Removed task for request 432 on https://u722127-b80a-4e3f9d5d.cqa1.seetacloud.com:8443
DEBUG 08-14 23:18:06 replica.py:171] complete_request_decode:num_saved_toekens=672
DEBUG 08-14 23:18:06 open_ai.py:452] good request:127.0.0.1:8000:good,request._id=373,input=146,output=674
DEBUG 08-14 23:18:06 metrics_store.py:131] update_metrics:request_id=373
DEBUG 08-14 23:18:06 shared.py:180] Removed task for request 373 on 127.0.0.1:8000
DEBUG 08-14 23:18:06 replica.py:171] complete_request_decode:num_saved_toekens=832
DEBUG 08-14 23:18:06 open_ai.py:452] good request:127.0.0.1:8000:good,request._id=418,input=158,output=824
DEBUG 08-14 23:18:06 metrics_store.py:131] update_metrics:request_id=418
DEBUG 08-14 23:18:06 shared.py:180] Removed task for request 418 on 127.0.0.1:8000
DEBUG 08-14 23:18:06 replica.py:171] complete_request_decode:num_saved_toekens=928
DEBUG 08-14 23:18:06 open_ai.py:452] good request:https://uu722127-b80a-4e3f9d5d.cqa1.seetacloud.com:8443:good,request._id=369,input=184,output=923
DEBUG 08-14 23:18:06 metrics_store.py:131] update_metrics:request_id=369
DEBUG 08-14 23:18:06 shared.py:180] Removed task for request 369 on https://uu722127-b80a-4e3f9d5d.cqa1.seetacloud.com:8443
DEBUG 08-14 23:18:06 replica.py:171] complete_request_decode:num_saved_toekens=448
DEBUG 08-14 23:18:06 open_ai.py:452] good request:https://uu722127-b80a-4e3f9d5d.cqa1.seetacloud.com:8443:good,request._id=454,input=234,output=446
DEBUG 08-14 23:18:06 metrics_store.py:131] update_metrics:request_id=454
DEBUG 08-14 23:18:06 shared.py:180] Removed task for request 454 on https://uu722127-b80a-4e3f9d5d.cqa1.seetacloud.com:8443
DEBUG 08-14 23:18:06 replica.py:171] complete_request_decode:num_saved_toekens=912
DEBUG 08-14 23:18:06 open_ai.py:452] good request:https://u722127-b80a-4e3f9d5d.cqa1.seetacloud.com:8443:good,request._id=446,input=196,output=909
DEBUG 08-14 23:18:06 metrics_store.py:131] update_metrics:request_id=446
DEBUG 08-14 23:18:06 shared.py:180] Removed task for request 446 on https://u722127-b80a-4e3f9d5d.cqa1.seetacloud.com:8443
DEBUG 08-14 23:18:07 replica.py:171] complete_request_decode:num_saved_toekens=992
DEBUG 08-14 23:18:07 open_ai.py:452] good request:https://u722127-b80a-4e3f9d5d.cqa1.seetacloud.com:8443:good,request._id=407,input=174,output=985
DEBUG 08-14 23:18:07 metrics_store.py:131] update_metrics:request_id=407
DEBUG 08-14 23:18:07 shared.py:180] Removed task for request 407 on https://u722127-b80a-4e3f9d5d.cqa1.seetacloud.com:8443
DEBUG 08-14 23:18:07 replica.py:171] complete_request_decode:num_saved_toekens=1024
DEBUG 08-14 23:18:07 open_ai.py:452] good request:https://u722127-b80a-4e3f9d5d.cqa1.seetacloud.com:8443:good,request._id=339,input=174,output=1024
DEBUG 08-14 23:18:07 metrics_store.py:131] update_metrics:request_id=339
DEBUG 08-14 23:18:07 shared.py:180] Removed task for request 339 on https://u722127-b80a-4e3f9d5d.cqa1.seetacloud.com:8443
DEBUG 08-14 23:18:07 replica.py:171] complete_request_decode:num_saved_toekens=1024
DEBUG 08-14 23:18:07 open_ai.py:452] good request:https://uu722127-b80a-4e3f9d5d.cqa1.seetacloud.com:8443:good,request._id=328,input=175,output=1023
DEBUG 08-14 23:18:07 metrics_store.py:131] update_metrics:request_id=328
DEBUG 08-14 23:18:07 shared.py:180] Removed task for request 328 on https://uu722127-b80a-4e3f9d5d.cqa1.seetacloud.com:8443
DEBUG 08-14 23:18:07 replica.py:171] complete_request_decode:num_saved_toekens=752
DEBUG 08-14 23:18:07 replica.py:171] complete_request_decode:num_saved_toekens=1024
DEBUG 08-14 23:18:07 open_ai.py:452] good request:https://uu722127-b80a-4e3f9d5d.cqa1.seetacloud.com:8443:good,request._id=359,input=146,output=1024
DEBUG 08-14 23:18:07 metrics_store.py:131] update_metrics:request_id=359
DEBUG 08-14 23:18:07 shared.py:180] Removed task for request 359 on https://uu722127-b80a-4e3f9d5d.cqa1.seetacloud.com:8443
DEBUG 08-14 23:18:07 open_ai.py:452] good request:https://u722127-8cb5-f6dc13db.nmb1.seetacloud.com:8443:good,request._id=390,input=158,output=748
DEBUG 08-14 23:18:07 metrics_store.py:131] update_metrics:request_id=390
DEBUG 08-14 23:18:07 shared.py:180] Removed task for request 390 on https://u722127-8cb5-f6dc13db.nmb1.seetacloud.com:8443
DEBUG 08-14 23:18:07 replica.py:171] complete_request_decode:num_saved_toekens=1024
DEBUG 08-14 23:18:07 replica.py:171] complete_request_decode:num_saved_toekens=1024
DEBUG 08-14 23:18:07 open_ai.py:452] good request:https://uu722127-b80a-4e3f9d5d.cqa1.seetacloud.com:8443:good,request._id=415,input=154,output=1024
DEBUG 08-14 23:18:07 open_ai.py:452] good request:https://uu722127-b80a-4e3f9d5d.cqa1.seetacloud.com:8443:good,request._id=420,input=174,output=1024
DEBUG 08-14 23:18:07 metrics_store.py:131] update_metrics:request_id=415
DEBUG 08-14 23:18:07 metrics_store.py:131] update_metrics:request_id=420
DEBUG 08-14 23:18:07 shared.py:180] Removed task for request 415 on https://uu722127-b80a-4e3f9d5d.cqa1.seetacloud.com:8443
DEBUG 08-14 23:18:07 shared.py:180] Removed task for request 420 on https://uu722127-b80a-4e3f9d5d.cqa1.seetacloud.com:8443
DEBUG 08-14 23:18:08 replica.py:171] complete_request_decode:num_saved_toekens=592
DEBUG 08-14 23:18:08 open_ai.py:452] good request:https://u722127-b80a-4e3f9d5d.cqa1.seetacloud.com:8443:good,request._id=423,input=148,output=598
DEBUG 08-14 23:18:08 metrics_store.py:131] update_metrics:request_id=423
DEBUG 08-14 23:18:08 shared.py:180] Removed task for request 423 on https://u722127-b80a-4e3f9d5d.cqa1.seetacloud.com:8443
DEBUG 08-14 23:18:08 replica.py:171] complete_request_decode:num_saved_toekens=832
DEBUG 08-14 23:18:08 open_ai.py:452] good request:127.0.0.1:8001:good,request._id=367,input=146,output=842
DEBUG 08-14 23:18:08 metrics_store.py:131] update_metrics:request_id=367
DEBUG 08-14 23:18:08 shared.py:180] Removed task for request 367 on 127.0.0.1:8001
DEBUG 08-14 23:18:08 replica.py:171] complete_request_decode:num_saved_toekens=1024
DEBUG 08-14 23:18:08 open_ai.py:452] good request:127.0.0.1:8000:good,request._id=396,input=156,output=1024
DEBUG 08-14 23:18:08 metrics_store.py:131] update_metrics:request_id=396
DEBUG 08-14 23:18:08 shared.py:180] Removed task for request 396 on 127.0.0.1:8000
DEBUG 08-14 23:18:08 replica.py:171] complete_request_decode:num_saved_toekens=800
DEBUG 08-14 23:18:08 open_ai.py:452] good request:127.0.0.1:8000:good,request._id=457,input=1341,output=789
DEBUG 08-14 23:18:08 metrics_store.py:131] update_metrics:request_id=457
DEBUG 08-14 23:18:08 shared.py:180] Removed task for request 457 on 127.0.0.1:8000
DEBUG 08-14 23:18:08 replica.py:171] complete_request_decode:num_saved_toekens=832
DEBUG 08-14 23:18:08 open_ai.py:452] good request:127.0.0.1:8000:good,request._id=402,input=154,output=825
DEBUG 08-14 23:18:08 metrics_store.py:131] update_metrics:request_id=402
DEBUG 08-14 23:18:08 shared.py:180] Removed task for request 402 on 127.0.0.1:8000
DEBUG 08-14 23:18:08 replica.py:171] complete_request_decode:num_saved_toekens=1024
DEBUG 08-14 23:18:08 open_ai.py:452] good request:https://u722127-b80a-4e3f9d5d.cqa1.seetacloud.com:8443:good,request._id=486,input=188,output=1024
DEBUG 08-14 23:18:08 metrics_store.py:131] update_metrics:request_id=486
DEBUG 08-14 23:18:08 shared.py:180] Removed task for request 486 on https://u722127-b80a-4e3f9d5d.cqa1.seetacloud.com:8443
DEBUG 08-14 23:18:08 replica.py:171] complete_request_decode:num_saved_toekens=880
DEBUG 08-14 23:18:08 open_ai.py:452] good request:127.0.0.1:8001:good,request._id=387,input=142,output=880
DEBUG 08-14 23:18:08 metrics_store.py:131] update_metrics:request_id=387
DEBUG 08-14 23:18:08 shared.py:180] Removed task for request 387 on 127.0.0.1:8001
DEBUG 08-14 23:18:08 replica.py:171] complete_request_decode:num_saved_toekens=352
DEBUG 08-14 23:18:08 open_ai.py:452] good request:https://u722127-b80a-4e3f9d5d.cqa1.seetacloud.com:8443:good,request._id=477,input=192,output=363
DEBUG 08-14 23:18:08 metrics_store.py:131] update_metrics:request_id=477
DEBUG 08-14 23:18:08 shared.py:180] Removed task for request 477 on https://u722127-b80a-4e3f9d5d.cqa1.seetacloud.com:8443
DEBUG 08-14 23:18:09 replica.py:171] complete_request_decode:num_saved_toekens=880
DEBUG 08-14 23:18:09 open_ai.py:452] good request:127.0.0.1:8000:good,request._id=327,input=192,output=883
DEBUG 08-14 23:18:09 metrics_store.py:131] update_metrics:request_id=327
DEBUG 08-14 23:18:09 shared.py:180] Removed task for request 327 on 127.0.0.1:8000
DEBUG 08-14 23:18:09 replica.py:171] complete_request_decode:num_saved_toekens=720
DEBUG 08-14 23:18:09 open_ai.py:452] good request:https://u722127-b80a-4e3f9d5d.cqa1.seetacloud.com:8443:good,request._id=434,input=978,output=730
DEBUG 08-14 23:18:09 metrics_store.py:131] update_metrics:request_id=434
DEBUG 08-14 23:18:09 shared.py:180] Removed task for request 434 on https://u722127-b80a-4e3f9d5d.cqa1.seetacloud.com:8443
DEBUG 08-14 23:18:10 replica.py:171] complete_request_decode:num_saved_toekens=672
DEBUG 08-14 23:18:10 open_ai.py:452] good request:https://uu722127-b80a-4e3f9d5d.cqa1.seetacloud.com:8443:good,request._id=496,input=5245,output=672
DEBUG 08-14 23:18:10 metrics_store.py:131] update_metrics:request_id=496
DEBUG 08-14 23:18:10 shared.py:180] Removed task for request 496 on https://uu722127-b80a-4e3f9d5d.cqa1.seetacloud.com:8443
DEBUG 08-14 23:18:10 replica.py:171] complete_request_decode:num_saved_toekens=960
DEBUG 08-14 23:18:10 open_ai.py:452] good request:127.0.0.1:8001:good,request._id=408,input=172,output=958
DEBUG 08-14 23:18:10 metrics_store.py:131] update_metrics:request_id=408
DEBUG 08-14 23:18:10 shared.py:180] Removed task for request 408 on 127.0.0.1:8001
DEBUG 08-14 23:18:10 replica.py:171] complete_request_decode:num_saved_toekens=768
DEBUG 08-14 23:18:10 open_ai.py:452] good request:https://uu722127-b80a-4e3f9d5d.cqa1.seetacloud.com:8443:good,request._id=421,input=206,output=762
DEBUG 08-14 23:18:10 metrics_store.py:131] update_metrics:request_id=421
DEBUG 08-14 23:18:10 shared.py:180] Removed task for request 421 on https://uu722127-b80a-4e3f9d5d.cqa1.seetacloud.com:8443
DEBUG 08-14 23:18:10 replica.py:171] complete_request_decode:num_saved_toekens=800
DEBUG 08-14 23:18:10 open_ai.py:452] good request:https://uu722127-b80a-4e3f9d5d.cqa1.seetacloud.com:8443:good,request._id=427,input=152,output=796
DEBUG 08-14 23:18:10 metrics_store.py:131] update_metrics:request_id=427
DEBUG 08-14 23:18:10 shared.py:180] Removed task for request 427 on https://uu722127-b80a-4e3f9d5d.cqa1.seetacloud.com:8443
DEBUG 08-14 23:18:11 replica.py:171] complete_request_decode:num_saved_toekens=832
DEBUG 08-14 23:18:11 open_ai.py:452] good request:https://uu722127-b80a-4e3f9d5d.cqa1.seetacloud.com:8443:good,request._id=392,input=166,output=827
DEBUG 08-14 23:18:11 metrics_store.py:131] update_metrics:request_id=392
DEBUG 08-14 23:18:11 shared.py:180] Removed task for request 392 on https://uu722127-b80a-4e3f9d5d.cqa1.seetacloud.com:8443
DEBUG 08-14 23:18:11 replica.py:171] complete_request_decode:num_saved_toekens=896
DEBUG 08-14 23:18:11 open_ai.py:452] good request:https://u722127-8cb5-f6dc13db.nmb1.seetacloud.com:8443:good,request._id=391,input=140,output=890
DEBUG 08-14 23:18:11 metrics_store.py:131] update_metrics:request_id=391
DEBUG 08-14 23:18:11 shared.py:180] Removed task for request 391 on https://u722127-8cb5-f6dc13db.nmb1.seetacloud.com:8443
DEBUG 08-14 23:18:11 replica.py:171] complete_request_decode:num_saved_toekens=1024
DEBUG 08-14 23:18:11 open_ai.py:452] good request:127.0.0.1:8001:good,request._id=343,input=172,output=1024
DEBUG 08-14 23:18:11 metrics_store.py:131] update_metrics:request_id=343
DEBUG 08-14 23:18:11 shared.py:180] Removed task for request 343 on 127.0.0.1:8001
DEBUG 08-14 23:18:11 replica.py:171] complete_request_decode:num_saved_toekens=464
DEBUG 08-14 23:18:11 open_ai.py:452] good request:https://u722127-8cb5-f6dc13db.nmb1.seetacloud.com:8443:good,request._id=452,input=184,output=456
DEBUG 08-14 23:18:11 metrics_store.py:131] update_metrics:request_id=452
DEBUG 08-14 23:18:11 shared.py:180] Removed task for request 452 on https://u722127-8cb5-f6dc13db.nmb1.seetacloud.com:8443
DEBUG 08-14 23:18:11 replica.py:171] complete_request_decode:num_saved_toekens=1024
DEBUG 08-14 23:18:11 open_ai.py:452] good request:127.0.0.1:8001:good,request._id=456,input=2065,output=1024
DEBUG 08-14 23:18:11 metrics_store.py:131] update_metrics:request_id=456
DEBUG 08-14 23:18:11 shared.py:180] Removed task for request 456 on 127.0.0.1:8001
DEBUG 08-14 23:18:11 replica.py:171] complete_request_decode:num_saved_toekens=1024
DEBUG 08-14 23:18:11 open_ai.py:452] good request:127.0.0.1:8000:good,request._id=337,input=170,output=1024
DEBUG 08-14 23:18:11 metrics_store.py:131] update_metrics:request_id=337
DEBUG 08-14 23:18:11 shared.py:180] Removed task for request 337 on 127.0.0.1:8000
DEBUG 08-14 23:18:11 replica.py:171] complete_request_decode:num_saved_toekens=1024
DEBUG 08-14 23:18:11 open_ai.py:452] good request:127.0.0.1:8000:good,request._id=416,input=156,output=1024
DEBUG 08-14 23:18:11 metrics_store.py:131] update_metrics:request_id=416
DEBUG 08-14 23:18:11 shared.py:180] Removed task for request 416 on 127.0.0.1:8000
DEBUG 08-14 23:18:13 replica.py:171] complete_request_decode:num_saved_toekens=976
DEBUG 08-14 23:18:13 open_ai.py:452] good request:https://uu722127-b80a-4e3f9d5d.cqa1.seetacloud.com:8443:good,request._id=430,input=162,output=989
DEBUG 08-14 23:18:13 metrics_store.py:131] update_metrics:request_id=430
DEBUG 08-14 23:18:13 shared.py:180] Removed task for request 430 on https://uu722127-b80a-4e3f9d5d.cqa1.seetacloud.com:8443
DEBUG 08-14 23:18:13 replica.py:171] complete_request_decode:num_saved_toekens=1024
DEBUG 08-14 23:18:13 open_ai.py:452] good request:https://u722127-b80a-4e3f9d5d.cqa1.seetacloud.com:8443:good,request._id=428,input=154,output=1024
DEBUG 08-14 23:18:13 metrics_store.py:131] update_metrics:request_id=428
DEBUG 08-14 23:18:13 shared.py:180] Removed task for request 428 on https://u722127-b80a-4e3f9d5d.cqa1.seetacloud.com:8443
DEBUG 08-14 23:18:13 replica.py:171] complete_request_decode:num_saved_toekens=1024
DEBUG 08-14 23:18:13 open_ai.py:452] good request:https://uu722127-b80a-4e3f9d5d.cqa1.seetacloud.com:8443:good,request._id=399,input=174,output=1024
DEBUG 08-14 23:18:13 metrics_store.py:131] update_metrics:request_id=399
DEBUG 08-14 23:18:13 shared.py:180] Removed task for request 399 on https://uu722127-b80a-4e3f9d5d.cqa1.seetacloud.com:8443
DEBUG 08-14 23:18:13 replica.py:171] complete_request_decode:num_saved_toekens=832
DEBUG 08-14 23:18:13 open_ai.py:452] good request:https://u722127-8cb5-f6dc13db.nmb1.seetacloud.com:8443:good,request._id=384,input=192,output=837
DEBUG 08-14 23:18:13 metrics_store.py:131] update_metrics:request_id=384
DEBUG 08-14 23:18:13 shared.py:180] Removed task for request 384 on https://u722127-8cb5-f6dc13db.nmb1.seetacloud.com:8443
DEBUG 08-14 23:18:14 replica.py:171] complete_request_decode:num_saved_toekens=848
DEBUG 08-14 23:18:14 open_ai.py:452] good request:https://u722127-8cb5-f6dc13db.nmb1.seetacloud.com:8443:good,request._id=409,input=170,output=843
DEBUG 08-14 23:18:14 metrics_store.py:131] update_metrics:request_id=409
DEBUG 08-14 23:18:14 shared.py:180] Removed task for request 409 on https://u722127-8cb5-f6dc13db.nmb1.seetacloud.com:8443
DEBUG 08-14 23:18:16 replica.py:171] complete_request_decode:num_saved_toekens=1024
DEBUG 08-14 23:18:16 open_ai.py:452] good request:https://u722127-b80a-4e3f9d5d.cqa1.seetacloud.com:8443:good,request._id=494,input=6827,output=1024
DEBUG 08-14 23:18:16 metrics_store.py:131] update_metrics:request_id=494
DEBUG 08-14 23:18:16 shared.py:180] Removed task for request 494 on https://u722127-b80a-4e3f9d5d.cqa1.seetacloud.com:8443
DEBUG 08-14 23:18:18 replica.py:171] complete_request_decode:num_saved_toekens=1024
DEBUG 08-14 23:18:18 open_ai.py:452] good request:https://u722127-8cb5-f6dc13db.nmb1.seetacloud.com:8443:good,request._id=362,input=150,output=1024
DEBUG 08-14 23:18:18 metrics_store.py:131] update_metrics:request_id=362
DEBUG 08-14 23:18:18 shared.py:180] Removed task for request 362 on https://u722127-8cb5-f6dc13db.nmb1.seetacloud.com:8443
DEBUG 08-14 23:18:19 replica.py:171] complete_request_decode:num_saved_toekens=800
DEBUG 08-14 23:18:19 open_ai.py:452] good request:https://u722127-8cb5-f6dc13db.nmb1.seetacloud.com:8443:good,request._id=429,input=166,output=796
DEBUG 08-14 23:18:19 metrics_store.py:131] update_metrics:request_id=429
DEBUG 08-14 23:18:19 shared.py:180] Removed task for request 429 on https://u722127-8cb5-f6dc13db.nmb1.seetacloud.com:8443
INFO 08-14 23:18:21 run_cluster.py:404] Validation passed: rows=500 successes=500 unique=500
