INFO 08-14 23:19:18 launcher.py:102] init_router: ravel_unified
INFO 08-14 23:19:18 request_generator.py:339] Generating 500 JITServe requests with SLO profile=paper_collective, ratio=None, native_mean_gap=0.0227s, time_scale=0.0833, arrival_speedup=12.0000
INFO 08-14 23:19:19 shared.py:299] Adding task for request 0 to replica 2,session_id=0
DEBUG 08-14 23:19:19 replica.py:226] add_request - replica_id=[2], request=0,self.replica_slo_budget-sum_pending_tokens==current_budget:True,1048576-383==1048193
INFO 08-14 23:19:19 open_ai.py:115] async_send_request:request._id=0,session=0,https://u722127-b80a-4e3f9d5d.cqa1.seetacloud.com:8443
INFO 08-14 23:19:19 shared.py:299] Adding task for request 1 to replica 3,session_id=1
DEBUG 08-14 23:19:19 replica.py:226] add_request - replica_id=[3], request=1,self.replica_slo_budget-sum_pending_tokens==current_budget:True,1048576-341==1048235
INFO 08-14 23:19:19 open_ai.py:115] async_send_request:request._id=1,session=1,https://uu722127-b80a-4e3f9d5d.cqa1.seetacloud.com:8443
INFO 08-14 23:19:19 shared.py:299] Adding task for request 2 to replica 3,session_id=2
DEBUG 08-14 23:19:19 replica.py:226] add_request - replica_id=[3], request=2,self.replica_slo_budget-sum_pending_tokens==current_budget:True,1048576-697==1047879
INFO 08-14 23:19:19 open_ai.py:115] async_send_request:request._id=2,session=2,https://uu722127-b80a-4e3f9d5d.cqa1.seetacloud.com:8443
INFO 08-14 23:19:19 shared.py:299] Adding task for request 4 to replica 0,session_id=4
DEBUG 08-14 23:19:19 replica.py:226] add_request - replica_id=[0], request=4,self.replica_slo_budget-sum_pending_tokens==current_budget:True,1048576-351==1048225
INFO 08-14 23:19:19 shared.py:299] Adding task for request 3 to replica 2,session_id=3
DEBUG 08-14 23:19:19 replica.py:226] add_request - replica_id=[2], request=3,self.replica_slo_budget-sum_pending_tokens==current_budget:True,1048576-736==1047840
INFO 08-14 23:19:19 open_ai.py:115] async_send_request:request._id=4,session=4,127.0.0.1:8000
INFO 08-14 23:19:19 open_ai.py:115] async_send_request:request._id=3,session=3,https://u722127-b80a-4e3f9d5d.cqa1.seetacloud.com:8443
INFO 08-14 23:19:19 shared.py:299] Adding task for request 5 to replica 1,session_id=5
DEBUG 08-14 23:19:19 replica.py:226] add_request - replica_id=[1], request=5,self.replica_slo_budget-sum_pending_tokens==current_budget:True,1048576-349==1048227
INFO 08-14 23:19:19 open_ai.py:115] async_send_request:request._id=5,session=5,127.0.0.1:8001
INFO 08-14 23:19:19 shared.py:299] Adding task for request 10 to replica 2,session_id=0
DEBUG 08-14 23:19:19 replica.py:226] add_request - replica_id=[2], request=10,self.replica_slo_budget-sum_pending_tokens==current_budget:True,1048576-890==1047686
INFO 08-14 23:19:19 shared.py:299] Adding task for request 11 to replica 1,session_id=0
DEBUG 08-14 23:19:19 replica.py:226] add_request - replica_id=[1], request=11,self.replica_slo_budget-sum_pending_tokens==current_budget:True,1048576-495==1048081
INFO 08-14 23:19:19 shared.py:299] Adding task for request 6 to replica 3,session_id=1
DEBUG 08-14 23:19:19 replica.py:226] add_request - replica_id=[3], request=6,self.replica_slo_budget-sum_pending_tokens==current_budget:True,1048576-839==1047737
INFO 08-14 23:19:19 open_ai.py:115] async_send_request:request._id=10,session=0,https://u722127-b80a-4e3f9d5d.cqa1.seetacloud.com:8443
INFO 08-14 23:19:19 open_ai.py:115] async_send_request:request._id=11,session=0,127.0.0.1:8001
INFO 08-14 23:19:19 open_ai.py:115] async_send_request:request._id=6,session=1,https://uu722127-b80a-4e3f9d5d.cqa1.seetacloud.com:8443
INFO 08-14 23:19:19 shared.py:299] Adding task for request 7 to replica 0,session_id=6
DEBUG 08-14 23:19:19 replica.py:226] add_request - replica_id=[0], request=7,self.replica_slo_budget-sum_pending_tokens==current_budget:True,1048576-731==1047845
INFO 08-14 23:19:19 shared.py:299] Adding task for request 8 to replica 4,session_id=7
DEBUG 08-14 23:19:19 replica.py:226] add_request - replica_id=[4], request=8,self.replica_slo_budget-sum_pending_tokens==current_budget:True,1048576-351==1048225
INFO 08-14 23:19:19 open_ai.py:115] async_send_request:request._id=7,session=6,127.0.0.1:8000
INFO 08-14 23:19:19 open_ai.py:115] async_send_request:request._id=8,session=7,https://u722127-8cb5-f6dc13db.nmb1.seetacloud.com:8443
INFO 08-14 23:19:19 shared.py:299] Adding task for request 9 to replica 0,session_id=8
DEBUG 08-14 23:19:19 replica.py:226] add_request - replica_id=[0], request=9,self.replica_slo_budget-sum_pending_tokens==current_budget:True,1048576-1081==1047495
INFO 08-14 23:19:19 open_ai.py:115] async_send_request:request._id=9,session=8,127.0.0.1:8000
INFO 08-14 23:19:19 shared.py:299] Adding task for request 12 to replica 0,session_id=9
DEBUG 08-14 23:19:19 replica.py:226] add_request - replica_id=[0], request=12,self.replica_slo_budget-sum_pending_tokens==current_budget:True,1048576-1454==1047122
INFO 08-14 23:19:19 shared.py:299] Adding task for request 13 to replica 0,session_id=10
DEBUG 08-14 23:19:19 replica.py:226] add_request - replica_id=[0], request=13,self.replica_slo_budget-sum_pending_tokens==current_budget:True,1048576-3482==1045094
INFO 08-14 23:19:19 shared.py:299] Adding task for request 14 to replica 4,session_id=11
DEBUG 08-14 23:19:19 replica.py:226] add_request - replica_id=[4], request=14,self.replica_slo_budget-sum_pending_tokens==current_budget:True,1048576-702==1047874
INFO 08-14 23:19:19 open_ai.py:115] async_send_request:request._id=12,session=9,127.0.0.1:8000
INFO 08-14 23:19:19 open_ai.py:115] async_send_request:request._id=13,session=10,127.0.0.1:8000
INFO 08-14 23:19:19 open_ai.py:115] async_send_request:request._id=14,session=11,https://u722127-8cb5-f6dc13db.nmb1.seetacloud.com:8443
INFO 08-14 23:19:19 shared.py:299] Adding task for request 15 to replica 4,session_id=12
DEBUG 08-14 23:19:19 replica.py:226] add_request - replica_id=[4], request=15,self.replica_slo_budget-sum_pending_tokens==current_budget:True,1048576-1143==1047433
INFO 08-14 23:19:19 open_ai.py:115] async_send_request:request._id=15,session=12,https://u722127-8cb5-f6dc13db.nmb1.seetacloud.com:8443
INFO 08-14 23:19:19 shared.py:299] Adding task for request 16 to replica 0,session_id=13
DEBUG 08-14 23:19:19 replica.py:226] add_request - replica_id=[0], request=16,self.replica_slo_budget-sum_pending_tokens==current_budget:True,1048576-3825==1044751
INFO 08-14 23:19:19 open_ai.py:115] async_send_request:request._id=16,session=13,127.0.0.1:8000
INFO 08-14 23:19:19 shared.py:299] Adding task for request 17 to replica 0,session_id=14
DEBUG 08-14 23:19:19 replica.py:226] add_request - replica_id=[0], request=17,self.replica_slo_budget-sum_pending_tokens==current_budget:True,1048576-4179==1044397
INFO 08-14 23:19:19 open_ai.py:115] async_send_request:request._id=17,session=14,127.0.0.1:8000
INFO 08-14 23:19:19 shared.py:299] Adding task for request 19 to replica 4,session_id=16
DEBUG 08-14 23:19:19 replica.py:226] add_request - replica_id=[4], request=19,self.replica_slo_budget-sum_pending_tokens==current_budget:True,1048576-1487==1047089
INFO 08-14 23:19:19 shared.py:299] Adding task for request 18 to replica 4,session_id=15
DEBUG 08-14 23:19:19 replica.py:226] add_request - replica_id=[4], request=18,self.replica_slo_budget-sum_pending_tokens==current_budget:True,1048576-4923==1043653
INFO 08-14 23:19:19 shared.py:299] Adding task for request 20 to replica 0,session_id=17
DEBUG 08-14 23:19:19 replica.py:226] add_request - replica_id=[0], request=20,self.replica_slo_budget-sum_pending_tokens==current_budget:True,1048576-4523==1044053
INFO 08-14 23:19:19 shared.py:299] Adding task for request 22 to replica 3,session_id=19
DEBUG 08-14 23:19:19 replica.py:226] add_request - replica_id=[3], request=22,self.replica_slo_budget-sum_pending_tokens==current_budget:True,1048576-1186==1047390
INFO 08-14 23:19:19 shared.py:299] Adding task for request 21 to replica 4,session_id=18
DEBUG 08-14 23:19:19 replica.py:226] add_request - replica_id=[4], request=21,self.replica_slo_budget-sum_pending_tokens==current_budget:True,1048576-5276==1043300
INFO 08-14 23:19:19 shared.py:299] Adding task for request 23 to replica 0,session_id=20
DEBUG 08-14 23:19:19 replica.py:226] add_request - replica_id=[0], request=23,self.replica_slo_budget-sum_pending_tokens==current_budget:True,1048576-4930==1043646
INFO 08-14 23:19:19 open_ai.py:115] async_send_request:request._id=19,session=16,https://u722127-8cb5-f6dc13db.nmb1.seetacloud.com:8443
INFO 08-14 23:19:19 open_ai.py:115] async_send_request:request._id=18,session=15,https://u722127-8cb5-f6dc13db.nmb1.seetacloud.com:8443
INFO 08-14 23:19:19 open_ai.py:115] async_send_request:request._id=20,session=17,127.0.0.1:8000
INFO 08-14 23:19:19 open_ai.py:115] async_send_request:request._id=22,session=19,https://uu722127-b80a-4e3f9d5d.cqa1.seetacloud.com:8443
INFO 08-14 23:19:19 open_ai.py:115] async_send_request:request._id=21,session=18,https://u722127-8cb5-f6dc13db.nmb1.seetacloud.com:8443
INFO 08-14 23:19:19 open_ai.py:115] async_send_request:request._id=23,session=20,127.0.0.1:8000
DEBUG 08-14 23:19:19 open_ai.py:335] async_send_request: request finish prefill, 11
INFO 08-14 23:19:19 open_ai.py:352] async_send_request: prefill completed: req=11,replica_id=1
DEBUG 08-14 23:19:19 replica.py:146] complete_request_prefill: replica_id=[1], request=11, current_budget=146,last_prefill_completed_at=30614767.91348445,last_ttft=0.0735
DEBUG 08-14 23:19:19 replica.py:153] complete_request_prefill - replica_id=[1], request=11,self.replica_slo_budget-sum_pending_tokens==current_budget:True,1048576-349==1048227
INFO 08-14 23:19:19 shared.py:299] Adding task for request 25 to replica 2,session_id=22
DEBUG 08-14 23:19:19 replica.py:226] add_request - replica_id=[2], request=25,self.replica_slo_budget-sum_pending_tokens==current_budget:True,1048576-1234==1047342
INFO 08-14 23:19:19 shared.py:299] Adding task for request 24 to replica 4,session_id=21
DEBUG 08-14 23:19:19 replica.py:226] add_request - replica_id=[4], request=24,self.replica_slo_budget-sum_pending_tokens==current_budget:True,1048576-5627==1042949
DEBUG 08-14 23:19:19 open_ai.py:335] async_send_request: request finish prefill, 5
INFO 08-14 23:19:19 open_ai.py:352] async_send_request: prefill completed: req=5,replica_id=1
DEBUG 08-14 23:19:19 replica.py:146] complete_request_prefill: replica_id=[1], request=5, current_budget=349,last_prefill_completed_at=30614767.91593425,last_ttft=0.0937
DEBUG 08-14 23:19:19 replica.py:153] complete_request_prefill - replica_id=[1], request=5,self.replica_slo_budget-sum_pending_tokens==current_budget:True,1048576-0==1048576
INFO 08-14 23:19:19 shared.py:299] Adding task for request 26 to replica 0,session_id=23
DEBUG 08-14 23:19:19 replica.py:226] add_request - replica_id=[0], request=26,self.replica_slo_budget-sum_pending_tokens==current_budget:True,1048576-5321==1043255
INFO 08-14 23:19:19 open_ai.py:115] async_send_request:request._id=25,session=22,https://u722127-b80a-4e3f9d5d.cqa1.seetacloud.com:8443
INFO 08-14 23:19:19 open_ai.py:115] async_send_request:request._id=24,session=21,https://u722127-8cb5-f6dc13db.nmb1.seetacloud.com:8443
INFO 08-14 23:19:19 open_ai.py:115] async_send_request:request._id=26,session=23,127.0.0.1:8000
DEBUG 08-14 23:19:19 open_ai.py:335] async_send_request: request finish prefill, 4
INFO 08-14 23:19:19 open_ai.py:352] async_send_request: prefill completed: req=4,replica_id=0
DEBUG 08-14 23:19:19 replica.py:146] complete_request_prefill: replica_id=[0], request=4, current_budget=351,last_prefill_completed_at=30614767.921399076,last_ttft=0.1058
DEBUG 08-14 23:19:19 replica.py:153] complete_request_prefill - replica_id=[0], request=4,self.replica_slo_budget-sum_pending_tokens==current_budget:True,1048576-4970==1043606
INFO 08-14 23:19:19 shared.py:299] Adding task for request 27 to replica 0,session_id=24
DEBUG 08-14 23:19:19 replica.py:226] add_request - replica_id=[0], request=27,self.replica_slo_budget-sum_pending_tokens==current_budget:True,1048576-5442==1043134
INFO 08-14 23:19:19 shared.py:299] Adding task for request 28 to replica 0,session_id=25
DEBUG 08-14 23:19:19 replica.py:226] add_request - replica_id=[0], request=28,self.replica_slo_budget-sum_pending_tokens==current_budget:True,1048576-5793==1042783
INFO 08-14 23:19:19 open_ai.py:115] async_send_request:request._id=27,session=24,127.0.0.1:8000
INFO 08-14 23:19:19 open_ai.py:115] async_send_request:request._id=28,session=25,127.0.0.1:8000
INFO 08-14 23:19:19 shared.py:299] Adding task for request 30 to replica 1,session_id=4
DEBUG 08-14 23:19:19 replica.py:226] add_request - replica_id=[1], request=30,self.replica_slo_budget-sum_pending_tokens==current_budget:True,1048576-166==1048410
INFO 08-14 23:19:19 shared.py:299] Adding task for request 29 to replica 2,session_id=26
DEBUG 08-14 23:19:19 replica.py:226] add_request - replica_id=[2], request=29,self.replica_slo_budget-sum_pending_tokens==current_budget:True,1048576-1601==1046975
INFO 08-14 23:19:19 shared.py:299] Adding task for request 31 to replica 2,session_id=27
DEBUG 08-14 23:19:19 replica.py:226] add_request - replica_id=[2], request=31,self.replica_slo_budget-sum_pending_tokens==current_budget:True,1048576-1941==1046635
INFO 08-14 23:19:19 shared.py:299] Adding task for request 32 to replica 3,session_id=5
DEBUG 08-14 23:19:19 replica.py:226] add_request - replica_id=[3], request=32,self.replica_slo_budget-sum_pending_tokens==current_budget:True,1048576-1330==1047246
INFO 08-14 23:19:19 shared.py:299] Adding task for request 33 to replica 2,session_id=2
DEBUG 08-14 23:19:19 replica.py:226] add_request - replica_id=[2], request=33,self.replica_slo_budget-sum_pending_tokens==current_budget:True,1048576-2091==1046485
INFO 08-14 23:19:19 shared.py:299] Adding task for request 34 to replica 0,session_id=2
DEBUG 08-14 23:19:19 replica.py:226] add_request - replica_id=[0], request=34,self.replica_slo_budget-sum_pending_tokens==current_budget:True,1048576-5939==1042637
INFO 08-14 23:19:19 open_ai.py:115] async_send_request:request._id=30,session=4,127.0.0.1:8001
INFO 08-14 23:19:19 open_ai.py:115] async_send_request:request._id=29,session=26,https://u722127-b80a-4e3f9d5d.cqa1.seetacloud.com:8443
INFO 08-14 23:19:19 open_ai.py:115] async_send_request:request._id=31,session=27,https://u722127-b80a-4e3f9d5d.cqa1.seetacloud.com:8443
INFO 08-14 23:19:19 open_ai.py:115] async_send_request:request._id=32,session=5,https://uu722127-b80a-4e3f9d5d.cqa1.seetacloud.com:8443
INFO 08-14 23:19:19 open_ai.py:115] async_send_request:request._id=33,session=2,https://u722127-b80a-4e3f9d5d.cqa1.seetacloud.com:8443
INFO 08-14 23:19:19 open_ai.py:115] async_send_request:request._id=34,session=2,127.0.0.1:8000
INFO 08-14 23:19:19 shared.py:299] Adding task for request 36 to replica 2,session_id=3
DEBUG 08-14 23:19:19 replica.py:226] add_request - replica_id=[2], request=36,self.replica_slo_budget-sum_pending_tokens==current_budget:True,1048576-2243==1046333
INFO 08-14 23:19:19 shared.py:299] Adding task for request 35 to replica 3,session_id=2
DEBUG 08-14 23:19:19 replica.py:226] add_request - replica_id=[3], request=35,self.replica_slo_budget-sum_pending_tokens==current_budget:True,1048576-1478==1047098
INFO 08-14 23:19:19 shared.py:299] Adding task for request 37 to replica 4,session_id=28
DEBUG 08-14 23:19:19 replica.py:226] add_request - replica_id=[4], request=37,self.replica_slo_budget-sum_pending_tokens==current_budget:True,1048576-5970==1042606
INFO 08-14 23:19:19 open_ai.py:115] async_send_request:request._id=36,session=3,https://u722127-b80a-4e3f9d5d.cqa1.seetacloud.com:8443
INFO 08-14 23:19:19 open_ai.py:115] async_send_request:request._id=35,session=2,https://uu722127-b80a-4e3f9d5d.cqa1.seetacloud.com:8443
INFO 08-14 23:19:19 open_ai.py:115] async_send_request:request._id=37,session=28,https://u722127-8cb5-f6dc13db.nmb1.seetacloud.com:8443
INFO 08-14 23:19:19 shared.py:299] Adding task for request 38 to replica 4,session_id=29
DEBUG 08-14 23:19:19 replica.py:226] add_request - replica_id=[4], request=38,self.replica_slo_budget-sum_pending_tokens==current_budget:True,1048576-6357==1042219
INFO 08-14 23:19:19 shared.py:299] Adding task for request 39 to replica 4,session_id=30
DEBUG 08-14 23:19:19 replica.py:226] add_request - replica_id=[4], request=39,self.replica_slo_budget-sum_pending_tokens==current_budget:True,1048576-6710==1041866
DEBUG 08-14 23:19:19 open_ai.py:335] async_send_request: request finish prefill, 0
INFO 08-14 23:19:19 open_ai.py:352] async_send_request: prefill completed: req=0,replica_id=2
DEBUG 08-14 23:19:19 replica.py:146] complete_request_prefill: replica_id=[2], request=0, current_budget=383,last_prefill_completed_at=30614767.97027898,last_ttft=0.2216
DEBUG 08-14 23:19:19 replica.py:153] complete_request_prefill - replica_id=[2], request=0,self.replica_slo_budget-sum_pending_tokens==current_budget:True,1048576-1860==1046716
INFO 08-14 23:19:19 open_ai.py:115] async_send_request:request._id=38,session=29,https://u722127-8cb5-f6dc13db.nmb1.seetacloud.com:8443
INFO 08-14 23:19:19 open_ai.py:115] async_send_request:request._id=39,session=30,https://u722127-8cb5-f6dc13db.nmb1.seetacloud.com:8443
INFO 08-14 23:19:19 shared.py:299] Adding task for request 42 to replica 1,session_id=8
DEBUG 08-14 23:19:19 replica.py:226] add_request - replica_id=[1], request=42,self.replica_slo_budget-sum_pending_tokens==current_budget:True,1048576-312==1048264
INFO 08-14 23:19:19 shared.py:299] Adding task for request 40 to replica 4,session_id=31
DEBUG 08-14 23:19:19 replica.py:226] add_request - replica_id=[4], request=40,self.replica_slo_budget-sum_pending_tokens==current_budget:True,1048576-7057==1041519
INFO 08-14 23:19:19 shared.py:299] Adding task for request 41 to replica 4,session_id=32
DEBUG 08-14 23:19:19 replica.py:226] add_request - replica_id=[4], request=41,self.replica_slo_budget-sum_pending_tokens==current_budget:True,1048576-7412==1041164
INFO 08-14 23:19:19 shared.py:299] Adding task for request 43 to replica 4,session_id=33
DEBUG 08-14 23:19:19 replica.py:226] add_request - replica_id=[4], request=43,self.replica_slo_budget-sum_pending_tokens==current_budget:True,1048576-7773==1040803
INFO 08-14 23:19:19 shared.py:299] Adding task for request 44 to replica 4,session_id=34
DEBUG 08-14 23:19:19 replica.py:226] add_request - replica_id=[4], request=44,self.replica_slo_budget-sum_pending_tokens==current_budget:True,1048576-8134==1040442
INFO 08-14 23:19:19 shared.py:299] Adding task for request 45 to replica 4,session_id=35
DEBUG 08-14 23:19:19 replica.py:226] add_request - replica_id=[4], request=45,self.replica_slo_budget-sum_pending_tokens==current_budget:True,1048576-8496==1040080
INFO 08-14 23:19:19 open_ai.py:115] async_send_request:request._id=42,session=8,127.0.0.1:8001
INFO 08-14 23:19:19 open_ai.py:115] async_send_request:request._id=40,session=31,https://u722127-8cb5-f6dc13db.nmb1.seetacloud.com:8443
INFO 08-14 23:19:19 open_ai.py:115] async_send_request:request._id=41,session=32,https://u722127-8cb5-f6dc13db.nmb1.seetacloud.com:8443
INFO 08-14 23:19:19 open_ai.py:115] async_send_request:request._id=43,session=33,https://u722127-8cb5-f6dc13db.nmb1.seetacloud.com:8443
INFO 08-14 23:19:19 open_ai.py:115] async_send_request:request._id=44,session=34,https://u722127-8cb5-f6dc13db.nmb1.seetacloud.com:8443
INFO 08-14 23:19:19 open_ai.py:115] async_send_request:request._id=45,session=35,https://u722127-8cb5-f6dc13db.nmb1.seetacloud.com:8443
INFO 08-14 23:19:19 shared.py:299] Adding task for request 46 to replica 0,session_id=36
DEBUG 08-14 23:19:19 replica.py:226] add_request - replica_id=[0], request=46,self.replica_slo_budget-sum_pending_tokens==current_budget:True,1048576-6281==1042295
DEBUG 08-14 23:19:19 open_ai.py:335] async_send_request: request finish prefill, 1
INFO 08-14 23:19:19 open_ai.py:352] async_send_request: prefill completed: req=1,replica_id=3
DEBUG 08-14 23:19:19 replica.py:146] complete_request_prefill: replica_id=[3], request=1, current_budget=341,last_prefill_completed_at=30614768.002438158,last_ttft=0.2484
DEBUG 08-14 23:19:19 replica.py:153] complete_request_prefill - replica_id=[3], request=1,self.replica_slo_budget-sum_pending_tokens==current_budget:True,1048576-1137==1047439
INFO 08-14 23:19:19 shared.py:299] Adding task for request 47 to replica 0,session_id=9
DEBUG 08-14 23:19:19 replica.py:226] add_request - replica_id=[0], request=47,self.replica_slo_budget-sum_pending_tokens==current_budget:True,1048576-6430==1042146
INFO 08-14 23:19:19 open_ai.py:115] async_send_request:request._id=46,session=36,127.0.0.1:8000
INFO 08-14 23:19:19 open_ai.py:115] async_send_request:request._id=47,session=9,127.0.0.1:8000
INFO 08-14 23:19:19 shared.py:299] Adding task for request 48 to replica 3,session_id=9
DEBUG 08-14 23:19:19 replica.py:226] add_request - replica_id=[3], request=48,self.replica_slo_budget-sum_pending_tokens==current_budget:True,1048576-1284==1047292
INFO 08-14 23:19:19 open_ai.py:115] async_send_request:request._id=48,session=9,https://uu722127-b80a-4e3f9d5d.cqa1.seetacloud.com:8443
INFO 08-14 23:19:19 shared.py:299] Adding task for request 49 to replica 2,session_id=9
DEBUG 08-14 23:19:19 replica.py:226] add_request - replica_id=[2], request=49,self.replica_slo_budget-sum_pending_tokens==current_budget:True,1048576-2009==1046567
INFO 08-14 23:19:19 open_ai.py:115] async_send_request:request._id=49,session=9,https://u722127-b80a-4e3f9d5d.cqa1.seetacloud.com:8443
DEBUG 08-14 23:19:19 open_ai.py:335] async_send_request: request finish prefill, 7
INFO 08-14 23:19:19 open_ai.py:352] async_send_request: prefill completed: req=7,replica_id=0
DEBUG 08-14 23:19:19 replica.py:146] complete_request_prefill: replica_id=[0], request=7, current_budget=380,last_prefill_completed_at=30614768.01437088,last_ttft=0.1776
DEBUG 08-14 23:19:19 replica.py:153] complete_request_prefill - replica_id=[0], request=7,self.replica_slo_budget-sum_pending_tokens==current_budget:True,1048576-6050==1042526
INFO 08-14 23:19:19 shared.py:299] Adding task for request 51 to replica 1,session_id=9
DEBUG 08-14 23:19:19 replica.py:226] add_request - replica_id=[1], request=51,self.replica_slo_budget-sum_pending_tokens==current_budget:True,1048576-456==1048120
INFO 08-14 23:19:19 shared.py:299] Adding task for request 50 to replica 3,session_id=9
DEBUG 08-14 23:19:19 replica.py:226] add_request - replica_id=[3], request=50,self.replica_slo_budget-sum_pending_tokens==current_budget:True,1048576-1433==1047143
INFO 08-14 23:19:19 shared.py:299] Adding task for request 52 to replica 4,session_id=6
DEBUG 08-14 23:19:19 replica.py:226] add_request - replica_id=[4], request=52,self.replica_slo_budget-sum_pending_tokens==current_budget:True,1048576-8664==1039912
INFO 08-14 23:19:19 shared.py:299] Adding task for request 53 to replica 0,session_id=6
DEBUG 08-14 23:19:19 replica.py:226] add_request - replica_id=[0], request=53,self.replica_slo_budget-sum_pending_tokens==current_budget:True,1048576-6214==1042362
INFO 08-14 23:19:19 shared.py:299] Adding task for request 54 to replica 2,session_id=13
DEBUG 08-14 23:19:19 replica.py:226] add_request - replica_id=[2], request=54,self.replica_slo_budget-sum_pending_tokens==current_budget:True,1048576-2163==1046413
INFO 08-14 23:19:19 shared.py:299] Adding task for request 55 to replica 2,session_id=11
DEBUG 08-14 23:19:19 replica.py:226] add_request - replica_id=[2], request=55,self.replica_slo_budget-sum_pending_tokens==current_budget:True,1048576-2327==1046249
INFO 08-14 23:19:19 open_ai.py:115] async_send_request:request._id=51,session=9,127.0.0.1:8001
INFO 08-14 23:19:19 open_ai.py:115] async_send_request:request._id=50,session=9,https://uu722127-b80a-4e3f9d5d.cqa1.seetacloud.com:8443
INFO 08-14 23:19:19 open_ai.py:115] async_send_request:request._id=52,session=6,https://u722127-8cb5-f6dc13db.nmb1.seetacloud.com:8443
INFO 08-14 23:19:19 open_ai.py:115] async_send_request:request._id=53,session=6,127.0.0.1:8000
INFO 08-14 23:19:19 open_ai.py:115] async_send_request:request._id=54,session=13,https://u722127-b80a-4e3f9d5d.cqa1.seetacloud.com:8443
INFO 08-14 23:19:19 open_ai.py:115] async_send_request:request._id=55,session=11,https://u722127-b80a-4e3f9d5d.cqa1.seetacloud.com:8443
DEBUG 08-14 23:19:19 open_ai.py:335] async_send_request: request finish prefill, 2
INFO 08-14 23:19:19 open_ai.py:352] async_send_request: prefill completed: req=2,replica_id=3
DEBUG 08-14 23:19:19 replica.py:146] complete_request_prefill: replica_id=[3], request=2, current_budget=356,last_prefill_completed_at=30614768.04088247,last_ttft=0.2352
DEBUG 08-14 23:19:19 replica.py:153] complete_request_prefill - replica_id=[3], request=2,self.replica_slo_budget-sum_pending_tokens==current_budget:True,1048576-1077==1047499
INFO 08-14 23:19:19 shared.py:299] Adding task for request 56 to replica 4,session_id=37
DEBUG 08-14 23:19:19 replica.py:226] add_request - replica_id=[4], request=56,self.replica_slo_budget-sum_pending_tokens==current_budget:True,1048576-9019==1039557
INFO 08-14 23:19:19 shared.py:299] Adding task for request 57 to replica 4,session_id=38
DEBUG 08-14 23:19:19 replica.py:226] add_request - replica_id=[4], request=57,self.replica_slo_budget-sum_pending_tokens==current_budget:True,1048576-9394==1039182
INFO 08-14 23:19:19 open_ai.py:115] async_send_request:request._id=56,session=37,https://u722127-8cb5-f6dc13db.nmb1.seetacloud.com:8443
DEBUG 08-14 23:19:19 open_ai.py:335] async_send_request: request finish prefill, 6
INFO 08-14 23:19:19 open_ai.py:352] async_send_request: prefill completed: req=6,replica_id=3
DEBUG 08-14 23:19:19 replica.py:146] complete_request_prefill: replica_id=[3], request=6, current_budget=142,last_prefill_completed_at=30614768.047279038,last_ttft=0.2159
DEBUG 08-14 23:19:19 replica.py:153] complete_request_prefill - replica_id=[3], request=6,self.replica_slo_budget-sum_pending_tokens==current_budget:True,1048576-935==1047641
INFO 08-14 23:19:19 shared.py:299] Adding task for request 58 to replica 4,session_id=39
DEBUG 08-14 23:19:19 replica.py:226] add_request - replica_id=[4], request=58,self.replica_slo_budget-sum_pending_tokens==current_budget:True,1048576-9743==1038833
INFO 08-14 23:19:19 open_ai.py:115] async_send_request:request._id=57,session=38,https://u722127-8cb5-f6dc13db.nmb1.seetacloud.com:8443
INFO 08-14 23:19:19 open_ai.py:115] async_send_request:request._id=58,session=39,https://u722127-8cb5-f6dc13db.nmb1.seetacloud.com:8443
DEBUG 08-14 23:19:19 open_ai.py:335] async_send_request: request finish prefill, 9
INFO 08-14 23:19:19 open_ai.py:352] async_send_request: prefill completed: req=9,replica_id=0
DEBUG 08-14 23:19:19 replica.py:146] complete_request_prefill: replica_id=[0], request=9, current_budget=350,last_prefill_completed_at=30614768.050879735,last_ttft=0.212
DEBUG 08-14 23:19:19 replica.py:153] complete_request_prefill - replica_id=[0], request=9,self.replica_slo_budget-sum_pending_tokens==current_budget:True,1048576-5864==1042712
DEBUG 08-14 23:19:19 open_ai.py:335] async_send_request: request finish prefill, 16
INFO 08-14 23:19:19 open_ai.py:352] async_send_request: prefill completed: req=16,replica_id=0
DEBUG 08-14 23:19:19 replica.py:146] complete_request_prefill: replica_id=[0], request=16, current_budget=343,last_prefill_completed_at=30614768.05181372,last_ttft=0.1983
DEBUG 08-14 23:19:19 replica.py:153] complete_request_prefill - replica_id=[0], request=16,self.replica_slo_budget-sum_pending_tokens==current_budget:True,1048576-5521==1043055
INFO 08-14 23:19:19 shared.py:299] Adding task for request 59 to replica 3,session_id=17
DEBUG 08-14 23:19:19 replica.py:226] add_request - replica_id=[3], request=59,self.replica_slo_budget-sum_pending_tokens==current_budget:True,1048576-1079==1047497
DEBUG 08-14 23:19:19 open_ai.py:335] async_send_request: request finish prefill, 13
INFO 08-14 23:19:19 open_ai.py:352] async_send_request: prefill completed: req=13,replica_id=0
DEBUG 08-14 23:19:19 replica.py:146] complete_request_prefill: replica_id=[0], request=13, current_budget=2028,last_prefill_completed_at=30614768.053125057,last_ttft=0.2091
DEBUG 08-14 23:19:19 replica.py:153] complete_request_prefill - replica_id=[0], request=13,self.replica_slo_budget-sum_pending_tokens==current_budget:True,1048576-3493==1045083
DEBUG 08-14 23:19:19 open_ai.py:335] async_send_request: request finish prefill, 12
INFO 08-14 23:19:19 open_ai.py:352] async_send_request: prefill completed: req=12,replica_id=0
DEBUG 08-14 23:19:19 replica.py:146] complete_request_prefill: replica_id=[0], request=12, current_budget=373,last_prefill_completed_at=30614768.053404767,last_ttft=0.2127
DEBUG 08-14 23:19:19 replica.py:153] complete_request_prefill - replica_id=[0], request=12,self.replica_slo_budget-sum_pending_tokens==current_budget:True,1048576-3120==1045456
INFO 08-14 23:19:19 open_ai.py:115] async_send_request:request._id=59,session=17,https://uu722127-b80a-4e3f9d5d.cqa1.seetacloud.com:8443
DEBUG 08-14 23:19:19 open_ai.py:335] async_send_request: request finish prefill, 30
INFO 08-14 23:19:19 open_ai.py:352] async_send_request: prefill completed: req=30,replica_id=1
DEBUG 08-14 23:19:19 replica.py:146] complete_request_prefill: replica_id=[1], request=30, current_budget=166,last_prefill_completed_at=30614768.05631002,last_ttft=0.1626
DEBUG 08-14 23:19:19 replica.py:153] complete_request_prefill - replica_id=[1], request=30,self.replica_slo_budget-sum_pending_tokens==current_budget:True,1048576-290==1048286
INFO 08-14 23:19:19 shared.py:299] Adding task for request 60 to replica 1,session_id=40
DEBUG 08-14 23:19:19 replica.py:226] add_request - replica_id=[1], request=60,self.replica_slo_budget-sum_pending_tokens==current_budget:True,1048576-634==1047942
INFO 08-14 23:19:19 shared.py:299] Adding task for request 63 to replica 1,session_id=14
DEBUG 08-14 23:19:19 replica.py:226] add_request - replica_id=[1], request=63,self.replica_slo_budget-sum_pending_tokens==current_budget:True,1048576-788==1047788
INFO 08-14 23:19:19 shared.py:299] Adding task for request 64 to replica 0,session_id=14
DEBUG 08-14 23:19:19 replica.py:226] add_request - replica_id=[0], request=64,self.replica_slo_budget-sum_pending_tokens==current_budget:True,1048576-3278==1045298
INFO 08-14 23:19:19 shared.py:299] Adding task for request 65 to replica 1,session_id=19
DEBUG 08-14 23:19:19 replica.py:226] add_request - replica_id=[1], request=65,self.replica_slo_budget-sum_pending_tokens==current_budget:True,1048576-954==1047622
INFO 08-14 23:19:19 open_ai.py:115] async_send_request:request._id=60,session=40,127.0.0.1:8001
INFO 08-14 23:19:19 open_ai.py:115] async_send_request:request._id=63,session=14,127.0.0.1:8001
INFO 08-14 23:19:19 open_ai.py:115] async_send_request:request._id=64,session=14,127.0.0.1:8000
INFO 08-14 23:19:19 open_ai.py:115] async_send_request:request._id=65,session=19,127.0.0.1:8001
INFO 08-14 23:19:19 shared.py:299] Adding task for request 67 to replica 2,session_id=14
DEBUG 08-14 23:19:19 replica.py:226] add_request - replica_id=[2], request=67,self.replica_slo_budget-sum_pending_tokens==current_budget:True,1048576-2483==1046093
INFO 08-14 23:19:19 shared.py:299] Adding task for request 66 to replica 3,session_id=14
DEBUG 08-14 23:19:19 replica.py:226] add_request - replica_id=[3], request=66,self.replica_slo_budget-sum_pending_tokens==current_budget:True,1048576-1233==1047343
INFO 08-14 23:19:19 shared.py:299] Adding task for request 69 to replica 3,session_id=27
DEBUG 08-14 23:19:19 replica.py:226] add_request - replica_id=[3], request=69,self.replica_slo_budget-sum_pending_tokens==current_budget:True,1048576-1377==1047199
INFO 08-14 23:19:19 shared.py:299] Adding task for request 68 to replica 4,session_id=14
DEBUG 08-14 23:19:19 replica.py:226] add_request - replica_id=[4], request=68,self.replica_slo_budget-sum_pending_tokens==current_budget:True,1048576-9903==1038673
DEBUG 08-14 23:19:19 open_ai.py:335] async_send_request: request finish prefill, 23
INFO 08-14 23:19:19 open_ai.py:352] async_send_request: prefill completed: req=23,replica_id=0
DEBUG 08-14 23:19:19 replica.py:146] complete_request_prefill: replica_id=[0], request=23, current_budget=407,last_prefill_completed_at=30614768.10896958,last_ttft=0.2246
DEBUG 08-14 23:19:19 replica.py:153] complete_request_prefill - replica_id=[0], request=23,self.replica_slo_budget-sum_pending_tokens==current_budget:True,1048576-2871==1045705
DEBUG 08-14 23:19:19 open_ai.py:335] async_send_request: request finish prefill, 27
INFO 08-14 23:19:19 open_ai.py:352] async_send_request: prefill completed: req=27,replica_id=0
DEBUG 08-14 23:19:19 replica.py:146] complete_request_prefill: replica_id=[0], request=27, current_budget=472,last_prefill_completed_at=30614768.11085057,last_ttft=0.224
DEBUG 08-14 23:19:19 replica.py:153] complete_request_prefill - replica_id=[0], request=27,self.replica_slo_budget-sum_pending_tokens==current_budget:True,1048576-2399==1046177
DEBUG 08-14 23:19:19 open_ai.py:335] async_send_request: request finish prefill, 26
INFO 08-14 23:19:19 open_ai.py:352] async_send_request: prefill completed: req=26,replica_id=0
DEBUG 08-14 23:19:19 replica.py:146] complete_request_prefill: replica_id=[0], request=26, current_budget=391,last_prefill_completed_at=30614768.11253039,last_ttft=0.2261
DEBUG 08-14 23:19:19 replica.py:153] complete_request_prefill - replica_id=[0], request=26,self.replica_slo_budget-sum_pending_tokens==current_budget:True,1048576-2008==1046568
DEBUG 08-14 23:19:19 open_ai.py:335] async_send_request: request finish prefill, 20
INFO 08-14 23:19:19 open_ai.py:352] async_send_request: prefill completed: req=20,replica_id=0
DEBUG 08-14 23:19:19 replica.py:146] complete_request_prefill: replica_id=[0], request=20, current_budget=344,last_prefill_completed_at=30614768.11423908,last_ttft=0.2337
DEBUG 08-14 23:19:19 replica.py:153] complete_request_prefill - replica_id=[0], request=20,self.replica_slo_budget-sum_pending_tokens==current_budget:True,1048576-1664==1046912
DEBUG 08-14 23:19:19 open_ai.py:335] async_send_request: request finish prefill, 17
INFO 08-14 23:19:19 open_ai.py:352] async_send_request: prefill completed: req=17,replica_id=0
DEBUG 08-14 23:19:19 replica.py:146] complete_request_prefill: replica_id=[0], request=17, current_budget=354,last_prefill_completed_at=30614768.115788713,last_ttft=0.2562
DEBUG 08-14 23:19:19 replica.py:153] complete_request_prefill - replica_id=[0], request=17,self.replica_slo_budget-sum_pending_tokens==current_budget:True,1048576-1310==1047266
DEBUG 08-14 23:19:19 open_ai.py:335] async_send_request: request finish prefill, 10
INFO 08-14 23:19:19 open_ai.py:352] async_send_request: prefill completed: req=10,replica_id=2
DEBUG 08-14 23:19:19 replica.py:146] complete_request_prefill: replica_id=[2], request=10, current_budget=154,last_prefill_completed_at=30614768.117907967,last_ttft=0.2782
DEBUG 08-14 23:19:19 replica.py:153] complete_request_prefill - replica_id=[2], request=10,self.replica_slo_budget-sum_pending_tokens==current_budget:True,1048576-2329==1046247
DEBUG 08-14 23:19:19 open_ai.py:335] async_send_request: request finish prefill, 28
INFO 08-14 23:19:19 open_ai.py:352] async_send_request: prefill completed: req=28,replica_id=0
DEBUG 08-14 23:19:19 replica.py:146] complete_request_prefill: replica_id=[0], request=28, current_budget=351,last_prefill_completed_at=30614768.121241212,last_ttft=0.2343
DEBUG 08-14 23:19:19 replica.py:153] complete_request_prefill - replica_id=[0], request=28,self.replica_slo_budget-sum_pending_tokens==current_budget:True,1048576-959==1047617
DEBUG 08-14 23:19:19 open_ai.py:335] async_send_request: request finish prefill, 34
INFO 08-14 23:19:19 open_ai.py:352] async_send_request: prefill completed: req=34,replica_id=0
DEBUG 08-14 23:19:19 replica.py:146] complete_request_prefill: replica_id=[0], request=34, current_budget=146,last_prefill_completed_at=30614768.122887325,last_ttft=0.224
DEBUG 08-14 23:19:19 replica.py:153] complete_request_prefill - replica_id=[0], request=34,self.replica_slo_budget-sum_pending_tokens==current_budget:True,1048576-813==1047763
INFO 08-14 23:19:19 open_ai.py:115] async_send_request:request._id=67,session=14,https://u722127-b80a-4e3f9d5d.cqa1.seetacloud.com:8443
INFO 08-14 23:19:19 open_ai.py:115] async_send_request:request._id=66,session=14,https://uu722127-b80a-4e3f9d5d.cqa1.seetacloud.com:8443
INFO 08-14 23:19:19 open_ai.py:115] async_send_request:request._id=69,session=27,https://uu722127-b80a-4e3f9d5d.cqa1.seetacloud.com:8443
INFO 08-14 23:19:19 open_ai.py:115] async_send_request:request._id=68,session=14,https://u722127-8cb5-f6dc13db.nmb1.seetacloud.com:8443
DEBUG 08-14 23:19:19 open_ai.py:335] async_send_request: request finish prefill, 42
INFO 08-14 23:19:19 open_ai.py:352] async_send_request: prefill completed: req=42,replica_id=1
DEBUG 08-14 23:19:19 replica.py:146] complete_request_prefill: replica_id=[1], request=42, current_budget=146,last_prefill_completed_at=30614768.129036345,last_ttft=0.2158
DEBUG 08-14 23:19:19 replica.py:153] complete_request_prefill - replica_id=[1], request=42,self.replica_slo_budget-sum_pending_tokens==current_budget:True,1048576-808==1047768
DEBUG 08-14 23:19:19 open_ai.py:335] async_send_request: request finish prefill, 3
INFO 08-14 23:19:19 open_ai.py:352] async_send_request: prefill completed: req=3,replica_id=2
DEBUG 08-14 23:19:19 replica.py:146] complete_request_prefill: replica_id=[2], request=3, current_budget=353,last_prefill_completed_at=30614768.13452177,last_ttft=0.3205
DEBUG 08-14 23:19:19 replica.py:153] complete_request_prefill - replica_id=[2], request=3,self.replica_slo_budget-sum_pending_tokens==current_budget:True,1048576-1976==1046600
DEBUG 08-14 23:19:19 open_ai.py:335] async_send_request: request finish prefill, 47
INFO 08-14 23:19:19 open_ai.py:352] async_send_request: prefill completed: req=47,replica_id=0
DEBUG 08-14 23:19:19 replica.py:146] complete_request_prefill: replica_id=[0], request=47, current_budget=149,last_prefill_completed_at=30614768.136953507,last_ttft=0.2054
DEBUG 08-14 23:19:19 replica.py:153] complete_request_prefill - replica_id=[0], request=47,self.replica_slo_budget-sum_pending_tokens==current_budget:True,1048576-664==1047912
DEBUG 08-14 23:19:19 open_ai.py:335] async_send_request: request finish prefill, 46
INFO 08-14 23:19:19 open_ai.py:352] async_send_request: prefill completed: req=46,replica_id=0
DEBUG 08-14 23:19:19 replica.py:146] complete_request_prefill: replica_id=[0], request=46, current_budget=342,last_prefill_completed_at=30614768.138575193,last_ttft=0.2121
DEBUG 08-14 23:19:19 replica.py:153] complete_request_prefill - replica_id=[0], request=46,self.replica_slo_budget-sum_pending_tokens==current_budget:True,1048576-322==1048254
DEBUG 08-14 23:19:20 open_ai.py:335] async_send_request: request finish prefill, 8
INFO 08-14 23:19:20 open_ai.py:352] async_send_request: prefill completed: req=8,replica_id=4
DEBUG 08-14 23:19:20 replica.py:146] complete_request_prefill: replica_id=[4], request=8, current_budget=351,last_prefill_completed_at=30614768.17756644,last_ttft=0.3399
DEBUG 08-14 23:19:20 replica.py:153] complete_request_prefill - replica_id=[4], request=8,self.replica_slo_budget-sum_pending_tokens==current_budget:True,1048576-9552==1039024
DEBUG 08-14 23:19:20 open_ai.py:335] async_send_request: request finish prefill, 21
INFO 08-14 23:19:20 open_ai.py:352] async_send_request: prefill completed: req=21,replica_id=4
DEBUG 08-14 23:19:20 replica.py:146] complete_request_prefill: replica_id=[4], request=21, current_budget=353,last_prefill_completed_at=30614768.179034997,last_ttft=0.2968
DEBUG 08-14 23:19:20 replica.py:153] complete_request_prefill - replica_id=[4], request=21,self.replica_slo_budget-sum_pending_tokens==current_budget:True,1048576-9199==1039377
DEBUG 08-14 23:19:20 open_ai.py:335] async_send_request: request finish prefill, 19
INFO 08-14 23:19:20 open_ai.py:352] async_send_request: prefill completed: req=19,replica_id=4
DEBUG 08-14 23:19:20 replica.py:146] complete_request_prefill: replica_id=[4], request=19, current_budget=344,last_prefill_completed_at=30614768.18031763,last_ttft=0.3003
DEBUG 08-14 23:19:20 replica.py:153] complete_request_prefill - replica_id=[4], request=19,self.replica_slo_budget-sum_pending_tokens==current_budget:True,1048576-8855==1039721
DEBUG 08-14 23:19:20 open_ai.py:335] async_send_request: request finish prefill, 15
INFO 08-14 23:19:20 open_ai.py:352] async_send_request: prefill completed: req=15,replica_id=4
DEBUG 08-14 23:19:20 replica.py:146] complete_request_prefill: replica_id=[4], request=15, current_budget=441,last_prefill_completed_at=30614768.191852286,last_ttft=0.3409
DEBUG 08-14 23:19:20 replica.py:153] complete_request_prefill - replica_id=[4], request=15,self.replica_slo_budget-sum_pending_tokens==current_budget:True,1048576-8414==1040162
DEBUG 08-14 23:19:20 open_ai.py:335] async_send_request: request finish prefill, 22
INFO 08-14 23:19:20 open_ai.py:352] async_send_request: prefill completed: req=22,replica_id=3
DEBUG 08-14 23:19:20 replica.py:146] complete_request_prefill: replica_id=[3], request=22, current_budget=347,last_prefill_completed_at=30614768.194579743,last_ttft=0.312
DEBUG 08-14 23:19:20 replica.py:153] complete_request_prefill - replica_id=[3], request=22,self.replica_slo_budget-sum_pending_tokens==current_budget:True,1048576-1030==1047546
DEBUG 08-14 23:19:20 open_ai.py:335] async_send_request: request finish prefill, 51
INFO 08-14 23:19:20 open_ai.py:352] async_send_request: prefill completed: req=51,replica_id=1
DEBUG 08-14 23:19:20 replica.py:146] complete_request_prefill: replica_id=[1], request=51, current_budget=144,last_prefill_completed_at=30614768.198585823,last_ttft=0.2661
DEBUG 08-14 23:19:20 replica.py:153] complete_request_prefill - replica_id=[1], request=51,self.replica_slo_budget-sum_pending_tokens==current_budget:True,1048576-664==1047912
INFO 08-14 23:19:20 shared.py:299] Adding task for request 70 to replica 0,session_id=41
DEBUG 08-14 23:19:20 replica.py:226] add_request - replica_id=[0], request=70,self.replica_slo_budget-sum_pending_tokens==current_budget:True,1048576-698==1047878
INFO 08-14 23:19:20 shared.py:299] Adding task for request 72 to replica 2,session_id=22
DEBUG 08-14 23:19:20 replica.py:226] add_request - replica_id=[2], request=72,self.replica_slo_budget-sum_pending_tokens==current_budget:True,1048576-2120==1046456
INFO 08-14 23:19:20 shared.py:299] Adding task for request 71 to replica 2,session_id=7
DEBUG 08-14 23:19:20 replica.py:226] add_request - replica_id=[2], request=71,self.replica_slo_budget-sum_pending_tokens==current_budget:True,1048576-2290==1046286
INFO 08-14 23:19:20 shared.py:299] Adding task for request 74 to replica 1,session_id=10
DEBUG 08-14 23:19:20 replica.py:226] add_request - replica_id=[1], request=74,self.replica_slo_budget-sum_pending_tokens==current_budget:True,1048576-838==1047738
INFO 08-14 23:19:20 shared.py:299] Adding task for request 75 to replica 4,session_id=10
DEBUG 08-14 23:19:20 replica.py:226] add_request - replica_id=[4], request=75,self.replica_slo_budget-sum_pending_tokens==current_budget:True,1048576-8574==1040002
INFO 08-14 23:19:20 shared.py:299] Adding task for request 76 to replica 0,session_id=10
DEBUG 08-14 23:19:20 replica.py:226] add_request - replica_id=[0], request=76,self.replica_slo_budget-sum_pending_tokens==current_budget:True,1048576-866==1047710
INFO 08-14 23:19:20 open_ai.py:115] async_send_request:request._id=70,session=41,127.0.0.1:8000
INFO 08-14 23:19:20 open_ai.py:115] async_send_request:request._id=72,session=22,https://u722127-b80a-4e3f9d5d.cqa1.seetacloud.com:8443
INFO 08-14 23:19:20 open_ai.py:115] async_send_request:request._id=71,session=7,https://u722127-b80a-4e3f9d5d.cqa1.seetacloud.com:8443
INFO 08-14 23:19:20 open_ai.py:115] async_send_request:request._id=74,session=10,127.0.0.1:8001
INFO 08-14 23:19:20 open_ai.py:115] async_send_request:request._id=75,session=10,https://u722127-8cb5-f6dc13db.nmb1.seetacloud.com:8443
INFO 08-14 23:19:20 open_ai.py:115] async_send_request:request._id=76,session=10,127.0.0.1:8000
INFO 08-14 23:19:20 shared.py:299] Adding task for request 78 to replica 0,session_id=25
DEBUG 08-14 23:19:20 replica.py:226] add_request - replica_id=[0], request=78,self.replica_slo_budget-sum_pending_tokens==current_budget:True,1048576-1030==1047546
INFO 08-14 23:19:20 shared.py:299] Adding task for request 77 to replica 3,session_id=21
DEBUG 08-14 23:19:20 replica.py:226] add_request - replica_id=[3], request=77,self.replica_slo_budget-sum_pending_tokens==current_budget:True,1048576-1184==1047392
DEBUG 08-14 23:19:20 open_ai.py:335] async_send_request: request finish prefill, 35
INFO 08-14 23:19:20 open_ai.py:352] async_send_request: prefill completed: req=35,replica_id=3
DEBUG 08-14 23:19:20 replica.py:146] complete_request_prefill: replica_id=[3], request=35, current_budget=148,last_prefill_completed_at=30614768.254410546,last_ttft=0.3553
DEBUG 08-14 23:19:20 replica.py:153] complete_request_prefill - replica_id=[3], request=35,self.replica_slo_budget-sum_pending_tokens==current_budget:True,1048576-1036==1047540
DEBUG 08-14 23:19:20 open_ai.py:335] async_send_request: request finish prefill, 53
INFO 08-14 23:19:20 open_ai.py:352] async_send_request: prefill completed: req=53,replica_id=0
DEBUG 08-14 23:19:20 replica.py:146] complete_request_prefill: replica_id=[0], request=53, current_budget=164,last_prefill_completed_at=30614768.257840574,last_ttft=0.3222
DEBUG 08-14 23:19:20 replica.py:153] complete_request_prefill - replica_id=[0], request=53,self.replica_slo_budget-sum_pending_tokens==current_budget:True,1048576-866==1047710
INFO 08-14 23:19:20 open_ai.py:115] async_send_request:request._id=78,session=25,127.0.0.1:8000
INFO 08-14 23:19:20 open_ai.py:115] async_send_request:request._id=77,session=21,https://uu722127-b80a-4e3f9d5d.cqa1.seetacloud.com:8443
INFO 08-14 23:19:20 shared.py:299] Adding task for request 80 to replica 3,session_id=15
DEBUG 08-14 23:19:20 replica.py:226] add_request - replica_id=[3], request=80,self.replica_slo_budget-sum_pending_tokens==current_budget:True,1048576-1182==1047394
INFO 08-14 23:19:20 shared.py:299] Adding task for request 81 to replica 1,session_id=15
DEBUG 08-14 23:19:20 replica.py:226] add_request - replica_id=[1], request=81,self.replica_slo_budget-sum_pending_tokens==current_budget:True,1048576-984==1047592
INFO 08-14 23:19:20 shared.py:299] Adding task for request 82 to replica 3,session_id=15
DEBUG 08-14 23:19:20 replica.py:226] add_request - replica_id=[3], request=82,self.replica_slo_budget-sum_pending_tokens==current_budget:True,1048576-1330==1047246
INFO 08-14 23:19:20 shared.py:299] Adding task for request 83 to replica 2,session_id=42
DEBUG 08-14 23:19:20 replica.py:226] add_request - replica_id=[2], request=83,self.replica_slo_budget-sum_pending_tokens==current_budget:True,1048576-2637==1045939
INFO 08-14 23:19:20 shared.py:299] Adding task for request 84 to replica 4,session_id=43
DEBUG 08-14 23:19:20 replica.py:226] add_request - replica_id=[4], request=84,self.replica_slo_budget-sum_pending_tokens==current_budget:True,1048576-9126==1039450
INFO 08-14 23:19:20 shared.py:299] Adding task for request 85 to replica 2,session_id=30
DEBUG 08-14 23:19:20 replica.py:226] add_request - replica_id=[2], request=85,self.replica_slo_budget-sum_pending_tokens==current_budget:True,1048576-2787==1045789
INFO 08-14 23:19:20 shared.py:299] Adding task for request 86 to replica 0,session_id=44
DEBUG 08-14 23:19:20 replica.py:226] add_request - replica_id=[0], request=86,self.replica_slo_budget-sum_pending_tokens==current_budget:True,1048576-1418==1047158
INFO 08-14 23:19:20 open_ai.py:115] async_send_request:request._id=80,session=15,https://uu722127-b80a-4e3f9d5d.cqa1.seetacloud.com:8443
INFO 08-14 23:19:20 open_ai.py:115] async_send_request:request._id=81,session=15,127.0.0.1:8001
INFO 08-14 23:19:20 open_ai.py:115] async_send_request:request._id=82,session=15,https://uu722127-b80a-4e3f9d5d.cqa1.seetacloud.com:8443
INFO 08-14 23:19:20 open_ai.py:115] async_send_request:request._id=83,session=42,https://u722127-b80a-4e3f9d5d.cqa1.seetacloud.com:8443
INFO 08-14 23:19:20 open_ai.py:115] async_send_request:request._id=84,session=43,https://u722127-8cb5-f6dc13db.nmb1.seetacloud.com:8443
INFO 08-14 23:19:20 open_ai.py:115] async_send_request:request._id=85,session=30,https://u722127-b80a-4e3f9d5d.cqa1.seetacloud.com:8443
INFO 08-14 23:19:20 open_ai.py:115] async_send_request:request._id=86,session=44,127.0.0.1:8000
INFO 08-14 23:19:20 shared.py:299] Adding task for request 87 to replica 0,session_id=18
DEBUG 08-14 23:19:20 replica.py:226] add_request - replica_id=[0], request=87,self.replica_slo_budget-sum_pending_tokens==current_budget:True,1048576-1568==1047008
INFO 08-14 23:19:20 shared.py:299] Adding task for request 88 to replica 4,session_id=45
DEBUG 08-14 23:19:20 replica.py:226] add_request - replica_id=[4], request=88,self.replica_slo_budget-sum_pending_tokens==current_budget:True,1048576-9487==1039089
DEBUG 08-14 23:19:20 open_ai.py:335] async_send_request: request finish prefill, 64
INFO 08-14 23:19:20 open_ai.py:352] async_send_request: prefill completed: req=64,replica_id=0
DEBUG 08-14 23:19:20 replica.py:146] complete_request_prefill: replica_id=[0], request=64, current_budget=158,last_prefill_completed_at=30614768.329186864,last_ttft=0.3598
DEBUG 08-14 23:19:20 replica.py:153] complete_request_prefill - replica_id=[0], request=64,self.replica_slo_budget-sum_pending_tokens==current_budget:True,1048576-1410==1047166
INFO 08-14 23:19:20 shared.py:299] Adding task for request 89 to replica 1,session_id=31
DEBUG 08-14 23:19:20 replica.py:226] add_request - replica_id=[1], request=89,self.replica_slo_budget-sum_pending_tokens==current_budget:True,1048576-1130==1047446
DEBUG 08-14 23:19:20 open_ai.py:335] async_send_request: request finish prefill, 48
INFO 08-14 23:19:20 open_ai.py:352] async_send_request: prefill completed: req=48,replica_id=3
DEBUG 08-14 23:19:20 replica.py:146] complete_request_prefill: replica_id=[3], request=48, current_budget=147,last_prefill_completed_at=30614768.332362577,last_ttft=0.4006
DEBUG 08-14 23:19:20 replica.py:153] complete_request_prefill - replica_id=[3], request=48,self.replica_slo_budget-sum_pending_tokens==current_budget:True,1048576-1183==1047393
DEBUG 08-14 23:19:20 open_ai.py:335] async_send_request: request finish prefill, 49
INFO 08-14 23:19:20 open_ai.py:352] async_send_request: prefill completed: req=49,replica_id=2
DEBUG 08-14 23:19:20 replica.py:146] complete_request_prefill: replica_id=[2], request=49, current_budget=149,last_prefill_completed_at=30614768.33442599,last_ttft=0.4025
DEBUG 08-14 23:19:20 replica.py:153] complete_request_prefill - replica_id=[2], request=49,self.replica_slo_budget-sum_pending_tokens==current_budget:True,1048576-2638==1045938
DEBUG 08-14 23:19:20 open_ai.py:335] async_send_request: request finish prefill, 14
INFO 08-14 23:19:20 open_ai.py:352] async_send_request: prefill completed: req=14,replica_id=4
DEBUG 08-14 23:19:20 replica.py:146] complete_request_prefill: replica_id=[4], request=14, current_budget=351,last_prefill_completed_at=30614768.336903226,last_ttft=0.4864
DEBUG 08-14 23:19:20 replica.py:153] complete_request_prefill - replica_id=[4], request=14,self.replica_slo_budget-sum_pending_tokens==current_budget:True,1048576-9136==1039440
DEBUG 08-14 23:19:20 open_ai.py:335] async_send_request: request finish prefill, 38
INFO 08-14 23:19:20 open_ai.py:352] async_send_request: prefill completed: req=38,replica_id=4
DEBUG 08-14 23:19:20 replica.py:146] complete_request_prefill: replica_id=[4], request=38, current_budget=387,last_prefill_completed_at=30614768.33894611,last_ttft=0.4364
DEBUG 08-14 23:19:20 replica.py:153] complete_request_prefill - replica_id=[4], request=38,self.replica_slo_budget-sum_pending_tokens==current_budget:True,1048576-8749==1039827
DEBUG 08-14 23:19:20 open_ai.py:335] async_send_request: request finish prefill, 18
INFO 08-14 23:19:20 open_ai.py:352] async_send_request: prefill completed: req=18,replica_id=4
DEBUG 08-14 23:19:20 replica.py:146] complete_request_prefill: replica_id=[4], request=18, current_budget=3436,last_prefill_completed_at=30614768.34144432,last_ttft=0.4624
DEBUG 08-14 23:19:20 replica.py:153] complete_request_prefill - replica_id=[4], request=18,self.replica_slo_budget-sum_pending_tokens==current_budget:True,1048576-5313==1043263
DEBUG 08-14 23:19:20 open_ai.py:335] async_send_request: request finish prefill, 52
INFO 08-14 23:19:20 open_ai.py:352] async_send_request: prefill completed: req=52,replica_id=4
DEBUG 08-14 23:19:20 replica.py:146] complete_request_prefill: replica_id=[4], request=52, current_budget=168,last_prefill_completed_at=30614768.343607944,last_ttft=0.4082
DEBUG 08-14 23:19:20 replica.py:153] complete_request_prefill - replica_id=[4], request=52,self.replica_slo_budget-sum_pending_tokens==current_budget:True,1048576-5145==1043431
DEBUG 08-14 23:19:20 open_ai.py:335] async_send_request: request finish prefill, 24
INFO 08-14 23:19:20 open_ai.py:352] async_send_request: prefill completed: req=24,replica_id=4
DEBUG 08-14 23:19:20 replica.py:146] complete_request_prefill: replica_id=[4], request=24, current_budget=351,last_prefill_completed_at=30614768.345719505,last_ttft=0.4607
DEBUG 08-14 23:19:20 replica.py:153] complete_request_prefill - replica_id=[4], request=24,self.replica_slo_budget-sum_pending_tokens==current_budget:True,1048576-4794==1043782
DEBUG 08-14 23:19:20 open_ai.py:335] async_send_request: request finish prefill, 39
INFO 08-14 23:19:20 open_ai.py:352] async_send_request: prefill completed: req=39,replica_id=4
DEBUG 08-14 23:19:20 replica.py:146] complete_request_prefill: replica_id=[4], request=39, current_budget=353,last_prefill_completed_at=30614768.347784735,last_ttft=0.4422
DEBUG 08-14 23:19:20 replica.py:153] complete_request_prefill - replica_id=[4], request=39,self.replica_slo_budget-sum_pending_tokens==current_budget:True,1048576-4441==1044135
DEBUG 08-14 23:19:20 open_ai.py:335] async_send_request: request finish prefill, 37
INFO 08-14 23:19:20 open_ai.py:352] async_send_request: prefill completed: req=37,replica_id=4
DEBUG 08-14 23:19:20 replica.py:146] complete_request_prefill: replica_id=[4], request=37, current_budget=343,last_prefill_completed_at=30614768.35192216,last_ttft=0.4502
DEBUG 08-14 23:19:20 replica.py:153] complete_request_prefill - replica_id=[4], request=37,self.replica_slo_budget-sum_pending_tokens==current_budget:True,1048576-4098==1044478
INFO 08-14 23:19:20 open_ai.py:115] async_send_request:request._id=87,session=18,127.0.0.1:8000
INFO 08-14 23:19:20 open_ai.py:115] async_send_request:request._id=88,session=45,https://u722127-8cb5-f6dc13db.nmb1.seetacloud.com:8443
INFO 08-14 23:19:20 open_ai.py:115] async_send_request:request._id=89,session=31,127.0.0.1:8001
DEBUG 08-14 23:19:20 open_ai.py:335] async_send_request: request finish prefill, 60
INFO 08-14 23:19:20 open_ai.py:352] async_send_request: prefill completed: req=60,replica_id=1
DEBUG 08-14 23:19:20 replica.py:146] complete_request_prefill: replica_id=[1], request=60, current_budget=344,last_prefill_completed_at=30614768.3609853,last_ttft=0.3935
DEBUG 08-14 23:19:20 replica.py:153] complete_request_prefill - replica_id=[1], request=60,self.replica_slo_budget-sum_pending_tokens==current_budget:True,1048576-786==1047790
DEBUG 08-14 23:19:20 replica.py:171] complete_request_decode:num_saved_toekens=32
DEBUG 08-14 23:19:20 open_ai.py:452] good request:127.0.0.1:8001:good,request._id=5,input=349,output=28
DEBUG 08-14 23:19:20 replica.py:171] complete_request_decode:num_saved_toekens=16
DEBUG 08-14 23:19:20 open_ai.py:452] good request:https://uu722127-b80a-4e3f9d5d.cqa1.seetacloud.com:8443:good,request._id=1,input=341,output=24
DEBUG 08-14 23:19:20 open_ai.py:335] async_send_request: request finish prefill, 65
INFO 08-14 23:19:20 open_ai.py:352] async_send_request: prefill completed: req=65,replica_id=1
DEBUG 08-14 23:19:20 replica.py:146] complete_request_prefill: replica_id=[1], request=65, current_budget=166,last_prefill_completed_at=30614768.365719207,last_ttft=0.3962
DEBUG 08-14 23:19:20 replica.py:153] complete_request_prefill - replica_id=[1], request=65,self.replica_slo_budget-sum_pending_tokens==current_budget:True,1048576-620==1047956
DEBUG 08-14 23:19:20 open_ai.py:335] async_send_request: request finish prefill, 63
INFO 08-14 23:19:20 open_ai.py:352] async_send_request: prefill completed: req=63,replica_id=1
DEBUG 08-14 23:19:20 replica.py:146] complete_request_prefill: replica_id=[1], request=63, current_budget=154,last_prefill_completed_at=30614768.36781039,last_ttft=0.3987
DEBUG 08-14 23:19:20 replica.py:153] complete_request_prefill - replica_id=[1], request=63,self.replica_slo_budget-sum_pending_tokens==current_budget:True,1048576-466==1048110
DEBUG 08-14 23:19:20 open_ai.py:335] async_send_request: request finish prefill, 44
INFO 08-14 23:19:20 open_ai.py:352] async_send_request: prefill completed: req=44,replica_id=4
DEBUG 08-14 23:19:20 replica.py:146] complete_request_prefill: replica_id=[4], request=44, current_budget=361,last_prefill_completed_at=30614768.369937316,last_ttft=0.4474
DEBUG 08-14 23:19:20 replica.py:153] complete_request_prefill - replica_id=[4], request=44,self.replica_slo_budget-sum_pending_tokens==current_budget:True,1048576-3737==1044839
DEBUG 08-14 23:19:20 open_ai.py:335] async_send_request: request finish prefill, 43
INFO 08-14 23:19:20 open_ai.py:352] async_send_request: prefill completed: req=43,replica_id=4
DEBUG 08-14 23:19:20 replica.py:146] complete_request_prefill: replica_id=[4], request=43, current_budget=361,last_prefill_completed_at=30614768.372975726,last_ttft=0.4551
DEBUG 08-14 23:19:20 replica.py:153] complete_request_prefill - replica_id=[4], request=43,self.replica_slo_budget-sum_pending_tokens==current_budget:True,1048576-3376==1045200
DEBUG 08-14 23:19:20 open_ai.py:335] async_send_request: request finish prefill, 41
INFO 08-14 23:19:20 open_ai.py:352] async_send_request: prefill completed: req=41,replica_id=4
DEBUG 08-14 23:19:20 replica.py:146] complete_request_prefill: replica_id=[4], request=41, current_budget=355,last_prefill_completed_at=30614768.37526221,last_ttft=0.4673
DEBUG 08-14 23:19:20 replica.py:153] complete_request_prefill - replica_id=[4], request=41,self.replica_slo_budget-sum_pending_tokens==current_budget:True,1048576-3021==1045555
DEBUG 08-14 23:19:20 open_ai.py:335] async_send_request: request finish prefill, 40
INFO 08-14 23:19:20 open_ai.py:352] async_send_request: prefill completed: req=40,replica_id=4
DEBUG 08-14 23:19:20 replica.py:146] complete_request_prefill: replica_id=[4], request=40, current_budget=347,last_prefill_completed_at=30614768.378259216,last_ttft=0.4722
DEBUG 08-14 23:19:20 replica.py:153] complete_request_prefill - replica_id=[4], request=40,self.replica_slo_budget-sum_pending_tokens==current_budget:True,1048576-2674==1045902
DEBUG 08-14 23:19:20 open_ai.py:335] async_send_request: request finish prefill, 50
INFO 08-14 23:19:20 open_ai.py:352] async_send_request: prefill completed: req=50,replica_id=3
DEBUG 08-14 23:19:20 replica.py:146] complete_request_prefill: replica_id=[3], request=50, current_budget=149,last_prefill_completed_at=30614768.381421752,last_ttft=0.4493
DEBUG 08-14 23:19:20 replica.py:153] complete_request_prefill - replica_id=[3], request=50,self.replica_slo_budget-sum_pending_tokens==current_budget:True,1048576-1034==1047542
DEBUG 08-14 23:19:20 open_ai.py:335] async_send_request: request finish prefill, 55
INFO 08-14 23:19:20 open_ai.py:352] async_send_request: prefill completed: req=55,replica_id=2
DEBUG 08-14 23:19:20 replica.py:146] complete_request_prefill: replica_id=[2], request=55, current_budget=164,last_prefill_completed_at=30614768.390813407,last_ttft=0.4425
DEBUG 08-14 23:19:20 replica.py:153] complete_request_prefill - replica_id=[2], request=55,self.replica_slo_budget-sum_pending_tokens==current_budget:True,1048576-2474==1046102
DEBUG 08-14 23:19:20 open_ai.py:335] async_send_request: request finish prefill, 57
INFO 08-14 23:19:20 open_ai.py:352] async_send_request: prefill completed: req=57,replica_id=4
DEBUG 08-14 23:19:20 replica.py:146] complete_request_prefill: replica_id=[4], request=57, current_budget=375,last_prefill_completed_at=30614768.393656716,last_ttft=0.4383
DEBUG 08-14 23:19:20 replica.py:153] complete_request_prefill - replica_id=[4], request=57,self.replica_slo_budget-sum_pending_tokens==current_budget:True,1048576-2299==1046277
DEBUG 08-14 23:19:20 open_ai.py:335] async_send_request: request finish prefill, 54
INFO 08-14 23:19:20 open_ai.py:352] async_send_request: prefill completed: req=54,replica_id=2
DEBUG 08-14 23:19:20 replica.py:146] complete_request_prefill: replica_id=[2], request=54, current_budget=154,last_prefill_completed_at=30614768.395731293,last_ttft=0.4499
DEBUG 08-14 23:19:20 replica.py:153] complete_request_prefill - replica_id=[2], request=54,self.replica_slo_budget-sum_pending_tokens==current_budget:True,1048576-2320==1046256
DEBUG 08-14 23:19:20 open_ai.py:335] async_send_request: request finish prefill, 58
INFO 08-14 23:19:20 open_ai.py:352] async_send_request: prefill completed: req=58,replica_id=4
DEBUG 08-14 23:19:20 replica.py:146] complete_request_prefill: replica_id=[4], request=58, current_budget=349,last_prefill_completed_at=30614768.398715574,last_ttft=0.4394
DEBUG 08-14 23:19:20 replica.py:153] complete_request_prefill - replica_id=[4], request=58,self.replica_slo_budget-sum_pending_tokens==current_budget:True,1048576-1950==1046626
DEBUG 08-14 23:19:20 open_ai.py:335] async_send_request: request finish prefill, 56
INFO 08-14 23:19:20 open_ai.py:352] async_send_request: prefill completed: req=56,replica_id=4
DEBUG 08-14 23:19:20 replica.py:146] complete_request_prefill: replica_id=[4], request=56, current_budget=355,last_prefill_completed_at=30614768.401386775,last_ttft=0.4529
DEBUG 08-14 23:19:20 replica.py:153] complete_request_prefill - replica_id=[4], request=56,self.replica_slo_budget-sum_pending_tokens==current_budget:True,1048576-1595==1046981
DEBUG 08-14 23:19:20 open_ai.py:335] async_send_request: request finish prefill, 45
INFO 08-14 23:19:20 open_ai.py:352] async_send_request: prefill completed: req=45,replica_id=4
DEBUG 08-14 23:19:20 replica.py:146] complete_request_prefill: replica_id=[4], request=45, current_budget=362,last_prefill_completed_at=30614768.403621927,last_ttft=0.4789
DEBUG 08-14 23:19:20 replica.py:153] complete_request_prefill - replica_id=[4], request=45,self.replica_slo_budget-sum_pending_tokens==current_budget:True,1048576-1233==1047343
INFO 08-14 23:19:20 shared.py:299] Adding task for request 90 to replica 2,session_id=26
DEBUG 08-14 23:19:20 replica.py:226] add_request - replica_id=[2], request=90,self.replica_slo_budget-sum_pending_tokens==current_budget:True,1048576-2486==1046090
INFO 08-14 23:19:20 shared.py:299] Adding task for request 91 to replica 4,session_id=46
DEBUG 08-14 23:19:20 replica.py:226] add_request - replica_id=[4], request=91,self.replica_slo_budget-sum_pending_tokens==current_budget:True,1048576-1577==1046999
INFO 08-14 23:19:20 shared.py:299] Adding task for request 96 to replica 4,session_id=47
DEBUG 08-14 23:19:20 replica.py:226] add_request - replica_id=[4], request=96,self.replica_slo_budget-sum_pending_tokens==current_budget:True,1048576-2236==1046340
INFO 08-14 23:19:20 shared.py:299] Adding task for request 97 to replica 4,session_id=48
DEBUG 08-14 23:19:20 replica.py:226] add_request - replica_id=[4], request=97,self.replica_slo_budget-sum_pending_tokens==current_budget:True,1048576-2614==1045962
INFO 08-14 23:19:20 open_ai.py:115] async_send_request:request._id=90,session=26,https://u722127-b80a-4e3f9d5d.cqa1.seetacloud.com:8443
INFO 08-14 23:19:20 open_ai.py:115] async_send_request:request._id=91,session=46,https://u722127-8cb5-f6dc13db.nmb1.seetacloud.com:8443
INFO 08-14 23:19:20 open_ai.py:115] async_send_request:request._id=96,session=47,https://u722127-8cb5-f6dc13db.nmb1.seetacloud.com:8443
INFO 08-14 23:19:20 open_ai.py:115] async_send_request:request._id=97,session=48,https://u722127-8cb5-f6dc13db.nmb1.seetacloud.com:8443
INFO 08-14 23:19:20 shared.py:299] Adding task for request 99 to replica 3,session_id=23
DEBUG 08-14 23:19:20 replica.py:226] add_request - replica_id=[3], request=99,self.replica_slo_budget-sum_pending_tokens==current_budget:True,1048576-1188==1047388
INFO 08-14 23:19:20 shared.py:299] Adding task for request 98 to replica 4,session_id=49
DEBUG 08-14 23:19:20 replica.py:226] add_request - replica_id=[4], request=98,self.replica_slo_budget-sum_pending_tokens==current_budget:True,1048576-2967==1045609
DEBUG 08-14 23:19:20 open_ai.py:335] async_send_request: request finish prefill, 70
INFO 08-14 23:19:20 open_ai.py:352] async_send_request: prefill completed: req=70,replica_id=0
DEBUG 08-14 23:19:20 replica.py:146] complete_request_prefill: replica_id=[0], request=70, current_budget=376,last_prefill_completed_at=30614768.472241767,last_ttft=0.4992
DEBUG 08-14 23:19:20 replica.py:153] complete_request_prefill - replica_id=[0], request=70,self.replica_slo_budget-sum_pending_tokens==current_budget:True,1048576-1034==1047542
DEBUG 08-14 23:19:20 open_ai.py:335] async_send_request: request finish prefill, 74
INFO 08-14 23:19:20 open_ai.py:352] async_send_request: prefill completed: req=74,replica_id=1
DEBUG 08-14 23:19:20 replica.py:146] complete_request_prefill: replica_id=[1], request=74, current_budget=174,last_prefill_completed_at=30614768.476461835,last_ttft=0.49
DEBUG 08-14 23:19:20 replica.py:153] complete_request_prefill - replica_id=[1], request=74,self.replica_slo_budget-sum_pending_tokens==current_budget:True,1048576-292==1048284
DEBUG 08-14 23:19:20 open_ai.py:335] async_send_request: request finish prefill, 59
INFO 08-14 23:19:20 open_ai.py:352] async_send_request: prefill completed: req=59,replica_id=3
DEBUG 08-14 23:19:20 replica.py:146] complete_request_prefill: replica_id=[3], request=59, current_budget=144,last_prefill_completed_at=30614768.48060428,last_ttft=0.5203
DEBUG 08-14 23:19:20 replica.py:153] complete_request_prefill - replica_id=[3], request=59,self.replica_slo_budget-sum_pending_tokens==current_budget:True,1048576-1044==1047532
INFO 08-14 23:19:20 open_ai.py:115] async_send_request:request._id=99,session=23,https://uu722127-b80a-4e3f9d5d.cqa1.seetacloud.com:8443
INFO 08-14 23:19:20 open_ai.py:115] async_send_request:request._id=98,session=49,https://u722127-8cb5-f6dc13db.nmb1.seetacloud.com:8443
DEBUG 08-14 23:19:20 open_ai.py:335] async_send_request: request finish prefill, 78
INFO 08-14 23:19:20 open_ai.py:352] async_send_request: prefill completed: req=78,replica_id=0
DEBUG 08-14 23:19:20 replica.py:146] complete_request_prefill: replica_id=[0], request=78, current_budget=164,last_prefill_completed_at=30614768.48890431,last_ttft=0.4993
DEBUG 08-14 23:19:20 replica.py:153] complete_request_prefill - replica_id=[0], request=78,self.replica_slo_budget-sum_pending_tokens==current_budget:True,1048576-870==1047706
DEBUG 08-14 23:19:20 open_ai.py:335] async_send_request: request finish prefill, 76
INFO 08-14 23:19:20 open_ai.py:352] async_send_request: prefill completed: req=76,replica_id=0
DEBUG 08-14 23:19:20 replica.py:146] complete_request_prefill: replica_id=[0], request=76, current_budget=168,last_prefill_completed_at=30614768.492750157,last_ttft=0.5057
DEBUG 08-14 23:19:20 replica.py:153] complete_request_prefill - replica_id=[0], request=76,self.replica_slo_budget-sum_pending_tokens==current_budget:True,1048576-702==1047874
DEBUG 08-14 23:19:20 open_ai.py:335] async_send_request: request finish prefill, 77
INFO 08-14 23:19:20 open_ai.py:352] async_send_request: prefill completed: req=77,replica_id=3
DEBUG 08-14 23:19:20 replica.py:146] complete_request_prefill: replica_id=[3], request=77, current_budget=154,last_prefill_completed_at=30614768.49913071,last_ttft=0.5109
DEBUG 08-14 23:19:20 replica.py:153] complete_request_prefill - replica_id=[3], request=77,self.replica_slo_budget-sum_pending_tokens==current_budget:True,1048576-890==1047686
DEBUG 08-14 23:19:20 metrics_store.py:131] update_metrics:request_id=5
DEBUG 08-14 23:19:20 metrics_store.py:131] update_metrics:request_id=1
DEBUG 08-14 23:19:20 shared.py:180] Removed task for request 5 on 127.0.0.1:8001
DEBUG 08-14 23:19:20 shared.py:180] Removed task for request 1 on https://uu722127-b80a-4e3f9d5d.cqa1.seetacloud.com:8443
DEBUG 08-14 23:19:20 open_ai.py:335] async_send_request: request finish prefill, 68
INFO 08-14 23:19:20 open_ai.py:352] async_send_request: prefill completed: req=68,replica_id=4
DEBUG 08-14 23:19:20 replica.py:146] complete_request_prefill: replica_id=[4], request=68, current_budget=160,last_prefill_completed_at=30614768.52675115,last_ttft=0.5567
DEBUG 08-14 23:19:20 replica.py:153] complete_request_prefill - replica_id=[4], request=68,self.replica_slo_budget-sum_pending_tokens==current_budget:True,1048576-2807==1045769
DEBUG 08-14 23:19:20 open_ai.py:335] async_send_request: request finish prefill, 66
INFO 08-14 23:19:20 open_ai.py:352] async_send_request: prefill completed: req=66,replica_id=3
DEBUG 08-14 23:19:20 replica.py:146] complete_request_prefill: replica_id=[3], request=66, current_budget=154,last_prefill_completed_at=30614768.535041023,last_ttft=0.5652
DEBUG 08-14 23:19:20 replica.py:153] complete_request_prefill - replica_id=[3], request=66,self.replica_slo_budget-sum_pending_tokens==current_budget:True,1048576-736==1047840
INFO 08-14 23:19:20 shared.py:299] Adding task for request 100 to replica 1,session_id=23
DEBUG 08-14 23:19:20 replica.py:226] add_request - replica_id=[1], request=100,self.replica_slo_budget-sum_pending_tokens==current_budget:True,1048576-436==1048140
INFO 08-14 23:19:20 shared.py:299] Adding task for request 101 to replica 4,session_id=50
DEBUG 08-14 23:19:20 replica.py:226] add_request - replica_id=[4], request=101,self.replica_slo_budget-sum_pending_tokens==current_budget:True,1048576-3162==1045414
INFO 08-14 23:19:20 shared.py:299] Adding task for request 102 to replica 4,session_id=51
DEBUG 08-14 23:19:20 replica.py:226] add_request - replica_id=[4], request=102,self.replica_slo_budget-sum_pending_tokens==current_budget:True,1048576-3504==1045072
INFO 08-14 23:19:20 shared.py:299] Adding task for request 103 to replica 4,session_id=52
DEBUG 08-14 23:19:20 replica.py:226] add_request - replica_id=[4], request=103,self.replica_slo_budget-sum_pending_tokens==current_budget:True,1048576-3862==1044714
INFO 08-14 23:19:20 shared.py:299] Adding task for request 105 to replica 0,session_id=35
DEBUG 08-14 23:19:20 replica.py:226] add_request - replica_id=[0], request=105,self.replica_slo_budget-sum_pending_tokens==current_budget:True,1048576-872==1047704
INFO 08-14 23:19:20 shared.py:299] Adding task for request 104 to replica 4,session_id=53
DEBUG 08-14 23:19:20 replica.py:226] add_request - replica_id=[4], request=104,self.replica_slo_budget-sum_pending_tokens==current_budget:True,1048576-4205==1044371
INFO 08-14 23:19:20 shared.py:299] Adding task for request 106 to replica 2,session_id=37
DEBUG 08-14 23:19:20 replica.py:226] add_request - replica_id=[2], request=106,self.replica_slo_budget-sum_pending_tokens==current_budget:True,1048576-2632==1045944
INFO 08-14 23:19:20 shared.py:299] Adding task for request 107 to replica 3,session_id=29
DEBUG 08-14 23:19:20 replica.py:226] add_request - replica_id=[3], request=107,self.replica_slo_budget-sum_pending_tokens==current_budget:True,1048576-894==1047682
INFO 08-14 23:19:20 open_ai.py:115] async_send_request:request._id=100,session=23,127.0.0.1:8001
INFO 08-14 23:19:20 open_ai.py:115] async_send_request:request._id=101,session=50,https://u722127-8cb5-f6dc13db.nmb1.seetacloud.com:8443
INFO 08-14 23:19:20 open_ai.py:115] async_send_request:request._id=102,session=51,https://u722127-8cb5-f6dc13db.nmb1.seetacloud.com:8443
INFO 08-14 23:19:20 open_ai.py:115] async_send_request:request._id=103,session=52,https://u722127-8cb5-f6dc13db.nmb1.seetacloud.com:8443
INFO 08-14 23:19:20 open_ai.py:115] async_send_request:request._id=105,session=35,127.0.0.1:8000
INFO 08-14 23:19:20 open_ai.py:115] async_send_request:request._id=104,session=53,https://u722127-8cb5-f6dc13db.nmb1.seetacloud.com:8443
INFO 08-14 23:19:20 open_ai.py:115] async_send_request:request._id=106,session=37,https://u722127-b80a-4e3f9d5d.cqa1.seetacloud.com:8443
INFO 08-14 23:19:20 open_ai.py:115] async_send_request:request._id=107,session=29,https://uu722127-b80a-4e3f9d5d.cqa1.seetacloud.com:8443
INFO 08-14 23:19:20 shared.py:299] Adding task for request 109 to replica 1,session_id=33
DEBUG 08-14 23:19:20 replica.py:226] add_request - replica_id=[1], request=109,self.replica_slo_budget-sum_pending_tokens==current_budget:True,1048576-626==1047950
INFO 08-14 23:19:20 shared.py:299] Adding task for request 108 to replica 2,session_id=29
DEBUG 08-14 23:19:20 replica.py:226] add_request - replica_id=[2], request=108,self.replica_slo_budget-sum_pending_tokens==current_budget:True,1048576-2784==1045792
DEBUG 08-14 23:19:20 open_ai.py:335] async_send_request: request finish prefill, 89
INFO 08-14 23:19:20 open_ai.py:352] async_send_request: prefill completed: req=89,replica_id=1
DEBUG 08-14 23:19:20 replica.py:146] complete_request_prefill: replica_id=[1], request=89, current_budget=146,last_prefill_completed_at=30614768.623018857,last_ttft=0.6161
DEBUG 08-14 23:19:20 replica.py:153] complete_request_prefill - replica_id=[1], request=89,self.replica_slo_budget-sum_pending_tokens==current_budget:True,1048576-480==1048096
DEBUG 08-14 23:19:20 open_ai.py:335] async_send_request: request finish prefill, 81
INFO 08-14 23:19:20 open_ai.py:352] async_send_request: prefill completed: req=81,replica_id=1
DEBUG 08-14 23:19:20 replica.py:146] complete_request_prefill: replica_id=[1], request=81, current_budget=146,last_prefill_completed_at=30614768.628669854,last_ttft=0.6329
DEBUG 08-14 23:19:20 replica.py:153] complete_request_prefill - replica_id=[1], request=81,self.replica_slo_budget-sum_pending_tokens==current_budget:True,1048576-334==1048242
DEBUG 08-14 23:19:20 open_ai.py:335] async_send_request: request finish prefill, 69
INFO 08-14 23:19:20 open_ai.py:352] async_send_request: prefill completed: req=69,replica_id=3
DEBUG 08-14 23:19:20 replica.py:146] complete_request_prefill: replica_id=[3], request=69, current_budget=144,last_prefill_completed_at=30614768.6332549,last_ttft=0.6632
DEBUG 08-14 23:19:20 replica.py:153] complete_request_prefill - replica_id=[3], request=69,self.replica_slo_budget-sum_pending_tokens==current_budget:True,1048576-750==1047826
DEBUG 08-14 23:19:20 open_ai.py:335] async_send_request: request finish prefill, 86
INFO 08-14 23:19:20 open_ai.py:352] async_send_request: prefill completed: req=86,replica_id=0
DEBUG 08-14 23:19:20 replica.py:146] complete_request_prefill: replica_id=[0], request=86, current_budget=552,last_prefill_completed_at=30614768.636902586,last_ttft=0.6331
DEBUG 08-14 23:19:20 replica.py:153] complete_request_prefill - replica_id=[0], request=86,self.replica_slo_budget-sum_pending_tokens==current_budget:True,1048576-320==1048256
DEBUG 08-14 23:19:20 open_ai.py:335] async_send_request: request finish prefill, 87
INFO 08-14 23:19:20 open_ai.py:352] async_send_request: prefill completed: req=87,replica_id=0
DEBUG 08-14 23:19:20 replica.py:146] complete_request_prefill: replica_id=[0], request=87, current_budget=150,last_prefill_completed_at=30614768.640402045,last_ttft=0.6364
DEBUG 08-14 23:19:20 replica.py:153] complete_request_prefill - replica_id=[0], request=87,self.replica_slo_budget-sum_pending_tokens==current_budget:True,1048576-170==1048406
DEBUG 08-14 23:19:20 open_ai.py:335] async_send_request: request finish prefill, 75
INFO 08-14 23:19:20 open_ai.py:352] async_send_request: prefill completed: req=75,replica_id=4
DEBUG 08-14 23:19:20 replica.py:146] complete_request_prefill: replica_id=[4], request=75, current_budget=160,last_prefill_completed_at=30614768.644323204,last_ttft=0.6576
DEBUG 08-14 23:19:20 replica.py:153] complete_request_prefill - replica_id=[4], request=75,self.replica_slo_budget-sum_pending_tokens==current_budget:True,1048576-4045==1044531
INFO 08-14 23:19:20 open_ai.py:115] async_send_request:request._id=109,session=33,127.0.0.1:8001
INFO 08-14 23:19:20 open_ai.py:115] async_send_request:request._id=108,session=29,https://u722127-b80a-4e3f9d5d.cqa1.seetacloud.com:8443
DEBUG 08-14 23:19:20 replica.py:171] complete_request_decode:num_saved_toekens=32
DEBUG 08-14 23:19:20 open_ai.py:452] good request:127.0.0.1:8000:good,request._id=46,input=342,output=27
DEBUG 08-14 23:19:20 open_ai.py:335] async_send_request: request finish prefill, 67
INFO 08-14 23:19:20 open_ai.py:352] async_send_request: prefill completed: req=67,replica_id=2
DEBUG 08-14 23:19:20 replica.py:146] complete_request_prefill: replica_id=[2], request=67, current_budget=156,last_prefill_completed_at=30614768.654029496,last_ttft=0.6841
DEBUG 08-14 23:19:20 replica.py:153] complete_request_prefill - replica_id=[2], request=67,self.replica_slo_budget-sum_pending_tokens==current_budget:True,1048576-2628==1045948
DEBUG 08-14 23:19:20 open_ai.py:335] async_send_request: request finish prefill, 72
INFO 08-14 23:19:20 open_ai.py:352] async_send_request: prefill completed: req=72,replica_id=2
DEBUG 08-14 23:19:20 replica.py:146] complete_request_prefill: replica_id=[2], request=72, current_budget=144,last_prefill_completed_at=30614768.65832741,last_ttft=0.684
DEBUG 08-14 23:19:20 replica.py:153] complete_request_prefill - replica_id=[2], request=72,self.replica_slo_budget-sum_pending_tokens==current_budget:True,1048576-2484==1046092
DEBUG 08-14 23:19:20 open_ai.py:335] async_send_request: request finish prefill, 71
INFO 08-14 23:19:20 open_ai.py:352] async_send_request: prefill completed: req=71,replica_id=2
DEBUG 08-14 23:19:20 replica.py:146] complete_request_prefill: replica_id=[2], request=71, current_budget=170,last_prefill_completed_at=30614768.662237585,last_ttft=0.6881
DEBUG 08-14 23:19:20 replica.py:153] complete_request_prefill - replica_id=[2], request=71,self.replica_slo_budget-sum_pending_tokens==current_budget:True,1048576-2314==1046262
DEBUG 08-14 23:19:20 replica.py:171] complete_request_decode:num_saved_toekens=32
DEBUG 08-14 23:19:20 open_ai.py:335] async_send_request: request finish prefill, 36
INFO 08-14 23:19:20 open_ai.py:352] async_send_request: prefill completed: req=36,replica_id=2
DEBUG 08-14 23:19:20 replica.py:146] complete_request_prefill: replica_id=[2], request=36, current_budget=152,last_prefill_completed_at=30614768.675179508,last_ttft=0.7741
DEBUG 08-14 23:19:20 replica.py:153] complete_request_prefill - replica_id=[2], request=36,self.replica_slo_budget-sum_pending_tokens==current_budget:True,1048576-2162==1046414
DEBUG 08-14 23:19:20 open_ai.py:335] async_send_request: request finish prefill, 33
INFO 08-14 23:19:20 open_ai.py:352] async_send_request: prefill completed: req=33,replica_id=2
DEBUG 08-14 23:19:20 replica.py:146] complete_request_prefill: replica_id=[2], request=33, current_budget=150,last_prefill_completed_at=30614768.680874564,last_ttft=0.7823
DEBUG 08-14 23:19:20 replica.py:153] complete_request_prefill - replica_id=[2], request=33,self.replica_slo_budget-sum_pending_tokens==current_budget:True,1048576-2012==1046564
DEBUG 08-14 23:19:20 open_ai.py:335] async_send_request: request finish prefill, 29
INFO 08-14 23:19:20 open_ai.py:352] async_send_request: prefill completed: req=29,replica_id=2
DEBUG 08-14 23:19:20 replica.py:146] complete_request_prefill: replica_id=[2], request=29, current_budget=367,last_prefill_completed_at=30614768.685378186,last_ttft=0.7941
DEBUG 08-14 23:19:20 replica.py:153] complete_request_prefill - replica_id=[2], request=29,self.replica_slo_budget-sum_pending_tokens==current_budget:True,1048576-1645==1046931
INFO 08-14 23:19:20 shared.py:299] Adding task for request 110 to replica 4,session_id=54
DEBUG 08-14 23:19:20 replica.py:226] add_request - replica_id=[4], request=110,self.replica_slo_budget-sum_pending_tokens==current_budget:True,1048576-4389==1044187
INFO 08-14 23:19:20 shared.py:299] Adding task for request 112 to replica 3,session_id=34
DEBUG 08-14 23:19:20 replica.py:226] add_request - replica_id=[3], request=112,self.replica_slo_budget-sum_pending_tokens==current_budget:True,1048576-912==1047664
INFO 08-14 23:19:20 shared.py:299] Adding task for request 111 to replica 4,session_id=34
DEBUG 08-14 23:19:20 replica.py:226] add_request - replica_id=[4], request=111,self.replica_slo_budget-sum_pending_tokens==current_budget:True,1048576-4551==1044025
INFO 08-14 23:19:20 shared.py:299] Adding task for request 113 to replica 0,session_id=34
DEBUG 08-14 23:19:20 replica.py:226] add_request - replica_id=[0], request=113,self.replica_slo_budget-sum_pending_tokens==current_budget:True,1048576-328==1048248
INFO 08-14 23:19:20 shared.py:299] Adding task for request 114 to replica 2,session_id=55
DEBUG 08-14 23:19:20 replica.py:226] add_request - replica_id=[2], request=114,self.replica_slo_budget-sum_pending_tokens==current_budget:True,1048576-1995==1046581
INFO 08-14 23:19:20 open_ai.py:115] async_send_request:request._id=110,session=54,https://u722127-8cb5-f6dc13db.nmb1.seetacloud.com:8443
INFO 08-14 23:19:20 open_ai.py:115] async_send_request:request._id=112,session=34,https://uu722127-b80a-4e3f9d5d.cqa1.seetacloud.com:8443
INFO 08-14 23:19:20 open_ai.py:115] async_send_request:request._id=111,session=34,https://u722127-8cb5-f6dc13db.nmb1.seetacloud.com:8443
INFO 08-14 23:19:20 open_ai.py:115] async_send_request:request._id=113,session=34,127.0.0.1:8000
INFO 08-14 23:19:20 open_ai.py:115] async_send_request:request._id=114,session=55,https://u722127-b80a-4e3f9d5d.cqa1.seetacloud.com:8443
INFO 08-14 23:19:20 shared.py:299] Adding task for request 118 to replica 2,session_id=56
DEBUG 08-14 23:19:20 replica.py:226] add_request - replica_id=[2], request=118,self.replica_slo_budget-sum_pending_tokens==current_budget:True,1048576-2362==1046214
INFO 08-14 23:19:20 shared.py:299] Adding task for request 119 to replica 4,session_id=57
DEBUG 08-14 23:19:20 replica.py:226] add_request - replica_id=[4], request=119,self.replica_slo_budget-sum_pending_tokens==current_budget:True,1048576-6024==1042552
DEBUG 08-14 23:19:20 replica.py:171] complete_request_decode:num_saved_toekens=48
DEBUG 08-14 23:19:20 open_ai.py:452] good request:127.0.0.1:8000:good,request._id=4,input=351,output=43
DEBUG 08-14 23:19:20 open_ai.py:335] async_send_request: request finish prefill, 82
INFO 08-14 23:19:20 open_ai.py:352] async_send_request: prefill completed: req=82,replica_id=3
DEBUG 08-14 23:19:20 replica.py:146] complete_request_prefill: replica_id=[3], request=82, current_budget=148,last_prefill_completed_at=30614768.779831976,last_ttft=0.784
DEBUG 08-14 23:19:20 replica.py:153] complete_request_prefill - replica_id=[3], request=82,self.replica_slo_budget-sum_pending_tokens==current_budget:True,1048576-764==1047812
INFO 08-14 23:19:20 open_ai.py:115] async_send_request:request._id=118,session=56,https://u722127-b80a-4e3f9d5d.cqa1.seetacloud.com:8443
INFO 08-14 23:19:20 open_ai.py:115] async_send_request:request._id=119,session=57,https://u722127-8cb5-f6dc13db.nmb1.seetacloud.com:8443
DEBUG 08-14 23:19:20 open_ai.py:335] async_send_request: request finish prefill, 85
INFO 08-14 23:19:20 open_ai.py:352] async_send_request: prefill completed: req=85,replica_id=2
DEBUG 08-14 23:19:20 replica.py:146] complete_request_prefill: replica_id=[2], request=85, current_budget=150,last_prefill_completed_at=30614768.786841687,last_ttft=0.7837
DEBUG 08-14 23:19:20 replica.py:153] complete_request_prefill - replica_id=[2], request=85,self.replica_slo_budget-sum_pending_tokens==current_budget:True,1048576-2212==1046364
DEBUG 08-14 23:19:20 open_ai.py:335] async_send_request: request finish prefill, 88
INFO 08-14 23:19:20 open_ai.py:352] async_send_request: prefill completed: req=88,replica_id=4
DEBUG 08-14 23:19:20 replica.py:146] complete_request_prefill: replica_id=[4], request=88, current_budget=361,last_prefill_completed_at=30614768.791651696,last_ttft=0.7866
DEBUG 08-14 23:19:20 replica.py:153] complete_request_prefill - replica_id=[4], request=88,self.replica_slo_budget-sum_pending_tokens==current_budget:True,1048576-5663==1042913
DEBUG 08-14 23:19:20 open_ai.py:335] async_send_request: request finish prefill, 84
INFO 08-14 23:19:20 open_ai.py:352] async_send_request: prefill completed: req=84,replica_id=4
DEBUG 08-14 23:19:20 replica.py:146] complete_request_prefill: replica_id=[4], request=84, current_budget=552,last_prefill_completed_at=30614768.80188402,last_ttft=0.7994
DEBUG 08-14 23:19:20 replica.py:153] complete_request_prefill - replica_id=[4], request=84,self.replica_slo_budget-sum_pending_tokens==current_budget:True,1048576-5111==1043465
DEBUG 08-14 23:19:20 open_ai.py:335] async_send_request: request finish prefill, 91
INFO 08-14 23:19:20 open_ai.py:352] async_send_request: prefill completed: req=91,replica_id=4
DEBUG 08-14 23:19:20 replica.py:146] complete_request_prefill: replica_id=[4], request=91, current_budget=344,last_prefill_completed_at=30614768.80665511,last_ttft=0.7962
DEBUG 08-14 23:19:20 replica.py:153] complete_request_prefill - replica_id=[4], request=91,self.replica_slo_budget-sum_pending_tokens==current_budget:True,1048576-4767==1043809
DEBUG 08-14 23:19:20 metrics_store.py:131] update_metrics:request_id=46
DEBUG 08-14 23:19:20 shared.py:180] Removed task for request 46 on 127.0.0.1:8000
DEBUG 08-14 23:19:20 open_ai.py:452] good request:127.0.0.1:8000:good,request._id=20,input=344,output=31
INFO 08-14 23:19:20 shared.py:299] Adding task for request 120 to replica 3,session_id=39
DEBUG 08-14 23:19:20 replica.py:226] add_request - replica_id=[3], request=120,self.replica_slo_budget-sum_pending_tokens==current_budget:True,1048576-924==1047652
INFO 08-14 23:19:20 shared.py:299] Adding task for request 121 to replica 1,session_id=58
DEBUG 08-14 23:19:20 replica.py:226] add_request - replica_id=[1], request=121,self.replica_slo_budget-sum_pending_tokens==current_budget:True,1048576-690==1047886
INFO 08-14 23:19:20 shared.py:299] Adding task for request 122 to replica 2,session_id=59
DEBUG 08-14 23:19:20 replica.py:226] add_request - replica_id=[2], request=122,self.replica_slo_budget-sum_pending_tokens==current_budget:True,1048576-2636==1045940
INFO 08-14 23:19:20 shared.py:299] Adding task for request 123 to replica 2,session_id=60
DEBUG 08-14 23:19:20 replica.py:226] add_request - replica_id=[2], request=123,self.replica_slo_budget-sum_pending_tokens==current_budget:True,1048576-2989==1045587
INFO 08-14 23:19:20 shared.py:299] Adding task for request 124 to replica 4,session_id=61
DEBUG 08-14 23:19:20 replica.py:226] add_request - replica_id=[4], request=124,self.replica_slo_budget-sum_pending_tokens==current_budget:True,1048576-5108==1043468
INFO 08-14 23:19:20 shared.py:299] Adding task for request 125 to replica 0,session_id=62
DEBUG 08-14 23:19:20 replica.py:226] add_request - replica_id=[0], request=125,self.replica_slo_budget-sum_pending_tokens==current_budget:True,1048576-679==1047897
INFO 08-14 23:19:20 shared.py:299] Adding task for request 126 to replica 2,session_id=38
DEBUG 08-14 23:19:20 replica.py:226] add_request - replica_id=[2], request=126,self.replica_slo_budget-sum_pending_tokens==current_budget:True,1048576-3156==1045420
INFO 08-14 23:19:20 shared.py:299] Adding task for request 128 to replica 0,session_id=63
DEBUG 08-14 23:19:20 replica.py:226] add_request - replica_id=[0], request=128,self.replica_slo_budget-sum_pending_tokens==current_budget:True,1048576-1023==1047553
INFO 08-14 23:19:20 shared.py:299] Adding task for request 127 to replica 1,session_id=38
DEBUG 08-14 23:19:20 replica.py:226] add_request - replica_id=[1], request=127,self.replica_slo_budget-sum_pending_tokens==current_budget:True,1048576-859==1047717
INFO 08-14 23:19:20 open_ai.py:115] async_send_request:request._id=120,session=39,https://uu722127-b80a-4e3f9d5d.cqa1.seetacloud.com:8443
INFO 08-14 23:19:20 open_ai.py:115] async_send_request:request._id=121,session=58,127.0.0.1:8001
INFO 08-14 23:19:20 open_ai.py:115] async_send_request:request._id=122,session=59,https://u722127-b80a-4e3f9d5d.cqa1.seetacloud.com:8443
INFO 08-14 23:19:20 open_ai.py:115] async_send_request:request._id=123,session=60,https://u722127-b80a-4e3f9d5d.cqa1.seetacloud.com:8443
INFO 08-14 23:19:20 open_ai.py:115] async_send_request:request._id=124,session=61,https://u722127-8cb5-f6dc13db.nmb1.seetacloud.com:8443
INFO 08-14 23:19:20 open_ai.py:115] async_send_request:request._id=125,session=62,127.0.0.1:8000
INFO 08-14 23:19:20 open_ai.py:115] async_send_request:request._id=126,session=38,https://u722127-b80a-4e3f9d5d.cqa1.seetacloud.com:8443
INFO 08-14 23:19:20 open_ai.py:115] async_send_request:request._id=128,session=63,127.0.0.1:8000
INFO 08-14 23:19:20 open_ai.py:115] async_send_request:request._id=127,session=38,127.0.0.1:8001
INFO 08-14 23:19:20 shared.py:299] Adding task for request 129 to replica 4,session_id=64
DEBUG 08-14 23:19:20 replica.py:226] add_request - replica_id=[4], request=129,self.replica_slo_budget-sum_pending_tokens==current_budget:True,1048576-5461==1043115
DEBUG 08-14 23:19:20 open_ai.py:335] async_send_request: request finish prefill, 90
INFO 08-14 23:19:20 open_ai.py:352] async_send_request: prefill completed: req=90,replica_id=2
DEBUG 08-14 23:19:20 replica.py:146] complete_request_prefill: replica_id=[2], request=90, current_budget=166,last_prefill_completed_at=30614768.92962321,last_ttft=0.9216
DEBUG 08-14 23:19:20 replica.py:153] complete_request_prefill - replica_id=[2], request=90,self.replica_slo_budget-sum_pending_tokens==current_budget:True,1048576-2990==1045586
DEBUG 08-14 23:19:20 open_ai.py:335] async_send_request: request finish prefill, 109
INFO 08-14 23:19:20 open_ai.py:352] async_send_request: prefill completed: req=109,replica_id=1
DEBUG 08-14 23:19:20 replica.py:146] complete_request_prefill: replica_id=[1], request=109, current_budget=190,last_prefill_completed_at=30614768.938218314,last_ttft=0.8935
DEBUG 08-14 23:19:20 replica.py:153] complete_request_prefill - replica_id=[1], request=109,self.replica_slo_budget-sum_pending_tokens==current_budget:True,1048576-669==1047907
DEBUG 08-14 23:19:20 replica.py:171] complete_request_decode:num_saved_toekens=48
DEBUG 08-14 23:19:20 open_ai.py:452] good request:127.0.0.1:8000:good,request._id=9,input=350,output=42
DEBUG 08-14 23:19:20 replica.py:171] complete_request_decode:num_saved_toekens=48
DEBUG 08-14 23:19:20 open_ai.py:452] good request:127.0.0.1:8000:good,request._id=16,input=343,output=44
DEBUG 08-14 23:19:20 replica.py:171] complete_request_decode:num_saved_toekens=48
DEBUG 08-14 23:19:20 open_ai.py:452] good request:https://uu722127-b80a-4e3f9d5d.cqa1.seetacloud.com:8443:good,request._id=22,input=347,output=43
DEBUG 08-14 23:19:20 open_ai.py:335] async_send_request: request finish prefill, 80
INFO 08-14 23:19:20 open_ai.py:352] async_send_request: prefill completed: req=80,replica_id=3
DEBUG 08-14 23:19:20 replica.py:146] complete_request_prefill: replica_id=[3], request=80, current_budget=146,last_prefill_completed_at=30614768.946639538,last_ttft=0.9511
DEBUG 08-14 23:19:20 replica.py:153] complete_request_prefill - replica_id=[3], request=80,self.replica_slo_budget-sum_pending_tokens==current_budget:True,1048576-778==1047798
DEBUG 08-14 23:19:20 open_ai.py:335] async_send_request: request finish prefill, 100
INFO 08-14 23:19:20 open_ai.py:352] async_send_request: prefill completed: req=100,replica_id=1
DEBUG 08-14 23:19:20 replica.py:146] complete_request_prefill: replica_id=[1], request=100, current_budget=144,last_prefill_completed_at=30614768.9519964,last_ttft=0.9323
DEBUG 08-14 23:19:20 replica.py:153] complete_request_prefill - replica_id=[1], request=100,self.replica_slo_budget-sum_pending_tokens==current_budget:True,1048576-525==1048051
DEBUG 08-14 23:19:20 open_ai.py:335] async_send_request: request finish prefill, 83
INFO 08-14 23:19:20 open_ai.py:352] async_send_request: prefill completed: req=83,replica_id=2
DEBUG 08-14 23:19:20 replica.py:146] complete_request_prefill: replica_id=[2], request=83, current_budget=347,last_prefill_completed_at=30614768.957054224,last_ttft=0.9563
DEBUG 08-14 23:19:20 replica.py:153] complete_request_prefill - replica_id=[2], request=83,self.replica_slo_budget-sum_pending_tokens==current_budget:True,1048576-2643==1045933
DEBUG 08-14 23:19:20 open_ai.py:335] async_send_request: request finish prefill, 105
INFO 08-14 23:19:20 open_ai.py:352] async_send_request: prefill completed: req=105,replica_id=0
DEBUG 08-14 23:19:20 replica.py:146] complete_request_prefill: replica_id=[0], request=105, current_budget=170,last_prefill_completed_at=30614768.96171361,last_ttft=0.9212
DEBUG 08-14 23:19:20 replica.py:153] complete_request_prefill - replica_id=[0], request=105,self.replica_slo_budget-sum_pending_tokens==current_budget:True,1048576-853==1047723
INFO 08-14 23:19:20 open_ai.py:115] async_send_request:request._id=129,session=64,https://u722127-8cb5-f6dc13db.nmb1.seetacloud.com:8443
DEBUG 08-14 23:19:20 open_ai.py:335] async_send_request: request finish prefill, 97
INFO 08-14 23:19:20 open_ai.py:352] async_send_request: prefill completed: req=97,replica_id=4
DEBUG 08-14 23:19:20 replica.py:146] complete_request_prefill: replica_id=[4], request=97, current_budget=378,last_prefill_completed_at=30614768.972857155,last_ttft=0.9551
DEBUG 08-14 23:19:20 replica.py:153] complete_request_prefill - replica_id=[4], request=97,self.replica_slo_budget-sum_pending_tokens==current_budget:True,1048576-5083==1043493
DEBUG 08-14 23:19:20 open_ai.py:335] async_send_request: request finish prefill, 98
INFO 08-14 23:19:20 open_ai.py:352] async_send_request: prefill completed: req=98,replica_id=4
DEBUG 08-14 23:19:20 replica.py:146] complete_request_prefill: replica_id=[4], request=98, current_budget=353,last_prefill_completed_at=30614768.978143822,last_ttft=0.9596
DEBUG 08-14 23:19:20 replica.py:153] complete_request_prefill - replica_id=[4], request=98,self.replica_slo_budget-sum_pending_tokens==current_budget:True,1048576-4730==1043846
DEBUG 08-14 23:19:20 open_ai.py:335] async_send_request: request finish prefill, 99
INFO 08-14 23:19:20 open_ai.py:352] async_send_request: prefill completed: req=99,replica_id=3
DEBUG 08-14 23:19:20 replica.py:146] complete_request_prefill: replica_id=[3], request=99, current_budget=154,last_prefill_completed_at=30614768.983605895,last_ttft=0.9643
DEBUG 08-14 23:19:20 replica.py:153] complete_request_prefill - replica_id=[3], request=99,self.replica_slo_budget-sum_pending_tokens==current_budget:True,1048576-624==1047952
DEBUG 08-14 23:19:20 metrics_store.py:131] update_metrics:request_id=4
DEBUG 08-14 23:19:20 open_ai.py:335] async_send_request: request finish prefill, 103
INFO 08-14 23:19:20 open_ai.py:352] async_send_request: prefill completed: req=103,replica_id=4
DEBUG 08-14 23:19:20 replica.py:146] complete_request_prefill: replica_id=[4], request=103, current_budget=358,last_prefill_completed_at=30614768.99108247,last_ttft=0.9574
DEBUG 08-14 23:19:20 replica.py:153] complete_request_prefill - replica_id=[4], request=103,self.replica_slo_budget-sum_pending_tokens==current_budget:True,1048576-4372==1044204
DEBUG 08-14 23:19:20 open_ai.py:335] async_send_request: request finish prefill, 101
INFO 08-14 23:19:20 open_ai.py:352] async_send_request: prefill completed: req=101,replica_id=4
DEBUG 08-14 23:19:20 replica.py:146] complete_request_prefill: replica_id=[4], request=101, current_budget=355,last_prefill_completed_at=30614768.996415474,last_ttft=0.9753
DEBUG 08-14 23:19:20 replica.py:153] complete_request_prefill - replica_id=[4], request=101,self.replica_slo_budget-sum_pending_tokens==current_budget:True,1048576-4017==1044559
DEBUG 08-14 23:19:20 open_ai.py:335] async_send_request: request finish prefill, 96
INFO 08-14 23:19:20 open_ai.py:352] async_send_request: prefill completed: req=96,replica_id=4
DEBUG 08-14 23:19:20 replica.py:146] complete_request_prefill: replica_id=[4], request=96, current_budget=659,last_prefill_completed_at=30614769.001643207,last_ttft=0.9846
DEBUG 08-14 23:19:20 replica.py:153] complete_request_prefill - replica_id=[4], request=96,self.replica_slo_budget-sum_pending_tokens==current_budget:True,1048576-3358==1045218
DEBUG 08-14 23:19:20 replica.py:171] complete_request_decode:num_saved_toekens=48
DEBUG 08-14 23:19:20 open_ai.py:452] good request:https://u722127-b80a-4e3f9d5d.cqa1.seetacloud.com:8443:good,request._id=3,input=353,output=48
DEBUG 08-14 23:19:20 shared.py:180] Removed task for request 4 on 127.0.0.1:8000
DEBUG 08-14 23:19:20 metrics_store.py:131] update_metrics:request_id=20
DEBUG 08-14 23:19:20 shared.py:180] Removed task for request 20 on 127.0.0.1:8000
INFO 08-14 23:19:20 shared.py:299] Adding task for request 130 to replica 0,session_id=65
DEBUG 08-14 23:19:20 replica.py:226] add_request - replica_id=[0], request=130,self.replica_slo_budget-sum_pending_tokens==current_budget:True,1048576-1199==1047377
INFO 08-14 23:19:20 shared.py:299] Adding task for request 131 to replica 0,session_id=66
DEBUG 08-14 23:19:20 replica.py:226] add_request - replica_id=[0], request=131,self.replica_slo_budget-sum_pending_tokens==current_budget:True,1048576-1540==1047036
INFO 08-14 23:19:20 shared.py:299] Adding task for request 132 to replica 0,session_id=67
DEBUG 08-14 23:19:20 replica.py:226] add_request - replica_id=[0], request=132,self.replica_slo_budget-sum_pending_tokens==current_budget:True,1048576-1899==1046677
INFO 08-14 23:19:20 shared.py:299] Adding task for request 134 to replica 4,session_id=68
DEBUG 08-14 23:19:20 replica.py:226] add_request - replica_id=[4], request=134,self.replica_slo_budget-sum_pending_tokens==current_budget:True,1048576-3724==1044852
INFO 08-14 23:19:20 shared.py:299] Adding task for request 135 to replica 0,session_id=69
DEBUG 08-14 23:19:20 replica.py:226] add_request - replica_id=[0], request=135,self.replica_slo_budget-sum_pending_tokens==current_budget:True,1048576-2282==1046294
INFO 08-14 23:19:20 shared.py:299] Adding task for request 136 to replica 0,session_id=42
DEBUG 08-14 23:19:20 replica.py:226] add_request - replica_id=[0], request=136,self.replica_slo_budget-sum_pending_tokens==current_budget:True,1048576-2438==1046138
INFO 08-14 23:19:20 shared.py:299] Adding task for request 137 to replica 4,session_id=70
DEBUG 08-14 23:19:20 replica.py:226] add_request - replica_id=[4], request=137,self.replica_slo_budget-sum_pending_tokens==current_budget:True,1048576-4070==1044506
INFO 08-14 23:19:20 open_ai.py:115] async_send_request:request._id=130,session=65,127.0.0.1:8000
INFO 08-14 23:19:20 open_ai.py:115] async_send_request:request._id=131,session=66,127.0.0.1:8000
INFO 08-14 23:19:20 open_ai.py:115] async_send_request:request._id=132,session=67,127.0.0.1:8000
INFO 08-14 23:19:20 open_ai.py:115] async_send_request:request._id=134,session=68,https://u722127-8cb5-f6dc13db.nmb1.seetacloud.com:8443
INFO 08-14 23:19:20 open_ai.py:115] async_send_request:request._id=135,session=69,127.0.0.1:8000
INFO 08-14 23:19:20 open_ai.py:115] async_send_request:request._id=136,session=42,127.0.0.1:8000
INFO 08-14 23:19:20 open_ai.py:115] async_send_request:request._id=137,session=70,https://u722127-8cb5-f6dc13db.nmb1.seetacloud.com:8443
INFO 08-14 23:19:20 shared.py:299] Adding task for request 139 to replica 4,session_id=71
DEBUG 08-14 23:19:20 replica.py:226] add_request - replica_id=[4], request=139,self.replica_slo_budget-sum_pending_tokens==current_budget:True,1048576-4423==1044153
DEBUG 08-14 23:19:20 open_ai.py:335] async_send_request: request finish prefill, 113
INFO 08-14 23:19:20 open_ai.py:352] async_send_request: prefill completed: req=113,replica_id=0
DEBUG 08-14 23:19:20 replica.py:146] complete_request_prefill: replica_id=[0], request=113, current_budget=158,last_prefill_completed_at=30614769.146386214,last_ttft=1.0985
DEBUG 08-14 23:19:20 replica.py:153] complete_request_prefill - replica_id=[0], request=113,self.replica_slo_budget-sum_pending_tokens==current_budget:True,1048576-2280==1046296
DEBUG 08-14 23:19:21 open_ai.py:335] async_send_request: request finish prefill, 110
INFO 08-14 23:19:21 open_ai.py:352] async_send_request: prefill completed: req=110,replica_id=4
DEBUG 08-14 23:19:21 replica.py:146] complete_request_prefill: replica_id=[4], request=110, current_budget=344,last_prefill_completed_at=30614769.156134572,last_ttft=1.1119
DEBUG 08-14 23:19:21 replica.py:153] complete_request_prefill - replica_id=[4], request=110,self.replica_slo_budget-sum_pending_tokens==current_budget:True,1048576-4079==1044497
DEBUG 08-14 23:19:21 open_ai.py:335] async_send_request: request finish prefill, 104
INFO 08-14 23:19:21 open_ai.py:352] async_send_request: prefill completed: req=104,replica_id=4
DEBUG 08-14 23:19:21 replica.py:146] complete_request_prefill: replica_id=[4], request=104, current_budget=343,last_prefill_completed_at=30614769.16214703,last_ttft=1.1233
DEBUG 08-14 23:19:21 replica.py:153] complete_request_prefill - replica_id=[4], request=104,self.replica_slo_budget-sum_pending_tokens==current_budget:True,1048576-3736==1044840
DEBUG 08-14 23:19:21 open_ai.py:335] async_send_request: request finish prefill, 102
INFO 08-14 23:19:21 open_ai.py:352] async_send_request: prefill completed: req=102,replica_id=4
DEBUG 08-14 23:19:21 replica.py:146] complete_request_prefill: replica_id=[4], request=102, current_budget=342,last_prefill_completed_at=30614769.167565055,last_ttft=1.1394
DEBUG 08-14 23:19:21 replica.py:153] complete_request_prefill - replica_id=[4], request=102,self.replica_slo_budget-sum_pending_tokens==current_budget:True,1048576-3394==1045182
DEBUG 08-14 23:19:21 open_ai.py:335] async_send_request: request finish prefill, 107
INFO 08-14 23:19:21 open_ai.py:352] async_send_request: prefill completed: req=107,replica_id=3
DEBUG 08-14 23:19:21 replica.py:146] complete_request_prefill: replica_id=[3], request=107, current_budget=158,last_prefill_completed_at=30614769.172963846,last_ttft=1.1294
DEBUG 08-14 23:19:21 replica.py:153] complete_request_prefill - replica_id=[3], request=107,self.replica_slo_budget-sum_pending_tokens==current_budget:True,1048576-466==1048110
DEBUG 08-14 23:19:21 open_ai.py:335] async_send_request: request finish prefill, 112
INFO 08-14 23:19:21 open_ai.py:352] async_send_request: prefill completed: req=112,replica_id=3
DEBUG 08-14 23:19:21 replica.py:146] complete_request_prefill: replica_id=[3], request=112, current_budget=162,last_prefill_completed_at=30614769.178324316,last_ttft=1.1305
DEBUG 08-14 23:19:21 replica.py:153] complete_request_prefill - replica_id=[3], request=112,self.replica_slo_budget-sum_pending_tokens==current_budget:True,1048576-304==1048272
INFO 08-14 23:19:21 open_ai.py:115] async_send_request:request._id=139,session=71,https://u722127-8cb5-f6dc13db.nmb1.seetacloud.com:8443
DEBUG 08-14 23:19:21 replica.py:171] complete_request_decode:num_saved_toekens=80
DEBUG 08-14 23:19:21 open_ai.py:335] async_send_request: request finish prefill, 106
INFO 08-14 23:19:21 open_ai.py:352] async_send_request: prefill completed: req=106,replica_id=2
DEBUG 08-14 23:19:21 replica.py:146] complete_request_prefill: replica_id=[2], request=106, current_budget=146,last_prefill_completed_at=30614769.190965883,last_ttft=1.1483
DEBUG 08-14 23:19:21 replica.py:153] complete_request_prefill - replica_id=[2], request=106,self.replica_slo_budget-sum_pending_tokens==current_budget:True,1048576-2497==1046079
DEBUG 08-14 23:19:21 open_ai.py:335] async_send_request: request finish prefill, 118
INFO 08-14 23:19:21 open_ai.py:352] async_send_request: prefill completed: req=118,replica_id=2
DEBUG 08-14 23:19:21 replica.py:146] complete_request_prefill: replica_id=[2], request=118, current_budget=367,last_prefill_completed_at=30614769.197585937,last_ttft=1.1387
DEBUG 08-14 23:19:21 replica.py:153] complete_request_prefill - replica_id=[2], request=118,self.replica_slo_budget-sum_pending_tokens==current_budget:True,1048576-2130==1046446
DEBUG 08-14 23:19:21 open_ai.py:335] async_send_request: request finish prefill, 111
INFO 08-14 23:19:21 open_ai.py:352] async_send_request: prefill completed: req=111,replica_id=4
DEBUG 08-14 23:19:21 replica.py:146] complete_request_prefill: replica_id=[4], request=111, current_budget=162,last_prefill_completed_at=30614769.20358798,last_ttft=1.1561
DEBUG 08-14 23:19:21 replica.py:153] complete_request_prefill - replica_id=[4], request=111,self.replica_slo_budget-sum_pending_tokens==current_budget:True,1048576-3232==1045344
DEBUG 08-14 23:19:21 metrics_store.py:131] update_metrics:request_id=9
DEBUG 08-14 23:19:21 metrics_store.py:131] update_metrics:request_id=16
DEBUG 08-14 23:19:21 metrics_store.py:131] update_metrics:request_id=22
DEBUG 08-14 23:19:21 shared.py:180] Removed task for request 9 on 127.0.0.1:8000
DEBUG 08-14 23:19:21 shared.py:180] Removed task for request 16 on 127.0.0.1:8000
DEBUG 08-14 23:19:21 metrics_store.py:131] update_metrics:request_id=3
DEBUG 08-14 23:19:21 shared.py:180] Removed task for request 22 on https://uu722127-b80a-4e3f9d5d.cqa1.seetacloud.com:8443
DEBUG 08-14 23:19:21 open_ai.py:335] async_send_request: request finish prefill, 108
INFO 08-14 23:19:21 open_ai.py:352] async_send_request: prefill completed: req=108,replica_id=2
DEBUG 08-14 23:19:21 replica.py:146] complete_request_prefill: replica_id=[2], request=108, current_budget=152,last_prefill_completed_at=30614769.257076632,last_ttft=1.2131
DEBUG 08-14 23:19:21 replica.py:153] complete_request_prefill - replica_id=[2], request=108,self.replica_slo_budget-sum_pending_tokens==current_budget:True,1048576-1978==1046598
DEBUG 08-14 23:19:21 shared.py:180] Removed task for request 3 on https://u722127-b80a-4e3f9d5d.cqa1.seetacloud.com:8443
DEBUG 08-14 23:19:21 replica.py:171] complete_request_decode:num_saved_toekens=64
DEBUG 08-14 23:19:21 open_ai.py:335] async_send_request: request finish prefill, 121
INFO 08-14 23:19:21 open_ai.py:352] async_send_request: prefill completed: req=121,replica_id=1
DEBUG 08-14 23:19:21 replica.py:146] complete_request_prefill: replica_id=[1], request=121, current_budget=356,last_prefill_completed_at=30614769.267730117,last_ttft=1.201
DEBUG 08-14 23:19:21 replica.py:153] complete_request_prefill - replica_id=[1], request=121,self.replica_slo_budget-sum_pending_tokens==current_budget:True,1048576-169==1048407
DEBUG 08-14 23:19:21 replica.py:171] complete_request_decode:num_saved_toekens=32
DEBUG 08-14 23:19:21 open_ai.py:452] good request:https://u722127-8cb5-f6dc13db.nmb1.seetacloud.com:8443:good,request._id=37,input=343,output=34
DEBUG 08-14 23:19:21 open_ai.py:335] async_send_request: request finish prefill, 125
INFO 08-14 23:19:21 open_ai.py:352] async_send_request: prefill completed: req=125,replica_id=0
DEBUG 08-14 23:19:21 replica.py:146] complete_request_prefill: replica_id=[0], request=125, current_budget=351,last_prefill_completed_at=30614769.293058828,last_ttft=1.22
DEBUG 08-14 23:19:21 replica.py:153] complete_request_prefill - replica_id=[0], request=125,self.replica_slo_budget-sum_pending_tokens==current_budget:True,1048576-1929==1046647
DEBUG 08-14 23:19:21 open_ai.py:335] async_send_request: request finish prefill, 128
INFO 08-14 23:19:21 open_ai.py:352] async_send_request: prefill completed: req=128,replica_id=0
DEBUG 08-14 23:19:21 replica.py:146] complete_request_prefill: replica_id=[0], request=128, current_budget=344,last_prefill_completed_at=30614769.298902724,last_ttft=1.2254
DEBUG 08-14 23:19:21 replica.py:153] complete_request_prefill - replica_id=[0], request=128,self.replica_slo_budget-sum_pending_tokens==current_budget:True,1048576-1585==1046991
DEBUG 08-14 23:19:21 replica.py:171] complete_request_decode:num_saved_toekens=64
DEBUG 08-14 23:19:21 open_ai.py:452] good request:https://uu722127-b80a-4e3f9d5d.cqa1.seetacloud.com:8443:good,request._id=2,input=356,output=72
DEBUG 08-14 23:19:21 open_ai.py:335] async_send_request: request finish prefill, 127
INFO 08-14 23:19:21 open_ai.py:352] async_send_request: prefill completed: req=127,replica_id=1
DEBUG 08-14 23:19:21 replica.py:146] complete_request_prefill: replica_id=[1], request=127, current_budget=169,last_prefill_completed_at=30614769.3057609,last_ttft=1.2324
DEBUG 08-14 23:19:21 replica.py:153] complete_request_prefill - replica_id=[1], request=127,self.replica_slo_budget-sum_pending_tokens==current_budget:True,1048576-0==1048576
INFO 08-14 23:19:21 shared.py:299] Adding task for request 140 to replica 3,session_id=72
DEBUG 08-14 23:19:21 replica.py:226] add_request - replica_id=[3], request=140,self.replica_slo_budget-sum_pending_tokens==current_budget:True,1048576-649==1047927
INFO 08-14 23:19:21 shared.py:299] Adding task for request 141 to replica 3,session_id=73
DEBUG 08-14 23:19:21 replica.py:226] add_request - replica_id=[3], request=141,self.replica_slo_budget-sum_pending_tokens==current_budget:True,1048576-998==1047578
INFO 08-14 23:19:21 shared.py:299] Adding task for request 142 to replica 4,session_id=74
DEBUG 08-14 23:19:21 replica.py:226] add_request - replica_id=[4], request=142,self.replica_slo_budget-sum_pending_tokens==current_budget:True,1048576-3575==1045001
INFO 08-14 23:19:21 shared.py:299] Adding task for request 143 to replica 2,session_id=75
DEBUG 08-14 23:19:21 replica.py:226] add_request - replica_id=[2], request=143,self.replica_slo_budget-sum_pending_tokens==current_budget:True,1048576-2329==1046247
INFO 08-14 23:19:21 shared.py:299] Adding task for request 144 to replica 3,session_id=76
DEBUG 08-14 23:19:21 replica.py:226] add_request - replica_id=[3], request=144,self.replica_slo_budget-sum_pending_tokens==current_budget:True,1048576-1343==1047233
INFO 08-14 23:19:21 shared.py:299] Adding task for request 145 to replica 3,session_id=77
DEBUG 08-14 23:19:21 replica.py:226] add_request - replica_id=[3], request=145,self.replica_slo_budget-sum_pending_tokens==current_budget:True,1048576-1693==1046883
INFO 08-14 23:19:21 shared.py:299] Adding task for request 146 to replica 2,session_id=78
DEBUG 08-14 23:19:21 replica.py:226] add_request - replica_id=[2], request=146,self.replica_slo_budget-sum_pending_tokens==current_budget:True,1048576-2743==1045833
INFO 08-14 23:19:21 shared.py:299] Adding task for request 147 to replica 2,session_id=46
DEBUG 08-14 23:19:21 replica.py:226] add_request - replica_id=[2], request=147,self.replica_slo_budget-sum_pending_tokens==current_budget:True,1048576-2901==1045675
INFO 08-14 23:19:21 shared.py:299] Adding task for request 148 to replica 3,session_id=41
DEBUG 08-14 23:19:21 replica.py:226] add_request - replica_id=[3], request=148,self.replica_slo_budget-sum_pending_tokens==current_budget:True,1048576-1889==1046687
DEBUG 08-14 23:19:21 replica.py:171] complete_request_decode:num_saved_toekens=64
DEBUG 08-14 23:19:21 open_ai.py:452] good request:127.0.0.1:8000:good,request._id=23,input=407,output=65
INFO 08-14 23:19:21 open_ai.py:115] async_send_request:request._id=140,session=72,https://uu722127-b80a-4e3f9d5d.cqa1.seetacloud.com:8443
INFO 08-14 23:19:21 open_ai.py:115] async_send_request:request._id=141,session=73,https://uu722127-b80a-4e3f9d5d.cqa1.seetacloud.com:8443
INFO 08-14 23:19:21 open_ai.py:115] async_send_request:request._id=142,session=74,https://u722127-8cb5-f6dc13db.nmb1.seetacloud.com:8443
INFO 08-14 23:19:21 open_ai.py:115] async_send_request:request._id=143,session=75,https://u722127-b80a-4e3f9d5d.cqa1.seetacloud.com:8443
INFO 08-14 23:19:21 open_ai.py:115] async_send_request:request._id=144,session=76,https://uu722127-b80a-4e3f9d5d.cqa1.seetacloud.com:8443
INFO 08-14 23:19:21 open_ai.py:115] async_send_request:request._id=145,session=77,https://uu722127-b80a-4e3f9d5d.cqa1.seetacloud.com:8443
INFO 08-14 23:19:21 open_ai.py:115] async_send_request:request._id=146,session=78,https://u722127-b80a-4e3f9d5d.cqa1.seetacloud.com:8443
INFO 08-14 23:19:21 open_ai.py:115] async_send_request:request._id=147,session=46,https://u722127-b80a-4e3f9d5d.cqa1.seetacloud.com:8443
INFO 08-14 23:19:21 open_ai.py:115] async_send_request:request._id=148,session=41,https://uu722127-b80a-4e3f9d5d.cqa1.seetacloud.com:8443
DEBUG 08-14 23:19:21 open_ai.py:335] async_send_request: request finish prefill, 120
INFO 08-14 23:19:21 open_ai.py:352] async_send_request: prefill completed: req=120,replica_id=3
DEBUG 08-14 23:19:21 replica.py:146] complete_request_prefill: replica_id=[3], request=120, current_budget=160,last_prefill_completed_at=30614769.410917684,last_ttft=1.3458
DEBUG 08-14 23:19:21 replica.py:153] complete_request_prefill - replica_id=[3], request=120,self.replica_slo_budget-sum_pending_tokens==current_budget:True,1048576-1729==1046847
INFO 08-14 23:19:21 shared.py:299] Adding task for request 149 to replica 1,session_id=43
DEBUG 08-14 23:19:21 replica.py:226] add_request - replica_id=[1], request=149,self.replica_slo_budget-sum_pending_tokens==current_budget:True,1048576-146==1048430
INFO 08-14 23:19:21 open_ai.py:115] async_send_request:request._id=149,session=43,127.0.0.1:8001
DEBUG 08-14 23:19:21 replica.py:171] complete_request_decode:num_saved_toekens=80
DEBUG 08-14 23:19:21 open_ai.py:452] good request:127.0.0.1:8000:good,request._id=28,input=351,output=66
DEBUG 08-14 23:19:21 open_ai.py:335] async_send_request: request finish prefill, 119
INFO 08-14 23:19:21 open_ai.py:352] async_send_request: prefill completed: req=119,replica_id=4
DEBUG 08-14 23:19:21 replica.py:146] complete_request_prefill: replica_id=[4], request=119, current_budget=1473,last_prefill_completed_at=30614769.43523339,last_ttft=1.37
DEBUG 08-14 23:19:21 replica.py:153] complete_request_prefill - replica_id=[4], request=119,self.replica_slo_budget-sum_pending_tokens==current_budget:True,1048576-2102==1046474
DEBUG 08-14 23:19:21 open_ai.py:335] async_send_request: request finish prefill, 32
INFO 08-14 23:19:21 open_ai.py:352] async_send_request: prefill completed: req=32,replica_id=3
DEBUG 08-14 23:19:21 replica.py:146] complete_request_prefill: replica_id=[3], request=32, current_budget=144,last_prefill_completed_at=30614769.442488857,last_ttft=1.5449
DEBUG 08-14 23:19:21 replica.py:153] complete_request_prefill - replica_id=[3], request=32,self.replica_slo_budget-sum_pending_tokens==current_budget:True,1048576-1585==1046991
DEBUG 08-14 23:19:21 open_ai.py:335] async_send_request: request finish prefill, 25
INFO 08-14 23:19:21 open_ai.py:352] async_send_request: prefill completed: req=25,replica_id=2
DEBUG 08-14 23:19:21 replica.py:146] complete_request_prefill: replica_id=[2], request=25, current_budget=344,last_prefill_completed_at=30614769.447985098,last_ttft=1.5619
DEBUG 08-14 23:19:21 replica.py:153] complete_request_prefill - replica_id=[2], request=25,self.replica_slo_budget-sum_pending_tokens==current_budget:True,1048576-2557==1046019
DEBUG 08-14 23:19:21 open_ai.py:335] async_send_request: request finish prefill, 114
INFO 08-14 23:19:21 open_ai.py:352] async_send_request: prefill completed: req=114,replica_id=2
DEBUG 08-14 23:19:21 replica.py:146] complete_request_prefill: replica_id=[2], request=114, current_budget=350,last_prefill_completed_at=30614769.453569252,last_ttft=1.4031
DEBUG 08-14 23:19:21 replica.py:153] complete_request_prefill - replica_id=[2], request=114,self.replica_slo_budget-sum_pending_tokens==current_budget:True,1048576-2207==1046369
DEBUG 08-14 23:19:21 open_ai.py:335] async_send_request: request finish prefill, 122
INFO 08-14 23:19:21 open_ai.py:352] async_send_request: prefill completed: req=122,replica_id=2
DEBUG 08-14 23:19:21 replica.py:146] complete_request_prefill: replica_id=[2], request=122, current_budget=424,last_prefill_completed_at=30614769.459045548,last_ttft=1.3909
DEBUG 08-14 23:19:21 replica.py:153] complete_request_prefill - replica_id=[2], request=122,self.replica_slo_budget-sum_pending_tokens==current_budget:True,1048576-1783==1046793
DEBUG 08-14 23:19:21 open_ai.py:335] async_send_request: request finish prefill, 31
INFO 08-14 23:19:21 open_ai.py:352] async_send_request: prefill completed: req=31,replica_id=2
DEBUG 08-14 23:19:21 replica.py:146] complete_request_prefill: replica_id=[2], request=31, current_budget=340,last_prefill_completed_at=30614769.4645957,last_ttft=1.569
DEBUG 08-14 23:19:21 replica.py:153] complete_request_prefill - replica_id=[2], request=31,self.replica_slo_budget-sum_pending_tokens==current_budget:True,1048576-1443==1047133
DEBUG 08-14 23:19:21 open_ai.py:335] async_send_request: request finish prefill, 124
INFO 08-14 23:19:21 open_ai.py:352] async_send_request: prefill completed: req=124,replica_id=4
DEBUG 08-14 23:19:21 replica.py:146] complete_request_prefill: replica_id=[4], request=124, current_budget=341,last_prefill_completed_at=30614769.47784379,last_ttft=1.4075
DEBUG 08-14 23:19:21 replica.py:153] complete_request_prefill - replica_id=[4], request=124,self.replica_slo_budget-sum_pending_tokens==current_budget:True,1048576-1761==1046815
DEBUG 08-14 23:19:21 replica.py:171] complete_request_decode:num_saved_toekens=48
DEBUG 08-14 23:19:21 open_ai.py:452] good request:https://u722127-8cb5-f6dc13db.nmb1.seetacloud.com:8443:good,request._id=19,input=344,output=44
DEBUG 08-14 23:19:21 open_ai.py:452] good request:https://u722127-b80a-4e3f9d5d.cqa1.seetacloud.com:8443:good,request._id=0,input=383,output=66
DEBUG 08-14 23:19:21 open_ai.py:452] good request:127.0.0.1:8001:good,request._id=60,input=344,output=56
DEBUG 08-14 23:19:21 metrics_store.py:131] update_metrics:request_id=37
DEBUG 08-14 23:19:21 metrics_store.py:131] update_metrics:request_id=2
DEBUG 08-14 23:19:21 shared.py:180] Removed task for request 37 on https://u722127-8cb5-f6dc13db.nmb1.seetacloud.com:8443
DEBUG 08-14 23:19:21 shared.py:180] Removed task for request 2 on https://uu722127-b80a-4e3f9d5d.cqa1.seetacloud.com:8443
DEBUG 08-14 23:19:21 open_ai.py:335] async_send_request: request finish prefill, 130
INFO 08-14 23:19:21 open_ai.py:352] async_send_request: prefill completed: req=130,replica_id=0
DEBUG 08-14 23:19:21 replica.py:146] complete_request_prefill: replica_id=[0], request=130, current_budget=346,last_prefill_completed_at=30614769.52858143,last_ttft=1.4538
DEBUG 08-14 23:19:21 replica.py:153] complete_request_prefill - replica_id=[0], request=130,self.replica_slo_budget-sum_pending_tokens==current_budget:True,1048576-1239==1047337
INFO 08-14 23:19:21 shared.py:299] Adding task for request 150 to replica 0,session_id=45
DEBUG 08-14 23:19:21 replica.py:226] add_request - replica_id=[0], request=150,self.replica_slo_budget-sum_pending_tokens==current_budget:True,1048576-1399==1047177
INFO 08-14 23:19:21 shared.py:299] Adding task for request 151 to replica 4,session_id=43
DEBUG 08-14 23:19:21 replica.py:226] add_request - replica_id=[4], request=151,self.replica_slo_budget-sum_pending_tokens==current_budget:True,1048576-1911==1046665
INFO 08-14 23:19:21 shared.py:299] Adding task for request 152 to replica 3,session_id=43
DEBUG 08-14 23:19:21 replica.py:226] add_request - replica_id=[3], request=152,self.replica_slo_budget-sum_pending_tokens==current_budget:True,1048576-1733==1046843
INFO 08-14 23:19:21 shared.py:299] Adding task for request 153 to replica 2,session_id=79
DEBUG 08-14 23:19:21 replica.py:226] add_request - replica_id=[2], request=153,self.replica_slo_budget-sum_pending_tokens==current_budget:True,1048576-1791==1046785
INFO 08-14 23:19:21 shared.py:299] Adding task for request 154 to replica 2,session_id=80
DEBUG 08-14 23:19:21 replica.py:226] add_request - replica_id=[2], request=154,self.replica_slo_budget-sum_pending_tokens==current_budget:True,1048576-2138==1046438
INFO 08-14 23:19:21 shared.py:299] Adding task for request 155 to replica 2,session_id=81
DEBUG 08-14 23:19:21 replica.py:226] add_request - replica_id=[2], request=155,self.replica_slo_budget-sum_pending_tokens==current_budget:True,1048576-2482==1046094
INFO 08-14 23:19:21 shared.py:299] Adding task for request 156 to replica 2,session_id=53
DEBUG 08-14 23:19:21 replica.py:226] add_request - replica_id=[2], request=156,self.replica_slo_budget-sum_pending_tokens==current_budget:True,1048576-2628==1045948
INFO 08-14 23:19:21 shared.py:299] Adding task for request 157 to replica 1,session_id=82
DEBUG 08-14 23:19:21 replica.py:226] add_request - replica_id=[1], request=157,self.replica_slo_budget-sum_pending_tokens==current_budget:True,1048576-504==1048072
INFO 08-14 23:19:21 shared.py:299] Adding task for request 158 to replica 1,session_id=83
DEBUG 08-14 23:19:21 replica.py:226] add_request - replica_id=[1], request=158,self.replica_slo_budget-sum_pending_tokens==current_budget:True,1048576-856==1047720
DEBUG 08-14 23:19:21 open_ai.py:335] async_send_request: request finish prefill, 129
INFO 08-14 23:19:21 open_ai.py:352] async_send_request: prefill completed: req=129,replica_id=4
DEBUG 08-14 23:19:21 replica.py:146] complete_request_prefill: replica_id=[4], request=129, current_budget=353,last_prefill_completed_at=30614769.627103753,last_ttft=1.5527
DEBUG 08-14 23:19:21 replica.py:153] complete_request_prefill - replica_id=[4], request=129,self.replica_slo_budget-sum_pending_tokens==current_budget:True,1048576-1558==1047018
INFO 08-14 23:19:21 shared.py:299] Adding task for request 159 to replica 1,session_id=84
DEBUG 08-14 23:19:21 replica.py:226] add_request - replica_id=[1], request=159,self.replica_slo_budget-sum_pending_tokens==current_budget:True,1048576-1204==1047372
DEBUG 08-14 23:19:21 replica.py:171] complete_request_decode:num_saved_toekens=80
DEBUG 08-14 23:19:21 metrics_store.py:131] update_metrics:request_id=23
INFO 08-14 23:19:21 open_ai.py:115] async_send_request:request._id=150,session=45,127.0.0.1:8000
INFO 08-14 23:19:21 open_ai.py:115] async_send_request:request._id=151,session=43,https://u722127-8cb5-f6dc13db.nmb1.seetacloud.com:8443
INFO 08-14 23:19:21 open_ai.py:115] async_send_request:request._id=152,session=43,https://uu722127-b80a-4e3f9d5d.cqa1.seetacloud.com:8443
INFO 08-14 23:19:21 open_ai.py:115] async_send_request:request._id=153,session=79,https://u722127-b80a-4e3f9d5d.cqa1.seetacloud.com:8443
INFO 08-14 23:19:21 open_ai.py:115] async_send_request:request._id=154,session=80,https://u722127-b80a-4e3f9d5d.cqa1.seetacloud.com:8443
INFO 08-14 23:19:21 open_ai.py:115] async_send_request:request._id=155,session=81,https://u722127-b80a-4e3f9d5d.cqa1.seetacloud.com:8443
INFO 08-14 23:19:21 open_ai.py:115] async_send_request:request._id=156,session=53,https://u722127-b80a-4e3f9d5d.cqa1.seetacloud.com:8443
INFO 08-14 23:19:21 open_ai.py:115] async_send_request:request._id=157,session=82,127.0.0.1:8001
INFO 08-14 23:19:21 open_ai.py:115] async_send_request:request._id=158,session=83,127.0.0.1:8001
INFO 08-14 23:19:21 open_ai.py:115] async_send_request:request._id=159,session=84,127.0.0.1:8001
DEBUG 08-14 23:19:21 open_ai.py:335] async_send_request: request finish prefill, 132
INFO 08-14 23:19:21 open_ai.py:352] async_send_request: prefill completed: req=132,replica_id=0
DEBUG 08-14 23:19:21 replica.py:146] complete_request_prefill: replica_id=[0], request=132, current_budget=359,last_prefill_completed_at=30614769.63774915,last_ttft=1.5614
DEBUG 08-14 23:19:21 replica.py:153] complete_request_prefill - replica_id=[0], request=132,self.replica_slo_budget-sum_pending_tokens==current_budget:True,1048576-1040==1047536
DEBUG 08-14 23:19:21 open_ai.py:335] async_send_request: request finish prefill, 134
INFO 08-14 23:19:21 open_ai.py:352] async_send_request: prefill completed: req=134,replica_id=4
DEBUG 08-14 23:19:21 replica.py:146] complete_request_prefill: replica_id=[4], request=134, current_budget=366,last_prefill_completed_at=30614769.654131744,last_ttft=1.5675
DEBUG 08-14 23:19:21 replica.py:153] complete_request_prefill - replica_id=[4], request=134,self.replica_slo_budget-sum_pending_tokens==current_budget:True,1048576-1192==1047384
DEBUG 08-14 23:19:21 open_ai.py:335] async_send_request: request finish prefill, 123
INFO 08-14 23:19:21 open_ai.py:352] async_send_request: prefill completed: req=123,replica_id=2
DEBUG 08-14 23:19:21 replica.py:146] complete_request_prefill: replica_id=[2], request=123, current_budget=353,last_prefill_completed_at=30614769.659858588,last_ttft=1.5915
DEBUG 08-14 23:19:21 replica.py:153] complete_request_prefill - replica_id=[2], request=123,self.replica_slo_budget-sum_pending_tokens==current_budget:True,1048576-2275==1046301
DEBUG 08-14 23:19:21 open_ai.py:452] good request:127.0.0.1:8000:good,request._id=12,input=373,output=77
DEBUG 08-14 23:19:21 replica.py:171] complete_request_decode:num_saved_toekens=48
DEBUG 08-14 23:19:21 open_ai.py:452] good request:https://u722127-b80a-4e3f9d5d.cqa1.seetacloud.com:8443:good,request._id=83,input=347,output=40
DEBUG 08-14 23:19:21 replica.py:171] complete_request_decode:num_saved_toekens=48
DEBUG 08-14 23:19:21 open_ai.py:452] good request:127.0.0.1:8000:good,request._id=86,input=552,output=55
DEBUG 08-14 23:19:21 replica.py:171] complete_request_decode:num_saved_toekens=80
DEBUG 08-14 23:19:21 open_ai.py:452] good request:127.0.0.1:8000:good,request._id=26,input=391,output=82
DEBUG 08-14 23:19:21 open_ai.py:335] async_send_request: request finish prefill, 135
INFO 08-14 23:19:21 open_ai.py:352] async_send_request: prefill completed: req=135,replica_id=0
DEBUG 08-14 23:19:21 replica.py:146] complete_request_prefill: replica_id=[0], request=135, current_budget=383,last_prefill_completed_at=30614769.673396133,last_ttft=1.5789
DEBUG 08-14 23:19:21 replica.py:153] complete_request_prefill - replica_id=[0], request=135,self.replica_slo_budget-sum_pending_tokens==current_budget:True,1048576-657==1047919
DEBUG 08-14 23:19:21 open_ai.py:335] async_send_request: request finish prefill, 131
INFO 08-14 23:19:21 open_ai.py:352] async_send_request: prefill completed: req=131,replica_id=0
DEBUG 08-14 23:19:21 replica.py:146] complete_request_prefill: replica_id=[0], request=131, current_budget=341,last_prefill_completed_at=30614769.678943757,last_ttft=1.604
DEBUG 08-14 23:19:21 replica.py:153] complete_request_prefill - replica_id=[0], request=131,self.replica_slo_budget-sum_pending_tokens==current_budget:True,1048576-316==1048260
DEBUG 08-14 23:19:21 open_ai.py:335] async_send_request: request finish prefill, 136
INFO 08-14 23:19:21 open_ai.py:352] async_send_request: prefill completed: req=136,replica_id=0
DEBUG 08-14 23:19:21 replica.py:146] complete_request_prefill: replica_id=[0], request=136, current_budget=156,last_prefill_completed_at=30614769.68451864,last_ttft=1.5897
DEBUG 08-14 23:19:21 replica.py:153] complete_request_prefill - replica_id=[0], request=136,self.replica_slo_budget-sum_pending_tokens==current_budget:True,1048576-160==1048416
DEBUG 08-14 23:19:21 open_ai.py:335] async_send_request: request finish prefill, 126
INFO 08-14 23:19:21 open_ai.py:352] async_send_request: prefill completed: req=126,replica_id=2
DEBUG 08-14 23:19:21 replica.py:146] complete_request_prefill: replica_id=[2], request=126, current_budget=167,last_prefill_completed_at=30614769.690031115,last_ttft=1.6167
DEBUG 08-14 23:19:21 replica.py:153] complete_request_prefill - replica_id=[2], request=126,self.replica_slo_budget-sum_pending_tokens==current_budget:True,1048576-2108==1046468
DEBUG 08-14 23:19:21 replica.py:171] complete_request_decode:num_saved_toekens=32
DEBUG 08-14 23:19:21 open_ai.py:452] good request:https://u722127-8cb5-f6dc13db.nmb1.seetacloud.com:8443:good,request._id=39,input=353,output=46
DEBUG 08-14 23:19:21 shared.py:180] Removed task for request 23 on 127.0.0.1:8000
DEBUG 08-14 23:19:21 replica.py:171] complete_request_decode:num_saved_toekens=32
DEBUG 08-14 23:19:21 open_ai.py:452] good request:https://u722127-8cb5-f6dc13db.nmb1.seetacloud.com:8443:good,request._id=56,input=355,output=43
DEBUG 08-14 23:19:21 metrics_store.py:131] update_metrics:request_id=28
DEBUG 08-14 23:19:21 metrics_store.py:131] update_metrics:request_id=19
DEBUG 08-14 23:19:21 metrics_store.py:131] update_metrics:request_id=0
DEBUG 08-14 23:19:21 shared.py:180] Removed task for request 28 on 127.0.0.1:8000
DEBUG 08-14 23:19:21 metrics_store.py:131] update_metrics:request_id=60
DEBUG 08-14 23:19:21 shared.py:180] Removed task for request 19 on https://u722127-8cb5-f6dc13db.nmb1.seetacloud.com:8443
DEBUG 08-14 23:19:21 shared.py:180] Removed task for request 0 on https://u722127-b80a-4e3f9d5d.cqa1.seetacloud.com:8443
DEBUG 08-14 23:19:21 shared.py:180] Removed task for request 60 on 127.0.0.1:8001
DEBUG 08-14 23:19:21 replica.py:171] complete_request_decode:num_saved_toekens=64
DEBUG 08-14 23:19:21 replica.py:171] complete_request_decode:num_saved_toekens=80
DEBUG 08-14 23:19:21 open_ai.py:452] good request:127.0.0.1:8000:good,request._id=47,input=149,output=86
DEBUG 08-14 23:19:21 replica.py:171] complete_request_decode:num_saved_toekens=96
DEBUG 08-14 23:19:21 open_ai.py:452] good request:127.0.0.1:8000:good,request._id=7,input=380,output=92
DEBUG 08-14 23:19:21 open_ai.py:335] async_send_request: request finish prefill, 149
INFO 08-14 23:19:21 open_ai.py:352] async_send_request: prefill completed: req=149,replica_id=1
DEBUG 08-14 23:19:21 replica.py:146] complete_request_prefill: replica_id=[1], request=149, current_budget=146,last_prefill_completed_at=30614769.79010353,last_ttft=1.6703
DEBUG 08-14 23:19:21 replica.py:153] complete_request_prefill - replica_id=[1], request=149,self.replica_slo_budget-sum_pending_tokens==current_budget:True,1048576-1058==1047518
DEBUG 08-14 23:19:21 replica.py:171] complete_request_decode:num_saved_toekens=16
INFO 08-14 23:19:21 shared.py:299] Adding task for request 160 to replica 0,session_id=85
DEBUG 08-14 23:19:21 replica.py:226] add_request - replica_id=[0], request=160,self.replica_slo_budget-sum_pending_tokens==current_budget:True,1048576-508==1048068
INFO 08-14 23:19:21 shared.py:299] Adding task for request 161 to replica 3,session_id=51
DEBUG 08-14 23:19:21 replica.py:226] add_request - replica_id=[3], request=161,self.replica_slo_budget-sum_pending_tokens==current_budget:True,1048576-1875==1046701
INFO 08-14 23:19:21 shared.py:299] Adding task for request 162 to replica 0,session_id=86
DEBUG 08-14 23:19:21 replica.py:226] add_request - replica_id=[0], request=162,self.replica_slo_budget-sum_pending_tokens==current_budget:True,1048576-885==1047691
INFO 08-14 23:19:21 shared.py:299] Adding task for request 163 to replica 1,session_id=49
DEBUG 08-14 23:19:21 replica.py:226] add_request - replica_id=[1], request=163,self.replica_slo_budget-sum_pending_tokens==current_budget:True,1048576-1212==1047364
INFO 08-14 23:19:21 shared.py:299] Adding task for request 164 to replica 4,session_id=87
DEBUG 08-14 23:19:21 replica.py:226] add_request - replica_id=[4], request=164,self.replica_slo_budget-sum_pending_tokens==current_budget:True,1048576-1550==1047026
INFO 08-14 23:19:21 shared.py:299] Adding task for request 165 to replica 0,session_id=88
DEBUG 08-14 23:19:21 replica.py:226] add_request - replica_id=[0], request=165,self.replica_slo_budget-sum_pending_tokens==current_budget:True,1048576-1250==1047326
INFO 08-14 23:19:21 shared.py:299] Adding task for request 166 to replica 0,session_id=89
DEBUG 08-14 23:19:21 replica.py:226] add_request - replica_id=[0], request=166,self.replica_slo_budget-sum_pending_tokens==current_budget:True,1048576-1591==1046985
INFO 08-14 23:19:21 shared.py:299] Adding task for request 167 to replica 0,session_id=90
DEBUG 08-14 23:19:21 replica.py:226] add_request - replica_id=[0], request=167,self.replica_slo_budget-sum_pending_tokens==current_budget:True,1048576-1937==1046639
INFO 08-14 23:19:21 shared.py:299] Adding task for request 168 to replica 2,session_id=47
DEBUG 08-14 23:19:21 replica.py:226] add_request - replica_id=[2], request=168,self.replica_slo_budget-sum_pending_tokens==current_budget:True,1048576-2260==1046316
INFO 08-14 23:19:21 open_ai.py:115] async_send_request:request._id=160,session=85,127.0.0.1:8000
INFO 08-14 23:19:21 open_ai.py:115] async_send_request:request._id=161,session=51,https://uu722127-b80a-4e3f9d5d.cqa1.seetacloud.com:8443
INFO 08-14 23:19:21 open_ai.py:115] async_send_request:request._id=162,session=86,127.0.0.1:8000
INFO 08-14 23:19:21 open_ai.py:115] async_send_request:request._id=163,session=49,127.0.0.1:8001
INFO 08-14 23:19:21 open_ai.py:115] async_send_request:request._id=164,session=87,https://u722127-8cb5-f6dc13db.nmb1.seetacloud.com:8443
INFO 08-14 23:19:21 open_ai.py:115] async_send_request:request._id=165,session=88,127.0.0.1:8000
INFO 08-14 23:19:21 open_ai.py:115] async_send_request:request._id=166,session=89,127.0.0.1:8000
INFO 08-14 23:19:21 open_ai.py:115] async_send_request:request._id=167,session=90,127.0.0.1:8000
INFO 08-14 23:19:21 open_ai.py:115] async_send_request:request._id=168,session=47,https://u722127-b80a-4e3f9d5d.cqa1.seetacloud.com:8443
DEBUG 08-14 23:19:21 replica.py:171] complete_request_decode:num_saved_toekens=64
DEBUG 08-14 23:19:21 open_ai.py:452] good request:https://u722127-b80a-4e3f9d5d.cqa1.seetacloud.com:8443:good,request._id=29,input=367,output=59
DEBUG 08-14 23:19:21 open_ai.py:452] good request:https://u722127-8cb5-f6dc13db.nmb1.seetacloud.com:8443:good,request._id=104,input=343,output=23
DEBUG 08-14 23:19:21 open_ai.py:335] async_send_request: request finish prefill, 142
INFO 08-14 23:19:21 open_ai.py:352] async_send_request: prefill completed: req=142,replica_id=4
DEBUG 08-14 23:19:21 replica.py:146] complete_request_prefill: replica_id=[4], request=142, current_budget=343,last_prefill_completed_at=30614769.893609762,last_ttft=1.7864
DEBUG 08-14 23:19:21 replica.py:153] complete_request_prefill - replica_id=[4], request=142,self.replica_slo_budget-sum_pending_tokens==current_budget:True,1048576-1207==1047369
INFO 08-14 23:19:21 shared.py:299] Adding task for request 169 to replica 0,session_id=47
DEBUG 08-14 23:19:21 replica.py:226] add_request - replica_id=[0], request=169,self.replica_slo_budget-sum_pending_tokens==current_budget:True,1048576-2089==1046487
DEBUG 08-14 23:19:21 replica.py:171] complete_request_decode:num_saved_toekens=32
DEBUG 08-14 23:19:21 open_ai.py:452] good request:127.0.0.1:8000:good,request._id=128,input=344,output=32
DEBUG 08-14 23:19:21 replica.py:171] complete_request_decode:num_saved_toekens=80
DEBUG 08-14 23:19:21 open_ai.py:452] good request:127.0.0.1:8000:good,request._id=17,input=354,output=91
DEBUG 08-14 23:19:21 replica.py:171] complete_request_decode:num_saved_toekens=16
DEBUG 08-14 23:19:21 open_ai.py:452] good request:https://u722127-b80a-4e3f9d5d.cqa1.seetacloud.com:8443:good,request._id=31,input=340,output=22
INFO 08-14 23:19:21 open_ai.py:115] async_send_request:request._id=169,session=47,127.0.0.1:8000
DEBUG 08-14 23:19:21 open_ai.py:335] async_send_request: request finish prefill, 140
INFO 08-14 23:19:21 open_ai.py:352] async_send_request: prefill completed: req=140,replica_id=3
DEBUG 08-14 23:19:21 replica.py:146] complete_request_prefill: replica_id=[3], request=140, current_budget=345,last_prefill_completed_at=30614769.91821464,last_ttft=1.8137
DEBUG 08-14 23:19:21 replica.py:153] complete_request_prefill - replica_id=[3], request=140,self.replica_slo_budget-sum_pending_tokens==current_budget:True,1048576-1530==1047046
DEBUG 08-14 23:19:21 open_ai.py:335] async_send_request: request finish prefill, 143
INFO 08-14 23:19:21 open_ai.py:352] async_send_request: prefill completed: req=143,replica_id=2
DEBUG 08-14 23:19:21 replica.py:146] complete_request_prefill: replica_id=[2], request=143, current_budget=351,last_prefill_completed_at=30614769.924211644,last_ttft=1.8166
DEBUG 08-14 23:19:21 replica.py:153] complete_request_prefill - replica_id=[2], request=143,self.replica_slo_budget-sum_pending_tokens==current_budget:True,1048576-1909==1046667
DEBUG 08-14 23:19:21 replica.py:171] complete_request_decode:num_saved_toekens=32
DEBUG 08-14 23:19:21 open_ai.py:452] good request:https://u722127-8cb5-f6dc13db.nmb1.seetacloud.com:8443:good,request._id=91,input=344,output=35
DEBUG 08-14 23:19:21 replica.py:171] complete_request_decode:num_saved_toekens=64
DEBUG 08-14 23:19:21 open_ai.py:452] good request:https://u722127-8cb5-f6dc13db.nmb1.seetacloud.com:8443:good,request._id=58,input=349,output=51
DEBUG 08-14 23:19:21 open_ai.py:335] async_send_request: request finish prefill, 139
INFO 08-14 23:19:21 open_ai.py:352] async_send_request: prefill completed: req=139,replica_id=4
DEBUG 08-14 23:19:21 replica.py:146] complete_request_prefill: replica_id=[4], request=139, current_budget=353,last_prefill_completed_at=30614769.933348633,last_ttft=1.8304
DEBUG 08-14 23:19:21 replica.py:153] complete_request_prefill - replica_id=[4], request=139,self.replica_slo_budget-sum_pending_tokens==current_budget:True,1048576-854==1047722
DEBUG 08-14 23:19:21 open_ai.py:335] async_send_request: request finish prefill, 137
INFO 08-14 23:19:21 open_ai.py:352] async_send_request: prefill completed: req=137,replica_id=4
DEBUG 08-14 23:19:21 replica.py:146] complete_request_prefill: replica_id=[4], request=137, current_budget=346,last_prefill_completed_at=30614769.938822255,last_ttft=1.8418
DEBUG 08-14 23:19:21 replica.py:153] complete_request_prefill - replica_id=[4], request=137,self.replica_slo_budget-sum_pending_tokens==current_budget:True,1048576-508==1048068
DEBUG 08-14 23:19:21 replica.py:171] complete_request_decode:num_saved_toekens=64
DEBUG 08-14 23:19:21 open_ai.py:452] good request:https://u722127-8cb5-f6dc13db.nmb1.seetacloud.com:8443:good,request._id=14,input=351,output=57
DEBUG 08-14 23:19:21 replica.py:171] complete_request_decode:num_saved_toekens=16
DEBUG 08-14 23:19:21 open_ai.py:452] good request:https://u722127-b80a-4e3f9d5d.cqa1.seetacloud.com:8443:good,request._id=123,input=353,output=21
DEBUG 08-14 23:19:21 replica.py:171] complete_request_decode:num_saved_toekens=32
DEBUG 08-14 23:19:21 open_ai.py:452] good request:https://u722127-8cb5-f6dc13db.nmb1.seetacloud.com:8443:good,request._id=98,input=353,output=33
DEBUG 08-14 23:19:21 replica.py:171] complete_request_decode:num_saved_toekens=64
DEBUG 08-14 23:19:21 open_ai.py:452] good request:https://u722127-8cb5-f6dc13db.nmb1.seetacloud.com:8443:good,request._id=8,input=351,output=57
DEBUG 08-14 23:19:21 open_ai.py:335] async_send_request: request finish prefill, 150
INFO 08-14 23:19:21 open_ai.py:352] async_send_request: prefill completed: req=150,replica_id=0
DEBUG 08-14 23:19:21 replica.py:146] complete_request_prefill: replica_id=[0], request=150, current_budget=160,last_prefill_completed_at=30614770.01577046,last_ttft=1.8958
DEBUG 08-14 23:19:21 replica.py:153] complete_request_prefill - replica_id=[0], request=150,self.replica_slo_budget-sum_pending_tokens==current_budget:True,1048576-1929==1046647
DEBUG 08-14 23:19:21 replica.py:171] complete_request_decode:num_saved_toekens=32
DEBUG 08-14 23:19:21 open_ai.py:452] good request:https://u722127-b80a-4e3f9d5d.cqa1.seetacloud.com:8443:good,request._id=25,input=344,output=33
DEBUG 08-14 23:19:21 replica.py:171] complete_request_decode:num_saved_toekens=48
DEBUG 08-14 23:19:21 open_ai.py:452] good request:https://u722127-8cb5-f6dc13db.nmb1.seetacloud.com:8443:good,request._id=41,input=355,output=56
DEBUG 08-14 23:19:21 replica.py:171] complete_request_decode:num_saved_toekens=64
DEBUG 08-14 23:19:21 open_ai.py:452] good request:https://u722127-8cb5-f6dc13db.nmb1.seetacloud.com:8443:good,request._id=24,input=351,output=60
DEBUG 08-14 23:19:21 replica.py:171] complete_request_decode:num_saved_toekens=64
DEBUG 08-14 23:19:21 open_ai.py:452] good request:https://u722127-8cb5-f6dc13db.nmb1.seetacloud.com:8443:good,request._id=18,input=3436,output=59
DEBUG 08-14 23:19:21 metrics_store.py:131] update_metrics:request_id=12
DEBUG 08-14 23:19:21 metrics_store.py:131] update_metrics:request_id=83
DEBUG 08-14 23:19:21 metrics_store.py:131] update_metrics:request_id=86
DEBUG 08-14 23:19:21 shared.py:180] Removed task for request 12 on 127.0.0.1:8000
DEBUG 08-14 23:19:21 metrics_store.py:131] update_metrics:request_id=26
DEBUG 08-14 23:19:21 shared.py:180] Removed task for request 83 on https://u722127-b80a-4e3f9d5d.cqa1.seetacloud.com:8443
DEBUG 08-14 23:19:21 metrics_store.py:131] update_metrics:request_id=39
DEBUG 08-14 23:19:21 shared.py:180] Removed task for request 86 on 127.0.0.1:8000
DEBUG 08-14 23:19:21 metrics_store.py:131] update_metrics:request_id=56
DEBUG 08-14 23:19:21 shared.py:180] Removed task for request 26 on 127.0.0.1:8000
DEBUG 08-14 23:19:21 shared.py:180] Removed task for request 39 on https://u722127-8cb5-f6dc13db.nmb1.seetacloud.com:8443
DEBUG 08-14 23:19:21 shared.py:180] Removed task for request 56 on https://u722127-8cb5-f6dc13db.nmb1.seetacloud.com:8443
DEBUG 08-14 23:19:21 open_ai.py:335] async_send_request: request finish prefill, 157
INFO 08-14 23:19:21 open_ai.py:352] async_send_request: prefill completed: req=157,replica_id=1
DEBUG 08-14 23:19:21 replica.py:146] complete_request_prefill: replica_id=[1], request=157, current_budget=358,last_prefill_completed_at=30614770.107697655,last_ttft=1.9751
DEBUG 08-14 23:19:21 replica.py:153] complete_request_prefill - replica_id=[1], request=157,self.replica_slo_budget-sum_pending_tokens==current_budget:True,1048576-854==1047722
DEBUG 08-14 23:19:21 open_ai.py:335] async_send_request: request finish prefill, 151
INFO 08-14 23:19:21 open_ai.py:352] async_send_request: prefill completed: req=151,replica_id=4
DEBUG 08-14 23:19:21 replica.py:146] complete_request_prefill: replica_id=[4], request=151, current_budget=150,last_prefill_completed_at=30614770.113544933,last_ttft=1.9936
DEBUG 08-14 23:19:21 replica.py:153] complete_request_prefill - replica_id=[4], request=151,self.replica_slo_budget-sum_pending_tokens==current_budget:True,1048576-358==1048218
DEBUG 08-14 23:19:21 open_ai.py:335] async_send_request: request finish prefill, 141
INFO 08-14 23:19:21 open_ai.py:352] async_send_request: prefill completed: req=141,replica_id=3
DEBUG 08-14 23:19:21 replica.py:146] complete_request_prefill: replica_id=[3], request=141, current_budget=349,last_prefill_completed_at=30614770.126439672,last_ttft=2.0213
DEBUG 08-14 23:19:21 replica.py:153] complete_request_prefill - replica_id=[3], request=141,self.replica_slo_budget-sum_pending_tokens==current_budget:True,1048576-1181==1047395
DEBUG 08-14 23:19:21 replica.py:171] complete_request_decode:num_saved_toekens=64
DEBUG 08-14 23:19:21 open_ai.py:452] good request:https://u722127-b80a-4e3f9d5d.cqa1.seetacloud.com:8443:good,request._id=118,input=367,output=50
DEBUG 08-14 23:19:21 replica.py:171] complete_request_decode:num_saved_toekens=32
DEBUG 08-14 23:19:21 open_ai.py:335] async_send_request: request finish prefill, 147
INFO 08-14 23:19:21 open_ai.py:352] async_send_request: prefill completed: req=147,replica_id=2
DEBUG 08-14 23:19:21 replica.py:146] complete_request_prefill: replica_id=[2], request=147, current_budget=158,last_prefill_completed_at=30614770.135309007,last_ttft=2.0165
DEBUG 08-14 23:19:21 replica.py:153] complete_request_prefill - replica_id=[2], request=147,self.replica_slo_budget-sum_pending_tokens==current_budget:True,1048576-1751==1046825
DEBUG 08-14 23:19:21 open_ai.py:335] async_send_request: request finish prefill, 159
INFO 08-14 23:19:21 open_ai.py:352] async_send_request: prefill completed: req=159,replica_id=1
DEBUG 08-14 23:19:21 replica.py:146] complete_request_prefill: replica_id=[1], request=159, current_budget=348,last_prefill_completed_at=30614770.14110112,last_ttft=2.0053
DEBUG 08-14 23:19:21 replica.py:153] complete_request_prefill - replica_id=[1], request=159,self.replica_slo_budget-sum_pending_tokens==current_budget:True,1048576-506==1048070
DEBUG 08-14 23:19:21 open_ai.py:335] async_send_request: request finish prefill, 158
INFO 08-14 23:19:21 open_ai.py:352] async_send_request: prefill completed: req=158,replica_id=1
DEBUG 08-14 23:19:21 replica.py:146] complete_request_prefill: replica_id=[1], request=158, current_budget=352,last_prefill_completed_at=30614770.146483447,last_ttft=2.011
DEBUG 08-14 23:19:21 replica.py:153] complete_request_prefill - replica_id=[1], request=158,self.replica_slo_budget-sum_pending_tokens==current_budget:True,1048576-154==1048422
DEBUG 08-14 23:19:22 open_ai.py:452] good request:127.0.0.1:8000:good,request._id=70,input=376,output=68
DEBUG 08-14 23:19:22 replica.py:171] complete_request_decode:num_saved_toekens=64
DEBUG 08-14 23:19:22 replica.py:171] complete_request_decode:num_saved_toekens=32
DEBUG 08-14 23:19:22 open_ai.py:452] good request:https://u722127-8cb5-f6dc13db.nmb1.seetacloud.com:8443:good,request._id=102,input=342,output=35
DEBUG 08-14 23:19:22 open_ai.py:335] async_send_request: request finish prefill, 145
INFO 08-14 23:19:22 open_ai.py:352] async_send_request: prefill completed: req=145,replica_id=3
DEBUG 08-14 23:19:22 replica.py:146] complete_request_prefill: replica_id=[3], request=145, current_budget=350,last_prefill_completed_at=30614770.157113288,last_ttft=2.0463
DEBUG 08-14 23:19:22 replica.py:153] complete_request_prefill - replica_id=[3], request=145,self.replica_slo_budget-sum_pending_tokens==current_budget:True,1048576-831==1047745
DEBUG 08-14 23:19:22 open_ai.py:335] async_send_request: request finish prefill, 155
INFO 08-14 23:19:22 open_ai.py:352] async_send_request: prefill completed: req=155,replica_id=2
DEBUG 08-14 23:19:22 replica.py:146] complete_request_prefill: replica_id=[2], request=155, current_budget=344,last_prefill_completed_at=30614770.16270076,last_ttft=2.0341
DEBUG 08-14 23:19:22 replica.py:153] complete_request_prefill - replica_id=[2], request=155,self.replica_slo_budget-sum_pending_tokens==current_budget:True,1048576-1407==1047169
DEBUG 08-14 23:19:22 open_ai.py:335] async_send_request: request finish prefill, 144
INFO 08-14 23:19:22 open_ai.py:352] async_send_request: prefill completed: req=144,replica_id=3
DEBUG 08-14 23:19:22 replica.py:146] complete_request_prefill: replica_id=[3], request=144, current_budget=345,last_prefill_completed_at=30614770.168557897,last_ttft=2.0587
DEBUG 08-14 23:19:22 replica.py:153] complete_request_prefill - replica_id=[3], request=144,self.replica_slo_budget-sum_pending_tokens==current_budget:True,1048576-486==1048090
DEBUG 08-14 23:19:22 open_ai.py:335] async_send_request: request finish prefill, 148
INFO 08-14 23:19:22 open_ai.py:352] async_send_request: prefill completed: req=148,replica_id=3
DEBUG 08-14 23:19:22 replica.py:146] complete_request_prefill: replica_id=[3], request=148, current_budget=196,last_prefill_completed_at=30614770.17412361,last_ttft=2.0547
DEBUG 08-14 23:19:22 replica.py:153] complete_request_prefill - replica_id=[3], request=148,self.replica_slo_budget-sum_pending_tokens==current_budget:True,1048576-290==1048286
DEBUG 08-14 23:19:22 open_ai.py:335] async_send_request: request finish prefill, 153
INFO 08-14 23:19:22 open_ai.py:352] async_send_request: prefill completed: req=153,replica_id=2
DEBUG 08-14 23:19:22 replica.py:146] complete_request_prefill: replica_id=[2], request=153, current_budget=348,last_prefill_completed_at=30614770.179603904,last_ttft=2.052
DEBUG 08-14 23:19:22 replica.py:153] complete_request_prefill - replica_id=[2], request=153,self.replica_slo_budget-sum_pending_tokens==current_budget:True,1048576-1059==1047517
DEBUG 08-14 23:19:22 replica.py:171] complete_request_decode:num_saved_toekens=32
DEBUG 08-14 23:19:22 open_ai.py:452] good request:127.0.0.1:8000:good,request._id=132,input=359,output=34
DEBUG 08-14 23:19:22 replica.py:171] complete_request_decode:num_saved_toekens=32
DEBUG 08-14 23:19:22 open_ai.py:452] good request:127.0.0.1:8000:good,request._id=131,input=341,output=33
DEBUG 08-14 23:19:22 open_ai.py:335] async_send_request: request finish prefill, 154
INFO 08-14 23:19:22 open_ai.py:352] async_send_request: prefill completed: req=154,replica_id=2
DEBUG 08-14 23:19:22 replica.py:146] complete_request_prefill: replica_id=[2], request=154, current_budget=347,last_prefill_completed_at=30614770.18700932,last_ttft=2.0594
DEBUG 08-14 23:19:22 replica.py:153] complete_request_prefill - replica_id=[2], request=154,self.replica_slo_budget-sum_pending_tokens==current_budget:True,1048576-712==1047864
DEBUG 08-14 23:19:22 open_ai.py:335] async_send_request: request finish prefill, 146
INFO 08-14 23:19:22 open_ai.py:352] async_send_request: prefill completed: req=146,replica_id=2
DEBUG 08-14 23:19:22 replica.py:146] complete_request_prefill: replica_id=[2], request=146, current_budget=414,last_prefill_completed_at=30614770.192586243,last_ttft=2.0738
DEBUG 08-14 23:19:22 replica.py:153] complete_request_prefill - replica_id=[2], request=146,self.replica_slo_budget-sum_pending_tokens==current_budget:True,1048576-298==1048278
DEBUG 08-14 23:19:22 metrics_store.py:131] update_metrics:request_id=47
DEBUG 08-14 23:19:22 metrics_store.py:131] update_metrics:request_id=7
DEBUG 08-14 23:19:22 shared.py:180] Removed task for request 47 on 127.0.0.1:8000
DEBUG 08-14 23:19:22 shared.py:180] Removed task for request 7 on 127.0.0.1:8000
DEBUG 08-14 23:19:22 open_ai.py:335] async_send_request: request finish prefill, 152
INFO 08-14 23:19:22 open_ai.py:352] async_send_request: prefill completed: req=152,replica_id=3
DEBUG 08-14 23:19:22 replica.py:146] complete_request_prefill: replica_id=[3], request=152, current_budget=148,last_prefill_completed_at=30614770.235499322,last_ttft=2.1154
DEBUG 08-14 23:19:22 replica.py:153] complete_request_prefill - replica_id=[3], request=152,self.replica_slo_budget-sum_pending_tokens==current_budget:True,1048576-142==1048434
DEBUG 08-14 23:19:22 open_ai.py:335] async_send_request: request finish prefill, 156
INFO 08-14 23:19:22 open_ai.py:352] async_send_request: prefill completed: req=156,replica_id=2
DEBUG 08-14 23:19:22 replica.py:146] complete_request_prefill: replica_id=[2], request=156, current_budget=146,last_prefill_completed_at=30614770.24157253,last_ttft=2.1097
DEBUG 08-14 23:19:22 replica.py:153] complete_request_prefill - replica_id=[2], request=156,self.replica_slo_budget-sum_pending_tokens==current_budget:True,1048576-152==1048424
DEBUG 08-14 23:19:22 replica.py:171] complete_request_decode:num_saved_toekens=112
DEBUG 08-14 23:19:22 open_ai.py:452] good request:127.0.0.1:8001:good,request._id=51,input=144,output=123
INFO 08-14 23:19:22 shared.py:299] Adding task for request 170 to replica 4,session_id=91
DEBUG 08-14 23:19:22 replica.py:226] add_request - replica_id=[4], request=170,self.replica_slo_budget-sum_pending_tokens==current_budget:True,1048576-707==1047869
INFO 08-14 23:19:22 shared.py:299] Adding task for request 171 to replica 0,session_id=1
DEBUG 08-14 23:19:22 replica.py:226] add_request - replica_id=[0], request=171,self.replica_slo_budget-sum_pending_tokens==current_budget:True,1048576-2815==1045761
INFO 08-14 23:19:22 shared.py:299] Adding task for request 172 to replica 0,session_id=61
DEBUG 08-14 23:19:22 replica.py:226] add_request - replica_id=[0], request=172,self.replica_slo_budget-sum_pending_tokens==current_budget:True,1048576-2959==1045617
INFO 08-14 23:19:22 shared.py:299] Adding task for request 173 to replica 4,session_id=92
DEBUG 08-14 23:19:22 replica.py:226] add_request - replica_id=[4], request=173,self.replica_slo_budget-sum_pending_tokens==current_budget:True,1048576-1051==1047525
INFO 08-14 23:19:22 shared.py:299] Adding task for request 174 to replica 4,session_id=93
DEBUG 08-14 23:19:22 replica.py:226] add_request - replica_id=[4], request=174,self.replica_slo_budget-sum_pending_tokens==current_budget:True,1048576-1611==1046965
INFO 08-14 23:19:22 shared.py:299] Adding task for request 175 to replica 4,session_id=94
DEBUG 08-14 23:19:22 replica.py:226] add_request - replica_id=[4], request=175,self.replica_slo_budget-sum_pending_tokens==current_budget:True,1048576-2040==1046536
INFO 08-14 23:19:22 shared.py:299] Adding task for request 176 to replica 4,session_id=95
DEBUG 08-14 23:19:22 replica.py:226] add_request - replica_id=[4], request=176,self.replica_slo_budget-sum_pending_tokens==current_budget:True,1048576-2403==1046173
INFO 08-14 23:19:22 shared.py:299] Adding task for request 177 to replica 4,session_id=96
DEBUG 08-14 23:19:22 replica.py:226] add_request - replica_id=[4], request=177,self.replica_slo_budget-sum_pending_tokens==current_budget:True,1048576-2771==1045805
INFO 08-14 23:19:22 shared.py:299] Adding task for request 178 to replica 3,session_id=54
DEBUG 08-14 23:19:22 replica.py:226] add_request - replica_id=[3], request=178,self.replica_slo_budget-sum_pending_tokens==current_budget:True,1048576-302==1048274
INFO 08-14 23:19:22 open_ai.py:115] async_send_request:request._id=170,session=91,https://u722127-8cb5-f6dc13db.nmb1.seetacloud.com:8443
INFO 08-14 23:19:22 open_ai.py:115] async_send_request:request._id=171,session=1,127.0.0.1:8000
INFO 08-14 23:19:22 open_ai.py:115] async_send_request:request._id=172,session=61,127.0.0.1:8000
INFO 08-14 23:19:22 open_ai.py:115] async_send_request:request._id=173,session=92,https://u722127-8cb5-f6dc13db.nmb1.seetacloud.com:8443
INFO 08-14 23:19:22 open_ai.py:115] async_send_request:request._id=174,session=93,https://u722127-8cb5-f6dc13db.nmb1.seetacloud.com:8443
INFO 08-14 23:19:22 open_ai.py:115] async_send_request:request._id=175,session=94,https://u722127-8cb5-f6dc13db.nmb1.seetacloud.com:8443
INFO 08-14 23:19:22 open_ai.py:115] async_send_request:request._id=176,session=95,https://u722127-8cb5-f6dc13db.nmb1.seetacloud.com:8443
INFO 08-14 23:19:22 open_ai.py:115] async_send_request:request._id=177,session=96,https://u722127-8cb5-f6dc13db.nmb1.seetacloud.com:8443
INFO 08-14 23:19:22 open_ai.py:115] async_send_request:request._id=178,session=54,https://uu722127-b80a-4e3f9d5d.cqa1.seetacloud.com:8443
DEBUG 08-14 23:19:22 replica.py:171] complete_request_decode:num_saved_toekens=128
DEBUG 08-14 23:19:22 open_ai.py:452] good request:127.0.0.1:8000:good,request._id=13,input=2028,output=121
INFO 08-14 23:19:22 shared.py:299] Adding task for request 179 to replica 4,session_id=97
DEBUG 08-14 23:19:22 replica.py:226] add_request - replica_id=[4], request=179,self.replica_slo_budget-sum_pending_tokens==current_budget:True,1048576-3146==1045430
INFO 08-14 23:19:22 open_ai.py:115] async_send_request:request._id=179,session=97,https://u722127-8cb5-f6dc13db.nmb1.seetacloud.com:8443
DEBUG 08-14 23:19:22 replica.py:171] complete_request_decode:num_saved_toekens=64
DEBUG 08-14 23:19:22 open_ai.py:452] good request:https://u722127-8cb5-f6dc13db.nmb1.seetacloud.com:8443:good,request._id=57,input=375,output=67
DEBUG 08-14 23:19:22 replica.py:171] complete_request_decode:num_saved_toekens=48
DEBUG 08-14 23:19:22 metrics_store.py:131] update_metrics:request_id=29
DEBUG 08-14 23:19:22 metrics_store.py:131] update_metrics:request_id=104
DEBUG 08-14 23:19:22 metrics_store.py:131] update_metrics:request_id=128
DEBUG 08-14 23:19:22 shared.py:180] Removed task for request 29 on https://u722127-b80a-4e3f9d5d.cqa1.seetacloud.com:8443
DEBUG 08-14 23:19:22 metrics_store.py:131] update_metrics:request_id=17
DEBUG 08-14 23:19:22 shared.py:180] Removed task for request 104 on https://u722127-8cb5-f6dc13db.nmb1.seetacloud.com:8443
DEBUG 08-14 23:19:22 metrics_store.py:131] update_metrics:request_id=31
DEBUG 08-14 23:19:22 shared.py:180] Removed task for request 128 on 127.0.0.1:8000
DEBUG 08-14 23:19:22 shared.py:180] Removed task for request 17 on 127.0.0.1:8000
DEBUG 08-14 23:19:22 replica.py:171] complete_request_decode:num_saved_toekens=48
DEBUG 08-14 23:19:22 open_ai.py:452] good request:https://u722127-8cb5-f6dc13db.nmb1.seetacloud.com:8443:good,request._id=103,input=358,output=48
DEBUG 08-14 23:19:22 replica.py:171] complete_request_decode:num_saved_toekens=32
DEBUG 08-14 23:19:22 open_ai.py:452] good request:https://u722127-8cb5-f6dc13db.nmb1.seetacloud.com:8443:good,request._id=124,input=341,output=33
DEBUG 08-14 23:19:22 metrics_store.py:131] update_metrics:request_id=91
DEBUG 08-14 23:19:22 shared.py:180] Removed task for request 31 on https://u722127-b80a-4e3f9d5d.cqa1.seetacloud.com:8443
DEBUG 08-14 23:19:22 metrics_store.py:131] update_metrics:request_id=58
DEBUG 08-14 23:19:22 metrics_store.py:131] update_metrics:request_id=14
DEBUG 08-14 23:19:22 shared.py:180] Removed task for request 91 on https://u722127-8cb5-f6dc13db.nmb1.seetacloud.com:8443
DEBUG 08-14 23:19:22 metrics_store.py:131] update_metrics:request_id=123
DEBUG 08-14 23:19:22 shared.py:180] Removed task for request 58 on https://u722127-8cb5-f6dc13db.nmb1.seetacloud.com:8443
DEBUG 08-14 23:19:22 open_ai.py:335] async_send_request: request finish prefill, 163
INFO 08-14 23:19:22 open_ai.py:352] async_send_request: prefill completed: req=163,replica_id=1
DEBUG 08-14 23:19:22 replica.py:146] complete_request_prefill: replica_id=[1], request=163, current_budget=154,last_prefill_completed_at=30614770.45863844,last_ttft=2.3195
DEBUG 08-14 23:19:22 replica.py:153] complete_request_prefill - replica_id=[1], request=163,self.replica_slo_budget-sum_pending_tokens==current_budget:True,1048576-0==1048576
DEBUG 08-14 23:19:22 metrics_store.py:131] update_metrics:request_id=98
DEBUG 08-14 23:19:22 shared.py:180] Removed task for request 14 on https://u722127-8cb5-f6dc13db.nmb1.seetacloud.com:8443
DEBUG 08-14 23:19:22 metrics_store.py:131] update_metrics:request_id=8
DEBUG 08-14 23:19:22 shared.py:180] Removed task for request 123 on https://u722127-b80a-4e3f9d5d.cqa1.seetacloud.com:8443
DEBUG 08-14 23:19:22 open_ai.py:335] async_send_request: request finish prefill, 166
INFO 08-14 23:19:22 open_ai.py:352] async_send_request: prefill completed: req=166,replica_id=0
DEBUG 08-14 23:19:22 replica.py:146] complete_request_prefill: replica_id=[0], request=166, current_budget=341,last_prefill_completed_at=30614770.491529778,last_ttft=2.3475
DEBUG 08-14 23:19:22 replica.py:153] complete_request_prefill - replica_id=[0], request=166,self.replica_slo_budget-sum_pending_tokens==current_budget:True,1048576-2618==1045958
DEBUG 08-14 23:19:22 open_ai.py:335] async_send_request: request finish prefill, 160
INFO 08-14 23:19:22 open_ai.py:352] async_send_request: prefill completed: req=160,replica_id=0
DEBUG 08-14 23:19:22 replica.py:146] complete_request_prefill: replica_id=[0], request=160, current_budget=348,last_prefill_completed_at=30614770.497187153,last_ttft=2.3612
DEBUG 08-14 23:19:22 replica.py:153] complete_request_prefill - replica_id=[0], request=160,self.replica_slo_budget-sum_pending_tokens==current_budget:True,1048576-2270==1046306
DEBUG 08-14 23:19:22 replica.py:171] complete_request_decode:num_saved_toekens=128
DEBUG 08-14 23:19:22 open_ai.py:452] good request:127.0.0.1:8000:good,request._id=27,input=472,output=126
DEBUG 08-14 23:19:22 replica.py:171] complete_request_decode:num_saved_toekens=64
DEBUG 08-14 23:19:22 open_ai.py:452] good request:https://u722127-8cb5-f6dc13db.nmb1.seetacloud.com:8443:good,request._id=21,input=353,output=77
DEBUG 08-14 23:19:22 metrics_store.py:131] update_metrics:request_id=25
DEBUG 08-14 23:19:22 shared.py:180] Removed task for request 98 on https://u722127-8cb5-f6dc13db.nmb1.seetacloud.com:8443
DEBUG 08-14 23:19:22 open_ai.py:335] async_send_request: request finish prefill, 165
INFO 08-14 23:19:22 open_ai.py:352] async_send_request: prefill completed: req=165,replica_id=0
DEBUG 08-14 23:19:22 replica.py:146] complete_request_prefill: replica_id=[0], request=165, current_budget=365,last_prefill_completed_at=30614770.51852026,last_ttft=2.3768
DEBUG 08-14 23:19:22 replica.py:153] complete_request_prefill - replica_id=[0], request=165,self.replica_slo_budget-sum_pending_tokens==current_budget:True,1048576-1905==1046671
DEBUG 08-14 23:19:22 open_ai.py:335] async_send_request: request finish prefill, 162
INFO 08-14 23:19:22 open_ai.py:352] async_send_request: prefill completed: req=162,replica_id=0
DEBUG 08-14 23:19:22 replica.py:146] complete_request_prefill: replica_id=[0], request=162, current_budget=377,last_prefill_completed_at=30614770.524208423,last_ttft=2.3862
DEBUG 08-14 23:19:22 replica.py:153] complete_request_prefill - replica_id=[0], request=162,self.replica_slo_budget-sum_pending_tokens==current_budget:True,1048576-1528==1047048
DEBUG 08-14 23:19:22 metrics_store.py:131] update_metrics:request_id=41
DEBUG 08-14 23:19:22 shared.py:180] Removed task for request 8 on https://u722127-8cb5-f6dc13db.nmb1.seetacloud.com:8443
DEBUG 08-14 23:19:22 open_ai.py:335] async_send_request: request finish prefill, 168
INFO 08-14 23:19:22 open_ai.py:352] async_send_request: prefill completed: req=168,replica_id=2
DEBUG 08-14 23:19:22 replica.py:146] complete_request_prefill: replica_id=[2], request=168, current_budget=152,last_prefill_completed_at=30614770.54571144,last_ttft=2.4008
DEBUG 08-14 23:19:22 replica.py:153] complete_request_prefill - replica_id=[2], request=168,self.replica_slo_budget-sum_pending_tokens==current_budget:True,1048576-0==1048576
DEBUG 08-14 23:19:22 replica.py:171] complete_request_decode:num_saved_toekens=64
DEBUG 08-14 23:19:22 open_ai.py:452] good request:https://u722127-8cb5-f6dc13db.nmb1.seetacloud.com:8443:good,request._id=88,input=361,output=59
DEBUG 08-14 23:19:22 open_ai.py:335] async_send_request: request finish prefill, 164
INFO 08-14 23:19:22 open_ai.py:352] async_send_request: prefill completed: req=164,replica_id=4
DEBUG 08-14 23:19:22 replica.py:146] complete_request_prefill: replica_id=[4], request=164, current_budget=358,last_prefill_completed_at=30614770.553408395,last_ttft=2.414
DEBUG 08-14 23:19:22 replica.py:153] complete_request_prefill - replica_id=[4], request=164,self.replica_slo_budget-sum_pending_tokens==current_budget:True,1048576-2788==1045788
DEBUG 08-14 23:19:22 open_ai.py:335] async_send_request: request finish prefill, 167
INFO 08-14 23:19:22 open_ai.py:352] async_send_request: prefill completed: req=167,replica_id=0
DEBUG 08-14 23:19:22 replica.py:146] complete_request_prefill: replica_id=[0], request=167, current_budget=346,last_prefill_completed_at=30614770.559498314,last_ttft=2.4154
DEBUG 08-14 23:19:22 replica.py:153] complete_request_prefill - replica_id=[0], request=167,self.replica_slo_budget-sum_pending_tokens==current_budget:True,1048576-1182==1047394
DEBUG 08-14 23:19:22 open_ai.py:335] async_send_request: request finish prefill, 169
INFO 08-14 23:19:22 open_ai.py:352] async_send_request: prefill completed: req=169,replica_id=0
DEBUG 08-14 23:19:22 replica.py:146] complete_request_prefill: replica_id=[0], request=169, current_budget=152,last_prefill_completed_at=30614770.565493505,last_ttft=2.4203
DEBUG 08-14 23:19:22 replica.py:153] complete_request_prefill - replica_id=[0], request=169,self.replica_slo_budget-sum_pending_tokens==current_budget:True,1048576-1030==1047546
DEBUG 08-14 23:19:22 metrics_store.py:131] update_metrics:request_id=24
DEBUG 08-14 23:19:22 shared.py:180] Removed task for request 25 on https://u722127-b80a-4e3f9d5d.cqa1.seetacloud.com:8443
DEBUG 08-14 23:19:22 metrics_store.py:131] update_metrics:request_id=18
DEBUG 08-14 23:19:22 shared.py:180] Removed task for request 41 on https://u722127-8cb5-f6dc13db.nmb1.seetacloud.com:8443
DEBUG 08-14 23:19:22 replica.py:171] complete_request_decode:num_saved_toekens=80
DEBUG 08-14 23:19:22 open_ai.py:452] good request:https://u722127-8cb5-f6dc13db.nmb1.seetacloud.com:8443:good,request._id=44,input=361,output=75
DEBUG 08-14 23:19:22 replica.py:171] complete_request_decode:num_saved_toekens=48
DEBUG 08-14 23:19:22 open_ai.py:452] good request:https://u722127-8cb5-f6dc13db.nmb1.seetacloud.com:8443:good,request._id=96,input=659,output=55
DEBUG 08-14 23:19:22 metrics_store.py:131] update_metrics:request_id=118
DEBUG 08-14 23:19:22 shared.py:180] Removed task for request 24 on https://u722127-8cb5-f6dc13db.nmb1.seetacloud.com:8443
DEBUG 08-14 23:19:22 shared.py:180] Removed task for request 18 on https://u722127-8cb5-f6dc13db.nmb1.seetacloud.com:8443
DEBUG 08-14 23:19:22 replica.py:171] complete_request_decode:num_saved_toekens=80
DEBUG 08-14 23:19:22 open_ai.py:452] good request:127.0.0.1:8001:good,request._id=121,input=356,output=79
DEBUG 08-14 23:19:22 replica.py:171] complete_request_decode:num_saved_toekens=32
DEBUG 08-14 23:19:22 open_ai.py:452] good request:127.0.0.1:8001:good,request._id=159,input=348,output=28
DEBUG 08-14 23:19:22 replica.py:171] complete_request_decode:num_saved_toekens=32
DEBUG 08-14 23:19:22 open_ai.py:452] good request:https://u722127-8cb5-f6dc13db.nmb1.seetacloud.com:8443:good,request._id=142,input=343,output=27
DEBUG 08-14 23:19:22 replica.py:171] complete_request_decode:num_saved_toekens=80
DEBUG 08-14 23:19:22 open_ai.py:452] good request:https://u722127-8cb5-f6dc13db.nmb1.seetacloud.com:8443:good,request._id=45,input=362,output=76
DEBUG 08-14 23:19:22 shared.py:180] Removed task for request 118 on https://u722127-b80a-4e3f9d5d.cqa1.seetacloud.com:8443
DEBUG 08-14 23:19:22 open_ai.py:452] good request:127.0.0.1:8000:good,request._id=130,input=346,output=34
DEBUG 08-14 23:19:22 metrics_store.py:131] update_metrics:request_id=70
DEBUG 08-14 23:19:22 shared.py:180] Removed task for request 70 on 127.0.0.1:8000
DEBUG 08-14 23:19:22 replica.py:171] complete_request_decode:num_saved_toekens=80
DEBUG 08-14 23:19:22 open_ai.py:452] good request:https://u722127-8cb5-f6dc13db.nmb1.seetacloud.com:8443:good,request._id=15,input=441,output=85
DEBUG 08-14 23:19:22 replica.py:171] complete_request_decode:num_saved_toekens=80
DEBUG 08-14 23:19:22 open_ai.py:452] good request:https://u722127-8cb5-f6dc13db.nmb1.seetacloud.com:8443:good,request._id=38,input=387,output=83
DEBUG 08-14 23:19:22 open_ai.py:452] good request:https://u722127-8cb5-f6dc13db.nmb1.seetacloud.com:8443:good,request._id=40,input=347,output=60
DEBUG 08-14 23:19:22 metrics_store.py:131] update_metrics:request_id=102
DEBUG 08-14 23:19:22 metrics_store.py:131] update_metrics:request_id=132
DEBUG 08-14 23:19:22 open_ai.py:335] async_send_request: request finish prefill, 161
INFO 08-14 23:19:22 open_ai.py:352] async_send_request: prefill completed: req=161,replica_id=3
DEBUG 08-14 23:19:22 replica.py:146] complete_request_prefill: replica_id=[3], request=161, current_budget=142,last_prefill_completed_at=30614770.701084506,last_ttft=2.565
DEBUG 08-14 23:19:22 replica.py:153] complete_request_prefill - replica_id=[3], request=161,self.replica_slo_budget-sum_pending_tokens==current_budget:True,1048576-160==1048416
DEBUG 08-14 23:19:22 metrics_store.py:131] update_metrics:request_id=131
DEBUG 08-14 23:19:22 shared.py:180] Removed task for request 102 on https://u722127-8cb5-f6dc13db.nmb1.seetacloud.com:8443
DEBUG 08-14 23:19:22 metrics_store.py:131] update_metrics:request_id=51
DEBUG 08-14 23:19:22 shared.py:180] Removed task for request 132 on 127.0.0.1:8000
DEBUG 08-14 23:19:22 replica.py:171] complete_request_decode:num_saved_toekens=48
DEBUG 08-14 23:19:22 shared.py:180] Removed task for request 131 on 127.0.0.1:8000
DEBUG 08-14 23:19:22 shared.py:180] Removed task for request 51 on 127.0.0.1:8001
DEBUG 08-14 23:19:22 replica.py:171] complete_request_decode:num_saved_toekens=48
DEBUG 08-14 23:19:22 open_ai.py:452] good request:https://u722127-8cb5-f6dc13db.nmb1.seetacloud.com:8443:good,request._id=101,input=355,output=60
DEBUG 08-14 23:19:22 replica.py:171] complete_request_decode:num_saved_toekens=80
DEBUG 08-14 23:19:22 open_ai.py:452] good request:127.0.0.1:8000:good,request._id=125,input=351,output=80
DEBUG 08-14 23:19:22 replica.py:171] complete_request_decode:num_saved_toekens=128
DEBUG 08-14 23:19:22 open_ai.py:452] good request:127.0.0.1:8000:good,request._id=76,input=168,output=122
DEBUG 08-14 23:19:22 replica.py:171] complete_request_decode:num_saved_toekens=64
DEBUG 08-14 23:19:22 replica.py:171] complete_request_decode:num_saved_toekens=32
DEBUG 08-14 23:19:22 open_ai.py:452] good request:https://u722127-b80a-4e3f9d5d.cqa1.seetacloud.com:8443:good,request._id=155,input=344,output=34
DEBUG 08-14 23:19:22 replica.py:171] complete_request_decode:num_saved_toekens=32
DEBUG 08-14 23:19:22 open_ai.py:452] good request:https://u722127-8cb5-f6dc13db.nmb1.seetacloud.com:8443:good,request._id=129,input=353,output=44
DEBUG 08-14 23:19:22 open_ai.py:452] good request:https://u722127-b80a-4e3f9d5d.cqa1.seetacloud.com:8443:good,request._id=143,input=351,output=49
INFO 08-14 23:19:22 shared.py:299] Adding task for request 180 to replica 4,session_id=98
DEBUG 08-14 23:19:22 replica.py:226] add_request - replica_id=[4], request=180,self.replica_slo_budget-sum_pending_tokens==current_budget:True,1048576-3139==1045437
INFO 08-14 23:19:22 shared.py:299] Adding task for request 181 to replica 4,session_id=99
DEBUG 08-14 23:19:22 replica.py:226] add_request - replica_id=[4], request=181,self.replica_slo_budget-sum_pending_tokens==current_budget:True,1048576-3509==1045067
INFO 08-14 23:19:22 shared.py:299] Adding task for request 182 to replica 4,session_id=100
DEBUG 08-14 23:19:22 replica.py:226] add_request - replica_id=[4], request=182,self.replica_slo_budget-sum_pending_tokens==current_budget:True,1048576-3858==1044718
INFO 08-14 23:19:22 shared.py:299] Adding task for request 184 to replica 1,session_id=50
DEBUG 08-14 23:19:22 replica.py:226] add_request - replica_id=[1], request=184,self.replica_slo_budget-sum_pending_tokens==current_budget:True,1048576-152==1048424
INFO 08-14 23:19:22 shared.py:299] Adding task for request 186 to replica 2,session_id=50
DEBUG 08-14 23:19:22 replica.py:226] add_request - replica_id=[2], request=186,self.replica_slo_budget-sum_pending_tokens==current_budget:True,1048576-148==1048428
INFO 08-14 23:19:22 shared.py:299] Adding task for request 188 to replica 4,session_id=101
DEBUG 08-14 23:19:22 replica.py:226] add_request - replica_id=[4], request=188,self.replica_slo_budget-sum_pending_tokens==current_budget:True,1048576-4233==1044343
INFO 08-14 23:19:22 open_ai.py:115] async_send_request:request._id=180,session=98,https://u722127-8cb5-f6dc13db.nmb1.seetacloud.com:8443
INFO 08-14 23:19:22 open_ai.py:115] async_send_request:request._id=181,session=99,https://u722127-8cb5-f6dc13db.nmb1.seetacloud.com:8443
INFO 08-14 23:19:22 open_ai.py:115] async_send_request:request._id=182,session=100,https://u722127-8cb5-f6dc13db.nmb1.seetacloud.com:8443
INFO 08-14 23:19:22 open_ai.py:115] async_send_request:request._id=184,session=50,127.0.0.1:8001
INFO 08-14 23:19:22 open_ai.py:115] async_send_request:request._id=186,session=50,https://u722127-b80a-4e3f9d5d.cqa1.seetacloud.com:8443
INFO 08-14 23:19:22 open_ai.py:115] async_send_request:request._id=188,session=101,https://u722127-8cb5-f6dc13db.nmb1.seetacloud.com:8443
INFO 08-14 23:19:22 shared.py:299] Adding task for request 189 to replica 4,session_id=102
DEBUG 08-14 23:19:22 replica.py:226] add_request - replica_id=[4], request=189,self.replica_slo_budget-sum_pending_tokens==current_budget:True,1048576-4578==1043998
DEBUG 08-14 23:19:22 replica.py:171] complete_request_decode:num_saved_toekens=32
DEBUG 08-14 23:19:22 open_ai.py:452] good request:https://uu722127-b80a-4e3f9d5d.cqa1.seetacloud.com:8443:good,request._id=144,input=345,output=38
DEBUG 08-14 23:19:22 replica.py:171] complete_request_decode:num_saved_toekens=32
DEBUG 08-14 23:19:22 open_ai.py:452] good request:127.0.0.1:8001:good,request._id=158,input=352,output=42
DEBUG 08-14 23:19:22 replica.py:171] complete_request_decode:num_saved_toekens=32
DEBUG 08-14 23:19:22 open_ai.py:452] good request:https://u722127-8cb5-f6dc13db.nmb1.seetacloud.com:8443:good,request._id=137,input=346,output=34
INFO 08-14 23:19:22 open_ai.py:115] async_send_request:request._id=189,session=102,https://u722127-8cb5-f6dc13db.nmb1.seetacloud.com:8443
DEBUG 08-14 23:19:22 replica.py:171] complete_request_decode:num_saved_toekens=96
DEBUG 08-14 23:19:22 open_ai.py:452] good request:https://u722127-b80a-4e3f9d5d.cqa1.seetacloud.com:8443:good,request._id=114,input=350,output=83
DEBUG 08-14 23:19:22 replica.py:171] complete_request_decode:num_saved_toekens=96
DEBUG 08-14 23:19:22 open_ai.py:452] good request:https://u722127-8cb5-f6dc13db.nmb1.seetacloud.com:8443:good,request._id=43,input=361,output=88
DEBUG 08-14 23:19:22 metrics_store.py:131] update_metrics:request_id=13
DEBUG 08-14 23:19:22 metrics_store.py:131] update_metrics:request_id=57
DEBUG 08-14 23:19:22 shared.py:180] Removed task for request 13 on 127.0.0.1:8000
DEBUG 08-14 23:19:22 shared.py:180] Removed task for request 57 on https://u722127-8cb5-f6dc13db.nmb1.seetacloud.com:8443
DEBUG 08-14 23:19:22 open_ai.py:452] good request:https://u722127-8cb5-f6dc13db.nmb1.seetacloud.com:8443:good,request._id=110,input=344,output=42
DEBUG 08-14 23:19:22 metrics_store.py:131] update_metrics:request_id=103
DEBUG 08-14 23:19:22 metrics_store.py:131] update_metrics:request_id=124
DEBUG 08-14 23:19:22 metrics_store.py:131] update_metrics:request_id=27
DEBUG 08-14 23:19:22 shared.py:180] Removed task for request 103 on https://u722127-8cb5-f6dc13db.nmb1.seetacloud.com:8443
DEBUG 08-14 23:19:22 metrics_store.py:131] update_metrics:request_id=21
DEBUG 08-14 23:19:22 shared.py:180] Removed task for request 124 on https://u722127-8cb5-f6dc13db.nmb1.seetacloud.com:8443
DEBUG 08-14 23:19:22 metrics_store.py:131] update_metrics:request_id=88
DEBUG 08-14 23:19:22 shared.py:180] Removed task for request 27 on 127.0.0.1:8000
DEBUG 08-14 23:19:22 metrics_store.py:131] update_metrics:request_id=44
DEBUG 08-14 23:19:22 shared.py:180] Removed task for request 21 on https://u722127-8cb5-f6dc13db.nmb1.seetacloud.com:8443
DEBUG 08-14 23:19:22 metrics_store.py:131] update_metrics:request_id=96
DEBUG 08-14 23:19:22 shared.py:180] Removed task for request 88 on https://u722127-8cb5-f6dc13db.nmb1.seetacloud.com:8443
DEBUG 08-14 23:19:22 replica.py:171] complete_request_decode:num_saved_toekens=48
DEBUG 08-14 23:19:22 open_ai.py:452] good request:https://uu722127-b80a-4e3f9d5d.cqa1.seetacloud.com:8443:good,request._id=145,input=350,output=44
DEBUG 08-14 23:19:22 replica.py:171] complete_request_decode:num_saved_toekens=48
DEBUG 08-14 23:19:22 open_ai.py:452] good request:https://uu722127-b80a-4e3f9d5d.cqa1.seetacloud.com:8443:good,request._id=141,input=349,output=44
DEBUG 08-14 23:19:22 metrics_store.py:131] update_metrics:request_id=121
DEBUG 08-14 23:19:22 shared.py:180] Removed task for request 44 on https://u722127-8cb5-f6dc13db.nmb1.seetacloud.com:8443
DEBUG 08-14 23:19:22 replica.py:171] complete_request_decode:num_saved_toekens=48
DEBUG 08-14 23:19:22 open_ai.py:452] good request:127.0.0.1:8001:good,request._id=157,input=358,output=53
DEBUG 08-14 23:19:22 open_ai.py:335] async_send_request: request finish prefill, 171
INFO 08-14 23:19:22 open_ai.py:352] async_send_request: prefill completed: req=171,replica_id=0
DEBUG 08-14 23:19:22 replica.py:146] complete_request_prefill: replica_id=[0], request=171, current_budget=886,last_prefill_completed_at=30614771.029732857,last_ttft=2.8804
DEBUG 08-14 23:19:22 replica.py:153] complete_request_prefill - replica_id=[0], request=171,self.replica_slo_budget-sum_pending_tokens==current_budget:True,1048576-144==1048432
DEBUG 08-14 23:19:22 open_ai.py:335] async_send_request: request finish prefill, 172
INFO 08-14 23:19:22 open_ai.py:352] async_send_request: prefill completed: req=172,replica_id=0
DEBUG 08-14 23:19:22 replica.py:146] complete_request_prefill: replica_id=[0], request=172, current_budget=144,last_prefill_completed_at=30614771.03694369,last_ttft=2.8871
DEBUG 08-14 23:19:22 replica.py:153] complete_request_prefill - replica_id=[0], request=172,self.replica_slo_budget-sum_pending_tokens==current_budget:True,1048576-0==1048576
DEBUG 08-14 23:19:22 open_ai.py:335] async_send_request: request finish prefill, 178
INFO 08-14 23:19:22 open_ai.py:352] async_send_request: prefill completed: req=178,replica_id=3
DEBUG 08-14 23:19:22 replica.py:146] complete_request_prefill: replica_id=[3], request=178, current_budget=160,last_prefill_completed_at=30614771.04411411,last_ttft=2.8869
DEBUG 08-14 23:19:22 replica.py:153] complete_request_prefill - replica_id=[3], request=178,self.replica_slo_budget-sum_pending_tokens==current_budget:True,1048576-0==1048576
DEBUG 08-14 23:19:22 replica.py:171] complete_request_decode:num_saved_toekens=48
DEBUG 08-14 23:19:22 open_ai.py:452] good request:https://u722127-b80a-4e3f9d5d.cqa1.seetacloud.com:8443:good,request._id=153,input=348,output=51
DEBUG 08-14 23:19:22 metrics_store.py:131] update_metrics:request_id=159
DEBUG 08-14 23:19:22 shared.py:180] Removed task for request 96 on https://u722127-8cb5-f6dc13db.nmb1.seetacloud.com:8443
DEBUG 08-14 23:19:22 open_ai.py:335] async_send_request: request finish prefill, 170
INFO 08-14 23:19:22 open_ai.py:352] async_send_request: prefill completed: req=170,replica_id=4
DEBUG 08-14 23:19:22 replica.py:146] complete_request_prefill: replica_id=[4], request=170, current_budget=349,last_prefill_completed_at=30614771.06826036,last_ttft=2.9227
DEBUG 08-14 23:19:22 replica.py:153] complete_request_prefill - replica_id=[4], request=170,self.replica_slo_budget-sum_pending_tokens==current_budget:True,1048576-4229==1044347
DEBUG 08-14 23:19:22 replica.py:171] complete_request_decode:num_saved_toekens=80
DEBUG 08-14 23:19:22 open_ai.py:452] good request:https://u722127-8cb5-f6dc13db.nmb1.seetacloud.com:8443:good,request._id=84,input=552,output=75
DEBUG 08-14 23:19:22 replica.py:171] complete_request_decode:num_saved_toekens=32
DEBUG 08-14 23:19:22 open_ai.py:452] good request:https://u722127-8cb5-f6dc13db.nmb1.seetacloud.com:8443:good,request._id=139,input=353,output=40
DEBUG 08-14 23:19:22 metrics_store.py:131] update_metrics:request_id=142
DEBUG 08-14 23:19:22 shared.py:180] Removed task for request 121 on 127.0.0.1:8001
DEBUG 08-14 23:19:22 open_ai.py:335] async_send_request: request finish prefill, 174
INFO 08-14 23:19:22 open_ai.py:352] async_send_request: prefill completed: req=174,replica_id=4
DEBUG 08-14 23:19:22 replica.py:146] complete_request_prefill: replica_id=[4], request=174, current_budget=560,last_prefill_completed_at=30614771.095354516,last_ttft=2.9435
DEBUG 08-14 23:19:22 replica.py:153] complete_request_prefill - replica_id=[4], request=174,self.replica_slo_budget-sum_pending_tokens==current_budget:True,1048576-3669==1044907
DEBUG 08-14 23:19:22 replica.py:171] complete_request_decode:num_saved_toekens=64
DEBUG 08-14 23:19:22 open_ai.py:452] good request:https://u722127-8cb5-f6dc13db.nmb1.seetacloud.com:8443:good,request._id=134,input=366,output=51
DEBUG 08-14 23:19:22 open_ai.py:335] async_send_request: request finish prefill, 175
INFO 08-14 23:19:22 open_ai.py:352] async_send_request: prefill completed: req=175,replica_id=4
DEBUG 08-14 23:19:22 replica.py:146] complete_request_prefill: replica_id=[4], request=175, current_budget=429,last_prefill_completed_at=30614771.104041576,last_ttft=2.9498
DEBUG 08-14 23:19:22 replica.py:153] complete_request_prefill - replica_id=[4], request=175,self.replica_slo_budget-sum_pending_tokens==current_budget:True,1048576-3240==1045336
DEBUG 08-14 23:19:22 open_ai.py:335] async_send_request: request finish prefill, 177
INFO 08-14 23:19:22 open_ai.py:352] async_send_request: prefill completed: req=177,replica_id=4
DEBUG 08-14 23:19:22 replica.py:146] complete_request_prefill: replica_id=[4], request=177, current_budget=368,last_prefill_completed_at=30614771.11294836,last_ttft=2.9583
DEBUG 08-14 23:19:22 replica.py:153] complete_request_prefill - replica_id=[4], request=177,self.replica_slo_budget-sum_pending_tokens==current_budget:True,1048576-2872==1045704
DEBUG 08-14 23:19:22 open_ai.py:335] async_send_request: request finish prefill, 179
INFO 08-14 23:19:22 open_ai.py:352] async_send_request: prefill completed: req=179,replica_id=4
DEBUG 08-14 23:19:22 replica.py:146] complete_request_prefill: replica_id=[4], request=179, current_budget=375,last_prefill_completed_at=30614771.119924735,last_ttft=2.9603
DEBUG 08-14 23:19:22 replica.py:153] complete_request_prefill - replica_id=[4], request=179,self.replica_slo_budget-sum_pending_tokens==current_budget:True,1048576-2497==1046079
DEBUG 08-14 23:19:22 metrics_store.py:131] update_metrics:request_id=45
DEBUG 08-14 23:19:22 shared.py:180] Removed task for request 159 on 127.0.0.1:8001
DEBUG 08-14 23:19:22 open_ai.py:335] async_send_request: request finish prefill, 173
INFO 08-14 23:19:22 open_ai.py:352] async_send_request: prefill completed: req=173,replica_id=4
DEBUG 08-14 23:19:22 replica.py:146] complete_request_prefill: replica_id=[4], request=173, current_budget=344,last_prefill_completed_at=30614771.14260407,last_ttft=2.9926
DEBUG 08-14 23:19:22 replica.py:153] complete_request_prefill - replica_id=[4], request=173,self.replica_slo_budget-sum_pending_tokens==current_budget:True,1048576-2153==1046423
DEBUG 08-14 23:19:23 metrics_store.py:131] update_metrics:request_id=130
DEBUG 08-14 23:19:23 shared.py:180] Removed task for request 142 on https://u722127-8cb5-f6dc13db.nmb1.seetacloud.com:8443
DEBUG 08-14 23:19:23 replica.py:171] complete_request_decode:num_saved_toekens=96
DEBUG 08-14 23:19:23 open_ai.py:452] good request:127.0.0.1:8000:good,request._id=135,input=383,output=85
DEBUG 08-14 23:19:23 open_ai.py:335] async_send_request: request finish prefill, 176
INFO 08-14 23:19:23 open_ai.py:352] async_send_request: prefill completed: req=176,replica_id=4
DEBUG 08-14 23:19:23 replica.py:146] complete_request_prefill: replica_id=[4], request=176, current_budget=363,last_prefill_completed_at=30614771.17132036,last_ttft=3.0171
DEBUG 08-14 23:19:23 replica.py:153] complete_request_prefill - replica_id=[4], request=176,self.replica_slo_budget-sum_pending_tokens==current_budget:True,1048576-1790==1046786
DEBUG 08-14 23:19:23 metrics_store.py:131] update_metrics:request_id=15
DEBUG 08-14 23:19:23 shared.py:180] Removed task for request 45 on https://u722127-8cb5-f6dc13db.nmb1.seetacloud.com:8443
DEBUG 08-14 23:19:23 metrics_store.py:131] update_metrics:request_id=38
DEBUG 08-14 23:19:23 shared.py:180] Removed task for request 130 on 127.0.0.1:8000
DEBUG 08-14 23:19:23 replica.py:171] complete_request_decode:num_saved_toekens=64
DEBUG 08-14 23:19:23 open_ai.py:452] good request:https://u722127-b80a-4e3f9d5d.cqa1.seetacloud.com:8443:good,request._id=154,input=347,output=65
DEBUG 08-14 23:19:23 replica.py:171] complete_request_decode:num_saved_toekens=32
DEBUG 08-14 23:19:23 open_ai.py:452] good request:127.0.0.1:8000:good,request._id=166,input=341,output=39
DEBUG 08-14 23:19:23 metrics_store.py:131] update_metrics:request_id=40
DEBUG 08-14 23:19:23 shared.py:180] Removed task for request 15 on https://u722127-8cb5-f6dc13db.nmb1.seetacloud.com:8443
DEBUG 08-14 23:19:23 shared.py:180] Removed task for request 38 on https://u722127-8cb5-f6dc13db.nmb1.seetacloud.com:8443
DEBUG 08-14 23:19:23 replica.py:171] complete_request_decode:num_saved_toekens=128
DEBUG 08-14 23:19:23 open_ai.py:452] good request:127.0.0.1:8000:good,request._id=113,input=158,output=117
DEBUG 08-14 23:19:23 shared.py:180] Removed task for request 40 on https://u722127-8cb5-f6dc13db.nmb1.seetacloud.com:8443
DEBUG 08-14 23:19:23 replica.py:171] complete_request_decode:num_saved_toekens=64
DEBUG 08-14 23:19:23 open_ai.py:452] good request:https://u722127-b80a-4e3f9d5d.cqa1.seetacloud.com:8443:good,request._id=156,input=146,output=64
DEBUG 08-14 23:19:23 replica.py:171] complete_request_decode:num_saved_toekens=48
DEBUG 08-14 23:19:23 open_ai.py:452] good request:127.0.0.1:8000:good,request._id=167,input=346,output=41
DEBUG 08-14 23:19:23 open_ai.py:452] good request:https://uu722127-b80a-4e3f9d5d.cqa1.seetacloud.com:8443:good,request._id=140,input=345,output=48
DEBUG 08-14 23:19:23 metrics_store.py:131] update_metrics:request_id=101
DEBUG 08-14 23:19:23 metrics_store.py:131] update_metrics:request_id=125
DEBUG 08-14 23:19:23 metrics_store.py:131] update_metrics:request_id=76
DEBUG 08-14 23:19:23 shared.py:180] Removed task for request 101 on https://u722127-8cb5-f6dc13db.nmb1.seetacloud.com:8443
DEBUG 08-14 23:19:23 metrics_store.py:131] update_metrics:request_id=155
DEBUG 08-14 23:19:23 shared.py:180] Removed task for request 125 on 127.0.0.1:8000
DEBUG 08-14 23:19:23 metrics_store.py:131] update_metrics:request_id=129
DEBUG 08-14 23:19:23 shared.py:180] Removed task for request 76 on 127.0.0.1:8000
DEBUG 08-14 23:19:23 metrics_store.py:131] update_metrics:request_id=143
DEBUG 08-14 23:19:23 shared.py:180] Removed task for request 155 on https://u722127-b80a-4e3f9d5d.cqa1.seetacloud.com:8443
DEBUG 08-14 23:19:23 replica.py:171] complete_request_decode:num_saved_toekens=48
DEBUG 08-14 23:19:23 shared.py:180] Removed task for request 129 on https://u722127-8cb5-f6dc13db.nmb1.seetacloud.com:8443
DEBUG 08-14 23:19:23 shared.py:180] Removed task for request 143 on https://u722127-b80a-4e3f9d5d.cqa1.seetacloud.com:8443
INFO 08-14 23:19:23 shared.py:299] Adding task for request 193 to replica 4,session_id=67
DEBUG 08-14 23:19:23 replica.py:226] add_request - replica_id=[4], request=193,self.replica_slo_budget-sum_pending_tokens==current_budget:True,1048576-1938==1046638
INFO 08-14 23:19:23 shared.py:299] Adding task for request 194 to replica 0,session_id=55
DEBUG 08-14 23:19:23 replica.py:226] add_request - replica_id=[0], request=194,self.replica_slo_budget-sum_pending_tokens==current_budget:True,1048576-154==1048422
INFO 08-14 23:19:23 shared.py:299] Adding task for request 195 to replica 0,session_id=55
DEBUG 08-14 23:19:23 replica.py:226] add_request - replica_id=[0], request=195,self.replica_slo_budget-sum_pending_tokens==current_budget:True,1048576-304==1048272
INFO 08-14 23:19:23 shared.py:299] Adding task for request 197 to replica 4,session_id=66
DEBUG 08-14 23:19:23 replica.py:226] add_request - replica_id=[4], request=197,self.replica_slo_budget-sum_pending_tokens==current_budget:True,1048576-2090==1046486
INFO 08-14 23:19:23 shared.py:299] Adding task for request 198 to replica 1,session_id=103
DEBUG 08-14 23:19:23 replica.py:226] add_request - replica_id=[1], request=198,self.replica_slo_budget-sum_pending_tokens==current_budget:True,1048576-496==1048080
INFO 08-14 23:19:23 open_ai.py:115] async_send_request:request._id=193,session=67,https://u722127-8cb5-f6dc13db.nmb1.seetacloud.com:8443
INFO 08-14 23:19:23 open_ai.py:115] async_send_request:request._id=194,session=55,127.0.0.1:8000
INFO 08-14 23:19:23 open_ai.py:115] async_send_request:request._id=195,session=55,127.0.0.1:8000
INFO 08-14 23:19:23 open_ai.py:115] async_send_request:request._id=197,session=66,https://u722127-8cb5-f6dc13db.nmb1.seetacloud.com:8443
INFO 08-14 23:19:23 open_ai.py:115] async_send_request:request._id=198,session=103,127.0.0.1:8001
INFO 08-14 23:19:23 shared.py:299] Adding task for request 199 to replica 1,session_id=104
DEBUG 08-14 23:19:23 replica.py:226] add_request - replica_id=[1], request=199,self.replica_slo_budget-sum_pending_tokens==current_budget:True,1048576-842==1047734
DEBUG 08-14 23:19:23 replica.py:171] complete_request_decode:num_saved_toekens=64
DEBUG 08-14 23:19:23 open_ai.py:452] good request:127.0.0.1:8000:good,request._id=165,input=365,output=55
DEBUG 08-14 23:19:23 replica.py:171] complete_request_decode:num_saved_toekens=96
DEBUG 08-14 23:19:23 open_ai.py:452] good request:https://u722127-b80a-4e3f9d5d.cqa1.seetacloud.com:8443:good,request._id=146,input=414,output=85
INFO 08-14 23:19:23 open_ai.py:115] async_send_request:request._id=199,session=104,127.0.0.1:8001
DEBUG 08-14 23:19:23 metrics_store.py:131] update_metrics:request_id=144
DEBUG 08-14 23:19:23 metrics_store.py:131] update_metrics:request_id=158
DEBUG 08-14 23:19:23 metrics_store.py:131] update_metrics:request_id=137
DEBUG 08-14 23:19:23 shared.py:180] Removed task for request 144 on https://uu722127-b80a-4e3f9d5d.cqa1.seetacloud.com:8443
DEBUG 08-14 23:19:23 shared.py:180] Removed task for request 158 on 127.0.0.1:8001
DEBUG 08-14 23:19:23 metrics_store.py:131] update_metrics:request_id=114
DEBUG 08-14 23:19:23 shared.py:180] Removed task for request 137 on https://u722127-8cb5-f6dc13db.nmb1.seetacloud.com:8443
DEBUG 08-14 23:19:23 metrics_store.py:131] update_metrics:request_id=43
DEBUG 08-14 23:19:23 metrics_store.py:131] update_metrics:request_id=110
DEBUG 08-14 23:19:23 shared.py:180] Removed task for request 114 on https://u722127-b80a-4e3f9d5d.cqa1.seetacloud.com:8443
DEBUG 08-14 23:19:23 open_ai.py:335] async_send_request: request finish prefill, 184
INFO 08-14 23:19:23 open_ai.py:352] async_send_request: prefill completed: req=184,replica_id=1
DEBUG 08-14 23:19:23 replica.py:146] complete_request_prefill: replica_id=[1], request=184, current_budget=152,last_prefill_completed_at=30614771.599815782,last_ttft=3.4287
DEBUG 08-14 23:19:23 replica.py:153] complete_request_prefill - replica_id=[1], request=184,self.replica_slo_budget-sum_pending_tokens==current_budget:True,1048576-690==1047886
DEBUG 08-14 23:19:23 metrics_store.py:131] update_metrics:request_id=145
DEBUG 08-14 23:19:23 shared.py:180] Removed task for request 43 on https://u722127-8cb5-f6dc13db.nmb1.seetacloud.com:8443
DEBUG 08-14 23:19:23 metrics_store.py:131] update_metrics:request_id=141
DEBUG 08-14 23:19:23 shared.py:180] Removed task for request 110 on https://u722127-8cb5-f6dc13db.nmb1.seetacloud.com:8443
DEBUG 08-14 23:19:23 metrics_store.py:131] update_metrics:request_id=157
DEBUG 08-14 23:19:23 shared.py:180] Removed task for request 145 on https://uu722127-b80a-4e3f9d5d.cqa1.seetacloud.com:8443
DEBUG 08-14 23:19:23 replica.py:171] complete_request_decode:num_saved_toekens=128
DEBUG 08-14 23:19:23 open_ai.py:452] good request:https://u722127-b80a-4e3f9d5d.cqa1.seetacloud.com:8443:good,request._id=122,input=424,output=134
DEBUG 08-14 23:19:23 replica.py:171] complete_request_decode:num_saved_toekens=96
DEBUG 08-14 23:19:23 open_ai.py:452] good request:https://u722127-8cb5-f6dc13db.nmb1.seetacloud.com:8443:good,request._id=97,input=378,output=96
DEBUG 08-14 23:19:23 metrics_store.py:131] update_metrics:request_id=153
DEBUG 08-14 23:19:23 shared.py:180] Removed task for request 141 on https://uu722127-b80a-4e3f9d5d.cqa1.seetacloud.com:8443
DEBUG 08-14 23:19:23 open_ai.py:335] async_send_request: request finish prefill, 186
INFO 08-14 23:19:23 open_ai.py:352] async_send_request: prefill completed: req=186,replica_id=2
DEBUG 08-14 23:19:23 replica.py:146] complete_request_prefill: replica_id=[2], request=186, current_budget=148,last_prefill_completed_at=30614771.688705377,last_ttft=3.5174
DEBUG 08-14 23:19:23 replica.py:153] complete_request_prefill - replica_id=[2], request=186,self.replica_slo_budget-sum_pending_tokens==current_budget:True,1048576-0==1048576
DEBUG 08-14 23:19:23 metrics_store.py:131] update_metrics:request_id=84
DEBUG 08-14 23:19:23 shared.py:180] Removed task for request 157 on 127.0.0.1:8001
DEBUG 08-14 23:19:23 metrics_store.py:131] update_metrics:request_id=139
DEBUG 08-14 23:19:23 shared.py:180] Removed task for request 153 on https://u722127-b80a-4e3f9d5d.cqa1.seetacloud.com:8443
DEBUG 08-14 23:19:23 open_ai.py:335] async_send_request: request finish prefill, 189
INFO 08-14 23:19:23 open_ai.py:352] async_send_request: prefill completed: req=189,replica_id=4
DEBUG 08-14 23:19:23 replica.py:146] complete_request_prefill: replica_id=[4], request=189, current_budget=345,last_prefill_completed_at=30614771.736100003,last_ttft=3.5623
DEBUG 08-14 23:19:23 replica.py:153] complete_request_prefill - replica_id=[4], request=189,self.replica_slo_budget-sum_pending_tokens==current_budget:True,1048576-1745==1046831
DEBUG 08-14 23:19:23 open_ai.py:335] async_send_request: request finish prefill, 181
INFO 08-14 23:19:23 open_ai.py:352] async_send_request: prefill completed: req=181,replica_id=4
DEBUG 08-14 23:19:23 replica.py:146] complete_request_prefill: replica_id=[4], request=181, current_budget=370,last_prefill_completed_at=30614771.744894132,last_ttft=3.578
DEBUG 08-14 23:19:23 replica.py:153] complete_request_prefill - replica_id=[4], request=181,self.replica_slo_budget-sum_pending_tokens==current_budget:True,1048576-1375==1047201
DEBUG 08-14 23:19:23 open_ai.py:335] async_send_request: request finish prefill, 182
INFO 08-14 23:19:23 open_ai.py:352] async_send_request: prefill completed: req=182,replica_id=4
DEBUG 08-14 23:19:23 replica.py:146] complete_request_prefill: replica_id=[4], request=182, current_budget=349,last_prefill_completed_at=30614771.75351462,last_ttft=3.5844
DEBUG 08-14 23:19:23 replica.py:153] complete_request_prefill - replica_id=[4], request=182,self.replica_slo_budget-sum_pending_tokens==current_budget:True,1048576-1026==1047550
DEBUG 08-14 23:19:23 open_ai.py:335] async_send_request: request finish prefill, 188
INFO 08-14 23:19:23 open_ai.py:352] async_send_request: prefill completed: req=188,replica_id=4
DEBUG 08-14 23:19:23 replica.py:146] complete_request_prefill: replica_id=[4], request=188, current_budget=375,last_prefill_completed_at=30614771.762190074,last_ttft=3.5898
DEBUG 08-14 23:19:23 replica.py:153] complete_request_prefill - replica_id=[4], request=188,self.replica_slo_budget-sum_pending_tokens==current_budget:True,1048576-651==1047925
DEBUG 08-14 23:19:23 open_ai.py:335] async_send_request: request finish prefill, 180
INFO 08-14 23:19:23 open_ai.py:352] async_send_request: prefill completed: req=180,replica_id=4
DEBUG 08-14 23:19:23 replica.py:146] complete_request_prefill: replica_id=[4], request=180, current_budget=351,last_prefill_completed_at=30614771.77069404,last_ttft=3.6069
DEBUG 08-14 23:19:23 replica.py:153] complete_request_prefill - replica_id=[4], request=180,self.replica_slo_budget-sum_pending_tokens==current_budget:True,1048576-300==1048276
DEBUG 08-14 23:19:23 metrics_store.py:131] update_metrics:request_id=134
DEBUG 08-14 23:19:23 shared.py:180] Removed task for request 84 on https://u722127-8cb5-f6dc13db.nmb1.seetacloud.com:8443
DEBUG 08-14 23:19:23 metrics_store.py:131] update_metrics:request_id=135
DEBUG 08-14 23:19:23 shared.py:180] Removed task for request 139 on https://u722127-8cb5-f6dc13db.nmb1.seetacloud.com:8443
DEBUG 08-14 23:19:23 replica.py:171] complete_request_decode:num_saved_toekens=80
DEBUG 08-14 23:19:23 open_ai.py:452] good request:127.0.0.1:8000:good,request._id=162,input=377,output=73
DEBUG 08-14 23:19:23 metrics_store.py:131] update_metrics:request_id=154
DEBUG 08-14 23:19:23 shared.py:180] Removed task for request 134 on https://u722127-8cb5-f6dc13db.nmb1.seetacloud.com:8443
DEBUG 08-14 23:19:23 metrics_store.py:131] update_metrics:request_id=166
DEBUG 08-14 23:19:23 shared.py:180] Removed task for request 135 on 127.0.0.1:8000
DEBUG 08-14 23:19:23 metrics_store.py:131] update_metrics:request_id=113
DEBUG 08-14 23:19:23 shared.py:180] Removed task for request 154 on https://u722127-b80a-4e3f9d5d.cqa1.seetacloud.com:8443
DEBUG 08-14 23:19:23 metrics_store.py:131] update_metrics:request_id=156
DEBUG 08-14 23:19:23 shared.py:180] Removed task for request 166 on 127.0.0.1:8000
DEBUG 08-14 23:19:23 metrics_store.py:131] update_metrics:request_id=167
DEBUG 08-14 23:19:23 shared.py:180] Removed task for request 113 on 127.0.0.1:8000
DEBUG 08-14 23:19:23 metrics_store.py:131] update_metrics:request_id=140
DEBUG 08-14 23:19:23 shared.py:180] Removed task for request 156 on https://u722127-b80a-4e3f9d5d.cqa1.seetacloud.com:8443
DEBUG 08-14 23:19:23 shared.py:180] Removed task for request 167 on 127.0.0.1:8000
DEBUG 08-14 23:19:23 shared.py:180] Removed task for request 140 on https://uu722127-b80a-4e3f9d5d.cqa1.seetacloud.com:8443
DEBUG 08-14 23:19:23 replica.py:171] complete_request_decode:num_saved_toekens=48
DEBUG 08-14 23:19:23 replica.py:171] complete_request_decode:num_saved_toekens=48
DEBUG 08-14 23:19:23 open_ai.py:452] good request:https://u722127-8cb5-f6dc13db.nmb1.seetacloud.com:8443:good,request._id=164,input=358,output=55
DEBUG 08-14 23:19:23 open_ai.py:452] good request:127.0.0.1:8000:good,request._id=160,input=348,output=49
INFO 08-14 23:19:23 shared.py:299] Adding task for request 200 to replica 0,session_id=65
DEBUG 08-14 23:19:23 replica.py:226] add_request - replica_id=[0], request=200,self.replica_slo_budget-sum_pending_tokens==current_budget:True,1048576-452==1048124
INFO 08-14 23:19:23 shared.py:299] Adding task for request 201 to replica 2,session_id=63
DEBUG 08-14 23:19:23 replica.py:226] add_request - replica_id=[2], request=201,self.replica_slo_budget-sum_pending_tokens==current_budget:True,1048576-145==1048431
INFO 08-14 23:19:23 shared.py:299] Adding task for request 202 to replica 4,session_id=105
DEBUG 08-14 23:19:23 replica.py:226] add_request - replica_id=[4], request=202,self.replica_slo_budget-sum_pending_tokens==current_budget:True,1048576-666==1047910
INFO 08-14 23:19:23 shared.py:299] Adding task for request 203 to replica 1,session_id=74
DEBUG 08-14 23:19:23 replica.py:226] add_request - replica_id=[1], request=203,self.replica_slo_budget-sum_pending_tokens==current_budget:True,1048576-826==1047750
INFO 08-14 23:19:23 shared.py:299] Adding task for request 204 to replica 4,session_id=106
DEBUG 08-14 23:19:23 replica.py:226] add_request - replica_id=[4], request=204,self.replica_slo_budget-sum_pending_tokens==current_budget:True,1048576-1022==1047554
INFO 08-14 23:19:23 shared.py:299] Adding task for request 205 to replica 0,session_id=107
DEBUG 08-14 23:19:23 replica.py:226] add_request - replica_id=[0], request=205,self.replica_slo_budget-sum_pending_tokens==current_budget:True,1048576-793==1047783
INFO 08-14 23:19:23 shared.py:299] Adding task for request 206 to replica 4,session_id=108
DEBUG 08-14 23:19:23 replica.py:226] add_request - replica_id=[4], request=206,self.replica_slo_budget-sum_pending_tokens==current_budget:True,1048576-1373==1047203
INFO 08-14 23:19:23 shared.py:299] Adding task for request 207 to replica 0,session_id=109
DEBUG 08-14 23:19:23 replica.py:226] add_request - replica_id=[0], request=207,self.replica_slo_budget-sum_pending_tokens==current_budget:True,1048576-1164==1047412
INFO 08-14 23:19:23 shared.py:299] Adding task for request 208 to replica 4,session_id=110
DEBUG 08-14 23:19:23 replica.py:226] add_request - replica_id=[4], request=208,self.replica_slo_budget-sum_pending_tokens==current_budget:True,1048576-1718==1046858
INFO 08-14 23:19:23 open_ai.py:115] async_send_request:request._id=200,session=65,127.0.0.1:8000
INFO 08-14 23:19:23 open_ai.py:115] async_send_request:request._id=201,session=63,https://u722127-b80a-4e3f9d5d.cqa1.seetacloud.com:8443
INFO 08-14 23:19:23 open_ai.py:115] async_send_request:request._id=202,session=105,https://u722127-8cb5-f6dc13db.nmb1.seetacloud.com:8443
INFO 08-14 23:19:23 open_ai.py:115] async_send_request:request._id=203,session=74,127.0.0.1:8001
INFO 08-14 23:19:23 open_ai.py:115] async_send_request:request._id=204,session=106,https://u722127-8cb5-f6dc13db.nmb1.seetacloud.com:8443
INFO 08-14 23:19:23 open_ai.py:115] async_send_request:request._id=205,session=107,127.0.0.1:8000
INFO 08-14 23:19:23 open_ai.py:115] async_send_request:request._id=206,session=108,https://u722127-8cb5-f6dc13db.nmb1.seetacloud.com:8443
INFO 08-14 23:19:23 open_ai.py:115] async_send_request:request._id=207,session=109,127.0.0.1:8000
INFO 08-14 23:19:23 open_ai.py:115] async_send_request:request._id=208,session=110,https://u722127-8cb5-f6dc13db.nmb1.seetacloud.com:8443
INFO 08-14 23:19:24 shared.py:299] Adding task for request 209 to replica 0,session_id=111
DEBUG 08-14 23:19:24 replica.py:226] add_request - replica_id=[0], request=209,self.replica_slo_budget-sum_pending_tokens==current_budget:True,1048576-1520==1047056
DEBUG 08-14 23:19:24 replica.py:171] complete_request_decode:num_saved_toekens=224
DEBUG 08-14 23:19:24 open_ai.py:452] good request:https://u722127-b80a-4e3f9d5d.cqa1.seetacloud.com:8443:good,request._id=49,input=149,output=222
DEBUG 08-14 23:19:24 replica.py:171] complete_request_decode:num_saved_toekens=32
DEBUG 08-14 23:19:24 open_ai.py:452] good request:https://u722127-8cb5-f6dc13db.nmb1.seetacloud.com:8443:good,request._id=174,input=560,output=40
DEBUG 08-14 23:19:24 replica.py:171] complete_request_decode:num_saved_toekens=96
DEBUG 08-14 23:19:24 open_ai.py:452] good request:https://u722127-8cb5-f6dc13db.nmb1.seetacloud.com:8443:good,request._id=119,input=1473,output=99
INFO 08-14 23:19:24 open_ai.py:115] async_send_request:request._id=209,session=111,127.0.0.1:8000
DEBUG 08-14 23:19:24 replica.py:171] complete_request_decode:num_saved_toekens=48
DEBUG 08-14 23:19:24 open_ai.py:452] good request:https://u722127-8cb5-f6dc13db.nmb1.seetacloud.com:8443:good,request._id=176,input=363,output=42
DEBUG 08-14 23:19:24 metrics_store.py:131] update_metrics:request_id=165
DEBUG 08-14 23:19:24 metrics_store.py:131] update_metrics:request_id=146
DEBUG 08-14 23:19:24 shared.py:180] Removed task for request 165 on 127.0.0.1:8000
DEBUG 08-14 23:19:24 metrics_store.py:131] update_metrics:request_id=122
DEBUG 08-14 23:19:24 shared.py:180] Removed task for request 146 on https://u722127-b80a-4e3f9d5d.cqa1.seetacloud.com:8443
DEBUG 08-14 23:19:24 metrics_store.py:131] update_metrics:request_id=97
DEBUG 08-14 23:19:24 metrics_store.py:131] update_metrics:request_id=162
DEBUG 08-14 23:19:24 shared.py:180] Removed task for request 122 on https://u722127-b80a-4e3f9d5d.cqa1.seetacloud.com:8443
DEBUG 08-14 23:19:24 shared.py:180] Removed task for request 97 on https://u722127-8cb5-f6dc13db.nmb1.seetacloud.com:8443
DEBUG 08-14 23:19:24 replica.py:171] complete_request_decode:num_saved_toekens=48
DEBUG 08-14 23:19:24 shared.py:180] Removed task for request 162 on 127.0.0.1:8000
DEBUG 08-14 23:19:24 open_ai.py:335] async_send_request: request finish prefill, 194
INFO 08-14 23:19:24 open_ai.py:352] async_send_request: prefill completed: req=194,replica_id=0
DEBUG 08-14 23:19:24 replica.py:146] complete_request_prefill: replica_id=[0], request=194, current_budget=154,last_prefill_completed_at=30614772.285974957,last_ttft=4.1048
DEBUG 08-14 23:19:24 replica.py:153] complete_request_prefill - replica_id=[0], request=194,self.replica_slo_budget-sum_pending_tokens==current_budget:True,1048576-1366==1047210
DEBUG 08-14 23:19:24 open_ai.py:335] async_send_request: request finish prefill, 195
INFO 08-14 23:19:24 open_ai.py:352] async_send_request: prefill completed: req=195,replica_id=0
DEBUG 08-14 23:19:24 replica.py:146] complete_request_prefill: replica_id=[0], request=195, current_budget=150,last_prefill_completed_at=30614772.294711784,last_ttft=4.1134
DEBUG 08-14 23:19:24 replica.py:153] complete_request_prefill - replica_id=[0], request=195,self.replica_slo_budget-sum_pending_tokens==current_budget:True,1048576-1216==1047360
DEBUG 08-14 23:19:24 open_ai.py:335] async_send_request: request finish prefill, 199
INFO 08-14 23:19:24 open_ai.py:352] async_send_request: prefill completed: req=199,replica_id=1
DEBUG 08-14 23:19:24 replica.py:146] complete_request_prefill: replica_id=[1], request=199, current_budget=346,last_prefill_completed_at=30614772.30469735,last_ttft=4.1184
DEBUG 08-14 23:19:24 replica.py:153] complete_request_prefill - replica_id=[1], request=199,self.replica_slo_budget-sum_pending_tokens==current_budget:True,1048576-480==1048096
DEBUG 08-14 23:19:24 open_ai.py:335] async_send_request: request finish prefill, 198
INFO 08-14 23:19:24 open_ai.py:352] async_send_request: prefill completed: req=198,replica_id=1
DEBUG 08-14 23:19:24 replica.py:146] complete_request_prefill: replica_id=[1], request=198, current_budget=344,last_prefill_completed_at=30614772.313372687,last_ttft=4.1272
DEBUG 08-14 23:19:24 replica.py:153] complete_request_prefill - replica_id=[1], request=198,self.replica_slo_budget-sum_pending_tokens==current_budget:True,1048576-136==1048440
DEBUG 08-14 23:19:24 open_ai.py:335] async_send_request: request finish prefill, 197
INFO 08-14 23:19:24 open_ai.py:352] async_send_request: prefill completed: req=197,replica_id=4
DEBUG 08-14 23:19:24 replica.py:146] complete_request_prefill: replica_id=[4], request=197, current_budget=152,last_prefill_completed_at=30614772.32639052,last_ttft=4.141
DEBUG 08-14 23:19:24 replica.py:153] complete_request_prefill - replica_id=[4], request=197,self.replica_slo_budget-sum_pending_tokens==current_budget:True,1048576-1566==1047010
DEBUG 08-14 23:19:24 open_ai.py:335] async_send_request: request finish prefill, 193
INFO 08-14 23:19:24 open_ai.py:352] async_send_request: prefill completed: req=193,replica_id=4
DEBUG 08-14 23:19:24 replica.py:146] complete_request_prefill: replica_id=[4], request=193, current_budget=148,last_prefill_completed_at=30614772.33557581,last_ttft=4.159
DEBUG 08-14 23:19:24 replica.py:153] complete_request_prefill - replica_id=[4], request=193,self.replica_slo_budget-sum_pending_tokens==current_budget:True,1048576-1418==1047158
DEBUG 08-14 23:19:24 open_ai.py:452] good request:https://u722127-8cb5-f6dc13db.nmb1.seetacloud.com:8443:good,request._id=170,input=349,output=36
DEBUG 08-14 23:19:24 replica.py:171] complete_request_decode:num_saved_toekens=192
DEBUG 08-14 23:19:24 open_ai.py:452] good request:127.0.0.1:8001:good,request._id=89,input=146,output=203
DEBUG 08-14 23:19:24 metrics_store.py:131] update_metrics:request_id=164
DEBUG 08-14 23:19:24 metrics_store.py:131] update_metrics:request_id=160
DEBUG 08-14 23:19:24 shared.py:180] Removed task for request 164 on https://u722127-8cb5-f6dc13db.nmb1.seetacloud.com:8443
DEBUG 08-14 23:19:24 shared.py:180] Removed task for request 160 on 127.0.0.1:8000
INFO 08-14 23:19:24 shared.py:299] Adding task for request 210 to replica 4,session_id=112
DEBUG 08-14 23:19:24 replica.py:226] add_request - replica_id=[4], request=210,self.replica_slo_budget-sum_pending_tokens==current_budget:True,1048576-1772==1046804
INFO 08-14 23:19:24 shared.py:299] Adding task for request 211 to replica 0,session_id=113
DEBUG 08-14 23:19:24 replica.py:226] add_request - replica_id=[0], request=211,self.replica_slo_budget-sum_pending_tokens==current_budget:True,1048576-1656==1046920
INFO 08-14 23:19:24 shared.py:299] Adding task for request 212 to replica 2,session_id=71
DEBUG 08-14 23:19:24 replica.py:226] add_request - replica_id=[2], request=212,self.replica_slo_budget-sum_pending_tokens==current_budget:True,1048576-303==1048273
INFO 08-14 23:19:24 shared.py:299] Adding task for request 213 to replica 0,session_id=114
DEBUG 08-14 23:19:24 replica.py:226] add_request - replica_id=[0], request=213,self.replica_slo_budget-sum_pending_tokens==current_budget:True,1048576-2017==1046559
INFO 08-14 23:19:24 shared.py:299] Adding task for request 214 to replica 0,session_id=115
DEBUG 08-14 23:19:24 replica.py:226] add_request - replica_id=[0], request=214,self.replica_slo_budget-sum_pending_tokens==current_budget:True,1048576-2676==1045900
INFO 08-14 23:19:24 shared.py:299] Adding task for request 215 to replica 4,session_id=116
DEBUG 08-14 23:19:24 replica.py:226] add_request - replica_id=[4], request=215,self.replica_slo_budget-sum_pending_tokens==current_budget:True,1048576-2120==1046456
INFO 08-14 23:19:24 shared.py:299] Adding task for request 216 to replica 4,session_id=117
DEBUG 08-14 23:19:24 replica.py:226] add_request - replica_id=[4], request=216,self.replica_slo_budget-sum_pending_tokens==current_budget:True,1048576-2472==1046104
INFO 08-14 23:19:24 shared.py:299] Adding task for request 217 to replica 0,session_id=118
DEBUG 08-14 23:19:24 replica.py:226] add_request - replica_id=[0], request=217,self.replica_slo_budget-sum_pending_tokens==current_budget:True,1048576-3020==1045556
INFO 08-14 23:19:24 shared.py:299] Adding task for request 218 to replica 4,session_id=119
DEBUG 08-14 23:19:24 replica.py:226] add_request - replica_id=[4], request=218,self.replica_slo_budget-sum_pending_tokens==current_budget:True,1048576-2821==1045755
INFO 08-14 23:19:24 open_ai.py:115] async_send_request:request._id=210,session=112,https://u722127-8cb5-f6dc13db.nmb1.seetacloud.com:8443
INFO 08-14 23:19:24 open_ai.py:115] async_send_request:request._id=211,session=113,127.0.0.1:8000
INFO 08-14 23:19:24 open_ai.py:115] async_send_request:request._id=212,session=71,https://u722127-b80a-4e3f9d5d.cqa1.seetacloud.com:8443
INFO 08-14 23:19:24 open_ai.py:115] async_send_request:request._id=213,session=114,127.0.0.1:8000
INFO 08-14 23:19:24 open_ai.py:115] async_send_request:request._id=214,session=115,127.0.0.1:8000
INFO 08-14 23:19:24 open_ai.py:115] async_send_request:request._id=215,session=116,https://u722127-8cb5-f6dc13db.nmb1.seetacloud.com:8443
INFO 08-14 23:19:24 open_ai.py:115] async_send_request:request._id=216,session=117,https://u722127-8cb5-f6dc13db.nmb1.seetacloud.com:8443
INFO 08-14 23:19:24 open_ai.py:115] async_send_request:request._id=217,session=118,127.0.0.1:8000
INFO 08-14 23:19:24 open_ai.py:115] async_send_request:request._id=218,session=119,https://u722127-8cb5-f6dc13db.nmb1.seetacloud.com:8443
INFO 08-14 23:19:24 shared.py:299] Adding task for request 219 to replica 0,session_id=120
DEBUG 08-14 23:19:24 replica.py:226] add_request - replica_id=[0], request=219,self.replica_slo_budget-sum_pending_tokens==current_budget:True,1048576-3395==1045181
DEBUG 08-14 23:19:24 replica.py:171] complete_request_decode:num_saved_toekens=256
DEBUG 08-14 23:19:24 open_ai.py:452] good request:https://uu722127-b80a-4e3f9d5d.cqa1.seetacloud.com:8443:good,request._id=6,input=142,output=242
DEBUG 08-14 23:19:24 replica.py:171] complete_request_decode:num_saved_toekens=224
DEBUG 08-14 23:19:24 open_ai.py:452] good request:https://uu722127-b80a-4e3f9d5d.cqa1.seetacloud.com:8443:good,request._id=35,input=148,output=234
DEBUG 08-14 23:19:24 open_ai.py:452] good request:https://u722127-8cb5-f6dc13db.nmb1.seetacloud.com:8443:good,request._id=173,input=344,output=43
INFO 08-14 23:19:24 open_ai.py:115] async_send_request:request._id=219,session=120,127.0.0.1:8000
DEBUG 08-14 23:19:24 metrics_store.py:131] update_metrics:request_id=49
DEBUG 08-14 23:19:24 metrics_store.py:131] update_metrics:request_id=174
DEBUG 08-14 23:19:24 metrics_store.py:131] update_metrics:request_id=119
DEBUG 08-14 23:19:24 shared.py:180] Removed task for request 49 on https://u722127-b80a-4e3f9d5d.cqa1.seetacloud.com:8443
DEBUG 08-14 23:19:24 shared.py:180] Removed task for request 174 on https://u722127-8cb5-f6dc13db.nmb1.seetacloud.com:8443
DEBUG 08-14 23:19:24 metrics_store.py:131] update_metrics:request_id=176
DEBUG 08-14 23:19:24 shared.py:180] Removed task for request 119 on https://u722127-8cb5-f6dc13db.nmb1.seetacloud.com:8443
DEBUG 08-14 23:19:24 metrics_store.py:131] update_metrics:request_id=170
DEBUG 08-14 23:19:24 metrics_store.py:131] update_metrics:request_id=89
DEBUG 08-14 23:19:24 shared.py:180] Removed task for request 176 on https://u722127-8cb5-f6dc13db.nmb1.seetacloud.com:8443
DEBUG 08-14 23:19:24 open_ai.py:335] async_send_request: request finish prefill, 200
INFO 08-14 23:19:24 open_ai.py:352] async_send_request: prefill completed: req=200,replica_id=0
DEBUG 08-14 23:19:24 replica.py:146] complete_request_prefill: replica_id=[0], request=200, current_budget=148,last_prefill_completed_at=30614772.637023285,last_ttft=4.4503
DEBUG 08-14 23:19:24 replica.py:153] complete_request_prefill - replica_id=[0], request=200,self.replica_slo_budget-sum_pending_tokens==current_budget:True,1048576-3247==1045329
DEBUG 08-14 23:19:24 open_ai.py:335] async_send_request: request finish prefill, 205
INFO 08-14 23:19:24 open_ai.py:352] async_send_request: prefill completed: req=205,replica_id=0
DEBUG 08-14 23:19:24 replica.py:146] complete_request_prefill: replica_id=[0], request=205, current_budget=341,last_prefill_completed_at=30614772.646424495,last_ttft=4.4558
DEBUG 08-14 23:19:24 replica.py:153] complete_request_prefill - replica_id=[0], request=205,self.replica_slo_budget-sum_pending_tokens==current_budget:True,1048576-2906==1045670
DEBUG 08-14 23:19:24 shared.py:180] Removed task for request 170 on https://u722127-8cb5-f6dc13db.nmb1.seetacloud.com:8443
DEBUG 08-14 23:19:24 open_ai.py:335] async_send_request: request finish prefill, 207
INFO 08-14 23:19:24 open_ai.py:352] async_send_request: prefill completed: req=207,replica_id=0
DEBUG 08-14 23:19:24 replica.py:146] complete_request_prefill: replica_id=[0], request=207, current_budget=371,last_prefill_completed_at=30614772.683584023,last_ttft=4.4922
DEBUG 08-14 23:19:24 replica.py:153] complete_request_prefill - replica_id=[0], request=207,self.replica_slo_budget-sum_pending_tokens==current_budget:True,1048576-2535==1046041
DEBUG 08-14 23:19:24 open_ai.py:335] async_send_request: request finish prefill, 209
INFO 08-14 23:19:24 open_ai.py:352] async_send_request: prefill completed: req=209,replica_id=0
DEBUG 08-14 23:19:24 replica.py:146] complete_request_prefill: replica_id=[0], request=209, current_budget=356,last_prefill_completed_at=30614772.69324664,last_ttft=4.4999
DEBUG 08-14 23:19:24 replica.py:153] complete_request_prefill - replica_id=[0], request=209,self.replica_slo_budget-sum_pending_tokens==current_budget:True,1048576-2179==1046397
DEBUG 08-14 23:19:24 open_ai.py:335] async_send_request: request finish prefill, 203
INFO 08-14 23:19:24 open_ai.py:352] async_send_request: prefill completed: req=203,replica_id=1
DEBUG 08-14 23:19:24 replica.py:146] complete_request_prefill: replica_id=[1], request=203, current_budget=136,last_prefill_completed_at=30614772.703872822,last_ttft=4.5149
DEBUG 08-14 23:19:24 replica.py:153] complete_request_prefill - replica_id=[1], request=203,self.replica_slo_budget-sum_pending_tokens==current_budget:True,1048576-0==1048576
DEBUG 08-14 23:19:24 shared.py:180] Removed task for request 89 on 127.0.0.1:8001
DEBUG 08-14 23:19:24 open_ai.py:335] async_send_request: request finish prefill, 201
INFO 08-14 23:19:24 open_ai.py:352] async_send_request: prefill completed: req=201,replica_id=2
DEBUG 08-14 23:19:24 replica.py:146] complete_request_prefill: replica_id=[2], request=201, current_budget=145,last_prefill_completed_at=30614772.734707315,last_ttft=4.5474
DEBUG 08-14 23:19:24 replica.py:153] complete_request_prefill - replica_id=[2], request=201,self.replica_slo_budget-sum_pending_tokens==current_budget:True,1048576-158==1048418
DEBUG 08-14 23:19:24 replica.py:171] complete_request_decode:num_saved_toekens=48
DEBUG 08-14 23:19:24 open_ai.py:335] async_send_request: request finish prefill, 206
INFO 08-14 23:19:24 open_ai.py:352] async_send_request: prefill completed: req=206,replica_id=4
DEBUG 08-14 23:19:24 replica.py:146] complete_request_prefill: replica_id=[4], request=206, current_budget=351,last_prefill_completed_at=30614772.763713535,last_ttft=4.5731
DEBUG 08-14 23:19:24 replica.py:153] complete_request_prefill - replica_id=[4], request=206,self.replica_slo_budget-sum_pending_tokens==current_budget:True,1048576-2470==1046106
DEBUG 08-14 23:19:24 open_ai.py:335] async_send_request: request finish prefill, 208
INFO 08-14 23:19:24 open_ai.py:352] async_send_request: prefill completed: req=208,replica_id=4
DEBUG 08-14 23:19:24 replica.py:146] complete_request_prefill: replica_id=[4], request=208, current_budget=345,last_prefill_completed_at=30614772.772713263,last_ttft=4.5805
DEBUG 08-14 23:19:24 replica.py:153] complete_request_prefill - replica_id=[4], request=208,self.replica_slo_budget-sum_pending_tokens==current_budget:True,1048576-2125==1046451
DEBUG 08-14 23:19:24 replica.py:171] complete_request_decode:num_saved_toekens=208
DEBUG 08-14 23:19:24 open_ai.py:452] good request:https://uu722127-b80a-4e3f9d5d.cqa1.seetacloud.com:8443:good,request._id=112,input=162,output=210
DEBUG 08-14 23:19:24 open_ai.py:335] async_send_request: request finish prefill, 204
INFO 08-14 23:19:24 open_ai.py:352] async_send_request: prefill completed: req=204,replica_id=4
DEBUG 08-14 23:19:24 replica.py:146] complete_request_prefill: replica_id=[4], request=204, current_budget=356,last_prefill_completed_at=30614772.79394146,last_ttft=4.6049
DEBUG 08-14 23:19:24 replica.py:153] complete_request_prefill - replica_id=[4], request=204,self.replica_slo_budget-sum_pending_tokens==current_budget:True,1048576-1769==1046807
DEBUG 08-14 23:19:24 open_ai.py:335] async_send_request: request finish prefill, 202
INFO 08-14 23:19:24 open_ai.py:352] async_send_request: prefill completed: req=202,replica_id=4
DEBUG 08-14 23:19:24 replica.py:146] complete_request_prefill: replica_id=[4], request=202, current_budget=366,last_prefill_completed_at=30614772.802635353,last_ttft=4.6148
DEBUG 08-14 23:19:24 replica.py:153] complete_request_prefill - replica_id=[4], request=202,self.replica_slo_budget-sum_pending_tokens==current_budget:True,1048576-1403==1047173
INFO 08-14 23:19:24 shared.py:299] Adding task for request 220 to replica 4,session_id=121
DEBUG 08-14 23:19:24 replica.py:226] add_request - replica_id=[4], request=220,self.replica_slo_budget-sum_pending_tokens==current_budget:True,1048576-1752==1046824
INFO 08-14 23:19:24 shared.py:299] Adding task for request 221 to replica 2,session_id=57
DEBUG 08-14 23:19:24 replica.py:226] add_request - replica_id=[2], request=221,self.replica_slo_budget-sum_pending_tokens==current_budget:True,1048576-330==1048246
INFO 08-14 23:19:24 shared.py:299] Adding task for request 222 to replica 1,session_id=57
DEBUG 08-14 23:19:24 replica.py:226] add_request - replica_id=[1], request=222,self.replica_slo_budget-sum_pending_tokens==current_budget:True,1048576-172==1048404
INFO 08-14 23:19:24 shared.py:299] Adding task for request 223 to replica 3,session_id=57
DEBUG 08-14 23:19:24 replica.py:226] add_request - replica_id=[3], request=223,self.replica_slo_budget-sum_pending_tokens==current_budget:True,1048576-166==1048410
INFO 08-14 23:19:24 shared.py:299] Adding task for request 224 to replica 4,session_id=122
DEBUG 08-14 23:19:24 replica.py:226] add_request - replica_id=[4], request=224,self.replica_slo_budget-sum_pending_tokens==current_budget:True,1048576-2104==1046472
INFO 08-14 23:19:24 shared.py:299] Adding task for request 226 to replica 2,session_id=73
DEBUG 08-14 23:19:24 replica.py:226] add_request - replica_id=[2], request=226,self.replica_slo_budget-sum_pending_tokens==current_budget:True,1048576-482==1048094
INFO 08-14 23:19:24 shared.py:299] Adding task for request 225 to replica 4,session_id=123
DEBUG 08-14 23:19:24 replica.py:226] add_request - replica_id=[4], request=225,self.replica_slo_budget-sum_pending_tokens==current_budget:True,1048576-2471==1046105
INFO 08-14 23:19:24 shared.py:299] Adding task for request 227 to replica 0,session_id=75
DEBUG 08-14 23:19:24 replica.py:226] add_request - replica_id=[0], request=227,self.replica_slo_budget-sum_pending_tokens==current_budget:True,1048576-2337==1046239
INFO 08-14 23:19:24 shared.py:299] Adding task for request 228 to replica 4,session_id=124
DEBUG 08-14 23:19:24 replica.py:226] add_request - replica_id=[4], request=228,self.replica_slo_budget-sum_pending_tokens==current_budget:True,1048576-2859==1045717
DEBUG 08-14 23:19:24 replica.py:171] complete_request_decode:num_saved_toekens=32
DEBUG 08-14 23:19:24 open_ai.py:452] good request:127.0.0.1:8001:good,request._id=199,input=346,output=33
DEBUG 08-14 23:19:24 replica.py:171] complete_request_decode:num_saved_toekens=48
DEBUG 08-14 23:19:24 open_ai.py:452] good request:https://u722127-8cb5-f6dc13db.nmb1.seetacloud.com:8443:good,request._id=182,input=349,output=43
INFO 08-14 23:19:24 open_ai.py:115] async_send_request:request._id=220,session=121,https://u722127-8cb5-f6dc13db.nmb1.seetacloud.com:8443
INFO 08-14 23:19:24 open_ai.py:115] async_send_request:request._id=221,session=57,https://u722127-b80a-4e3f9d5d.cqa1.seetacloud.com:8443
INFO 08-14 23:19:24 open_ai.py:115] async_send_request:request._id=222,session=57,127.0.0.1:8001
INFO 08-14 23:19:24 open_ai.py:115] async_send_request:request._id=223,session=57,https://uu722127-b80a-4e3f9d5d.cqa1.seetacloud.com:8443
INFO 08-14 23:19:24 open_ai.py:115] async_send_request:request._id=224,session=122,https://u722127-8cb5-f6dc13db.nmb1.seetacloud.com:8443
INFO 08-14 23:19:24 open_ai.py:115] async_send_request:request._id=226,session=73,https://u722127-b80a-4e3f9d5d.cqa1.seetacloud.com:8443
INFO 08-14 23:19:24 open_ai.py:115] async_send_request:request._id=225,session=123,https://u722127-8cb5-f6dc13db.nmb1.seetacloud.com:8443
INFO 08-14 23:19:24 open_ai.py:115] async_send_request:request._id=227,session=75,127.0.0.1:8000
INFO 08-14 23:19:24 open_ai.py:115] async_send_request:request._id=228,session=124,https://u722127-8cb5-f6dc13db.nmb1.seetacloud.com:8443
DEBUG 08-14 23:19:24 replica.py:171] complete_request_decode:num_saved_toekens=272
DEBUG 08-14 23:19:24 open_ai.py:452] good request:https://u722127-b80a-4e3f9d5d.cqa1.seetacloud.com:8443:good,request._id=55,input=164,output=280
INFO 08-14 23:19:24 shared.py:299] Adding task for request 229 to replica 4,session_id=125
DEBUG 08-14 23:19:24 replica.py:226] add_request - replica_id=[4], request=229,self.replica_slo_budget-sum_pending_tokens==current_budget:True,1048576-3242==1045334
DEBUG 08-14 23:19:24 replica.py:171] complete_request_decode:num_saved_toekens=48
DEBUG 08-14 23:19:24 open_ai.py:452] good request:127.0.0.1:8001:good,request._id=198,input=344,output=42
DEBUG 08-14 23:19:24 replica.py:171] complete_request_decode:num_saved_toekens=48
DEBUG 08-14 23:19:24 open_ai.py:452] good request:https://u722127-8cb5-f6dc13db.nmb1.seetacloud.com:8443:good,request._id=189,input=345,output=46
INFO 08-14 23:19:24 open_ai.py:115] async_send_request:request._id=229,session=125,https://u722127-8cb5-f6dc13db.nmb1.seetacloud.com:8443
DEBUG 08-14 23:19:24 metrics_store.py:131] update_metrics:request_id=6
DEBUG 08-14 23:19:24 metrics_store.py:131] update_metrics:request_id=35
DEBUG 08-14 23:19:24 metrics_store.py:131] update_metrics:request_id=173
DEBUG 08-14 23:19:24 shared.py:180] Removed task for request 6 on https://uu722127-b80a-4e3f9d5d.cqa1.seetacloud.com:8443
DEBUG 08-14 23:19:24 shared.py:180] Removed task for request 35 on https://uu722127-b80a-4e3f9d5d.cqa1.seetacloud.com:8443
DEBUG 08-14 23:19:24 shared.py:180] Removed task for request 173 on https://u722127-8cb5-f6dc13db.nmb1.seetacloud.com:8443
DEBUG 08-14 23:19:24 replica.py:171] complete_request_decode:num_saved_toekens=80
DEBUG 08-14 23:19:24 open_ai.py:452] good request:https://u722127-8cb5-f6dc13db.nmb1.seetacloud.com:8443:good,request._id=180,input=351,output=36
DEBUG 08-14 23:19:24 metrics_store.py:131] update_metrics:request_id=112
DEBUG 08-14 23:19:24 shared.py:180] Removed task for request 112 on https://uu722127-b80a-4e3f9d5d.cqa1.seetacloud.com:8443
DEBUG 08-14 23:19:24 open_ai.py:335] async_send_request: request finish prefill, 210
INFO 08-14 23:19:24 open_ai.py:352] async_send_request: prefill completed: req=210,replica_id=4
DEBUG 08-14 23:19:24 replica.py:146] complete_request_prefill: replica_id=[4], request=210, current_budget=354,last_prefill_completed_at=30614773.094131578,last_ttft=4.9007
DEBUG 08-14 23:19:24 replica.py:153] complete_request_prefill - replica_id=[4], request=210,self.replica_slo_budget-sum_pending_tokens==current_budget:True,1048576-2888==1045688
DEBUG 08-14 23:19:24 open_ai.py:452] good request:https://u722127-8cb5-f6dc13db.nmb1.seetacloud.com:8443:good,request._id=175,input=429,output=74
DEBUG 08-14 23:19:24 replica.py:171] complete_request_decode:num_saved_toekens=80
DEBUG 08-14 23:19:24 open_ai.py:452] good request:https://u722127-8cb5-f6dc13db.nmb1.seetacloud.com:8443:good,request._id=179,input=375,output=77
DEBUG 08-14 23:19:24 open_ai.py:335] async_send_request: request finish prefill, 212
INFO 08-14 23:19:24 open_ai.py:352] async_send_request: prefill completed: req=212,replica_id=2
DEBUG 08-14 23:19:24 replica.py:146] complete_request_prefill: replica_id=[2], request=212, current_budget=158,last_prefill_completed_at=30614773.10762824,last_ttft=4.9136
DEBUG 08-14 23:19:24 replica.py:153] complete_request_prefill - replica_id=[2], request=212,self.replica_slo_budget-sum_pending_tokens==current_budget:True,1048576-324==1048252
DEBUG 08-14 23:19:24 open_ai.py:335] async_send_request: request finish prefill, 218
INFO 08-14 23:19:24 open_ai.py:352] async_send_request: prefill completed: req=218,replica_id=4
DEBUG 08-14 23:19:24 replica.py:146] complete_request_prefill: replica_id=[4], request=218, current_budget=349,last_prefill_completed_at=30614773.116219323,last_ttft=4.9169
DEBUG 08-14 23:19:24 replica.py:153] complete_request_prefill - replica_id=[4], request=218,self.replica_slo_budget-sum_pending_tokens==current_budget:True,1048576-2539==1046037
DEBUG 08-14 23:19:24 open_ai.py:335] async_send_request: request finish prefill, 216
INFO 08-14 23:19:24 open_ai.py:352] async_send_request: prefill completed: req=216,replica_id=4
DEBUG 08-14 23:19:24 replica.py:146] complete_request_prefill: replica_id=[4], request=216, current_budget=352,last_prefill_completed_at=30614773.125272427,last_ttft=4.9287
DEBUG 08-14 23:19:24 replica.py:153] complete_request_prefill - replica_id=[4], request=216,self.replica_slo_budget-sum_pending_tokens==current_budget:True,1048576-2187==1046389
DEBUG 08-14 23:19:24 open_ai.py:335] async_send_request: request finish prefill, 215
INFO 08-14 23:19:24 open_ai.py:352] async_send_request: prefill completed: req=215,replica_id=4
DEBUG 08-14 23:19:24 replica.py:146] complete_request_prefill: replica_id=[4], request=215, current_budget=348,last_prefill_completed_at=30614773.133909874,last_ttft=4.9383
DEBUG 08-14 23:19:24 replica.py:153] complete_request_prefill - replica_id=[4], request=215,self.replica_slo_budget-sum_pending_tokens==current_budget:True,1048576-1839==1046737
INFO 08-14 23:19:25 shared.py:299] Adding task for request 230 to replica 3,session_id=126
DEBUG 08-14 23:19:25 replica.py:226] add_request - replica_id=[3], request=230,self.replica_slo_budget-sum_pending_tokens==current_budget:True,1048576-512==1048064
INFO 08-14 23:19:25 shared.py:299] Adding task for request 231 to replica 3,session_id=127
DEBUG 08-14 23:19:25 replica.py:226] add_request - replica_id=[3], request=231,self.replica_slo_budget-sum_pending_tokens==current_budget:True,1048576-853==1047723
INFO 08-14 23:19:25 shared.py:299] Adding task for request 233 to replica 3,session_id=128
DEBUG 08-14 23:19:25 replica.py:226] add_request - replica_id=[3], request=233,self.replica_slo_budget-sum_pending_tokens==current_budget:True,1048576-1196==1047380
INFO 08-14 23:19:25 shared.py:299] Adding task for request 234 to replica 3,session_id=129
DEBUG 08-14 23:19:25 replica.py:226] add_request - replica_id=[3], request=234,self.replica_slo_budget-sum_pending_tokens==current_budget:True,1048576-1737==1046839
INFO 08-14 23:19:25 shared.py:299] Adding task for request 235 to replica 3,session_id=130
DEBUG 08-14 23:19:25 replica.py:226] add_request - replica_id=[3], request=235,self.replica_slo_budget-sum_pending_tokens==current_budget:True,1048576-2115==1046461
INFO 08-14 23:19:25 shared.py:299] Adding task for request 238 to replica 3,session_id=131
DEBUG 08-14 23:19:25 replica.py:226] add_request - replica_id=[3], request=238,self.replica_slo_budget-sum_pending_tokens==current_budget:True,1048576-2500==1046076
DEBUG 08-14 23:19:25 metrics_store.py:131] update_metrics:request_id=199
INFO 08-14 23:19:25 open_ai.py:115] async_send_request:request._id=230,session=126,https://uu722127-b80a-4e3f9d5d.cqa1.seetacloud.com:8443
INFO 08-14 23:19:25 open_ai.py:115] async_send_request:request._id=231,session=127,https://uu722127-b80a-4e3f9d5d.cqa1.seetacloud.com:8443
INFO 08-14 23:19:25 open_ai.py:115] async_send_request:request._id=233,session=128,https://uu722127-b80a-4e3f9d5d.cqa1.seetacloud.com:8443
INFO 08-14 23:19:25 open_ai.py:115] async_send_request:request._id=234,session=129,https://uu722127-b80a-4e3f9d5d.cqa1.seetacloud.com:8443
INFO 08-14 23:19:25 open_ai.py:115] async_send_request:request._id=235,session=130,https://uu722127-b80a-4e3f9d5d.cqa1.seetacloud.com:8443
INFO 08-14 23:19:25 open_ai.py:115] async_send_request:request._id=238,session=131,https://uu722127-b80a-4e3f9d5d.cqa1.seetacloud.com:8443
DEBUG 08-14 23:19:25 metrics_store.py:131] update_metrics:request_id=182
INFO 08-14 23:19:25 shared.py:299] Adding task for request 239 to replica 3,session_id=132
DEBUG 08-14 23:19:25 replica.py:226] add_request - replica_id=[3], request=239,self.replica_slo_budget-sum_pending_tokens==current_budget:True,1048576-2916==1045660
DEBUG 08-14 23:19:25 replica.py:171] complete_request_decode:num_saved_toekens=288
DEBUG 08-14 23:19:25 shared.py:180] Removed task for request 199 on 127.0.0.1:8001
INFO 08-14 23:19:25 open_ai.py:115] async_send_request:request._id=239,session=132,https://uu722127-b80a-4e3f9d5d.cqa1.seetacloud.com:8443
DEBUG 08-14 23:19:25 shared.py:180] Removed task for request 182 on https://u722127-8cb5-f6dc13db.nmb1.seetacloud.com:8443
DEBUG 08-14 23:19:25 replica.py:171] complete_request_decode:num_saved_toekens=64
DEBUG 08-14 23:19:25 open_ai.py:452] good request:https://u722127-8cb5-f6dc13db.nmb1.seetacloud.com:8443:good,request._id=188,input=375,output=61
DEBUG 08-14 23:19:25 replica.py:171] complete_request_decode:num_saved_toekens=80
DEBUG 08-14 23:19:25 open_ai.py:452] good request:https://u722127-8cb5-f6dc13db.nmb1.seetacloud.com:8443:good,request._id=177,input=368,output=85
DEBUG 08-14 23:19:25 metrics_store.py:131] update_metrics:request_id=55
DEBUG 08-14 23:19:25 metrics_store.py:131] update_metrics:request_id=198
DEBUG 08-14 23:19:25 metrics_store.py:131] update_metrics:request_id=189
DEBUG 08-14 23:19:25 shared.py:180] Removed task for request 55 on https://u722127-b80a-4e3f9d5d.cqa1.seetacloud.com:8443
DEBUG 08-14 23:19:25 shared.py:180] Removed task for request 198 on 127.0.0.1:8001
DEBUG 08-14 23:19:25 metrics_store.py:131] update_metrics:request_id=180
DEBUG 08-14 23:19:25 shared.py:180] Removed task for request 189 on https://u722127-8cb5-f6dc13db.nmb1.seetacloud.com:8443
DEBUG 08-14 23:19:25 metrics_store.py:131] update_metrics:request_id=175
DEBUG 08-14 23:19:25 open_ai.py:335] async_send_request: request finish prefill, 211
INFO 08-14 23:19:25 open_ai.py:352] async_send_request: prefill completed: req=211,replica_id=0
DEBUG 08-14 23:19:25 replica.py:146] complete_request_prefill: replica_id=[0], request=211, current_budget=440,last_prefill_completed_at=30614773.429428242,last_ttft=5.2357
DEBUG 08-14 23:19:25 replica.py:153] complete_request_prefill - replica_id=[0], request=211,self.replica_slo_budget-sum_pending_tokens==current_budget:True,1048576-1897==1046679
DEBUG 08-14 23:19:25 open_ai.py:335] async_send_request: request finish prefill, 222
INFO 08-14 23:19:25 open_ai.py:352] async_send_request: prefill completed: req=222,replica_id=1
DEBUG 08-14 23:19:25 replica.py:146] complete_request_prefill: replica_id=[1], request=222, current_budget=172,last_prefill_completed_at=30614773.44077623,last_ttft=5.2396
DEBUG 08-14 23:19:25 replica.py:153] complete_request_prefill - replica_id=[1], request=222,self.replica_slo_budget-sum_pending_tokens==current_budget:True,1048576-0==1048576
DEBUG 08-14 23:19:25 metrics_store.py:131] update_metrics:request_id=179
DEBUG 08-14 23:19:25 shared.py:180] Removed task for request 180 on https://u722127-8cb5-f6dc13db.nmb1.seetacloud.com:8443
DEBUG 08-14 23:19:25 open_ai.py:335] async_send_request: request finish prefill, 227
INFO 08-14 23:19:25 open_ai.py:352] async_send_request: prefill completed: req=227,replica_id=0
DEBUG 08-14 23:19:25 replica.py:146] complete_request_prefill: replica_id=[0], request=227, current_budget=158,last_prefill_completed_at=30614773.451878425,last_ttft=5.2447
DEBUG 08-14 23:19:25 replica.py:153] complete_request_prefill - replica_id=[0], request=227,self.replica_slo_budget-sum_pending_tokens==current_budget:True,1048576-1739==1046837
DEBUG 08-14 23:19:25 open_ai.py:335] async_send_request: request finish prefill, 213
INFO 08-14 23:19:25 open_ai.py:352] async_send_request: prefill completed: req=213,replica_id=0
DEBUG 08-14 23:19:25 replica.py:146] complete_request_prefill: replica_id=[0], request=213, current_budget=361,last_prefill_completed_at=30614773.461790934,last_ttft=5.2671
DEBUG 08-14 23:19:25 replica.py:153] complete_request_prefill - replica_id=[0], request=213,self.replica_slo_budget-sum_pending_tokens==current_budget:True,1048576-1378==1047198
DEBUG 08-14 23:19:25 open_ai.py:335] async_send_request: request finish prefill, 219
INFO 08-14 23:19:25 open_ai.py:352] async_send_request: prefill completed: req=219,replica_id=0
DEBUG 08-14 23:19:25 replica.py:146] complete_request_prefill: replica_id=[0], request=219, current_budget=375,last_prefill_completed_at=30614773.471576355,last_ttft=5.2722
DEBUG 08-14 23:19:25 replica.py:153] complete_request_prefill - replica_id=[0], request=219,self.replica_slo_budget-sum_pending_tokens==current_budget:True,1048576-1003==1047573
DEBUG 08-14 23:19:25 open_ai.py:335] async_send_request: request finish prefill, 214
INFO 08-14 23:19:25 open_ai.py:352] async_send_request: prefill completed: req=214,replica_id=0
DEBUG 08-14 23:19:25 replica.py:146] complete_request_prefill: replica_id=[0], request=214, current_budget=659,last_prefill_completed_at=30614773.481446892,last_ttft=5.286
DEBUG 08-14 23:19:25 replica.py:153] complete_request_prefill - replica_id=[0], request=214,self.replica_slo_budget-sum_pending_tokens==current_budget:True,1048576-344==1048232
DEBUG 08-14 23:19:25 open_ai.py:335] async_send_request: request finish prefill, 217
INFO 08-14 23:19:25 open_ai.py:352] async_send_request: prefill completed: req=217,replica_id=0
DEBUG 08-14 23:19:25 replica.py:146] complete_request_prefill: replica_id=[0], request=217, current_budget=344,last_prefill_completed_at=30614773.49119744,last_ttft=5.2941
DEBUG 08-14 23:19:25 replica.py:153] complete_request_prefill - replica_id=[0], request=217,self.replica_slo_budget-sum_pending_tokens==current_budget:True,1048576-0==1048576
DEBUG 08-14 23:19:25 shared.py:180] Removed task for request 175 on https://u722127-8cb5-f6dc13db.nmb1.seetacloud.com:8443
DEBUG 08-14 23:19:25 open_ai.py:335] async_send_request: request finish prefill, 220
INFO 08-14 23:19:25 open_ai.py:352] async_send_request: prefill completed: req=220,replica_id=4
DEBUG 08-14 23:19:25 replica.py:146] complete_request_prefill: replica_id=[4], request=220, current_budget=349,last_prefill_completed_at=30614773.535899427,last_ttft=5.3348
DEBUG 08-14 23:19:25 replica.py:153] complete_request_prefill - replica_id=[4], request=220,self.replica_slo_budget-sum_pending_tokens==current_budget:True,1048576-1490==1047086
DEBUG 08-14 23:19:25 open_ai.py:335] async_send_request: request finish prefill, 228
INFO 08-14 23:19:25 open_ai.py:352] async_send_request: prefill completed: req=228,replica_id=4
DEBUG 08-14 23:19:25 replica.py:146] complete_request_prefill: replica_id=[4], request=228, current_budget=388,last_prefill_completed_at=30614773.54579355,last_ttft=5.3383
DEBUG 08-14 23:19:25 replica.py:153] complete_request_prefill - replica_id=[4], request=228,self.replica_slo_budget-sum_pending_tokens==current_budget:True,1048576-1102==1047474
DEBUG 08-14 23:19:25 open_ai.py:335] async_send_request: request finish prefill, 225
INFO 08-14 23:19:25 open_ai.py:352] async_send_request: prefill completed: req=225,replica_id=4
DEBUG 08-14 23:19:25 replica.py:146] complete_request_prefill: replica_id=[4], request=225, current_budget=367,last_prefill_completed_at=30614773.55616452,last_ttft=5.3498
DEBUG 08-14 23:19:25 replica.py:153] complete_request_prefill - replica_id=[4], request=225,self.replica_slo_budget-sum_pending_tokens==current_budget:True,1048576-735==1047841
DEBUG 08-14 23:19:25 open_ai.py:335] async_send_request: request finish prefill, 223
INFO 08-14 23:19:25 open_ai.py:352] async_send_request: prefill completed: req=223,replica_id=3
DEBUG 08-14 23:19:25 replica.py:146] complete_request_prefill: replica_id=[3], request=223, current_budget=166,last_prefill_completed_at=30614773.5679965,last_ttft=5.3667
DEBUG 08-14 23:19:25 replica.py:153] complete_request_prefill - replica_id=[3], request=223,self.replica_slo_budget-sum_pending_tokens==current_budget:True,1048576-2750==1045826
DEBUG 08-14 23:19:25 shared.py:180] Removed task for request 179 on https://u722127-8cb5-f6dc13db.nmb1.seetacloud.com:8443
DEBUG 08-14 23:19:25 open_ai.py:335] async_send_request: request finish prefill, 226
INFO 08-14 23:19:25 open_ai.py:352] async_send_request: prefill completed: req=226,replica_id=2
DEBUG 08-14 23:19:25 replica.py:146] complete_request_prefill: replica_id=[2], request=226, current_budget=152,last_prefill_completed_at=30614773.598760236,last_ttft=5.392
DEBUG 08-14 23:19:25 replica.py:153] complete_request_prefill - replica_id=[2], request=226,self.replica_slo_budget-sum_pending_tokens==current_budget:True,1048576-172==1048404
DEBUG 08-14 23:19:25 open_ai.py:335] async_send_request: request finish prefill, 221
INFO 08-14 23:19:25 open_ai.py:352] async_send_request: prefill completed: req=221,replica_id=2
DEBUG 08-14 23:19:25 replica.py:146] complete_request_prefill: replica_id=[2], request=221, current_budget=172,last_prefill_completed_at=30614773.61026933,last_ttft=5.4092
DEBUG 08-14 23:19:25 replica.py:153] complete_request_prefill - replica_id=[2], request=221,self.replica_slo_budget-sum_pending_tokens==current_budget:True,1048576-0==1048576
DEBUG 08-14 23:19:25 open_ai.py:335] async_send_request: request finish prefill, 229
INFO 08-14 23:19:25 open_ai.py:352] async_send_request: prefill completed: req=229,replica_id=4
DEBUG 08-14 23:19:25 replica.py:146] complete_request_prefill: replica_id=[4], request=229, current_budget=383,last_prefill_completed_at=30614773.65033616,last_ttft=5.4426
DEBUG 08-14 23:19:25 replica.py:153] complete_request_prefill - replica_id=[4], request=229,self.replica_slo_budget-sum_pending_tokens==current_budget:True,1048576-352==1048224
DEBUG 08-14 23:19:25 replica.py:171] complete_request_decode:num_saved_toekens=64
DEBUG 08-14 23:19:25 open_ai.py:452] good request:https://u722127-8cb5-f6dc13db.nmb1.seetacloud.com:8443:good,request._id=181,input=370,output=72
DEBUG 08-14 23:19:25 open_ai.py:335] async_send_request: request finish prefill, 224
INFO 08-14 23:19:25 open_ai.py:352] async_send_request: prefill completed: req=224,replica_id=4
DEBUG 08-14 23:19:25 replica.py:146] complete_request_prefill: replica_id=[4], request=224, current_budget=352,last_prefill_completed_at=30614773.66210099,last_ttft=5.4567
DEBUG 08-14 23:19:25 replica.py:153] complete_request_prefill - replica_id=[4], request=224,self.replica_slo_budget-sum_pending_tokens==current_budget:True,1048576-0==1048576
DEBUG 08-14 23:19:25 replica.py:171] complete_request_decode:num_saved_toekens=304
DEBUG 08-14 23:19:25 replica.py:171] complete_request_decode:num_saved_toekens=288
DEBUG 08-14 23:19:25 open_ai.py:452] good request:127.0.0.1:8001:good,request._id=74,input=174,output=287
INFO 08-14 23:19:25 shared.py:299] Adding task for request 240 to replica 3,session_id=133
DEBUG 08-14 23:19:25 replica.py:226] add_request - replica_id=[3], request=240,self.replica_slo_budget-sum_pending_tokens==current_budget:True,1048576-3098==1045478
INFO 08-14 23:19:25 shared.py:299] Adding task for request 241 to replica 3,session_id=134
DEBUG 08-14 23:19:25 replica.py:226] add_request - replica_id=[3], request=241,self.replica_slo_budget-sum_pending_tokens==current_budget:True,1048576-3656==1044920
INFO 08-14 23:19:25 shared.py:299] Adding task for request 243 to replica 3,session_id=77
DEBUG 08-14 23:19:25 replica.py:226] add_request - replica_id=[3], request=243,self.replica_slo_budget-sum_pending_tokens==current_budget:True,1048576-3828==1044748
INFO 08-14 23:19:25 shared.py:299] Adding task for request 242 to replica 3,session_id=62
DEBUG 08-14 23:19:25 replica.py:226] add_request - replica_id=[3], request=242,self.replica_slo_budget-sum_pending_tokens==current_budget:True,1048576-4016==1044560
INFO 08-14 23:19:25 shared.py:299] Adding task for request 244 to replica 4,session_id=135
DEBUG 08-14 23:19:25 replica.py:226] add_request - replica_id=[4], request=244,self.replica_slo_budget-sum_pending_tokens==current_budget:True,1048576-346==1048230
INFO 08-14 23:19:25 shared.py:299] Adding task for request 246 to replica 1,session_id=136
DEBUG 08-14 23:19:25 replica.py:226] add_request - replica_id=[1], request=246,self.replica_slo_budget-sum_pending_tokens==current_budget:True,1048576-407==1048169
DEBUG 08-14 23:19:25 replica.py:171] complete_request_decode:num_saved_toekens=32
DEBUG 08-14 23:19:25 open_ai.py:452] good request:https://u722127-8cb5-f6dc13db.nmb1.seetacloud.com:8443:good,request._id=208,input=345,output=36
INFO 08-14 23:19:25 open_ai.py:115] async_send_request:request._id=240,session=133,https://uu722127-b80a-4e3f9d5d.cqa1.seetacloud.com:8443
INFO 08-14 23:19:25 open_ai.py:115] async_send_request:request._id=241,session=134,https://uu722127-b80a-4e3f9d5d.cqa1.seetacloud.com:8443
INFO 08-14 23:19:25 open_ai.py:115] async_send_request:request._id=243,session=77,https://uu722127-b80a-4e3f9d5d.cqa1.seetacloud.com:8443
INFO 08-14 23:19:25 open_ai.py:115] async_send_request:request._id=242,session=62,https://uu722127-b80a-4e3f9d5d.cqa1.seetacloud.com:8443
INFO 08-14 23:19:25 open_ai.py:115] async_send_request:request._id=244,session=135,https://u722127-8cb5-f6dc13db.nmb1.seetacloud.com:8443
INFO 08-14 23:19:25 open_ai.py:115] async_send_request:request._id=246,session=136,127.0.0.1:8001
INFO 08-14 23:19:25 shared.py:299] Adding task for request 249 to replica 2,session_id=137
DEBUG 08-14 23:19:25 replica.py:226] add_request - replica_id=[2], request=249,self.replica_slo_budget-sum_pending_tokens==current_budget:True,1048576-348==1048228
DEBUG 08-14 23:19:25 replica.py:171] complete_request_decode:num_saved_toekens=320
DEBUG 08-14 23:19:25 open_ai.py:452] good request:https://uu722127-b80a-4e3f9d5d.cqa1.seetacloud.com:8443:good,request._id=48,input=147,output=325
DEBUG 08-14 23:19:25 replica.py:171] complete_request_decode:num_saved_toekens=32
DEBUG 08-14 23:19:25 open_ai.py:452] good request:https://u722127-8cb5-f6dc13db.nmb1.seetacloud.com:8443:good,request._id=204,input=356,output=39
INFO 08-14 23:19:25 open_ai.py:115] async_send_request:request._id=249,session=137,https://u722127-b80a-4e3f9d5d.cqa1.seetacloud.com:8443
DEBUG 08-14 23:19:25 replica.py:171] complete_request_decode:num_saved_toekens=16
DEBUG 08-14 23:19:25 open_ai.py:452] good request:https://u722127-8cb5-f6dc13db.nmb1.seetacloud.com:8443:good,request._id=216,input=352,output=29
DEBUG 08-14 23:19:25 open_ai.py:452] good request:https://uu722127-b80a-4e3f9d5d.cqa1.seetacloud.com:8443:good,request._id=50,input=149,output=286
DEBUG 08-14 23:19:25 metrics_store.py:131] update_metrics:request_id=188
DEBUG 08-14 23:19:25 metrics_store.py:131] update_metrics:request_id=177
DEBUG 08-14 23:19:25 metrics_store.py:131] update_metrics:request_id=181
DEBUG 08-14 23:19:25 shared.py:180] Removed task for request 188 on https://u722127-8cb5-f6dc13db.nmb1.seetacloud.com:8443
DEBUG 08-14 23:19:25 shared.py:180] Removed task for request 177 on https://u722127-8cb5-f6dc13db.nmb1.seetacloud.com:8443
DEBUG 08-14 23:19:25 shared.py:180] Removed task for request 181 on https://u722127-8cb5-f6dc13db.nmb1.seetacloud.com:8443
DEBUG 08-14 23:19:25 replica.py:171] complete_request_decode:num_saved_toekens=32
DEBUG 08-14 23:19:25 open_ai.py:452] good request:https://u722127-8cb5-f6dc13db.nmb1.seetacloud.com:8443:good,request._id=215,input=348,output=29
DEBUG 08-14 23:19:25 replica.py:171] complete_request_decode:num_saved_toekens=48
DEBUG 08-14 23:19:25 open_ai.py:452] good request:127.0.0.1:8000:good,request._id=205,input=341,output=51
DEBUG 08-14 23:19:25 replica.py:171] complete_request_decode:num_saved_toekens=48
DEBUG 08-14 23:19:25 open_ai.py:452] good request:https://u722127-8cb5-f6dc13db.nmb1.seetacloud.com:8443:good,request._id=206,input=351,output=47
DEBUG 08-14 23:19:25 replica.py:171] complete_request_decode:num_saved_toekens=144
DEBUG 08-14 23:19:25 open_ai.py:452] good request:127.0.0.1:8000:good,request._id=171,input=886,output=148
DEBUG 08-14 23:19:25 open_ai.py:452] good request:127.0.0.1:8001:good,request._id=30,input=166,output=311
DEBUG 08-14 23:19:25 metrics_store.py:131] update_metrics:request_id=74
DEBUG 08-14 23:19:25 shared.py:180] Removed task for request 74 on 127.0.0.1:8001
INFO 08-14 23:19:25 shared.py:299] Adding task for request 250 to replica 2,session_id=138
DEBUG 08-14 23:19:25 replica.py:226] add_request - replica_id=[2], request=250,self.replica_slo_budget-sum_pending_tokens==current_budget:True,1048576-706==1047870
INFO 08-14 23:19:25 shared.py:299] Adding task for request 251 to replica 2,session_id=139
DEBUG 08-14 23:19:25 replica.py:226] add_request - replica_id=[2], request=251,self.replica_slo_budget-sum_pending_tokens==current_budget:True,1048576-1059==1047517
INFO 08-14 23:19:25 shared.py:299] Adding task for request 252 to replica 2,session_id=81
DEBUG 08-14 23:19:25 replica.py:226] add_request - replica_id=[2], request=252,self.replica_slo_budget-sum_pending_tokens==current_budget:True,1048576-1211==1047365
INFO 08-14 23:19:25 shared.py:299] Adding task for request 253 to replica 1,session_id=140
DEBUG 08-14 23:19:25 replica.py:226] add_request - replica_id=[1], request=253,self.replica_slo_budget-sum_pending_tokens==current_budget:True,1048576-774==1047802
INFO 08-14 23:19:25 shared.py:299] Adding task for request 254 to replica 3,session_id=70
DEBUG 08-14 23:19:25 replica.py:226] add_request - replica_id=[3], request=254,self.replica_slo_budget-sum_pending_tokens==current_budget:True,1048576-4168==1044408
INFO 08-14 23:19:25 shared.py:299] Adding task for request 257 to replica 2,session_id=58
DEBUG 08-14 23:19:25 replica.py:226] add_request - replica_id=[2], request=257,self.replica_slo_budget-sum_pending_tokens==current_budget:True,1048576-1375==1047201
INFO 08-14 23:19:26 shared.py:299] Adding task for request 258 to replica 3,session_id=58
DEBUG 08-14 23:19:26 replica.py:226] add_request - replica_id=[3], request=258,self.replica_slo_budget-sum_pending_tokens==current_budget:True,1048576-4330==1044246
INFO 08-14 23:19:26 shared.py:299] Adding task for request 259 to replica 2,session_id=141
DEBUG 08-14 23:19:26 replica.py:226] add_request - replica_id=[2], request=259,self.replica_slo_budget-sum_pending_tokens==current_budget:True,1048576-1720==1046856
DEBUG 08-14 23:19:26 metrics_store.py:131] update_metrics:request_id=208
INFO 08-14 23:19:26 open_ai.py:115] async_send_request:request._id=250,session=138,https://u722127-b80a-4e3f9d5d.cqa1.seetacloud.com:8443
INFO 08-14 23:19:26 open_ai.py:115] async_send_request:request._id=251,session=139,https://u722127-b80a-4e3f9d5d.cqa1.seetacloud.com:8443
INFO 08-14 23:19:26 open_ai.py:115] async_send_request:request._id=252,session=81,https://u722127-b80a-4e3f9d5d.cqa1.seetacloud.com:8443
INFO 08-14 23:19:26 open_ai.py:115] async_send_request:request._id=253,session=140,127.0.0.1:8001
INFO 08-14 23:19:26 open_ai.py:115] async_send_request:request._id=254,session=70,https://uu722127-b80a-4e3f9d5d.cqa1.seetacloud.com:8443
INFO 08-14 23:19:26 open_ai.py:115] async_send_request:request._id=257,session=58,https://u722127-b80a-4e3f9d5d.cqa1.seetacloud.com:8443
INFO 08-14 23:19:26 open_ai.py:115] async_send_request:request._id=258,session=58,https://uu722127-b80a-4e3f9d5d.cqa1.seetacloud.com:8443
INFO 08-14 23:19:26 open_ai.py:115] async_send_request:request._id=259,session=141,https://u722127-b80a-4e3f9d5d.cqa1.seetacloud.com:8443
DEBUG 08-14 23:19:26 open_ai.py:335] async_send_request: request finish prefill, 230
INFO 08-14 23:19:26 open_ai.py:352] async_send_request: prefill completed: req=230,replica_id=3
DEBUG 08-14 23:19:26 replica.py:146] complete_request_prefill: replica_id=[3], request=230, current_budget=346,last_prefill_completed_at=30614774.19547231,last_ttft=5.9873
DEBUG 08-14 23:19:26 replica.py:153] complete_request_prefill - replica_id=[3], request=230,self.replica_slo_budget-sum_pending_tokens==current_budget:True,1048576-3984==1044592
DEBUG 08-14 23:19:26 replica.py:171] complete_request_decode:num_saved_toekens=48
DEBUG 08-14 23:19:26 open_ai.py:452] good request:https://u722127-8cb5-f6dc13db.nmb1.seetacloud.com:8443:good,request._id=218,input=349,output=38
DEBUG 08-14 23:19:26 open_ai.py:335] async_send_request: request finish prefill, 231
INFO 08-14 23:19:26 open_ai.py:352] async_send_request: prefill completed: req=231,replica_id=3
DEBUG 08-14 23:19:26 replica.py:146] complete_request_prefill: replica_id=[3], request=231, current_budget=341,last_prefill_completed_at=30614774.21279636,last_ttft=6.0036
DEBUG 08-14 23:19:26 replica.py:153] complete_request_prefill - replica_id=[3], request=231,self.replica_slo_budget-sum_pending_tokens==current_budget:True,1048576-3643==1044933
DEBUG 08-14 23:19:26 replica.py:171] complete_request_decode:num_saved_toekens=32
DEBUG 08-14 23:19:26 open_ai.py:452] good request:127.0.0.1:8000:good,request._id=217,input=344,output=38
DEBUG 08-14 23:19:26 open_ai.py:335] async_send_request: request finish prefill, 233
INFO 08-14 23:19:26 open_ai.py:352] async_send_request: prefill completed: req=233,replica_id=3
DEBUG 08-14 23:19:26 replica.py:146] complete_request_prefill: replica_id=[3], request=233, current_budget=343,last_prefill_completed_at=30614774.235446043,last_ttft=6.026
DEBUG 08-14 23:19:26 replica.py:153] complete_request_prefill - replica_id=[3], request=233,self.replica_slo_budget-sum_pending_tokens==current_budget:True,1048576-3300==1045276
DEBUG 08-14 23:19:26 open_ai.py:335] async_send_request: request finish prefill, 235
INFO 08-14 23:19:26 open_ai.py:352] async_send_request: prefill completed: req=235,replica_id=3
DEBUG 08-14 23:19:26 replica.py:146] complete_request_prefill: replica_id=[3], request=235, current_budget=378,last_prefill_completed_at=30614774.24778877,last_ttft=6.0359
DEBUG 08-14 23:19:26 replica.py:153] complete_request_prefill - replica_id=[3], request=235,self.replica_slo_budget-sum_pending_tokens==current_budget:True,1048576-2922==1045654
DEBUG 08-14 23:19:26 open_ai.py:335] async_send_request: request finish prefill, 234
INFO 08-14 23:19:26 open_ai.py:352] async_send_request: prefill completed: req=234,replica_id=3
DEBUG 08-14 23:19:26 replica.py:146] complete_request_prefill: replica_id=[3], request=234, current_budget=541,last_prefill_completed_at=30614774.25983045,last_ttft=6.0482
DEBUG 08-14 23:19:26 replica.py:153] complete_request_prefill - replica_id=[3], request=234,self.replica_slo_budget-sum_pending_tokens==current_budget:True,1048576-2381==1046195
DEBUG 08-14 23:19:26 open_ai.py:335] async_send_request: request finish prefill, 239
INFO 08-14 23:19:26 open_ai.py:352] async_send_request: prefill completed: req=239,replica_id=3
DEBUG 08-14 23:19:26 replica.py:146] complete_request_prefill: replica_id=[3], request=239, current_budget=416,last_prefill_completed_at=30614774.271686368,last_ttft=6.0574
DEBUG 08-14 23:19:26 replica.py:153] complete_request_prefill - replica_id=[3], request=239,self.replica_slo_budget-sum_pending_tokens==current_budget:True,1048576-1965==1046611
DEBUG 08-14 23:19:26 open_ai.py:335] async_send_request: request finish prefill, 238
INFO 08-14 23:19:26 open_ai.py:352] async_send_request: prefill completed: req=238,replica_id=3
DEBUG 08-14 23:19:26 replica.py:146] complete_request_prefill: replica_id=[3], request=238, current_budget=385,last_prefill_completed_at=30614774.28363578,last_ttft=6.0698
DEBUG 08-14 23:19:26 replica.py:153] complete_request_prefill - replica_id=[3], request=238,self.replica_slo_budget-sum_pending_tokens==current_budget:True,1048576-1580==1046996
DEBUG 08-14 23:19:26 shared.py:180] Removed task for request 208 on https://u722127-8cb5-f6dc13db.nmb1.seetacloud.com:8443
DEBUG 08-14 23:19:26 replica.py:171] complete_request_decode:num_saved_toekens=64
DEBUG 08-14 23:19:26 open_ai.py:452] good request:https://u722127-8cb5-f6dc13db.nmb1.seetacloud.com:8443:good,request._id=202,input=366,output=56
DEBUG 08-14 23:19:26 replica.py:171] complete_request_decode:num_saved_toekens=48
DEBUG 08-14 23:19:26 open_ai.py:452] good request:127.0.0.1:8000:good,request._id=213,input=361,output=46
DEBUG 08-14 23:19:26 replica.py:171] complete_request_decode:num_saved_toekens=64
DEBUG 08-14 23:19:26 open_ai.py:452] good request:127.0.0.1:8000:good,request._id=207,input=371,output=70
DEBUG 08-14 23:19:26 metrics_store.py:131] update_metrics:request_id=48
DEBUG 08-14 23:19:26 metrics_store.py:131] update_metrics:request_id=204
DEBUG 08-14 23:19:26 shared.py:180] Removed task for request 48 on https://uu722127-b80a-4e3f9d5d.cqa1.seetacloud.com:8443
DEBUG 08-14 23:19:26 metrics_store.py:131] update_metrics:request_id=216
DEBUG 08-14 23:19:26 shared.py:180] Removed task for request 204 on https://u722127-8cb5-f6dc13db.nmb1.seetacloud.com:8443
DEBUG 08-14 23:19:26 metrics_store.py:131] update_metrics:request_id=50
DEBUG 08-14 23:19:26 metrics_store.py:131] update_metrics:request_id=215
DEBUG 08-14 23:19:26 shared.py:180] Removed task for request 216 on https://u722127-8cb5-f6dc13db.nmb1.seetacloud.com:8443
DEBUG 08-14 23:19:26 replica.py:171] complete_request_decode:num_saved_toekens=64
DEBUG 08-14 23:19:26 open_ai.py:452] good request:127.0.0.1:8000:good,request._id=209,input=356,output=75
DEBUG 08-14 23:19:26 replica.py:171] complete_request_decode:num_saved_toekens=192
DEBUG 08-14 23:19:26 open_ai.py:452] good request:https://u722127-8cb5-f6dc13db.nmb1.seetacloud.com:8443:good,request._id=111,input=162,output=191
DEBUG 08-14 23:19:26 metrics_store.py:131] update_metrics:request_id=205
DEBUG 08-14 23:19:26 shared.py:180] Removed task for request 50 on https://uu722127-b80a-4e3f9d5d.cqa1.seetacloud.com:8443
DEBUG 08-14 23:19:26 metrics_store.py:131] update_metrics:request_id=206
DEBUG 08-14 23:19:26 shared.py:180] Removed task for request 215 on https://u722127-8cb5-f6dc13db.nmb1.seetacloud.com:8443
DEBUG 08-14 23:19:26 open_ai.py:335] async_send_request: request finish prefill, 246
INFO 08-14 23:19:26 open_ai.py:352] async_send_request: prefill completed: req=246,replica_id=1
DEBUG 08-14 23:19:26 replica.py:146] complete_request_prefill: replica_id=[1], request=246, current_budget=407,last_prefill_completed_at=30614774.45446528,last_ttft=6.2325
DEBUG 08-14 23:19:26 replica.py:153] complete_request_prefill - replica_id=[1], request=246,self.replica_slo_budget-sum_pending_tokens==current_budget:True,1048576-367==1048209
DEBUG 08-14 23:19:26 replica.py:171] complete_request_decode:num_saved_toekens=48
DEBUG 08-14 23:19:26 open_ai.py:452] good request:127.0.0.1:8000:good,request._id=214,input=659,output=55
DEBUG 08-14 23:19:26 metrics_store.py:131] update_metrics:request_id=171
DEBUG 08-14 23:19:26 shared.py:180] Removed task for request 205 on 127.0.0.1:8000
DEBUG 08-14 23:19:26 open_ai.py:335] async_send_request: request finish prefill, 249
INFO 08-14 23:19:26 open_ai.py:352] async_send_request: prefill completed: req=249,replica_id=2
DEBUG 08-14 23:19:26 replica.py:146] complete_request_prefill: replica_id=[2], request=249, current_budget=348,last_prefill_completed_at=30614774.497553732,last_ttft=6.2688
DEBUG 08-14 23:19:26 replica.py:153] complete_request_prefill - replica_id=[2], request=249,self.replica_slo_budget-sum_pending_tokens==current_budget:True,1048576-1372==1047204
DEBUG 08-14 23:19:26 metrics_store.py:131] update_metrics:request_id=30
DEBUG 08-14 23:19:26 shared.py:180] Removed task for request 206 on https://u722127-8cb5-f6dc13db.nmb1.seetacloud.com:8443
DEBUG 08-14 23:19:26 open_ai.py:335] async_send_request: request finish prefill, 244
INFO 08-14 23:19:26 open_ai.py:352] async_send_request: prefill completed: req=244,replica_id=4
DEBUG 08-14 23:19:26 replica.py:146] complete_request_prefill: replica_id=[4], request=244, current_budget=346,last_prefill_completed_at=30614774.538729127,last_ttft=6.3188
DEBUG 08-14 23:19:26 replica.py:153] complete_request_prefill - replica_id=[4], request=244,self.replica_slo_budget-sum_pending_tokens==current_budget:True,1048576-0==1048576
DEBUG 08-14 23:19:26 shared.py:180] Removed task for request 171 on 127.0.0.1:8000
DEBUG 08-14 23:19:26 replica.py:171] complete_request_decode:num_saved_toekens=32
DEBUG 08-14 23:19:26 open_ai.py:452] good request:https://u722127-8cb5-f6dc13db.nmb1.seetacloud.com:8443:good,request._id=224,input=352,output=39
DEBUG 08-14 23:19:26 shared.py:180] Removed task for request 30 on 127.0.0.1:8001
DEBUG 08-14 23:19:26 replica.py:171] complete_request_decode:num_saved_toekens=64
DEBUG 08-14 23:19:26 open_ai.py:452] good request:127.0.0.1:8000:good,request._id=219,input=375,output=61
DEBUG 08-14 23:19:26 replica.py:171] complete_request_decode:num_saved_toekens=32
DEBUG 08-14 23:19:26 open_ai.py:452] good request:https://uu722127-b80a-4e3f9d5d.cqa1.seetacloud.com:8443:good,request._id=238,input=385,output=36
DEBUG 08-14 23:19:26 open_ai.py:335] async_send_request: request finish prefill, 240
INFO 08-14 23:19:26 open_ai.py:352] async_send_request: prefill completed: req=240,replica_id=3
DEBUG 08-14 23:19:26 replica.py:146] complete_request_prefill: replica_id=[3], request=240, current_budget=348,last_prefill_completed_at=30614774.649834625,last_ttft=6.4329
DEBUG 08-14 23:19:26 replica.py:153] complete_request_prefill - replica_id=[3], request=240,self.replica_slo_budget-sum_pending_tokens==current_budget:True,1048576-1232==1047344
DEBUG 08-14 23:19:26 open_ai.py:335] async_send_request: request finish prefill, 241
INFO 08-14 23:19:26 open_ai.py:352] async_send_request: prefill completed: req=241,replica_id=3
DEBUG 08-14 23:19:26 replica.py:146] complete_request_prefill: replica_id=[3], request=241, current_budget=558,last_prefill_completed_at=30614774.66247029,last_ttft=6.4437
DEBUG 08-14 23:19:26 replica.py:153] complete_request_prefill - replica_id=[3], request=241,self.replica_slo_budget-sum_pending_tokens==current_budget:True,1048576-674==1047902
DEBUG 08-14 23:19:26 open_ai.py:335] async_send_request: request finish prefill, 243
INFO 08-14 23:19:26 open_ai.py:352] async_send_request: prefill completed: req=243,replica_id=3
DEBUG 08-14 23:19:26 replica.py:146] complete_request_prefill: replica_id=[3], request=243, current_budget=172,last_prefill_completed_at=30614774.674445864,last_ttft=6.455
DEBUG 08-14 23:19:26 replica.py:153] complete_request_prefill - replica_id=[3], request=243,self.replica_slo_budget-sum_pending_tokens==current_budget:True,1048576-502==1048074
DEBUG 08-14 23:19:26 replica.py:171] complete_request_decode:num_saved_toekens=336
DEBUG 08-14 23:19:26 open_ai.py:452] good request:127.0.0.1:8000:good,request._id=53,input=164,output=335
DEBUG 08-14 23:19:26 replica.py:171] complete_request_decode:num_saved_toekens=48
DEBUG 08-14 23:19:26 open_ai.py:452] good request:https://uu722127-b80a-4e3f9d5d.cqa1.seetacloud.com:8443:good,request._id=233,input=343,output=45
DEBUG 08-14 23:19:26 replica.py:171] complete_request_decode:num_saved_toekens=368
DEBUG 08-14 23:19:26 open_ai.py:452] good request:https://uu722127-b80a-4e3f9d5d.cqa1.seetacloud.com:8443:good,request._id=69,input=144,output=376
DEBUG 08-14 23:19:26 replica.py:171] complete_request_decode:num_saved_toekens=48
DEBUG 08-14 23:19:26 open_ai.py:452] good request:https://uu722127-b80a-4e3f9d5d.cqa1.seetacloud.com:8443:good,request._id=231,input=341,output=46
INFO 08-14 23:19:26 shared.py:299] Adding task for request 260 to replica 4,session_id=142
DEBUG 08-14 23:19:26 replica.py:226] add_request - replica_id=[4], request=260,self.replica_slo_budget-sum_pending_tokens==current_budget:True,1048576-365==1048211
INFO 08-14 23:19:26 shared.py:299] Adding task for request 261 to replica 1,session_id=91
DEBUG 08-14 23:19:26 replica.py:226] add_request - replica_id=[1], request=261,self.replica_slo_budget-sum_pending_tokens==current_budget:True,1048576-519==1048057
INFO 08-14 23:19:26 shared.py:299] Adding task for request 262 to replica 4,session_id=143
DEBUG 08-14 23:19:26 replica.py:226] add_request - replica_id=[4], request=262,self.replica_slo_budget-sum_pending_tokens==current_budget:True,1048576-722==1047854
INFO 08-14 23:19:26 shared.py:299] Adding task for request 263 to replica 1,session_id=82
DEBUG 08-14 23:19:26 replica.py:226] add_request - replica_id=[1], request=263,self.replica_slo_budget-sum_pending_tokens==current_budget:True,1048576-675==1047901
INFO 08-14 23:19:26 shared.py:299] Adding task for request 264 to replica 1,session_id=82
DEBUG 08-14 23:19:26 replica.py:226] add_request - replica_id=[1], request=264,self.replica_slo_budget-sum_pending_tokens==current_budget:True,1048576-833==1047743
INFO 08-14 23:19:26 shared.py:299] Adding task for request 265 to replica 3,session_id=144
DEBUG 08-14 23:19:26 replica.py:226] add_request - replica_id=[3], request=265,self.replica_slo_budget-sum_pending_tokens==current_budget:True,1048576-859==1047717
INFO 08-14 23:19:26 shared.py:299] Adding task for request 266 to replica 4,session_id=83
DEBUG 08-14 23:19:26 replica.py:226] add_request - replica_id=[4], request=266,self.replica_slo_budget-sum_pending_tokens==current_budget:True,1048576-876==1047700
INFO 08-14 23:19:26 shared.py:299] Adding task for request 267 to replica 4,session_id=83
DEBUG 08-14 23:19:26 replica.py:226] add_request - replica_id=[4], request=267,self.replica_slo_budget-sum_pending_tokens==current_budget:True,1048576-1032==1047544
INFO 08-14 23:19:26 shared.py:299] Adding task for request 268 to replica 0,session_id=90
DEBUG 08-14 23:19:26 replica.py:226] add_request - replica_id=[0], request=268,self.replica_slo_budget-sum_pending_tokens==current_budget:True,1048576-166==1048410
INFO 08-14 23:19:26 shared.py:299] Adding task for request 269 to replica 3,session_id=59
DEBUG 08-14 23:19:26 replica.py:226] add_request - replica_id=[3], request=269,self.replica_slo_budget-sum_pending_tokens==current_budget:True,1048576-1133==1047443
INFO 08-14 23:19:26 open_ai.py:115] async_send_request:request._id=260,session=142,https://u722127-8cb5-f6dc13db.nmb1.seetacloud.com:8443
INFO 08-14 23:19:26 open_ai.py:115] async_send_request:request._id=261,session=91,127.0.0.1:8001
INFO 08-14 23:19:26 open_ai.py:115] async_send_request:request._id=262,session=143,https://u722127-8cb5-f6dc13db.nmb1.seetacloud.com:8443
INFO 08-14 23:19:26 open_ai.py:115] async_send_request:request._id=263,session=82,127.0.0.1:8001
INFO 08-14 23:19:26 open_ai.py:115] async_send_request:request._id=264,session=82,127.0.0.1:8001
INFO 08-14 23:19:26 open_ai.py:115] async_send_request:request._id=265,session=144,https://uu722127-b80a-4e3f9d5d.cqa1.seetacloud.com:8443
INFO 08-14 23:19:26 open_ai.py:115] async_send_request:request._id=266,session=83,https://u722127-8cb5-f6dc13db.nmb1.seetacloud.com:8443
INFO 08-14 23:19:26 open_ai.py:115] async_send_request:request._id=267,session=83,https://u722127-8cb5-f6dc13db.nmb1.seetacloud.com:8443
INFO 08-14 23:19:26 open_ai.py:115] async_send_request:request._id=268,session=90,127.0.0.1:8000
INFO 08-14 23:19:26 open_ai.py:115] async_send_request:request._id=269,session=59,https://uu722127-b80a-4e3f9d5d.cqa1.seetacloud.com:8443
DEBUG 08-14 23:19:26 replica.py:171] complete_request_decode:num_saved_toekens=368
DEBUG 08-14 23:19:26 open_ai.py:452] good request:https://u722127-b80a-4e3f9d5d.cqa1.seetacloud.com:8443:good,request._id=126,input=167,output=366
DEBUG 08-14 23:19:26 replica.py:171] complete_request_decode:num_saved_toekens=64
DEBUG 08-14 23:19:26 open_ai.py:335] async_send_request: request finish prefill, 242
INFO 08-14 23:19:26 open_ai.py:352] async_send_request: prefill completed: req=242,replica_id=3
DEBUG 08-14 23:19:26 replica.py:146] complete_request_prefill: replica_id=[3], request=242, current_budget=188,last_prefill_completed_at=30614774.894915864,last_ttft=6.6755
DEBUG 08-14 23:19:26 replica.py:153] complete_request_prefill - replica_id=[3], request=242,self.replica_slo_budget-sum_pending_tokens==current_budget:True,1048576-945==1047631
DEBUG 08-14 23:19:26 replica.py:171] complete_request_decode:num_saved_toekens=384
DEBUG 08-14 23:19:26 open_ai.py:452] good request:https://uu722127-b80a-4e3f9d5d.cqa1.seetacloud.com:8443:good,request._id=59,input=144,output=399
DEBUG 08-14 23:19:26 replica.py:171] complete_request_decode:num_saved_toekens=64
DEBUG 08-14 23:19:26 metrics_store.py:131] update_metrics:request_id=218
DEBUG 08-14 23:19:26 metrics_store.py:131] update_metrics:request_id=217
DEBUG 08-14 23:19:26 metrics_store.py:131] update_metrics:request_id=202
DEBUG 08-14 23:19:26 shared.py:180] Removed task for request 218 on https://u722127-8cb5-f6dc13db.nmb1.seetacloud.com:8443
DEBUG 08-14 23:19:26 metrics_store.py:131] update_metrics:request_id=213
DEBUG 08-14 23:19:26 shared.py:180] Removed task for request 217 on 127.0.0.1:8000
DEBUG 08-14 23:19:26 metrics_store.py:131] update_metrics:request_id=207
DEBUG 08-14 23:19:26 shared.py:180] Removed task for request 202 on https://u722127-8cb5-f6dc13db.nmb1.seetacloud.com:8443
DEBUG 08-14 23:19:26 metrics_store.py:131] update_metrics:request_id=209
DEBUG 08-14 23:19:26 shared.py:180] Removed task for request 213 on 127.0.0.1:8000
DEBUG 08-14 23:19:26 replica.py:171] complete_request_decode:num_saved_toekens=32
DEBUG 08-14 23:19:26 metrics_store.py:131] update_metrics:request_id=111
DEBUG 08-14 23:19:26 shared.py:180] Removed task for request 207 on 127.0.0.1:8000
DEBUG 08-14 23:19:26 metrics_store.py:131] update_metrics:request_id=214
DEBUG 08-14 23:19:26 shared.py:180] Removed task for request 209 on 127.0.0.1:8000
DEBUG 08-14 23:19:26 open_ai.py:335] async_send_request: request finish prefill, 253
INFO 08-14 23:19:26 open_ai.py:352] async_send_request: prefill completed: req=253,replica_id=1
DEBUG 08-14 23:19:26 replica.py:146] complete_request_prefill: replica_id=[1], request=253, current_budget=367,last_prefill_completed_at=30614775.060679395,last_ttft=6.8291
DEBUG 08-14 23:19:26 replica.py:153] complete_request_prefill - replica_id=[1], request=253,self.replica_slo_budget-sum_pending_tokens==current_budget:True,1048576-466==1048110
DEBUG 08-14 23:19:26 open_ai.py:335] async_send_request: request finish prefill, 250
INFO 08-14 23:19:26 open_ai.py:352] async_send_request: prefill completed: req=250,replica_id=2
DEBUG 08-14 23:19:26 replica.py:146] complete_request_prefill: replica_id=[2], request=250, current_budget=358,last_prefill_completed_at=30614775.073853415,last_ttft=6.8444
DEBUG 08-14 23:19:26 replica.py:153] complete_request_prefill - replica_id=[2], request=250,self.replica_slo_budget-sum_pending_tokens==current_budget:True,1048576-1014==1047562
DEBUG 08-14 23:19:26 replica.py:171] complete_request_decode:num_saved_toekens=64
DEBUG 08-14 23:19:26 open_ai.py:452] good request:https://u722127-8cb5-f6dc13db.nmb1.seetacloud.com:8443:good,request._id=228,input=388,output=60
DEBUG 08-14 23:19:26 metrics_store.py:131] update_metrics:request_id=224
DEBUG 08-14 23:19:26 shared.py:180] Removed task for request 111 on https://u722127-8cb5-f6dc13db.nmb1.seetacloud.com:8443
DEBUG 08-14 23:19:26 replica.py:171] complete_request_decode:num_saved_toekens=304
DEBUG 08-14 23:19:26 open_ai.py:452] good request:https://uu722127-b80a-4e3f9d5d.cqa1.seetacloud.com:8443:good,request._id=161,input=142,output=292
DEBUG 08-14 23:19:26 replica.py:171] complete_request_decode:num_saved_toekens=80
DEBUG 08-14 23:19:26 open_ai.py:452] good request:https://uu722127-b80a-4e3f9d5d.cqa1.seetacloud.com:8443:good,request._id=235,input=378,output=71
DEBUG 08-14 23:19:26 open_ai.py:335] async_send_request: request finish prefill, 254
INFO 08-14 23:19:26 open_ai.py:352] async_send_request: prefill completed: req=254,replica_id=3
DEBUG 08-14 23:19:26 replica.py:146] complete_request_prefill: replica_id=[3], request=254, current_budget=152,last_prefill_completed_at=30614775.12021693,last_ttft=6.8873
DEBUG 08-14 23:19:26 replica.py:153] complete_request_prefill - replica_id=[3], request=254,self.replica_slo_budget-sum_pending_tokens==current_budget:True,1048576-793==1047783
DEBUG 08-14 23:19:26 open_ai.py:335] async_send_request: request finish prefill, 258
INFO 08-14 23:19:26 open_ai.py:352] async_send_request: prefill completed: req=258,replica_id=3
DEBUG 08-14 23:19:26 replica.py:146] complete_request_prefill: replica_id=[3], request=258, current_budget=162,last_prefill_completed_at=30614775.13267055,last_ttft=6.898
DEBUG 08-14 23:19:26 replica.py:153] complete_request_prefill - replica_id=[3], request=258,self.replica_slo_budget-sum_pending_tokens==current_budget:True,1048576-631==1047945
DEBUG 08-14 23:19:26 metrics_store.py:131] update_metrics:request_id=219
DEBUG 08-14 23:19:26 shared.py:180] Removed task for request 214 on 127.0.0.1:8000
DEBUG 08-14 23:19:27 replica.py:171] complete_request_decode:num_saved_toekens=112
DEBUG 08-14 23:19:27 open_ai.py:335] async_send_request: request finish prefill, 257
INFO 08-14 23:19:27 open_ai.py:352] async_send_request: prefill completed: req=257,replica_id=2
DEBUG 08-14 23:19:27 replica.py:146] complete_request_prefill: replica_id=[2], request=257, current_budget=164,last_prefill_completed_at=30614775.1765838,last_ttft=6.9419
DEBUG 08-14 23:19:27 replica.py:153] complete_request_prefill - replica_id=[2], request=257,self.replica_slo_budget-sum_pending_tokens==current_budget:True,1048576-850==1047726
DEBUG 08-14 23:19:27 open_ai.py:335] async_send_request: request finish prefill, 252
INFO 08-14 23:19:27 open_ai.py:352] async_send_request: prefill completed: req=252,replica_id=2
DEBUG 08-14 23:19:27 replica.py:146] complete_request_prefill: replica_id=[2], request=252, current_budget=152,last_prefill_completed_at=30614775.190793585,last_ttft=6.96
DEBUG 08-14 23:19:27 replica.py:153] complete_request_prefill - replica_id=[2], request=252,self.replica_slo_budget-sum_pending_tokens==current_budget:True,1048576-698==1047878
DEBUG 08-14 23:19:27 open_ai.py:335] async_send_request: request finish prefill, 259
INFO 08-14 23:19:27 open_ai.py:352] async_send_request: prefill completed: req=259,replica_id=2
DEBUG 08-14 23:19:27 replica.py:146] complete_request_prefill: replica_id=[2], request=259, current_budget=345,last_prefill_completed_at=30614775.203320008,last_ttft=6.9683
DEBUG 08-14 23:19:27 replica.py:153] complete_request_prefill - replica_id=[2], request=259,self.replica_slo_budget-sum_pending_tokens==current_budget:True,1048576-353==1048223
DEBUG 08-14 23:19:27 open_ai.py:335] async_send_request: request finish prefill, 251
INFO 08-14 23:19:27 open_ai.py:352] async_send_request: prefill completed: req=251,replica_id=2
DEBUG 08-14 23:19:27 replica.py:146] complete_request_prefill: replica_id=[2], request=251, current_budget=353,last_prefill_completed_at=30614775.215744313,last_ttft=6.9857
DEBUG 08-14 23:19:27 replica.py:153] complete_request_prefill - replica_id=[2], request=251,self.replica_slo_budget-sum_pending_tokens==current_budget:True,1048576-0==1048576
DEBUG 08-14 23:19:27 replica.py:171] complete_request_decode:num_saved_toekens=64
DEBUG 08-14 23:19:27 metrics_store.py:131] update_metrics:request_id=238
DEBUG 08-14 23:19:27 shared.py:180] Removed task for request 224 on https://u722127-8cb5-f6dc13db.nmb1.seetacloud.com:8443
DEBUG 08-14 23:19:27 metrics_store.py:131] update_metrics:request_id=53
DEBUG 08-14 23:19:27 shared.py:180] Removed task for request 219 on 127.0.0.1:8000
DEBUG 08-14 23:19:27 replica.py:171] complete_request_decode:num_saved_toekens=64
DEBUG 08-14 23:19:27 open_ai.py:452] good request:https://u722127-b80a-4e3f9d5d.cqa1.seetacloud.com:8443:good,request._id=249,input=348,output=56
DEBUG 08-14 23:19:27 replica.py:171] complete_request_decode:num_saved_toekens=64
DEBUG 08-14 23:19:27 open_ai.py:452] good request:https://uu722127-b80a-4e3f9d5d.cqa1.seetacloud.com:8443:good,request._id=239,input=416,output=79
DEBUG 08-14 23:19:27 metrics_store.py:131] update_metrics:request_id=233
DEBUG 08-14 23:19:27 shared.py:180] Removed task for request 238 on https://uu722127-b80a-4e3f9d5d.cqa1.seetacloud.com:8443
DEBUG 08-14 23:19:27 metrics_store.py:131] update_metrics:request_id=69
DEBUG 08-14 23:19:27 shared.py:180] Removed task for request 53 on 127.0.0.1:8000
DEBUG 08-14 23:19:27 metrics_store.py:131] update_metrics:request_id=231
DEBUG 08-14 23:19:27 shared.py:180] Removed task for request 233 on https://uu722127-b80a-4e3f9d5d.cqa1.seetacloud.com:8443
DEBUG 08-14 23:19:27 shared.py:180] Removed task for request 69 on https://uu722127-b80a-4e3f9d5d.cqa1.seetacloud.com:8443
DEBUG 08-14 23:19:27 replica.py:171] complete_request_decode:num_saved_toekens=32
DEBUG 08-14 23:19:27 open_ai.py:452] good request:https://u722127-8cb5-f6dc13db.nmb1.seetacloud.com:8443:good,request._id=244,input=346,output=36
DEBUG 08-14 23:19:27 replica.py:171] complete_request_decode:num_saved_toekens=80
DEBUG 08-14 23:19:27 open_ai.py:452] good request:https://u722127-8cb5-f6dc13db.nmb1.seetacloud.com:8443:good,request._id=229,input=383,output=72
DEBUG 08-14 23:19:27 shared.py:180] Removed task for request 231 on https://uu722127-b80a-4e3f9d5d.cqa1.seetacloud.com:8443
DEBUG 08-14 23:19:27 replica.py:171] complete_request_decode:num_saved_toekens=64
DEBUG 08-14 23:19:27 open_ai.py:452] good request:https://uu722127-b80a-4e3f9d5d.cqa1.seetacloud.com:8443:good,request._id=241,input=558,output=58
INFO 08-14 23:19:27 shared.py:299] Adding task for request 270 to replica 4,session_id=59
DEBUG 08-14 23:19:27 replica.py:226] add_request - replica_id=[4], request=270,self.replica_slo_budget-sum_pending_tokens==current_budget:True,1048576-1182==1047394
INFO 08-14 23:19:27 shared.py:299] Adding task for request 271 to replica 0,session_id=59
DEBUG 08-14 23:19:27 replica.py:226] add_request - replica_id=[0], request=271,self.replica_slo_budget-sum_pending_tokens==current_budget:True,1048576-320==1048256
INFO 08-14 23:19:27 shared.py:299] Adding task for request 272 to replica 0,session_id=145
DEBUG 08-14 23:19:27 replica.py:226] add_request - replica_id=[0], request=272,self.replica_slo_budget-sum_pending_tokens==current_budget:True,1048576-698==1047878
INFO 08-14 23:19:27 shared.py:299] Adding task for request 273 to replica 4,session_id=146
DEBUG 08-14 23:19:27 replica.py:226] add_request - replica_id=[4], request=273,self.replica_slo_budget-sum_pending_tokens==current_budget:True,1048576-1532==1047044
INFO 08-14 23:19:27 shared.py:299] Adding task for request 274 to replica 3,session_id=79
DEBUG 08-14 23:19:27 replica.py:226] add_request - replica_id=[3], request=274,self.replica_slo_budget-sum_pending_tokens==current_budget:True,1048576-789==1047787
INFO 08-14 23:19:27 shared.py:299] Adding task for request 275 to replica 0,session_id=147
DEBUG 08-14 23:19:27 replica.py:226] add_request - replica_id=[0], request=275,self.replica_slo_budget-sum_pending_tokens==current_budget:True,1048576-1050==1047526
INFO 08-14 23:19:27 shared.py:299] Adding task for request 276 to replica 0,session_id=87
DEBUG 08-14 23:19:27 replica.py:226] add_request - replica_id=[0], request=276,self.replica_slo_budget-sum_pending_tokens==current_budget:True,1048576-1214==1047362
INFO 08-14 23:19:27 open_ai.py:115] async_send_request:request._id=270,session=59,https://u722127-8cb5-f6dc13db.nmb1.seetacloud.com:8443
INFO 08-14 23:19:27 open_ai.py:115] async_send_request:request._id=271,session=59,127.0.0.1:8000
INFO 08-14 23:19:27 open_ai.py:115] async_send_request:request._id=272,session=145,127.0.0.1:8000
INFO 08-14 23:19:27 open_ai.py:115] async_send_request:request._id=273,session=146,https://u722127-8cb5-f6dc13db.nmb1.seetacloud.com:8443
INFO 08-14 23:19:27 open_ai.py:115] async_send_request:request._id=274,session=79,https://uu722127-b80a-4e3f9d5d.cqa1.seetacloud.com:8443
INFO 08-14 23:19:27 open_ai.py:115] async_send_request:request._id=275,session=147,127.0.0.1:8000
INFO 08-14 23:19:27 open_ai.py:115] async_send_request:request._id=276,session=87,127.0.0.1:8000
DEBUG 08-14 23:19:27 replica.py:171] complete_request_decode:num_saved_toekens=80
DEBUG 08-14 23:19:27 open_ai.py:452] good request:https://u722127-8cb5-f6dc13db.nmb1.seetacloud.com:8443:good,request._id=225,input=367,output=80
DEBUG 08-14 23:19:27 replica.py:171] complete_request_decode:num_saved_toekens=48
DEBUG 08-14 23:19:27 open_ai.py:452] good request:https://u722127-b80a-4e3f9d5d.cqa1.seetacloud.com:8443:good,request._id=259,input=345,output=45
DEBUG 08-14 23:19:27 metrics_store.py:131] update_metrics:request_id=126
DEBUG 08-14 23:19:27 shared.py:180] Removed task for request 126 on https://u722127-b80a-4e3f9d5d.cqa1.seetacloud.com:8443
DEBUG 08-14 23:19:27 open_ai.py:335] async_send_request: request finish prefill, 268
INFO 08-14 23:19:27 open_ai.py:352] async_send_request: prefill completed: req=268,replica_id=0
DEBUG 08-14 23:19:27 replica.py:146] complete_request_prefill: replica_id=[0], request=268, current_budget=166,last_prefill_completed_at=30614775.73297219,last_ttft=7.4896
DEBUG 08-14 23:19:27 replica.py:153] complete_request_prefill - replica_id=[0], request=268,self.replica_slo_budget-sum_pending_tokens==current_budget:True,1048576-1048==1047528
DEBUG 08-14 23:19:27 open_ai.py:452] good request:https://uu722127-b80a-4e3f9d5d.cqa1.seetacloud.com:8443:good,request._id=230,input=346,output=63
DEBUG 08-14 23:19:27 metrics_store.py:131] update_metrics:request_id=59
DEBUG 08-14 23:19:27 shared.py:180] Removed task for request 59 on https://uu722127-b80a-4e3f9d5d.cqa1.seetacloud.com:8443
DEBUG 08-14 23:19:27 open_ai.py:335] async_send_request: request finish prefill, 264
INFO 08-14 23:19:27 open_ai.py:352] async_send_request: prefill completed: req=264,replica_id=1
DEBUG 08-14 23:19:27 replica.py:146] complete_request_prefill: replica_id=[1], request=264, current_budget=158,last_prefill_completed_at=30614775.78942802,last_ttft=7.5503
DEBUG 08-14 23:19:27 replica.py:153] complete_request_prefill - replica_id=[1], request=264,self.replica_slo_budget-sum_pending_tokens==current_budget:True,1048576-308==1048268
DEBUG 08-14 23:19:27 open_ai.py:335] async_send_request: request finish prefill, 261
INFO 08-14 23:19:27 open_ai.py:352] async_send_request: prefill completed: req=261,replica_id=1
DEBUG 08-14 23:19:27 replica.py:146] complete_request_prefill: replica_id=[1], request=261, current_budget=152,last_prefill_completed_at=30614775.80370373,last_ttft=7.5672
DEBUG 08-14 23:19:27 replica.py:153] complete_request_prefill - replica_id=[1], request=261,self.replica_slo_budget-sum_pending_tokens==current_budget:True,1048576-156==1048420
DEBUG 08-14 23:19:27 open_ai.py:335] async_send_request: request finish prefill, 263
INFO 08-14 23:19:27 open_ai.py:352] async_send_request: prefill completed: req=263,replica_id=1
DEBUG 08-14 23:19:27 replica.py:146] complete_request_prefill: replica_id=[1], request=263, current_budget=156,last_prefill_completed_at=30614775.81817464,last_ttft=7.5791
DEBUG 08-14 23:19:27 replica.py:153] complete_request_prefill - replica_id=[1], request=263,self.replica_slo_budget-sum_pending_tokens==current_budget:True,1048576-0==1048576
DEBUG 08-14 23:19:27 open_ai.py:335] async_send_request: request finish prefill, 260
INFO 08-14 23:19:27 open_ai.py:352] async_send_request: prefill completed: req=260,replica_id=4
DEBUG 08-14 23:19:27 replica.py:146] complete_request_prefill: replica_id=[4], request=260, current_budget=365,last_prefill_completed_at=30614775.842529323,last_ttft=7.6063
DEBUG 08-14 23:19:27 replica.py:153] complete_request_prefill - replica_id=[4], request=260,self.replica_slo_budget-sum_pending_tokens==current_budget:True,1048576-1167==1047409
DEBUG 08-14 23:19:27 open_ai.py:335] async_send_request: request finish prefill, 269
INFO 08-14 23:19:27 open_ai.py:352] async_send_request: prefill completed: req=269,replica_id=3
DEBUG 08-14 23:19:27 replica.py:146] complete_request_prefill: replica_id=[3], request=269, current_budget=274,last_prefill_completed_at=30614775.85661334,last_ttft=7.6132
DEBUG 08-14 23:19:27 replica.py:153] complete_request_prefill - replica_id=[3], request=269,self.replica_slo_budget-sum_pending_tokens==current_budget:True,1048576-515==1048061
DEBUG 08-14 23:19:27 open_ai.py:335] async_send_request: request finish prefill, 266
INFO 08-14 23:19:27 open_ai.py:352] async_send_request: prefill completed: req=266,replica_id=4
DEBUG 08-14 23:19:27 replica.py:146] complete_request_prefill: replica_id=[4], request=266, current_budget=154,last_prefill_completed_at=30614775.87069264,last_ttft=7.6289
DEBUG 08-14 23:19:27 replica.py:153] complete_request_prefill - replica_id=[4], request=266,self.replica_slo_budget-sum_pending_tokens==current_budget:True,1048576-1013==1047563
DEBUG 08-14 23:19:27 open_ai.py:335] async_send_request: request finish prefill, 267
INFO 08-14 23:19:27 open_ai.py:352] async_send_request: prefill completed: req=267,replica_id=4
DEBUG 08-14 23:19:27 replica.py:146] complete_request_prefill: replica_id=[4], request=267, current_budget=156,last_prefill_completed_at=30614775.8848458,last_ttft=7.6428
DEBUG 08-14 23:19:27 replica.py:153] complete_request_prefill - replica_id=[4], request=267,self.replica_slo_budget-sum_pending_tokens==current_budget:True,1048576-857==1047719
DEBUG 08-14 23:19:27 open_ai.py:335] async_send_request: request finish prefill, 262
INFO 08-14 23:19:27 open_ai.py:352] async_send_request: prefill completed: req=262,replica_id=4
DEBUG 08-14 23:19:27 replica.py:146] complete_request_prefill: replica_id=[4], request=262, current_budget=357,last_prefill_completed_at=30614775.898803543,last_ttft=7.6606
DEBUG 08-14 23:19:27 replica.py:153] complete_request_prefill - replica_id=[4], request=262,self.replica_slo_budget-sum_pending_tokens==current_budget:True,1048576-500==1048076
DEBUG 08-14 23:19:27 open_ai.py:335] async_send_request: request finish prefill, 265
INFO 08-14 23:19:27 open_ai.py:352] async_send_request: prefill completed: req=265,replica_id=3
DEBUG 08-14 23:19:27 replica.py:146] complete_request_prefill: replica_id=[3], request=265, current_budget=357,last_prefill_completed_at=30614775.91289899,last_ttft=7.6713
DEBUG 08-14 23:19:27 replica.py:153] complete_request_prefill - replica_id=[3], request=265,self.replica_slo_budget-sum_pending_tokens==current_budget:True,1048576-158==1048418
DEBUG 08-14 23:19:27 replica.py:171] complete_request_decode:num_saved_toekens=64
DEBUG 08-14 23:19:27 replica.py:171] complete_request_decode:num_saved_toekens=352
DEBUG 08-14 23:19:27 open_ai.py:452] good request:127.0.0.1:8001:good,request._id=127,input=169,output=356
DEBUG 08-14 23:19:27 replica.py:171] complete_request_decode:num_saved_toekens=48
DEBUG 08-14 23:19:27 open_ai.py:452] good request:https://u722127-b80a-4e3f9d5d.cqa1.seetacloud.com:8443:good,request._id=251,input=353,output=60
DEBUG 08-14 23:19:27 open_ai.py:452] good request:https://u722127-8cb5-f6dc13db.nmb1.seetacloud.com:8443:good,request._id=210,input=354,output=65
DEBUG 08-14 23:19:27 open_ai.py:452] good request:https://uu722127-b80a-4e3f9d5d.cqa1.seetacloud.com:8443:good,request._id=240,input=348,output=29
DEBUG 08-14 23:19:27 replica.py:171] complete_request_decode:num_saved_toekens=144
DEBUG 08-14 23:19:27 open_ai.py:452] good request:127.0.0.1:8000:good,request._id=211,input=440,output=143
DEBUG 08-14 23:19:27 metrics_store.py:131] update_metrics:request_id=228
DEBUG 08-14 23:19:27 metrics_store.py:131] update_metrics:request_id=161
DEBUG 08-14 23:19:27 metrics_store.py:131] update_metrics:request_id=235
DEBUG 08-14 23:19:27 shared.py:180] Removed task for request 228 on https://u722127-8cb5-f6dc13db.nmb1.seetacloud.com:8443
DEBUG 08-14 23:19:27 shared.py:180] Removed task for request 161 on https://uu722127-b80a-4e3f9d5d.cqa1.seetacloud.com:8443
INFO 08-14 23:19:27 shared.py:299] Adding task for request 61 to replica 3,session_id=12
DEBUG 08-14 23:19:27 replica.py:226] add_request - replica_id=[3], request=61,self.replica_slo_budget-sum_pending_tokens==current_budget:True,1048576-316==1048260
INFO 08-14 23:19:27 shared.py:299] Adding task for request 62 to replica 3,session_id=12
DEBUG 08-14 23:19:27 replica.py:226] add_request - replica_id=[3], request=62,self.replica_slo_budget-sum_pending_tokens==current_budget:True,1048576-478==1048098
INFO 08-14 23:19:27 shared.py:299] Adding task for request 73 to replica 2,session_id=16
DEBUG 08-14 23:19:27 replica.py:226] add_request - replica_id=[2], request=73,self.replica_slo_budget-sum_pending_tokens==current_budget:True,1048576-152==1048424
DEBUG 08-14 23:19:27 shared.py:180] Removed task for request 235 on https://uu722127-b80a-4e3f9d5d.cqa1.seetacloud.com:8443
INFO 08-14 23:19:27 shared.py:299] Adding task for request 79 to replica 4,session_id=28
DEBUG 08-14 23:19:27 replica.py:226] add_request - replica_id=[4], request=79,self.replica_slo_budget-sum_pending_tokens==current_budget:True,1048576-650==1047926
INFO 08-14 23:19:27 open_ai.py:115] async_send_request:request._id=61,session=12,https://uu722127-b80a-4e3f9d5d.cqa1.seetacloud.com:8443
INFO 08-14 23:19:27 open_ai.py:115] async_send_request:request._id=62,session=12,https://uu722127-b80a-4e3f9d5d.cqa1.seetacloud.com:8443
INFO 08-14 23:19:27 open_ai.py:115] async_send_request:request._id=73,session=16,https://u722127-b80a-4e3f9d5d.cqa1.seetacloud.com:8443
INFO 08-14 23:19:27 shared.py:299] Adding task for request 95 to replica 0,session_id=36
DEBUG 08-14 23:19:27 replica.py:226] add_request - replica_id=[0], request=95,self.replica_slo_budget-sum_pending_tokens==current_budget:True,1048576-1198==1047378
INFO 08-14 23:19:27 shared.py:299] Adding task for request 92 to replica 1,session_id=32
DEBUG 08-14 23:19:27 replica.py:226] add_request - replica_id=[1], request=92,self.replica_slo_budget-sum_pending_tokens==current_budget:True,1048576-154==1048422
INFO 08-14 23:19:27 shared.py:299] Adding task for request 94 to replica 2,session_id=20
DEBUG 08-14 23:19:27 replica.py:226] add_request - replica_id=[2], request=94,self.replica_slo_budget-sum_pending_tokens==current_budget:True,1048576-326==1048250
INFO 08-14 23:19:27 shared.py:299] Adding task for request 93 to replica 3,session_id=32
DEBUG 08-14 23:19:27 replica.py:226] add_request - replica_id=[3], request=93,self.replica_slo_budget-sum_pending_tokens==current_budget:True,1048576-636==1047940
INFO 08-14 23:19:27 open_ai.py:115] async_send_request:request._id=79,session=28,https://u722127-8cb5-f6dc13db.nmb1.seetacloud.com:8443
INFO 08-14 23:19:27 open_ai.py:115] async_send_request:request._id=95,session=36,127.0.0.1:8000
INFO 08-14 23:19:27 open_ai.py:115] async_send_request:request._id=92,session=32,127.0.0.1:8001
INFO 08-14 23:19:27 open_ai.py:115] async_send_request:request._id=94,session=20,https://u722127-b80a-4e3f9d5d.cqa1.seetacloud.com:8443
INFO 08-14 23:19:27 open_ai.py:115] async_send_request:request._id=93,session=32,https://uu722127-b80a-4e3f9d5d.cqa1.seetacloud.com:8443
INFO 08-14 23:19:27 shared.py:299] Adding task for request 116 to replica 1,session_id=24
DEBUG 08-14 23:19:27 replica.py:226] add_request - replica_id=[1], request=116,self.replica_slo_budget-sum_pending_tokens==current_budget:True,1048576-330==1048246
INFO 08-14 23:19:27 shared.py:299] Adding task for request 117 to replica 2,session_id=24
DEBUG 08-14 23:19:27 replica.py:226] add_request - replica_id=[2], request=117,self.replica_slo_budget-sum_pending_tokens==current_budget:True,1048576-494==1048082
INFO 08-14 23:19:27 shared.py:299] Adding task for request 115 to replica 3,session_id=24
DEBUG 08-14 23:19:27 replica.py:226] add_request - replica_id=[3], request=115,self.replica_slo_budget-sum_pending_tokens==current_budget:True,1048576-820==1047756
INFO 08-14 23:19:27 open_ai.py:115] async_send_request:request._id=116,session=24,127.0.0.1:8001
INFO 08-14 23:19:27 open_ai.py:115] async_send_request:request._id=117,session=24,https://u722127-b80a-4e3f9d5d.cqa1.seetacloud.com:8443
INFO 08-14 23:19:27 open_ai.py:115] async_send_request:request._id=115,session=24,https://uu722127-b80a-4e3f9d5d.cqa1.seetacloud.com:8443
DEBUG 08-14 23:19:27 open_ai.py:452] good request:127.0.0.1:8000:good,request._id=200,input=148,output=116
DEBUG 08-14 23:19:27 open_ai.py:452] good request:https://u722127-8cb5-f6dc13db.nmb1.seetacloud.com:8443:good,request._id=220,input=349,output=63
DEBUG 08-14 23:19:27 metrics_store.py:131] update_metrics:request_id=249
DEBUG 08-14 23:19:27 metrics_store.py:131] update_metrics:request_id=239
DEBUG 08-14 23:19:27 metrics_store.py:131] update_metrics:request_id=244
DEBUG 08-14 23:19:27 shared.py:180] Removed task for request 249 on https://u722127-b80a-4e3f9d5d.cqa1.seetacloud.com:8443
DEBUG 08-14 23:19:27 metrics_store.py:131] update_metrics:request_id=229
DEBUG 08-14 23:19:27 shared.py:180] Removed task for request 239 on https://uu722127-b80a-4e3f9d5d.cqa1.seetacloud.com:8443
INFO 08-14 23:19:27 shared.py:299] Adding task for request 133 to replica 4,session_id=40
DEBUG 08-14 23:19:27 replica.py:226] add_request - replica_id=[4], request=133,self.replica_slo_budget-sum_pending_tokens==current_budget:True,1048576-812==1047764
DEBUG 08-14 23:19:27 metrics_store.py:131] update_metrics:request_id=241
DEBUG 08-14 23:19:27 shared.py:180] Removed task for request 244 on https://u722127-8cb5-f6dc13db.nmb1.seetacloud.com:8443
INFO 08-14 23:19:27 shared.py:299] Adding task for request 138 to replica 0,session_id=44
DEBUG 08-14 23:19:27 replica.py:226] add_request - replica_id=[0], request=138,self.replica_slo_budget-sum_pending_tokens==current_budget:True,1048576-1344==1047232
INFO 08-14 23:19:27 open_ai.py:115] async_send_request:request._id=133,session=40,https://u722127-8cb5-f6dc13db.nmb1.seetacloud.com:8443
DEBUG 08-14 23:19:27 shared.py:180] Removed task for request 229 on https://u722127-8cb5-f6dc13db.nmb1.seetacloud.com:8443
INFO 08-14 23:19:27 open_ai.py:115] async_send_request:request._id=138,session=44,127.0.0.1:8000
DEBUG 08-14 23:19:27 replica.py:171] complete_request_decode:num_saved_toekens=64
DEBUG 08-14 23:19:27 open_ai.py:452] good request:127.0.0.1:8001:good,request._id=253,input=367,output=57
DEBUG 08-14 23:19:27 replica.py:171] complete_request_decode:num_saved_toekens=160
DEBUG 08-14 23:19:27 open_ai.py:452] good request:https://uu722127-b80a-4e3f9d5d.cqa1.seetacloud.com:8443:good,request._id=234,input=541,output=148
DEBUG 08-14 23:19:28 shared.py:180] Removed task for request 241 on https://uu722127-b80a-4e3f9d5d.cqa1.seetacloud.com:8443
INFO 08-14 23:19:28 shared.py:299] Adding task for request 187 to replica 1,session_id=56
DEBUG 08-14 23:19:28 replica.py:226] add_request - replica_id=[1], request=187,self.replica_slo_budget-sum_pending_tokens==current_budget:True,1048576-474==1048102
INFO 08-14 23:19:28 shared.py:299] Adding task for request 185 to replica 2,session_id=60
DEBUG 08-14 23:19:28 replica.py:226] add_request - replica_id=[2], request=185,self.replica_slo_budget-sum_pending_tokens==current_budget:True,1048576-640==1047936
INFO 08-14 23:19:28 shared.py:299] Adding task for request 183 to replica 3,session_id=56
DEBUG 08-14 23:19:28 replica.py:226] add_request - replica_id=[3], request=183,self.replica_slo_budget-sum_pending_tokens==current_budget:True,1048576-968==1047608
INFO 08-14 23:19:28 shared.py:299] Adding task for request 192 to replica 0,session_id=48
DEBUG 08-14 23:19:28 replica.py:226] add_request - replica_id=[0], request=192,self.replica_slo_budget-sum_pending_tokens==current_budget:True,1048576-1500==1047076
INFO 08-14 23:19:28 shared.py:299] Adding task for request 190 to replica 3,session_id=48
DEBUG 08-14 23:19:28 replica.py:226] add_request - replica_id=[3], request=190,self.replica_slo_budget-sum_pending_tokens==current_budget:True,1048576-1122==1047454
INFO 08-14 23:19:28 shared.py:299] Adding task for request 191 to replica 4,session_id=48
DEBUG 08-14 23:19:28 replica.py:226] add_request - replica_id=[4], request=191,self.replica_slo_budget-sum_pending_tokens==current_budget:True,1048576-968==1047608
INFO 08-14 23:19:28 shared.py:299] Adding task for request 196 to replica 2,session_id=64
DEBUG 08-14 23:19:28 replica.py:226] add_request - replica_id=[2], request=196,self.replica_slo_budget-sum_pending_tokens==current_budget:True,1048576-796==1047780
INFO 08-14 23:19:28 open_ai.py:115] async_send_request:request._id=187,session=56,127.0.0.1:8001
INFO 08-14 23:19:28 open_ai.py:115] async_send_request:request._id=185,session=60,https://u722127-b80a-4e3f9d5d.cqa1.seetacloud.com:8443
INFO 08-14 23:19:28 open_ai.py:115] async_send_request:request._id=183,session=56,https://uu722127-b80a-4e3f9d5d.cqa1.seetacloud.com:8443
DEBUG 08-14 23:19:28 replica.py:171] complete_request_decode:num_saved_toekens=528
DEBUG 08-14 23:19:28 open_ai.py:452] good request:https://u722127-b80a-4e3f9d5d.cqa1.seetacloud.com:8443:good,request._id=54,input=154,output=519
INFO 08-14 23:19:28 open_ai.py:115] async_send_request:request._id=192,session=48,127.0.0.1:8000
INFO 08-14 23:19:28 open_ai.py:115] async_send_request:request._id=190,session=48,https://uu722127-b80a-4e3f9d5d.cqa1.seetacloud.com:8443
INFO 08-14 23:19:28 open_ai.py:115] async_send_request:request._id=191,session=48,https://u722127-8cb5-f6dc13db.nmb1.seetacloud.com:8443
INFO 08-14 23:19:28 open_ai.py:115] async_send_request:request._id=196,session=64,https://u722127-b80a-4e3f9d5d.cqa1.seetacloud.com:8443
DEBUG 08-14 23:19:28 replica.py:171] complete_request_decode:num_saved_toekens=480
DEBUG 08-14 23:19:28 open_ai.py:452] good request:https://uu722127-b80a-4e3f9d5d.cqa1.seetacloud.com:8443:good,request._id=82,input=148,output=480
INFO 08-14 23:19:28 shared.py:299] Adding task for request 232 to replica 1,session_id=72
DEBUG 08-14 23:19:28 replica.py:226] add_request - replica_id=[1], request=232,self.replica_slo_budget-sum_pending_tokens==current_budget:True,1048576-624==1047952
INFO 08-14 23:19:28 shared.py:299] Adding task for request 237 to replica 2,session_id=68
DEBUG 08-14 23:19:28 replica.py:226] add_request - replica_id=[2], request=237,self.replica_slo_budget-sum_pending_tokens==current_budget:True,1048576-948==1047628
INFO 08-14 23:19:28 shared.py:299] Adding task for request 236 to replica 3,session_id=68
DEBUG 08-14 23:19:28 replica.py:226] add_request - replica_id=[3], request=236,self.replica_slo_budget-sum_pending_tokens==current_budget:True,1048576-1272==1047304
INFO 08-14 23:19:28 shared.py:299] Adding task for request 245 to replica 0,session_id=76
DEBUG 08-14 23:19:28 replica.py:226] add_request - replica_id=[0], request=245,self.replica_slo_budget-sum_pending_tokens==current_budget:True,1048576-1642==1046934
INFO 08-14 23:19:28 shared.py:299] Adding task for request 255 to replica 1,session_id=52
DEBUG 08-14 23:19:28 replica.py:226] add_request - replica_id=[1], request=255,self.replica_slo_budget-sum_pending_tokens==current_budget:True,1048576-790==1047786
INFO 08-14 23:19:28 shared.py:299] Adding task for request 256 to replica 3,session_id=84
DEBUG 08-14 23:19:28 replica.py:226] add_request - replica_id=[3], request=256,self.replica_slo_budget-sum_pending_tokens==current_budget:True,1048576-1420==1047156
INFO 08-14 23:19:28 shared.py:299] Adding task for request 282 to replica 4,session_id=149
DEBUG 08-14 23:19:28 replica.py:226] add_request - replica_id=[4], request=282,self.replica_slo_budget-sum_pending_tokens==current_budget:True,1048576-1314==1047262
INFO 08-14 23:19:28 shared.py:299] Adding task for request 281 to replica 4,session_id=11
DEBUG 08-14 23:19:28 replica.py:226] add_request - replica_id=[4], request=281,self.replica_slo_budget-sum_pending_tokens==current_budget:True,1048576-2252==1046324
INFO 08-14 23:19:28 shared.py:299] Adding task for request 283 to replica 4,session_id=150
DEBUG 08-14 23:19:28 replica.py:226] add_request - replica_id=[4], request=283,self.replica_slo_budget-sum_pending_tokens==current_budget:True,1048576-2619==1045957
INFO 08-14 23:19:28 shared.py:299] Adding task for request 277 to replica 2,session_id=80
DEBUG 08-14 23:19:28 replica.py:226] add_request - replica_id=[2], request=277,self.replica_slo_budget-sum_pending_tokens==current_budget:True,1048576-1104==1047472
INFO 08-14 23:19:28 shared.py:299] Adding task for request 279 to replica 4,session_id=148
DEBUG 08-14 23:19:28 replica.py:226] add_request - replica_id=[4], request=279,self.replica_slo_budget-sum_pending_tokens==current_budget:True,1048576-2965==1045611
INFO 08-14 23:19:28 shared.py:299] Adding task for request 284 to replica 4,session_id=151
DEBUG 08-14 23:19:28 replica.py:226] add_request - replica_id=[4], request=284,self.replica_slo_budget-sum_pending_tokens==current_budget:True,1048576-3313==1045263
INFO 08-14 23:19:28 shared.py:299] Adding task for request 285 to replica 4,session_id=152
DEBUG 08-14 23:19:28 replica.py:226] add_request - replica_id=[4], request=285,self.replica_slo_budget-sum_pending_tokens==current_budget:True,1048576-3668==1044908
INFO 08-14 23:19:28 shared.py:299] Adding task for request 286 to replica 4,session_id=153
DEBUG 08-14 23:19:28 replica.py:226] add_request - replica_id=[4], request=286,self.replica_slo_budget-sum_pending_tokens==current_budget:True,1048576-4012==1044564
INFO 08-14 23:19:28 shared.py:299] Adding task for request 289 to replica 0,session_id=156
DEBUG 08-14 23:19:28 replica.py:226] add_request - replica_id=[0], request=289,self.replica_slo_budget-sum_pending_tokens==current_budget:True,1048576-1987==1046589
INFO 08-14 23:19:28 shared.py:299] Adding task for request 287 to replica 4,session_id=154
DEBUG 08-14 23:19:28 replica.py:226] add_request - replica_id=[4], request=287,self.replica_slo_budget-sum_pending_tokens==current_budget:True,1048576-4366==1044210
INFO 08-14 23:19:28 shared.py:299] Adding task for request 288 to replica 4,session_id=155
DEBUG 08-14 23:19:28 replica.py:226] add_request - replica_id=[4], request=288,self.replica_slo_budget-sum_pending_tokens==current_budget:True,1048576-4731==1043845
INFO 08-14 23:19:28 open_ai.py:115] async_send_request:request._id=232,session=72,127.0.0.1:8001
INFO 08-14 23:19:28 open_ai.py:115] async_send_request:request._id=237,session=68,https://u722127-b80a-4e3f9d5d.cqa1.seetacloud.com:8443
INFO 08-14 23:19:28 open_ai.py:115] async_send_request:request._id=236,session=68,https://uu722127-b80a-4e3f9d5d.cqa1.seetacloud.com:8443
INFO 08-14 23:19:28 open_ai.py:115] async_send_request:request._id=245,session=76,127.0.0.1:8000
INFO 08-14 23:19:28 open_ai.py:115] async_send_request:request._id=255,session=52,127.0.0.1:8001
INFO 08-14 23:19:28 open_ai.py:115] async_send_request:request._id=256,session=84,https://uu722127-b80a-4e3f9d5d.cqa1.seetacloud.com:8443
INFO 08-14 23:19:28 open_ai.py:115] async_send_request:request._id=282,session=149,https://u722127-8cb5-f6dc13db.nmb1.seetacloud.com:8443
INFO 08-14 23:19:28 open_ai.py:115] async_send_request:request._id=281,session=11,https://u722127-8cb5-f6dc13db.nmb1.seetacloud.com:8443
INFO 08-14 23:19:28 open_ai.py:115] async_send_request:request._id=283,session=150,https://u722127-8cb5-f6dc13db.nmb1.seetacloud.com:8443
INFO 08-14 23:19:28 open_ai.py:115] async_send_request:request._id=277,session=80,https://u722127-b80a-4e3f9d5d.cqa1.seetacloud.com:8443
INFO 08-14 23:19:28 open_ai.py:115] async_send_request:request._id=279,session=148,https://u722127-8cb5-f6dc13db.nmb1.seetacloud.com:8443
INFO 08-14 23:19:28 open_ai.py:115] async_send_request:request._id=284,session=151,https://u722127-8cb5-f6dc13db.nmb1.seetacloud.com:8443
INFO 08-14 23:19:28 open_ai.py:115] async_send_request:request._id=285,session=152,https://u722127-8cb5-f6dc13db.nmb1.seetacloud.com:8443
INFO 08-14 23:19:28 open_ai.py:115] async_send_request:request._id=286,session=153,https://u722127-8cb5-f6dc13db.nmb1.seetacloud.com:8443
INFO 08-14 23:19:28 open_ai.py:115] async_send_request:request._id=289,session=156,127.0.0.1:8000
INFO 08-14 23:19:28 open_ai.py:115] async_send_request:request._id=287,session=154,https://u722127-8cb5-f6dc13db.nmb1.seetacloud.com:8443
INFO 08-14 23:19:28 open_ai.py:115] async_send_request:request._id=288,session=155,https://u722127-8cb5-f6dc13db.nmb1.seetacloud.com:8443
DEBUG 08-14 23:19:28 replica.py:171] complete_request_decode:num_saved_toekens=512
DEBUG 08-14 23:19:28 open_ai.py:452] good request:https://u722127-b80a-4e3f9d5d.cqa1.seetacloud.com:8443:good,request._id=33,input=150,output=515
DEBUG 08-14 23:19:28 replica.py:171] complete_request_decode:num_saved_toekens=96
DEBUG 08-14 23:19:28 open_ai.py:452] good request:127.0.0.1:8001:good,request._id=246,input=407,output=101
DEBUG 08-14 23:19:28 metrics_store.py:131] update_metrics:request_id=225
DEBUG 08-14 23:19:28 metrics_store.py:131] update_metrics:request_id=259
DEBUG 08-14 23:19:28 metrics_store.py:131] update_metrics:request_id=230
DEBUG 08-14 23:19:28 shared.py:180] Removed task for request 225 on https://u722127-8cb5-f6dc13db.nmb1.seetacloud.com:8443
DEBUG 08-14 23:19:28 shared.py:180] Removed task for request 259 on https://u722127-b80a-4e3f9d5d.cqa1.seetacloud.com:8443
DEBUG 08-14 23:19:28 shared.py:180] Removed task for request 230 on https://uu722127-b80a-4e3f9d5d.cqa1.seetacloud.com:8443
DEBUG 08-14 23:19:28 open_ai.py:452] good request:https://u722127-b80a-4e3f9d5d.cqa1.seetacloud.com:8443:good,request._id=250,input=358,output=67
DEBUG 08-14 23:19:28 metrics_store.py:131] update_metrics:request_id=127
DEBUG 08-14 23:19:28 metrics_store.py:131] update_metrics:request_id=251
DEBUG 08-14 23:19:28 metrics_store.py:131] update_metrics:request_id=210
DEBUG 08-14 23:19:28 shared.py:180] Removed task for request 127 on 127.0.0.1:8001
DEBUG 08-14 23:19:28 metrics_store.py:131] update_metrics:request_id=240
DEBUG 08-14 23:19:28 shared.py:180] Removed task for request 251 on https://u722127-b80a-4e3f9d5d.cqa1.seetacloud.com:8443
DEBUG 08-14 23:19:28 metrics_store.py:131] update_metrics:request_id=211
DEBUG 08-14 23:19:28 shared.py:180] Removed task for request 210 on https://u722127-8cb5-f6dc13db.nmb1.seetacloud.com:8443
DEBUG 08-14 23:19:28 shared.py:180] Removed task for request 240 on https://uu722127-b80a-4e3f9d5d.cqa1.seetacloud.com:8443
DEBUG 08-14 23:19:28 shared.py:180] Removed task for request 211 on 127.0.0.1:8000
DEBUG 08-14 23:19:28 metrics_store.py:131] update_metrics:request_id=200
DEBUG 08-14 23:19:28 metrics_store.py:131] update_metrics:request_id=220
DEBUG 08-14 23:19:28 shared.py:180] Removed task for request 200 on 127.0.0.1:8000
DEBUG 08-14 23:19:28 shared.py:180] Removed task for request 220 on https://u722127-8cb5-f6dc13db.nmb1.seetacloud.com:8443
DEBUG 08-14 23:19:28 metrics_store.py:131] update_metrics:request_id=253
DEBUG 08-14 23:19:28 metrics_store.py:131] update_metrics:request_id=234
DEBUG 08-14 23:19:28 shared.py:180] Removed task for request 253 on 127.0.0.1:8001
DEBUG 08-14 23:19:28 shared.py:180] Removed task for request 234 on https://uu722127-b80a-4e3f9d5d.cqa1.seetacloud.com:8443
DEBUG 08-14 23:19:28 metrics_store.py:131] update_metrics:request_id=54
DEBUG 08-14 23:19:28 shared.py:180] Removed task for request 54 on https://u722127-b80a-4e3f9d5d.cqa1.seetacloud.com:8443
DEBUG 08-14 23:19:28 metrics_store.py:131] update_metrics:request_id=82
DEBUG 08-14 23:19:28 shared.py:180] Removed task for request 82 on https://uu722127-b80a-4e3f9d5d.cqa1.seetacloud.com:8443
DEBUG 08-14 23:19:28 open_ai.py:335] async_send_request: request finish prefill, 271
INFO 08-14 23:19:28 open_ai.py:352] async_send_request: prefill completed: req=271,replica_id=0
DEBUG 08-14 23:19:28 replica.py:146] complete_request_prefill: replica_id=[0], request=271, current_budget=154,last_prefill_completed_at=30614776.41571521,last_ttft=8.1718
DEBUG 08-14 23:19:28 replica.py:153] complete_request_prefill - replica_id=[0], request=271,self.replica_slo_budget-sum_pending_tokens==current_budget:True,1048576-1833==1046743
DEBUG 08-14 23:19:28 open_ai.py:335] async_send_request: request finish prefill, 272
INFO 08-14 23:19:28 open_ai.py:352] async_send_request: prefill completed: req=272,replica_id=0
DEBUG 08-14 23:19:28 replica.py:146] complete_request_prefill: replica_id=[0], request=272, current_budget=378,last_prefill_completed_at=30614776.418192457,last_ttft=8.1711
DEBUG 08-14 23:19:28 replica.py:153] complete_request_prefill - replica_id=[0], request=272,self.replica_slo_budget-sum_pending_tokens==current_budget:True,1048576-1455==1047121
DEBUG 08-14 23:19:28 open_ai.py:335] async_send_request: request finish prefill, 275
INFO 08-14 23:19:28 open_ai.py:352] async_send_request: prefill completed: req=275,replica_id=0
DEBUG 08-14 23:19:28 replica.py:146] complete_request_prefill: replica_id=[0], request=275, current_budget=352,last_prefill_completed_at=30614776.420549054,last_ttft=8.1715
DEBUG 08-14 23:19:28 replica.py:153] complete_request_prefill - replica_id=[0], request=275,self.replica_slo_budget-sum_pending_tokens==current_budget:True,1048576-1103==1047473
DEBUG 08-14 23:19:28 open_ai.py:335] async_send_request: request finish prefill, 273
INFO 08-14 23:19:28 open_ai.py:352] async_send_request: prefill completed: req=273,replica_id=4
DEBUG 08-14 23:19:28 replica.py:146] complete_request_prefill: replica_id=[4], request=273, current_budget=350,last_prefill_completed_at=30614776.422874223,last_ttft=8.1748
DEBUG 08-14 23:19:28 replica.py:153] complete_request_prefill - replica_id=[4], request=273,self.replica_slo_budget-sum_pending_tokens==current_budget:True,1048576-4381==1044195
DEBUG 08-14 23:19:28 open_ai.py:335] async_send_request: request finish prefill, 270
INFO 08-14 23:19:28 open_ai.py:352] async_send_request: prefill completed: req=270,replica_id=4
DEBUG 08-14 23:19:28 replica.py:146] complete_request_prefill: replica_id=[4], request=270, current_budget=150,last_prefill_completed_at=30614776.42656722,last_ttft=8.1829
DEBUG 08-14 23:19:28 replica.py:153] complete_request_prefill - replica_id=[4], request=270,self.replica_slo_budget-sum_pending_tokens==current_budget:True,1048576-4231==1044345
DEBUG 08-14 23:19:28 open_ai.py:335] async_send_request: request finish prefill, 276
INFO 08-14 23:19:28 open_ai.py:352] async_send_request: prefill completed: req=276,replica_id=0
DEBUG 08-14 23:19:28 replica.py:146] complete_request_prefill: replica_id=[0], request=276, current_budget=164,last_prefill_completed_at=30614776.42927866,last_ttft=8.179
DEBUG 08-14 23:19:28 replica.py:153] complete_request_prefill - replica_id=[0], request=276,self.replica_slo_budget-sum_pending_tokens==current_budget:True,1048576-939==1047637
INFO 08-14 23:19:28 shared.py:299] Adding task for request 290 to replica 0,session_id=92
DEBUG 08-14 23:19:28 replica.py:226] add_request - replica_id=[0], request=290,self.replica_slo_budget-sum_pending_tokens==current_budget:True,1048576-1099==1047477
INFO 08-14 23:19:28 shared.py:299] Adding task for request 291 to replica 1,session_id=157
DEBUG 08-14 23:19:28 replica.py:226] add_request - replica_id=[1], request=291,self.replica_slo_budget-sum_pending_tokens==current_budget:True,1048576-1142==1047434
INFO 08-14 23:19:28 shared.py:299] Adding task for request 292 to replica 1,session_id=158
DEBUG 08-14 23:19:28 replica.py:226] add_request - replica_id=[1], request=292,self.replica_slo_budget-sum_pending_tokens==current_budget:True,1048576-1782==1046794
INFO 08-14 23:19:28 shared.py:299] Adding task for request 293 to replica 4,session_id=159
DEBUG 08-14 23:19:28 replica.py:226] add_request - replica_id=[4], request=293,self.replica_slo_budget-sum_pending_tokens==current_budget:True,1048576-4579==1043997
INFO 08-14 23:19:28 shared.py:299] Adding task for request 294 to replica 3,session_id=78
DEBUG 08-14 23:19:28 replica.py:226] add_request - replica_id=[3], request=294,self.replica_slo_budget-sum_pending_tokens==current_budget:True,1048576-1602==1046974
INFO 08-14 23:19:28 shared.py:299] Adding task for request 295 to replica 1,session_id=78
DEBUG 08-14 23:19:28 replica.py:226] add_request - replica_id=[1], request=295,self.replica_slo_budget-sum_pending_tokens==current_budget:True,1048576-1954==1046622
INFO 08-14 23:19:28 shared.py:299] Adding task for request 296 to replica 2,session_id=78
DEBUG 08-14 23:19:28 replica.py:226] add_request - replica_id=[2], request=296,self.replica_slo_budget-sum_pending_tokens==current_budget:True,1048576-1254==1047322
INFO 08-14 23:19:28 open_ai.py:115] async_send_request:request._id=290,session=92,127.0.0.1:8000
INFO 08-14 23:19:28 open_ai.py:115] async_send_request:request._id=291,session=157,127.0.0.1:8001
INFO 08-14 23:19:28 open_ai.py:115] async_send_request:request._id=292,session=158,127.0.0.1:8001
INFO 08-14 23:19:28 open_ai.py:115] async_send_request:request._id=293,session=159,https://u722127-8cb5-f6dc13db.nmb1.seetacloud.com:8443
INFO 08-14 23:19:28 open_ai.py:115] async_send_request:request._id=294,session=78,https://uu722127-b80a-4e3f9d5d.cqa1.seetacloud.com:8443
INFO 08-14 23:19:28 open_ai.py:115] async_send_request:request._id=295,session=78,127.0.0.1:8001
INFO 08-14 23:19:28 open_ai.py:115] async_send_request:request._id=296,session=78,https://u722127-b80a-4e3f9d5d.cqa1.seetacloud.com:8443
DEBUG 08-14 23:19:28 open_ai.py:335] async_send_request: request finish prefill, 95
INFO 08-14 23:19:28 open_ai.py:352] async_send_request: prefill completed: req=95,replica_id=0
DEBUG 08-14 23:19:28 replica.py:146] complete_request_prefill: replica_id=[0], request=95, current_budget=150,last_prefill_completed_at=30614776.487607434,last_ttft=8.4726
DEBUG 08-14 23:19:28 replica.py:153] complete_request_prefill - replica_id=[0], request=95,self.replica_slo_budget-sum_pending_tokens==current_budget:True,1048576-949==1047627
DEBUG 08-14 23:19:28 open_ai.py:335] async_send_request: request finish prefill, 92
INFO 08-14 23:19:28 open_ai.py:352] async_send_request: prefill completed: req=92,replica_id=1
DEBUG 08-14 23:19:28 replica.py:146] complete_request_prefill: replica_id=[1], request=92, current_budget=154,last_prefill_completed_at=30614776.493736323,last_ttft=8.4827
DEBUG 08-14 23:19:28 replica.py:153] complete_request_prefill - replica_id=[1], request=92,self.replica_slo_budget-sum_pending_tokens==current_budget:True,1048576-1800==1046776
INFO 08-14 23:19:28 shared.py:299] Adding task for request 299 to replica 4,session_id=31
DEBUG 08-14 23:19:28 replica.py:226] add_request - replica_id=[4], request=299,self.replica_slo_budget-sum_pending_tokens==current_budget:True,1048576-5349==1043227
INFO 08-14 23:19:28 open_ai.py:115] async_send_request:request._id=299,session=31,https://u722127-8cb5-f6dc13db.nmb1.seetacloud.com:8443
DEBUG 08-14 23:19:28 open_ai.py:335] async_send_request: request finish prefill, 133
INFO 08-14 23:19:28 open_ai.py:352] async_send_request: prefill completed: req=133,replica_id=4
DEBUG 08-14 23:19:28 replica.py:146] complete_request_prefill: replica_id=[4], request=133, current_budget=162,last_prefill_completed_at=30614776.50421056,last_ttft=8.4214
DEBUG 08-14 23:19:28 replica.py:153] complete_request_prefill - replica_id=[4], request=133,self.replica_slo_budget-sum_pending_tokens==current_budget:True,1048576-5187==1043389
DEBUG 08-14 23:19:28 open_ai.py:335] async_send_request: request finish prefill, 187
INFO 08-14 23:19:28 open_ai.py:352] async_send_request: prefill completed: req=187,replica_id=1
DEBUG 08-14 23:19:28 replica.py:146] complete_request_prefill: replica_id=[1], request=187, current_budget=144,last_prefill_completed_at=30614776.508359596,last_ttft=8.3371
DEBUG 08-14 23:19:28 replica.py:153] complete_request_prefill - replica_id=[1], request=187,self.replica_slo_budget-sum_pending_tokens==current_budget:True,1048576-1656==1046920
DEBUG 08-14 23:19:28 open_ai.py:335] async_send_request: request finish prefill, 116
INFO 08-14 23:19:28 open_ai.py:352] async_send_request: prefill completed: req=116,replica_id=1
DEBUG 08-14 23:19:28 replica.py:146] complete_request_prefill: replica_id=[1], request=116, current_budget=176,last_prefill_completed_at=30614776.51162604,last_ttft=8.4577
DEBUG 08-14 23:19:28 replica.py:153] complete_request_prefill - replica_id=[1], request=116,self.replica_slo_budget-sum_pending_tokens==current_budget:True,1048576-1480==1047096
DEBUG 08-14 23:19:28 open_ai.py:335] async_send_request: request finish prefill, 192
INFO 08-14 23:19:28 open_ai.py:352] async_send_request: prefill completed: req=192,replica_id=0
DEBUG 08-14 23:19:28 replica.py:146] complete_request_prefill: replica_id=[0], request=192, current_budget=156,last_prefill_completed_at=30614776.514827155,last_ttft=8.3386
DEBUG 08-14 23:19:28 replica.py:153] complete_request_prefill - replica_id=[0], request=192,self.replica_slo_budget-sum_pending_tokens==current_budget:True,1048576-793==1047783
DEBUG 08-14 23:19:28 open_ai.py:335] async_send_request: request finish prefill, 138
INFO 08-14 23:19:28 open_ai.py:352] async_send_request: prefill completed: req=138,replica_id=0
DEBUG 08-14 23:19:28 replica.py:146] complete_request_prefill: replica_id=[0], request=138, current_budget=146,last_prefill_completed_at=30614776.51815085,last_ttft=8.4156
DEBUG 08-14 23:19:28 replica.py:153] complete_request_prefill - replica_id=[0], request=138,self.replica_slo_budget-sum_pending_tokens==current_budget:True,1048576-647==1047929
DEBUG 08-14 23:19:28 open_ai.py:335] async_send_request: request finish prefill, 79
INFO 08-14 23:19:28 open_ai.py:352] async_send_request: prefill completed: req=79,replica_id=4
DEBUG 08-14 23:19:28 replica.py:146] complete_request_prefill: replica_id=[4], request=79, current_budget=150,last_prefill_completed_at=30614776.52143372,last_ttft=8.5294
DEBUG 08-14 23:19:28 replica.py:153] complete_request_prefill - replica_id=[4], request=79,self.replica_slo_budget-sum_pending_tokens==current_budget:True,1048576-5037==1043539
DEBUG 08-14 23:19:28 open_ai.py:335] async_send_request: request finish prefill, 274
INFO 08-14 23:19:28 open_ai.py:352] async_send_request: prefill completed: req=274,replica_id=3
DEBUG 08-14 23:19:28 replica.py:146] complete_request_prefill: replica_id=[3], request=274, current_budget=158,last_prefill_completed_at=30614776.525051218,last_ttft=8.2767
DEBUG 08-14 23:19:28 replica.py:153] complete_request_prefill - replica_id=[3], request=274,self.replica_slo_budget-sum_pending_tokens==current_budget:True,1048576-1444==1047132
DEBUG 08-14 23:19:28 open_ai.py:335] async_send_request: request finish prefill, 191
INFO 08-14 23:19:28 open_ai.py:352] async_send_request: prefill completed: req=191,replica_id=4
DEBUG 08-14 23:19:28 replica.py:146] complete_request_prefill: replica_id=[4], request=191, current_budget=156,last_prefill_completed_at=30614776.532882903,last_ttft=8.3568
DEBUG 08-14 23:19:28 replica.py:153] complete_request_prefill - replica_id=[4], request=191,self.replica_slo_budget-sum_pending_tokens==current_budget:True,1048576-4881==1043695
DEBUG 08-14 23:19:28 open_ai.py:335] async_send_request: request finish prefill, 73
INFO 08-14 23:19:28 open_ai.py:352] async_send_request: prefill completed: req=73,replica_id=2
DEBUG 08-14 23:19:28 replica.py:146] complete_request_prefill: replica_id=[2], request=73, current_budget=152,last_prefill_completed_at=30614776.538661543,last_ttft=8.5559
DEBUG 08-14 23:19:28 replica.py:153] complete_request_prefill - replica_id=[2], request=73,self.replica_slo_budget-sum_pending_tokens==current_budget:True,1048576-1102==1047474
DEBUG 08-14 23:19:28 open_ai.py:335] async_send_request: request finish prefill, 61
INFO 08-14 23:19:28 open_ai.py:352] async_send_request: prefill completed: req=61,replica_id=3
DEBUG 08-14 23:19:28 replica.py:146] complete_request_prefill: replica_id=[3], request=61, current_budget=158,last_prefill_completed_at=30614776.54332398,last_ttft=8.5757
DEBUG 08-14 23:19:28 replica.py:153] complete_request_prefill - replica_id=[3], request=61,self.replica_slo_budget-sum_pending_tokens==current_budget:True,1048576-1286==1047290
DEBUG 08-14 23:19:28 open_ai.py:335] async_send_request: request finish prefill, 62
INFO 08-14 23:19:28 open_ai.py:352] async_send_request: prefill completed: req=62,replica_id=3
DEBUG 08-14 23:19:28 replica.py:146] complete_request_prefill: replica_id=[3], request=62, current_budget=162,last_prefill_completed_at=30614776.54830079,last_ttft=8.5804
DEBUG 08-14 23:19:28 replica.py:153] complete_request_prefill - replica_id=[3], request=62,self.replica_slo_budget-sum_pending_tokens==current_budget:True,1048576-1124==1047452
DEBUG 08-14 23:19:28 open_ai.py:335] async_send_request: request finish prefill, 93
INFO 08-14 23:19:28 open_ai.py:352] async_send_request: prefill completed: req=93,replica_id=3
DEBUG 08-14 23:19:28 replica.py:146] complete_request_prefill: replica_id=[3], request=93, current_budget=158,last_prefill_completed_at=30614776.55155672,last_ttft=8.5403
DEBUG 08-14 23:19:28 replica.py:153] complete_request_prefill - replica_id=[3], request=93,self.replica_slo_budget-sum_pending_tokens==current_budget:True,1048576-966==1047610
DEBUG 08-14 23:19:28 open_ai.py:335] async_send_request: request finish prefill, 115
INFO 08-14 23:19:28 open_ai.py:352] async_send_request: prefill completed: req=115,replica_id=3
DEBUG 08-14 23:19:28 replica.py:146] complete_request_prefill: replica_id=[3], request=115, current_budget=184,last_prefill_completed_at=30614776.554865353,last_ttft=8.501
DEBUG 08-14 23:19:28 replica.py:153] complete_request_prefill - replica_id=[3], request=115,self.replica_slo_budget-sum_pending_tokens==current_budget:True,1048576-782==1047794
DEBUG 08-14 23:19:28 open_ai.py:335] async_send_request: request finish prefill, 117
INFO 08-14 23:19:28 open_ai.py:352] async_send_request: prefill completed: req=117,replica_id=2
DEBUG 08-14 23:19:28 replica.py:146] complete_request_prefill: replica_id=[2], request=117, current_budget=168,last_prefill_completed_at=30614776.56208436,last_ttft=8.508
DEBUG 08-14 23:19:28 replica.py:153] complete_request_prefill - replica_id=[2], request=117,self.replica_slo_budget-sum_pending_tokens==current_budget:True,1048576-934==1047642
DEBUG 08-14 23:19:28 open_ai.py:335] async_send_request: request finish prefill, 196
INFO 08-14 23:19:28 open_ai.py:352] async_send_request: prefill completed: req=196,replica_id=2
DEBUG 08-14 23:19:28 replica.py:146] complete_request_prefill: replica_id=[2], request=196, current_budget=156,last_prefill_completed_at=30614776.565542348,last_ttft=8.3807
DEBUG 08-14 23:19:28 replica.py:153] complete_request_prefill - replica_id=[2], request=196,self.replica_slo_budget-sum_pending_tokens==current_budget:True,1048576-778==1047798
DEBUG 08-14 23:19:28 open_ai.py:335] async_send_request: request finish prefill, 94
INFO 08-14 23:19:28 open_ai.py:352] async_send_request: prefill completed: req=94,replica_id=2
DEBUG 08-14 23:19:28 replica.py:146] complete_request_prefill: replica_id=[2], request=94, current_budget=174,last_prefill_completed_at=30614776.569778007,last_ttft=8.5583
DEBUG 08-14 23:19:28 replica.py:153] complete_request_prefill - replica_id=[2], request=94,self.replica_slo_budget-sum_pending_tokens==current_budget:True,1048576-604==1047972
DEBUG 08-14 23:19:28 open_ai.py:335] async_send_request: request finish prefill, 185
INFO 08-14 23:19:28 open_ai.py:352] async_send_request: prefill completed: req=185,replica_id=2
DEBUG 08-14 23:19:28 replica.py:146] complete_request_prefill: replica_id=[2], request=185, current_budget=146,last_prefill_completed_at=30614776.57326752,last_ttft=8.4021
DEBUG 08-14 23:19:28 replica.py:153] complete_request_prefill - replica_id=[2], request=185,self.replica_slo_budget-sum_pending_tokens==current_budget:True,1048576-458==1048118
DEBUG 08-14 23:19:28 open_ai.py:335] async_send_request: request finish prefill, 183
INFO 08-14 23:19:28 open_ai.py:352] async_send_request: prefill completed: req=183,replica_id=3
DEBUG 08-14 23:19:28 replica.py:146] complete_request_prefill: replica_id=[3], request=183, current_budget=148,last_prefill_completed_at=30614776.577237092,last_ttft=8.4062
DEBUG 08-14 23:19:28 replica.py:153] complete_request_prefill - replica_id=[3], request=183,self.replica_slo_budget-sum_pending_tokens==current_budget:True,1048576-634==1047942
DEBUG 08-14 23:19:28 open_ai.py:335] async_send_request: request finish prefill, 190
INFO 08-14 23:19:28 open_ai.py:352] async_send_request: prefill completed: req=190,replica_id=3
DEBUG 08-14 23:19:28 replica.py:146] complete_request_prefill: replica_id=[3], request=190, current_budget=154,last_prefill_completed_at=30614776.581312466,last_ttft=8.4055
DEBUG 08-14 23:19:28 replica.py:153] complete_request_prefill - replica_id=[3], request=190,self.replica_slo_budget-sum_pending_tokens==current_budget:True,1048576-480==1048096
DEBUG 08-14 23:19:28 metrics_store.py:131] update_metrics:request_id=33
DEBUG 08-14 23:19:28 metrics_store.py:131] update_metrics:request_id=246
DEBUG 08-14 23:19:28 metrics_store.py:131] update_metrics:request_id=250
DEBUG 08-14 23:19:28 shared.py:180] Removed task for request 33 on https://u722127-b80a-4e3f9d5d.cqa1.seetacloud.com:8443
DEBUG 08-14 23:19:28 shared.py:180] Removed task for request 246 on 127.0.0.1:8001
DEBUG 08-14 23:19:28 shared.py:180] Removed task for request 250 on https://u722127-b80a-4e3f9d5d.cqa1.seetacloud.com:8443
DEBUG 08-14 23:19:28 replica.py:171] complete_request_decode:num_saved_toekens=432
DEBUG 08-14 23:19:28 open_ai.py:452] good request:https://uu722127-b80a-4e3f9d5d.cqa1.seetacloud.com:8443:good,request._id=148,input=196,output=436
DEBUG 08-14 23:19:28 open_ai.py:335] async_send_request: request finish prefill, 232
INFO 08-14 23:19:28 open_ai.py:352] async_send_request: prefill completed: req=232,replica_id=1
DEBUG 08-14 23:19:28 replica.py:146] complete_request_prefill: replica_id=[1], request=232, current_budget=150,last_prefill_completed_at=30614776.632173058,last_ttft=8.4227
DEBUG 08-14 23:19:28 replica.py:153] complete_request_prefill - replica_id=[1], request=232,self.replica_slo_budget-sum_pending_tokens==current_budget:True,1048576-1330==1047246
DEBUG 08-14 23:19:28 open_ai.py:335] async_send_request: request finish prefill, 245
INFO 08-14 23:19:28 open_ai.py:352] async_send_request: prefill completed: req=245,replica_id=0
DEBUG 08-14 23:19:28 replica.py:146] complete_request_prefill: replica_id=[0], request=245, current_budget=142,last_prefill_completed_at=30614776.63545212,last_ttft=8.4148
DEBUG 08-14 23:19:28 replica.py:153] complete_request_prefill - replica_id=[0], request=245,self.replica_slo_budget-sum_pending_tokens==current_budget:True,1048576-505==1048071
DEBUG 08-14 23:19:28 open_ai.py:335] async_send_request: request finish prefill, 237
INFO 08-14 23:19:28 open_ai.py:352] async_send_request: prefill completed: req=237,replica_id=2
DEBUG 08-14 23:19:28 replica.py:146] complete_request_prefill: replica_id=[2], request=237, current_budget=152,last_prefill_completed_at=30614776.639649328,last_ttft=8.4267
DEBUG 08-14 23:19:28 replica.py:153] complete_request_prefill - replica_id=[2], request=237,self.replica_slo_budget-sum_pending_tokens==current_budget:True,1048576-306==1048270
DEBUG 08-14 23:19:28 open_ai.py:335] async_send_request: request finish prefill, 255
INFO 08-14 23:19:28 open_ai.py:352] async_send_request: prefill completed: req=255,replica_id=1
DEBUG 08-14 23:19:28 replica.py:146] complete_request_prefill: replica_id=[1], request=255, current_budget=166,last_prefill_completed_at=30614776.643878907,last_ttft=8.4094
DEBUG 08-14 23:19:28 replica.py:153] complete_request_prefill - replica_id=[1], request=255,self.replica_slo_budget-sum_pending_tokens==current_budget:True,1048576-1164==1047412
INFO 08-14 23:19:28 shared.py:299] Adding task for request 300 to replica 4,session_id=9
DEBUG 08-14 23:19:28 replica.py:226] add_request - replica_id=[4], request=300,self.replica_slo_budget-sum_pending_tokens==current_budget:True,1048576-7046==1041530
INFO 08-14 23:19:28 shared.py:299] Adding task for request 302 to replica 2,session_id=88
DEBUG 08-14 23:19:28 replica.py:226] add_request - replica_id=[2], request=302,self.replica_slo_budget-sum_pending_tokens==current_budget:True,1048576-454==1048122
INFO 08-14 23:19:28 shared.py:299] Adding task for request 303 to replica 3,session_id=88
DEBUG 08-14 23:19:28 replica.py:226] add_request - replica_id=[3], request=303,self.replica_slo_budget-sum_pending_tokens==current_budget:True,1048576-630==1047946
INFO 08-14 23:19:28 shared.py:299] Adding task for request 305 to replica 4,session_id=160
DEBUG 08-14 23:19:28 replica.py:226] add_request - replica_id=[4], request=305,self.replica_slo_budget-sum_pending_tokens==current_budget:True,1048576-7401==1041175
INFO 08-14 23:19:28 shared.py:299] Adding task for request 304 to replica 0,session_id=98
DEBUG 08-14 23:19:28 replica.py:226] add_request - replica_id=[0], request=304,self.replica_slo_budget-sum_pending_tokens==current_budget:True,1048576-663==1047913
INFO 08-14 23:19:28 shared.py:299] Adding task for request 306 to replica 4,session_id=161
DEBUG 08-14 23:19:28 replica.py:226] add_request - replica_id=[4], request=306,self.replica_slo_budget-sum_pending_tokens==current_budget:True,1048576-7749==1040827
INFO 08-14 23:19:28 shared.py:299] Adding task for request 308 to replica 1,session_id=163
DEBUG 08-14 23:19:28 replica.py:226] add_request - replica_id=[1], request=308,self.replica_slo_budget-sum_pending_tokens==current_budget:True,1048576-1524==1047052
INFO 08-14 23:19:28 shared.py:299] Adding task for request 307 to replica 4,session_id=162
DEBUG 08-14 23:19:28 replica.py:226] add_request - replica_id=[4], request=307,self.replica_slo_budget-sum_pending_tokens==current_budget:True,1048576-8127==1040449
INFO 08-14 23:19:28 shared.py:299] Adding task for request 309 to replica 4,session_id=164
DEBUG 08-14 23:19:28 replica.py:226] add_request - replica_id=[4], request=309,self.replica_slo_budget-sum_pending_tokens==current_budget:True,1048576-8476==1040100
INFO 08-14 23:19:28 open_ai.py:115] async_send_request:request._id=300,session=9,https://u722127-8cb5-f6dc13db.nmb1.seetacloud.com:8443
INFO 08-14 23:19:28 open_ai.py:115] async_send_request:request._id=302,session=88,https://u722127-b80a-4e3f9d5d.cqa1.seetacloud.com:8443
INFO 08-14 23:19:28 open_ai.py:115] async_send_request:request._id=303,session=88,https://uu722127-b80a-4e3f9d5d.cqa1.seetacloud.com:8443
INFO 08-14 23:19:28 open_ai.py:115] async_send_request:request._id=305,session=160,https://u722127-8cb5-f6dc13db.nmb1.seetacloud.com:8443
INFO 08-14 23:19:28 open_ai.py:115] async_send_request:request._id=304,session=98,127.0.0.1:8000
INFO 08-14 23:19:28 open_ai.py:115] async_send_request:request._id=306,session=161,https://u722127-8cb5-f6dc13db.nmb1.seetacloud.com:8443
INFO 08-14 23:19:28 open_ai.py:115] async_send_request:request._id=308,session=163,127.0.0.1:8001
INFO 08-14 23:19:28 open_ai.py:115] async_send_request:request._id=307,session=162,https://u722127-8cb5-f6dc13db.nmb1.seetacloud.com:8443
INFO 08-14 23:19:28 open_ai.py:115] async_send_request:request._id=309,session=164,https://u722127-8cb5-f6dc13db.nmb1.seetacloud.com:8443
DEBUG 08-14 23:19:28 open_ai.py:335] async_send_request: request finish prefill, 236
INFO 08-14 23:19:28 open_ai.py:352] async_send_request: prefill completed: req=236,replica_id=3
DEBUG 08-14 23:19:28 replica.py:146] complete_request_prefill: replica_id=[3], request=236, current_budget=150,last_prefill_completed_at=30614776.714889415,last_ttft=8.5022
DEBUG 08-14 23:19:28 replica.py:153] complete_request_prefill - replica_id=[3], request=236,self.replica_slo_budget-sum_pending_tokens==current_budget:True,1048576-480==1048096
DEBUG 08-14 23:19:28 replica.py:171] complete_request_decode:num_saved_toekens=64
DEBUG 08-14 23:19:28 open_ai.py:452] good request:https://uu722127-b80a-4e3f9d5d.cqa1.seetacloud.com:8443:good,request._id=265,input=357,output=62
DEBUG 08-14 23:19:28 open_ai.py:335] async_send_request: request finish prefill, 256
INFO 08-14 23:19:28 open_ai.py:352] async_send_request: prefill completed: req=256,replica_id=3
DEBUG 08-14 23:19:28 replica.py:146] complete_request_prefill: replica_id=[3], request=256, current_budget=148,last_prefill_completed_at=30614776.727990597,last_ttft=8.4934
DEBUG 08-14 23:19:28 replica.py:153] complete_request_prefill - replica_id=[3], request=256,self.replica_slo_budget-sum_pending_tokens==current_budget:True,1048576-332==1048244
DEBUG 08-14 23:19:28 open_ai.py:335] async_send_request: request finish prefill, 289
INFO 08-14 23:19:28 open_ai.py:352] async_send_request: prefill completed: req=289,replica_id=0
DEBUG 08-14 23:19:28 replica.py:146] complete_request_prefill: replica_id=[0], request=289, current_budget=345,last_prefill_completed_at=30614776.737033285,last_ttft=8.4762
DEBUG 08-14 23:19:28 replica.py:153] complete_request_prefill - replica_id=[0], request=289,self.replica_slo_budget-sum_pending_tokens==current_budget:True,1048576-318==1048258
DEBUG 08-14 23:19:28 open_ai.py:335] async_send_request: request finish prefill, 277
INFO 08-14 23:19:28 open_ai.py:352] async_send_request: prefill completed: req=277,replica_id=2
DEBUG 08-14 23:19:28 replica.py:146] complete_request_prefill: replica_id=[2], request=277, current_budget=156,last_prefill_completed_at=30614776.74138702,last_ttft=8.4909
DEBUG 08-14 23:19:28 replica.py:153] complete_request_prefill - replica_id=[2], request=277,self.replica_slo_budget-sum_pending_tokens==current_budget:True,1048576-298==1048278
DEBUG 08-14 23:19:28 metrics_store.py:131] update_metrics:request_id=148
DEBUG 08-14 23:19:28 shared.py:180] Removed task for request 148 on https://uu722127-b80a-4e3f9d5d.cqa1.seetacloud.com:8443
DEBUG 08-14 23:19:28 open_ai.py:335] async_send_request: request finish prefill, 290
INFO 08-14 23:19:28 open_ai.py:352] async_send_request: prefill completed: req=290,replica_id=0
DEBUG 08-14 23:19:28 replica.py:146] complete_request_prefill: replica_id=[0], request=290, current_budget=160,last_prefill_completed_at=30614776.782421894,last_ttft=8.521
DEBUG 08-14 23:19:28 replica.py:153] complete_request_prefill - replica_id=[0], request=290,self.replica_slo_budget-sum_pending_tokens==current_budget:True,1048576-158==1048418
INFO 08-14 23:19:28 shared.py:299] Adding task for request 310 to replica 3,session_id=165
DEBUG 08-14 23:19:28 replica.py:226] add_request - replica_id=[3], request=310,self.replica_slo_budget-sum_pending_tokens==current_budget:True,1048576-701==1047875
INFO 08-14 23:19:28 shared.py:299] Adding task for request 312 to replica 1,session_id=100
DEBUG 08-14 23:19:28 replica.py:226] add_request - replica_id=[1], request=312,self.replica_slo_budget-sum_pending_tokens==current_budget:True,1048576-1682==1046894
INFO 08-14 23:19:28 shared.py:299] Adding task for request 311 to replica 3,session_id=86
DEBUG 08-14 23:19:28 replica.py:226] add_request - replica_id=[3], request=311,self.replica_slo_budget-sum_pending_tokens==current_budget:True,1048576-861==1047715
INFO 08-14 23:19:28 shared.py:299] Adding task for request 313 to replica 2,session_id=86
DEBUG 08-14 23:19:28 replica.py:226] add_request - replica_id=[2], request=313,self.replica_slo_budget-sum_pending_tokens==current_budget:True,1048576-446==1048130
INFO 08-14 23:19:28 shared.py:299] Adding task for request 314 to replica 4,session_id=166
DEBUG 08-14 23:19:28 replica.py:226] add_request - replica_id=[4], request=314,self.replica_slo_budget-sum_pending_tokens==current_budget:True,1048576-8845==1039731
INFO 08-14 23:19:28 shared.py:299] Adding task for request 316 to replica 4,session_id=95
DEBUG 08-14 23:19:28 replica.py:226] add_request - replica_id=[4], request=316,self.replica_slo_budget-sum_pending_tokens==current_budget:True,1048576-9027==1039549
INFO 08-14 23:19:28 shared.py:299] Adding task for request 317 to replica 0,session_id=167
DEBUG 08-14 23:19:28 replica.py:226] add_request - replica_id=[0], request=317,self.replica_slo_budget-sum_pending_tokens==current_budget:True,1048576-501==1048075
INFO 08-14 23:19:28 shared.py:299] Adding task for request 319 to replica 1,session_id=4
DEBUG 08-14 23:19:28 replica.py:226] add_request - replica_id=[1], request=319,self.replica_slo_budget-sum_pending_tokens==current_budget:True,1048576-2720==1045856
INFO 08-14 23:19:28 open_ai.py:115] async_send_request:request._id=310,session=165,https://uu722127-b80a-4e3f9d5d.cqa1.seetacloud.com:8443
INFO 08-14 23:19:28 open_ai.py:115] async_send_request:request._id=312,session=100,127.0.0.1:8001
INFO 08-14 23:19:28 open_ai.py:115] async_send_request:request._id=311,session=86,https://uu722127-b80a-4e3f9d5d.cqa1.seetacloud.com:8443
INFO 08-14 23:19:28 open_ai.py:115] async_send_request:request._id=313,session=86,https://u722127-b80a-4e3f9d5d.cqa1.seetacloud.com:8443
INFO 08-14 23:19:28 open_ai.py:115] async_send_request:request._id=314,session=166,https://u722127-8cb5-f6dc13db.nmb1.seetacloud.com:8443
INFO 08-14 23:19:28 open_ai.py:115] async_send_request:request._id=316,session=95,https://u722127-8cb5-f6dc13db.nmb1.seetacloud.com:8443
INFO 08-14 23:19:28 open_ai.py:115] async_send_request:request._id=317,session=167,127.0.0.1:8000
INFO 08-14 23:19:28 open_ai.py:115] async_send_request:request._id=319,session=4,127.0.0.1:8001
INFO 08-14 23:19:28 shared.py:299] Adding task for request 318 to replica 3,session_id=106
DEBUG 08-14 23:19:28 replica.py:226] add_request - replica_id=[3], request=318,self.replica_slo_budget-sum_pending_tokens==current_budget:True,1048576-1021==1047555
DEBUG 08-14 23:19:28 replica.py:171] complete_request_decode:num_saved_toekens=160
DEBUG 08-14 23:19:28 open_ai.py:452] good request:https://uu722127-b80a-4e3f9d5d.cqa1.seetacloud.com:8443:good,request._id=242,input=188,output=153
DEBUG 08-14 23:19:28 open_ai.py:335] async_send_request: request finish prefill, 291
INFO 08-14 23:19:28 open_ai.py:352] async_send_request: prefill completed: req=291,replica_id=1
DEBUG 08-14 23:19:28 replica.py:146] complete_request_prefill: replica_id=[1], request=291, current_budget=352,last_prefill_completed_at=30614776.87461253,last_ttft=8.6131
DEBUG 08-14 23:19:28 replica.py:153] complete_request_prefill - replica_id=[1], request=291,self.replica_slo_budget-sum_pending_tokens==current_budget:True,1048576-2368==1046208
DEBUG 08-14 23:19:28 open_ai.py:335] async_send_request: request finish prefill, 292
INFO 08-14 23:19:28 open_ai.py:352] async_send_request: prefill completed: req=292,replica_id=1
DEBUG 08-14 23:19:28 replica.py:146] complete_request_prefill: replica_id=[1], request=292, current_budget=640,last_prefill_completed_at=30614776.878931966,last_ttft=8.6166
DEBUG 08-14 23:19:28 replica.py:153] complete_request_prefill - replica_id=[1], request=292,self.replica_slo_budget-sum_pending_tokens==current_budget:True,1048576-1728==1046848
DEBUG 08-14 23:19:28 open_ai.py:335] async_send_request: request finish prefill, 295
INFO 08-14 23:19:28 open_ai.py:352] async_send_request: prefill completed: req=295,replica_id=1
DEBUG 08-14 23:19:28 replica.py:146] complete_request_prefill: replica_id=[1], request=295, current_budget=172,last_prefill_completed_at=30614776.88480319,last_ttft=8.621
DEBUG 08-14 23:19:28 replica.py:153] complete_request_prefill - replica_id=[1], request=295,self.replica_slo_budget-sum_pending_tokens==current_budget:True,1048576-1556==1047020
DEBUG 08-14 23:19:28 open_ai.py:335] async_send_request: request finish prefill, 282
INFO 08-14 23:19:28 open_ai.py:352] async_send_request: prefill completed: req=282,replica_id=4
DEBUG 08-14 23:19:28 replica.py:146] complete_request_prefill: replica_id=[4], request=282, current_budget=346,last_prefill_completed_at=30614776.89036981,last_ttft=8.6373
DEBUG 08-14 23:19:28 replica.py:153] complete_request_prefill - replica_id=[4], request=282,self.replica_slo_budget-sum_pending_tokens==current_budget:True,1048576-8681==1039895
DEBUG 08-14 23:19:28 open_ai.py:335] async_send_request: request finish prefill, 293
INFO 08-14 23:19:28 open_ai.py:352] async_send_request: prefill completed: req=293,replica_id=4
DEBUG 08-14 23:19:28 replica.py:146] complete_request_prefill: replica_id=[4], request=293, current_budget=348,last_prefill_completed_at=30614776.89459272,last_ttft=8.6311
DEBUG 08-14 23:19:28 replica.py:153] complete_request_prefill - replica_id=[4], request=293,self.replica_slo_budget-sum_pending_tokens==current_budget:True,1048576-8333==1040243
DEBUG 08-14 23:19:28 open_ai.py:335] async_send_request: request finish prefill, 283
INFO 08-14 23:19:28 open_ai.py:352] async_send_request: prefill completed: req=283,replica_id=4
DEBUG 08-14 23:19:28 replica.py:146] complete_request_prefill: replica_id=[4], request=283, current_budget=367,last_prefill_completed_at=30614776.89874772,last_ttft=8.6452
DEBUG 08-14 23:19:28 replica.py:153] complete_request_prefill - replica_id=[4], request=283,self.replica_slo_budget-sum_pending_tokens==current_budget:True,1048576-7966==1040610
DEBUG 08-14 23:19:28 open_ai.py:335] async_send_request: request finish prefill, 288
INFO 08-14 23:19:28 open_ai.py:352] async_send_request: prefill completed: req=288,replica_id=4
DEBUG 08-14 23:19:28 replica.py:146] complete_request_prefill: replica_id=[4], request=288, current_budget=365,last_prefill_completed_at=30614776.902931664,last_ttft=8.6434
DEBUG 08-14 23:19:28 replica.py:153] complete_request_prefill - replica_id=[4], request=288,self.replica_slo_budget-sum_pending_tokens==current_budget:True,1048576-7601==1040975
DEBUG 08-14 23:19:28 open_ai.py:335] async_send_request: request finish prefill, 279
INFO 08-14 23:19:28 open_ai.py:352] async_send_request: prefill completed: req=279,replica_id=4
DEBUG 08-14 23:19:28 replica.py:146] complete_request_prefill: replica_id=[4], request=279, current_budget=346,last_prefill_completed_at=30614776.907582257,last_ttft=8.6559
DEBUG 08-14 23:19:28 replica.py:153] complete_request_prefill - replica_id=[4], request=279,self.replica_slo_budget-sum_pending_tokens==current_budget:True,1048576-7255==1041321
DEBUG 08-14 23:19:28 open_ai.py:335] async_send_request: request finish prefill, 286
INFO 08-14 23:19:28 open_ai.py:352] async_send_request: prefill completed: req=286,replica_id=4
DEBUG 08-14 23:19:28 replica.py:146] complete_request_prefill: replica_id=[4], request=286, current_budget=344,last_prefill_completed_at=30614776.912088357,last_ttft=8.6542
DEBUG 08-14 23:19:28 replica.py:153] complete_request_prefill - replica_id=[4], request=286,self.replica_slo_budget-sum_pending_tokens==current_budget:True,1048576-6911==1041665
DEBUG 08-14 23:19:28 open_ai.py:335] async_send_request: request finish prefill, 284
INFO 08-14 23:19:28 open_ai.py:352] async_send_request: prefill completed: req=284,replica_id=4
DEBUG 08-14 23:19:28 replica.py:146] complete_request_prefill: replica_id=[4], request=284, current_budget=348,last_prefill_completed_at=30614776.91616687,last_ttft=8.6619
DEBUG 08-14 23:19:28 replica.py:153] complete_request_prefill - replica_id=[4], request=284,self.replica_slo_budget-sum_pending_tokens==current_budget:True,1048576-6563==1042013
DEBUG 08-14 23:19:28 open_ai.py:335] async_send_request: request finish prefill, 287
INFO 08-14 23:19:28 open_ai.py:352] async_send_request: prefill completed: req=287,replica_id=4
DEBUG 08-14 23:19:28 replica.py:146] complete_request_prefill: replica_id=[4], request=287, current_budget=354,last_prefill_completed_at=30614776.92019184,last_ttft=8.6611
DEBUG 08-14 23:19:28 replica.py:153] complete_request_prefill - replica_id=[4], request=287,self.replica_slo_budget-sum_pending_tokens==current_budget:True,1048576-6209==1042367
DEBUG 08-14 23:19:28 open_ai.py:335] async_send_request: request finish prefill, 281
INFO 08-14 23:19:28 open_ai.py:352] async_send_request: prefill completed: req=281,replica_id=4
DEBUG 08-14 23:19:28 replica.py:146] complete_request_prefill: replica_id=[4], request=281, current_budget=938,last_prefill_completed_at=30614776.924488798,last_ttft=8.6716
DEBUG 08-14 23:19:28 replica.py:153] complete_request_prefill - replica_id=[4], request=281,self.replica_slo_budget-sum_pending_tokens==current_budget:True,1048576-5271==1043305
DEBUG 08-14 23:19:28 open_ai.py:335] async_send_request: request finish prefill, 285
INFO 08-14 23:19:28 open_ai.py:352] async_send_request: prefill completed: req=285,replica_id=4
DEBUG 08-14 23:19:28 replica.py:146] complete_request_prefill: replica_id=[4], request=285, current_budget=355,last_prefill_completed_at=30614776.928554736,last_ttft=8.6713
DEBUG 08-14 23:19:28 replica.py:153] complete_request_prefill - replica_id=[4], request=285,self.replica_slo_budget-sum_pending_tokens==current_budget:True,1048576-4916==1043660
INFO 08-14 23:19:28 open_ai.py:115] async_send_request:request._id=318,session=106,https://uu722127-b80a-4e3f9d5d.cqa1.seetacloud.com:8443
DEBUG 08-14 23:19:28 open_ai.py:335] async_send_request: request finish prefill, 294
INFO 08-14 23:19:28 open_ai.py:352] async_send_request: prefill completed: req=294,replica_id=3
DEBUG 08-14 23:19:28 replica.py:146] complete_request_prefill: replica_id=[3], request=294, current_budget=182,last_prefill_completed_at=30614776.941374104,last_ttft=8.6776
DEBUG 08-14 23:19:28 replica.py:153] complete_request_prefill - replica_id=[3], request=294,self.replica_slo_budget-sum_pending_tokens==current_budget:True,1048576-839==1047737
DEBUG 08-14 23:19:28 open_ai.py:335] async_send_request: request finish prefill, 299
INFO 08-14 23:19:28 open_ai.py:352] async_send_request: prefill completed: req=299,replica_id=4
DEBUG 08-14 23:19:28 replica.py:146] complete_request_prefill: replica_id=[4], request=299, current_budget=770,last_prefill_completed_at=30614776.950878497,last_ttft=8.6854
DEBUG 08-14 23:19:28 replica.py:153] complete_request_prefill - replica_id=[4], request=299,self.replica_slo_budget-sum_pending_tokens==current_budget:True,1048576-4146==1044430
DEBUG 08-14 23:19:28 metrics_store.py:131] update_metrics:request_id=265
DEBUG 08-14 23:19:28 shared.py:180] Removed task for request 265 on https://uu722127-b80a-4e3f9d5d.cqa1.seetacloud.com:8443
DEBUG 08-14 23:19:28 replica.py:171] complete_request_decode:num_saved_toekens=32
DEBUG 08-14 23:19:28 open_ai.py:452] good request:127.0.0.1:8000:good,request._id=272,input=378,output=31
INFO 08-14 23:19:28 shared.py:299] Adding task for request 320 to replica 2,session_id=116
DEBUG 08-14 23:19:28 replica.py:226] add_request - replica_id=[2], request=320,self.replica_slo_budget-sum_pending_tokens==current_budget:True,1048576-594==1047982
INFO 08-14 23:19:28 shared.py:299] Adding task for request 322 to replica 1,session_id=96
DEBUG 08-14 23:19:28 replica.py:226] add_request - replica_id=[1], request=322,self.replica_slo_budget-sum_pending_tokens==current_budget:True,1048576-1724==1046852
INFO 08-14 23:19:28 shared.py:299] Adding task for request 321 to replica 0,session_id=114
DEBUG 08-14 23:19:28 replica.py:226] add_request - replica_id=[0], request=321,self.replica_slo_budget-sum_pending_tokens==current_budget:True,1048576-669==1047907
INFO 08-14 23:19:28 shared.py:299] Adding task for request 323 to replica 3,session_id=96
DEBUG 08-14 23:19:28 replica.py:226] add_request - replica_id=[3], request=323,self.replica_slo_budget-sum_pending_tokens==current_budget:True,1048576-999==1047577
INFO 08-14 23:19:28 shared.py:299] Adding task for request 324 to replica 3,session_id=103
DEBUG 08-14 23:19:28 replica.py:226] add_request - replica_id=[3], request=324,self.replica_slo_budget-sum_pending_tokens==current_budget:True,1048576-1141==1047435
INFO 08-14 23:19:28 shared.py:299] Adding task for request 325 to replica 2,session_id=94
DEBUG 08-14 23:19:28 replica.py:226] add_request - replica_id=[2], request=325,self.replica_slo_budget-sum_pending_tokens==current_budget:True,1048576-746==1047830
INFO 08-14 23:19:28 shared.py:299] Adding task for request 326 to replica 0,session_id=94
DEBUG 08-14 23:19:28 replica.py:226] add_request - replica_id=[0], request=326,self.replica_slo_budget-sum_pending_tokens==current_budget:True,1048576-821==1047755
INFO 08-14 23:19:28 open_ai.py:115] async_send_request:request._id=320,session=116,https://u722127-b80a-4e3f9d5d.cqa1.seetacloud.com:8443
INFO 08-14 23:19:28 open_ai.py:115] async_send_request:request._id=322,session=96,127.0.0.1:8001
INFO 08-14 23:19:28 open_ai.py:115] async_send_request:request._id=321,session=114,127.0.0.1:8000
INFO 08-14 23:19:28 open_ai.py:115] async_send_request:request._id=323,session=96,https://uu722127-b80a-4e3f9d5d.cqa1.seetacloud.com:8443
INFO 08-14 23:19:28 open_ai.py:115] async_send_request:request._id=324,session=103,https://uu722127-b80a-4e3f9d5d.cqa1.seetacloud.com:8443
INFO 08-14 23:19:28 open_ai.py:115] async_send_request:request._id=325,session=94,https://u722127-b80a-4e3f9d5d.cqa1.seetacloud.com:8443
INFO 08-14 23:19:28 open_ai.py:115] async_send_request:request._id=326,session=94,127.0.0.1:8000
DEBUG 08-14 23:19:28 replica.py:171] complete_request_decode:num_saved_toekens=464
DEBUG 08-14 23:19:28 open_ai.py:452] good request:127.0.0.1:8000:good,request._id=64,input=158,output=460
DEBUG 08-14 23:19:28 open_ai.py:335] async_send_request: request finish prefill, 304
INFO 08-14 23:19:28 open_ai.py:352] async_send_request: prefill completed: req=304,replica_id=0
DEBUG 08-14 23:19:28 replica.py:146] complete_request_prefill: replica_id=[0], request=304, current_budget=158,last_prefill_completed_at=30614777.08279096,last_ttft=8.8166
DEBUG 08-14 23:19:28 replica.py:153] complete_request_prefill - replica_id=[0], request=304,self.replica_slo_budget-sum_pending_tokens==current_budget:True,1048576-663==1047913
DEBUG 08-14 23:19:28 open_ai.py:335] async_send_request: request finish prefill, 303
INFO 08-14 23:19:28 open_ai.py:352] async_send_request: prefill completed: req=303,replica_id=3
DEBUG 08-14 23:19:28 replica.py:146] complete_request_prefill: replica_id=[3], request=303, current_budget=150,last_prefill_completed_at=30614777.08826555,last_ttft=8.8223
DEBUG 08-14 23:19:28 replica.py:153] complete_request_prefill - replica_id=[3], request=303,self.replica_slo_budget-sum_pending_tokens==current_budget:True,1048576-991==1047585
DEBUG 08-14 23:19:28 open_ai.py:335] async_send_request: request finish prefill, 308
INFO 08-14 23:19:28 open_ai.py:352] async_send_request: prefill completed: req=308,replica_id=1
DEBUG 08-14 23:19:28 replica.py:146] complete_request_prefill: replica_id=[1], request=308, current_budget=360,last_prefill_completed_at=30614777.093649365,last_ttft=8.8258
DEBUG 08-14 23:19:28 replica.py:153] complete_request_prefill - replica_id=[1], request=308,self.replica_slo_budget-sum_pending_tokens==current_budget:True,1048576-1364==1047212
DEBUG 08-14 23:19:28 open_ai.py:335] async_send_request: request finish prefill, 300
INFO 08-14 23:19:28 open_ai.py:352] async_send_request: prefill completed: req=300,replica_id=4
DEBUG 08-14 23:19:28 replica.py:146] complete_request_prefill: replica_id=[4], request=300, current_budget=2165,last_prefill_completed_at=30614777.100605153,last_ttft=8.8348
DEBUG 08-14 23:19:28 replica.py:153] complete_request_prefill - replica_id=[4], request=300,self.replica_slo_budget-sum_pending_tokens==current_budget:True,1048576-1981==1046595
DEBUG 08-14 23:19:28 replica.py:171] complete_request_decode:num_saved_toekens=464
DEBUG 08-14 23:19:28 open_ai.py:452] good request:https://uu722127-b80a-4e3f9d5d.cqa1.seetacloud.com:8443:good,request._id=152,input=148,output=468
DEBUG 08-14 23:19:28 replica.py:171] complete_request_decode:num_saved_toekens=48
DEBUG 08-14 23:19:28 open_ai.py:335] async_send_request: request finish prefill, 296
INFO 08-14 23:19:28 open_ai.py:352] async_send_request: prefill completed: req=296,replica_id=2
DEBUG 08-14 23:19:28 replica.py:146] complete_request_prefill: replica_id=[2], request=296, current_budget=150,last_prefill_completed_at=30614777.117561467,last_ttft=8.8537
DEBUG 08-14 23:19:28 replica.py:153] complete_request_prefill - replica_id=[2], request=296,self.replica_slo_budget-sum_pending_tokens==current_budget:True,1048576-596==1047980
DEBUG 08-14 23:19:28 open_ai.py:335] async_send_request: request finish prefill, 306
INFO 08-14 23:19:28 open_ai.py:352] async_send_request: prefill completed: req=306,replica_id=4
DEBUG 08-14 23:19:28 replica.py:146] complete_request_prefill: replica_id=[4], request=306, current_budget=348,last_prefill_completed_at=30614777.124251373,last_ttft=8.8572
DEBUG 08-14 23:19:28 replica.py:153] complete_request_prefill - replica_id=[4], request=306,self.replica_slo_budget-sum_pending_tokens==current_budget:True,1048576-1633==1046943
DEBUG 08-14 23:19:28 open_ai.py:335] async_send_request: request finish prefill, 309
INFO 08-14 23:19:28 open_ai.py:352] async_send_request: prefill completed: req=309,replica_id=4
DEBUG 08-14 23:19:28 replica.py:146] complete_request_prefill: replica_id=[4], request=309, current_budget=349,last_prefill_completed_at=30614777.1296091,last_ttft=8.86
DEBUG 08-14 23:19:28 replica.py:153] complete_request_prefill - replica_id=[4], request=309,self.replica_slo_budget-sum_pending_tokens==current_budget:True,1048576-1284==1047292
DEBUG 08-14 23:19:28 open_ai.py:335] async_send_request: request finish prefill, 307
INFO 08-14 23:19:28 open_ai.py:352] async_send_request: prefill completed: req=307,replica_id=4
DEBUG 08-14 23:19:28 replica.py:146] complete_request_prefill: replica_id=[4], request=307, current_budget=378,last_prefill_completed_at=30614777.140517835,last_ttft=8.8732
DEBUG 08-14 23:19:28 replica.py:153] complete_request_prefill - replica_id=[4], request=307,self.replica_slo_budget-sum_pending_tokens==current_budget:True,1048576-906==1047670
DEBUG 08-14 23:19:29 metrics_store.py:131] update_metrics:request_id=242
DEBUG 08-14 23:19:29 open_ai.py:335] async_send_request: request finish prefill, 305
INFO 08-14 23:19:29 open_ai.py:352] async_send_request: prefill completed: req=305,replica_id=4
DEBUG 08-14 23:19:29 replica.py:146] complete_request_prefill: replica_id=[4], request=305, current_budget=355,last_prefill_completed_at=30614777.150668982,last_ttft=8.8844
DEBUG 08-14 23:19:29 replica.py:153] complete_request_prefill - replica_id=[4], request=305,self.replica_slo_budget-sum_pending_tokens==current_budget:True,1048576-551==1048025
DEBUG 08-14 23:19:29 metrics_store.py:131] update_metrics:request_id=272
DEBUG 08-14 23:19:29 shared.py:180] Removed task for request 242 on https://uu722127-b80a-4e3f9d5d.cqa1.seetacloud.com:8443
DEBUG 08-14 23:19:29 shared.py:180] Removed task for request 272 on 127.0.0.1:8000
DEBUG 08-14 23:19:29 open_ai.py:335] async_send_request: request finish prefill, 310
INFO 08-14 23:19:29 open_ai.py:352] async_send_request: prefill completed: req=310,replica_id=3
DEBUG 08-14 23:19:29 replica.py:146] complete_request_prefill: replica_id=[3], request=310, current_budget=369,last_prefill_completed_at=30614777.198253453,last_ttft=8.9251
DEBUG 08-14 23:19:29 replica.py:153] complete_request_prefill - replica_id=[3], request=310,self.replica_slo_budget-sum_pending_tokens==current_budget:True,1048576-622==1047954
DEBUG 08-14 23:19:29 open_ai.py:335] async_send_request: request finish prefill, 312
INFO 08-14 23:19:29 open_ai.py:352] async_send_request: prefill completed: req=312,replica_id=1
DEBUG 08-14 23:19:29 replica.py:146] complete_request_prefill: replica_id=[1], request=312, current_budget=158,last_prefill_completed_at=30614777.21233866,last_ttft=8.9371
DEBUG 08-14 23:19:29 replica.py:153] complete_request_prefill - replica_id=[1], request=312,self.replica_slo_budget-sum_pending_tokens==current_budget:True,1048576-1206==1047370
DEBUG 08-14 23:19:29 open_ai.py:335] async_send_request: request finish prefill, 317
INFO 08-14 23:19:29 open_ai.py:352] async_send_request: prefill completed: req=317,replica_id=0
DEBUG 08-14 23:19:29 replica.py:146] complete_request_prefill: replica_id=[0], request=317, current_budget=343,last_prefill_completed_at=30614777.219242536,last_ttft=8.943
DEBUG 08-14 23:19:29 replica.py:153] complete_request_prefill - replica_id=[0], request=317,self.replica_slo_budget-sum_pending_tokens==current_budget:True,1048576-320==1048256
INFO 08-14 23:19:29 shared.py:299] Adding task for request 330 to replica 3,session_id=107
DEBUG 08-14 23:19:29 replica.py:226] add_request - replica_id=[3], request=330,self.replica_slo_budget-sum_pending_tokens==current_budget:True,1048576-778==1047798
INFO 08-14 23:19:29 shared.py:299] Adding task for request 331 to replica 1,session_id=107
DEBUG 08-14 23:19:29 replica.py:226] add_request - replica_id=[1], request=331,self.replica_slo_budget-sum_pending_tokens==current_budget:True,1048576-1364==1047212
INFO 08-14 23:19:29 shared.py:299] Adding task for request 332 to replica 2,session_id=108
DEBUG 08-14 23:19:29 replica.py:226] add_request - replica_id=[2], request=332,self.replica_slo_budget-sum_pending_tokens==current_budget:True,1048576-760==1047816
INFO 08-14 23:19:29 shared.py:299] Adding task for request 333 to replica 4,session_id=115
DEBUG 08-14 23:19:29 replica.py:226] add_request - replica_id=[4], request=333,self.replica_slo_budget-sum_pending_tokens==current_budget:True,1048576-705==1047871
INFO 08-14 23:19:29 shared.py:299] Adding task for request 334 to replica 3,session_id=115
DEBUG 08-14 23:19:29 replica.py:226] add_request - replica_id=[3], request=334,self.replica_slo_budget-sum_pending_tokens==current_budget:True,1048576-932==1047644
INFO 08-14 23:19:29 shared.py:299] Adding task for request 335 to replica 0,session_id=119
DEBUG 08-14 23:19:29 replica.py:226] add_request - replica_id=[0], request=335,self.replica_slo_budget-sum_pending_tokens==current_budget:True,1048576-466==1048110
DEBUG 08-14 23:19:29 open_ai.py:335] async_send_request: request finish prefill, 302
INFO 08-14 23:19:29 open_ai.py:352] async_send_request: prefill completed: req=302,replica_id=2
DEBUG 08-14 23:19:29 replica.py:146] complete_request_prefill: replica_id=[2], request=302, current_budget=148,last_prefill_completed_at=30614777.309215236,last_ttft=9.0434
DEBUG 08-14 23:19:29 replica.py:153] complete_request_prefill - replica_id=[2], request=302,self.replica_slo_budget-sum_pending_tokens==current_budget:True,1048576-612==1047964
INFO 08-14 23:19:29 open_ai.py:115] async_send_request:request._id=330,session=107,https://uu722127-b80a-4e3f9d5d.cqa1.seetacloud.com:8443
INFO 08-14 23:19:29 open_ai.py:115] async_send_request:request._id=331,session=107,127.0.0.1:8001
INFO 08-14 23:19:29 open_ai.py:115] async_send_request:request._id=332,session=108,https://u722127-b80a-4e3f9d5d.cqa1.seetacloud.com:8443
INFO 08-14 23:19:29 open_ai.py:115] async_send_request:request._id=333,session=115,https://u722127-8cb5-f6dc13db.nmb1.seetacloud.com:8443
INFO 08-14 23:19:29 open_ai.py:115] async_send_request:request._id=334,session=115,https://uu722127-b80a-4e3f9d5d.cqa1.seetacloud.com:8443
INFO 08-14 23:19:29 open_ai.py:115] async_send_request:request._id=335,session=119,127.0.0.1:8000
DEBUG 08-14 23:19:29 replica.py:171] complete_request_decode:num_saved_toekens=224
DEBUG 08-14 23:19:29 open_ai.py:452] good request:127.0.0.1:8000:good,request._id=227,input=158,output=210
DEBUG 08-14 23:19:29 replica.py:171] complete_request_decode:num_saved_toekens=416
DEBUG 08-14 23:19:29 open_ai.py:452] good request:127.0.0.1:8000:good,request._id=136,input=156,output=406
DEBUG 08-14 23:19:29 open_ai.py:335] async_send_request: request finish prefill, 318
INFO 08-14 23:19:29 open_ai.py:352] async_send_request: prefill completed: req=318,replica_id=3
DEBUG 08-14 23:19:29 replica.py:146] complete_request_prefill: replica_id=[3], request=318, current_budget=160,last_prefill_completed_at=30614777.33797243,last_ttft=9.0602
DEBUG 08-14 23:19:29 replica.py:153] complete_request_prefill - replica_id=[3], request=318,self.replica_slo_budget-sum_pending_tokens==current_budget:True,1048576-772==1047804
DEBUG 08-14 23:19:29 open_ai.py:335] async_send_request: request finish prefill, 314
INFO 08-14 23:19:29 open_ai.py:352] async_send_request: prefill completed: req=314,replica_id=4
DEBUG 08-14 23:19:29 replica.py:146] complete_request_prefill: replica_id=[4], request=314, current_budget=369,last_prefill_completed_at=30614777.348507136,last_ttft=9.073
DEBUG 08-14 23:19:29 replica.py:153] complete_request_prefill - replica_id=[4], request=314,self.replica_slo_budget-sum_pending_tokens==current_budget:True,1048576-336==1048240
DEBUG 08-14 23:19:29 open_ai.py:335] async_send_request: request finish prefill, 319
INFO 08-14 23:19:29 open_ai.py:352] async_send_request: prefill completed: req=319,replica_id=1
DEBUG 08-14 23:19:29 replica.py:146] complete_request_prefill: replica_id=[1], request=319, current_budget=1038,last_prefill_completed_at=30614777.356811743,last_ttft=9.0771
DEBUG 08-14 23:19:29 replica.py:153] complete_request_prefill - replica_id=[1], request=319,self.replica_slo_budget-sum_pending_tokens==current_budget:True,1048576-326==1048250
DEBUG 08-14 23:19:29 open_ai.py:335] async_send_request: request finish prefill, 316
INFO 08-14 23:19:29 open_ai.py:352] async_send_request: prefill completed: req=316,replica_id=4
DEBUG 08-14 23:19:29 replica.py:146] complete_request_prefill: replica_id=[4], request=316, current_budget=182,last_prefill_completed_at=30614777.36593055,last_ttft=9.0899
DEBUG 08-14 23:19:29 replica.py:153] complete_request_prefill - replica_id=[4], request=316,self.replica_slo_budget-sum_pending_tokens==current_budget:True,1048576-154==1048422
DEBUG 08-14 23:19:29 open_ai.py:335] async_send_request: request finish prefill, 313
INFO 08-14 23:19:29 open_ai.py:352] async_send_request: prefill completed: req=313,replica_id=2
DEBUG 08-14 23:19:29 replica.py:146] complete_request_prefill: replica_id=[2], request=313, current_budget=148,last_prefill_completed_at=30614777.37477111,last_ttft=9.0995
DEBUG 08-14 23:19:29 replica.py:153] complete_request_prefill - replica_id=[2], request=313,self.replica_slo_budget-sum_pending_tokens==current_budget:True,1048576-464==1048112
DEBUG 08-14 23:19:29 replica.py:171] complete_request_decode:num_saved_toekens=48
DEBUG 08-14 23:19:29 open_ai.py:452] good request:127.0.0.1:8000:good,request._id=275,input=352,output=49
DEBUG 08-14 23:19:29 open_ai.py:335] async_send_request: request finish prefill, 311
INFO 08-14 23:19:29 open_ai.py:352] async_send_request: prefill completed: req=311,replica_id=3
DEBUG 08-14 23:19:29 replica.py:146] complete_request_prefill: replica_id=[3], request=311, current_budget=160,last_prefill_completed_at=30614777.389534537,last_ttft=9.1145
DEBUG 08-14 23:19:29 replica.py:153] complete_request_prefill - replica_id=[3], request=311,self.replica_slo_budget-sum_pending_tokens==current_budget:True,1048576-612==1047964
DEBUG 08-14 23:19:29 replica.py:171] complete_request_decode:num_saved_toekens=496
DEBUG 08-14 23:19:29 open_ai.py:452] good request:https://u722127-b80a-4e3f9d5d.cqa1.seetacloud.com:8443:good,request._id=168,input=152,output=500
DEBUG 08-14 23:19:29 metrics_store.py:131] update_metrics:request_id=64
DEBUG 08-14 23:19:29 replica.py:171] complete_request_decode:num_saved_toekens=576
DEBUG 08-14 23:19:29 open_ai.py:452] good request:https://uu722127-b80a-4e3f9d5d.cqa1.seetacloud.com:8443:good,request._id=66,input=154,output=578
DEBUG 08-14 23:19:29 metrics_store.py:131] update_metrics:request_id=152
DEBUG 08-14 23:19:29 shared.py:180] Removed task for request 64 on 127.0.0.1:8000
DEBUG 08-14 23:19:29 shared.py:180] Removed task for request 152 on https://uu722127-b80a-4e3f9d5d.cqa1.seetacloud.com:8443
DEBUG 08-14 23:19:29 replica.py:171] complete_request_decode:num_saved_toekens=48
DEBUG 08-14 23:19:29 open_ai.py:452] good request:127.0.0.1:8000:good,request._id=289,input=345,output=40
DEBUG 08-14 23:19:29 open_ai.py:335] async_send_request: request finish prefill, 326
INFO 08-14 23:19:29 open_ai.py:352] async_send_request: prefill completed: req=326,replica_id=0
DEBUG 08-14 23:19:29 replica.py:146] complete_request_prefill: replica_id=[0], request=326, current_budget=152,last_prefill_completed_at=30614777.463621147,last_ttft=9.1801
DEBUG 08-14 23:19:29 replica.py:153] complete_request_prefill - replica_id=[0], request=326,self.replica_slo_budget-sum_pending_tokens==current_budget:True,1048576-314==1048262
DEBUG 08-14 23:19:29 open_ai.py:335] async_send_request: request finish prefill, 321
INFO 08-14 23:19:29 open_ai.py:352] async_send_request: prefill completed: req=321,replica_id=0
DEBUG 08-14 23:19:29 replica.py:146] complete_request_prefill: replica_id=[0], request=321, current_budget=168,last_prefill_completed_at=30614777.471527506,last_ttft=9.1912
DEBUG 08-14 23:19:29 replica.py:153] complete_request_prefill - replica_id=[0], request=321,self.replica_slo_budget-sum_pending_tokens==current_budget:True,1048576-146==1048430
DEBUG 08-14 23:19:29 open_ai.py:335] async_send_request: request finish prefill, 322
INFO 08-14 23:19:29 open_ai.py:352] async_send_request: prefill completed: req=322,replica_id=1
DEBUG 08-14 23:19:29 replica.py:146] complete_request_prefill: replica_id=[1], request=322, current_budget=168,last_prefill_completed_at=30614777.48461655,last_ttft=9.2037
DEBUG 08-14 23:19:29 replica.py:153] complete_request_prefill - replica_id=[1], request=322,self.replica_slo_budget-sum_pending_tokens==current_budget:True,1048576-158==1048418
DEBUG 08-14 23:19:29 open_ai.py:452] good request:https://u722127-8cb5-f6dc13db.nmb1.seetacloud.com:8443:good,request._id=260,input=365,output=47
INFO 08-14 23:19:29 shared.py:299] Adding task for request 340 to replica 3,session_id=99
DEBUG 08-14 23:19:29 replica.py:226] add_request - replica_id=[3], request=340,self.replica_slo_budget-sum_pending_tokens==current_budget:True,1048576-772==1047804
INFO 08-14 23:19:29 shared.py:299] Adding task for request 341 to replica 0,session_id=99
DEBUG 08-14 23:19:29 replica.py:226] add_request - replica_id=[0], request=341,self.replica_slo_budget-sum_pending_tokens==current_budget:True,1048576-294==1048282
INFO 08-14 23:19:29 shared.py:299] Adding task for request 342 to replica 2,session_id=99
DEBUG 08-14 23:19:29 replica.py:226] add_request - replica_id=[2], request=342,self.replica_slo_budget-sum_pending_tokens==current_budget:True,1048576-616==1047960
INFO 08-14 23:19:29 shared.py:299] Adding task for request 344 to replica 1,session_id=104
DEBUG 08-14 23:19:29 replica.py:226] add_request - replica_id=[1], request=344,self.replica_slo_budget-sum_pending_tokens==current_budget:True,1048576-306==1048270
INFO 08-14 23:19:29 shared.py:299] Adding task for request 346 to replica 3,session_id=110
DEBUG 08-14 23:19:29 replica.py:226] add_request - replica_id=[3], request=346,self.replica_slo_budget-sum_pending_tokens==current_budget:True,1048576-926==1047650
INFO 08-14 23:19:29 shared.py:299] Adding task for request 347 to replica 0,session_id=118
DEBUG 08-14 23:19:29 replica.py:226] add_request - replica_id=[0], request=347,self.replica_slo_budget-sum_pending_tokens==current_budget:True,1048576-452==1048124
INFO 08-14 23:19:29 shared.py:299] Adding task for request 348 to replica 4,session_id=120
DEBUG 08-14 23:19:29 replica.py:226] add_request - replica_id=[4], request=348,self.replica_slo_budget-sum_pending_tokens==current_budget:True,1048576-316==1048260
INFO 08-14 23:19:29 open_ai.py:115] async_send_request:request._id=340,session=99,https://uu722127-b80a-4e3f9d5d.cqa1.seetacloud.com:8443
INFO 08-14 23:19:29 open_ai.py:115] async_send_request:request._id=341,session=99,127.0.0.1:8000
INFO 08-14 23:19:29 open_ai.py:115] async_send_request:request._id=342,session=99,https://u722127-b80a-4e3f9d5d.cqa1.seetacloud.com:8443
INFO 08-14 23:19:29 open_ai.py:115] async_send_request:request._id=344,session=104,127.0.0.1:8001
INFO 08-14 23:19:29 open_ai.py:115] async_send_request:request._id=346,session=110,https://uu722127-b80a-4e3f9d5d.cqa1.seetacloud.com:8443
INFO 08-14 23:19:29 open_ai.py:115] async_send_request:request._id=347,session=118,127.0.0.1:8000
INFO 08-14 23:19:29 open_ai.py:115] async_send_request:request._id=348,session=120,https://u722127-8cb5-f6dc13db.nmb1.seetacloud.com:8443
INFO 08-14 23:19:29 shared.py:299] Adding task for request 349 to replica 2,session_id=131
DEBUG 08-14 23:19:29 replica.py:226] add_request - replica_id=[2], request=349,self.replica_slo_budget-sum_pending_tokens==current_budget:True,1048576-760==1047816
DEBUG 08-14 23:19:29 open_ai.py:335] async_send_request: request finish prefill, 325
INFO 08-14 23:19:29 open_ai.py:352] async_send_request: prefill completed: req=325,replica_id=2
DEBUG 08-14 23:19:29 replica.py:146] complete_request_prefill: replica_id=[2], request=325, current_budget=152,last_prefill_completed_at=30614777.626635633,last_ttft=9.3435
DEBUG 08-14 23:19:29 replica.py:153] complete_request_prefill - replica_id=[2], request=325,self.replica_slo_budget-sum_pending_tokens==current_budget:True,1048576-608==1047968
DEBUG 08-14 23:19:29 replica.py:171] complete_request_decode:num_saved_toekens=48
DEBUG 08-14 23:19:29 open_ai.py:452] good request:https://u722127-8cb5-f6dc13db.nmb1.seetacloud.com:8443:good,request._id=273,input=350,output=39
DEBUG 08-14 23:19:29 replica.py:171] complete_request_decode:num_saved_toekens=32
DEBUG 08-14 23:19:29 open_ai.py:452] good request:https://u722127-8cb5-f6dc13db.nmb1.seetacloud.com:8443:good,request._id=286,input=344,output=24
INFO 08-14 23:19:29 open_ai.py:115] async_send_request:request._id=349,session=131,https://u722127-b80a-4e3f9d5d.cqa1.seetacloud.com:8443
DEBUG 08-14 23:19:29 metrics_store.py:131] update_metrics:request_id=227
DEBUG 08-14 23:19:29 metrics_store.py:131] update_metrics:request_id=136
DEBUG 08-14 23:19:29 metrics_store.py:131] update_metrics:request_id=275
DEBUG 08-14 23:19:29 shared.py:180] Removed task for request 227 on 127.0.0.1:8000
DEBUG 08-14 23:19:29 metrics_store.py:131] update_metrics:request_id=168
DEBUG 08-14 23:19:29 shared.py:180] Removed task for request 136 on 127.0.0.1:8000
DEBUG 08-14 23:19:29 metrics_store.py:131] update_metrics:request_id=66
DEBUG 08-14 23:19:29 shared.py:180] Removed task for request 275 on 127.0.0.1:8000
DEBUG 08-14 23:19:29 metrics_store.py:131] update_metrics:request_id=289
DEBUG 08-14 23:19:29 shared.py:180] Removed task for request 168 on https://u722127-b80a-4e3f9d5d.cqa1.seetacloud.com:8443
DEBUG 08-14 23:19:29 metrics_store.py:131] update_metrics:request_id=260
DEBUG 08-14 23:19:29 shared.py:180] Removed task for request 66 on https://uu722127-b80a-4e3f9d5d.cqa1.seetacloud.com:8443
DEBUG 08-14 23:19:29 open_ai.py:335] async_send_request: request finish prefill, 331
INFO 08-14 23:19:29 open_ai.py:352] async_send_request: prefill completed: req=331,replica_id=1
DEBUG 08-14 23:19:29 replica.py:146] complete_request_prefill: replica_id=[1], request=331, current_budget=158,last_prefill_completed_at=30614777.733289253,last_ttft=9.4426
DEBUG 08-14 23:19:29 replica.py:153] complete_request_prefill - replica_id=[1], request=331,self.replica_slo_budget-sum_pending_tokens==current_budget:True,1048576-148==1048428
DEBUG 08-14 23:19:29 shared.py:180] Removed task for request 289 on 127.0.0.1:8000
DEBUG 08-14 23:19:29 shared.py:180] Removed task for request 260 on https://u722127-8cb5-f6dc13db.nmb1.seetacloud.com:8443
DEBUG 08-14 23:19:29 open_ai.py:335] async_send_request: request finish prefill, 335
INFO 08-14 23:19:29 open_ai.py:352] async_send_request: prefill completed: req=335,replica_id=0
DEBUG 08-14 23:19:29 replica.py:146] complete_request_prefill: replica_id=[0], request=335, current_budget=146,last_prefill_completed_at=30614777.799198303,last_ttft=9.5056
DEBUG 08-14 23:19:29 replica.py:153] complete_request_prefill - replica_id=[0], request=335,self.replica_slo_budget-sum_pending_tokens==current_budget:True,1048576-306==1048270
DEBUG 08-14 23:19:29 replica.py:171] complete_request_decode:num_saved_toekens=48
DEBUG 08-14 23:19:29 open_ai.py:452] good request:127.0.0.1:8001:good,request._id=291,input=352,output=51
DEBUG 08-14 23:19:29 open_ai.py:335] async_send_request: request finish prefill, 330
INFO 08-14 23:19:29 open_ai.py:352] async_send_request: prefill completed: req=330,replica_id=3
DEBUG 08-14 23:19:29 replica.py:146] complete_request_prefill: replica_id=[3], request=330, current_budget=156,last_prefill_completed_at=30614777.83065251,last_ttft=9.5402
DEBUG 08-14 23:19:29 replica.py:153] complete_request_prefill - replica_id=[3], request=330,self.replica_slo_budget-sum_pending_tokens==current_budget:True,1048576-770==1047806
DEBUG 08-14 23:19:29 open_ai.py:335] async_send_request: request finish prefill, 323
INFO 08-14 23:19:29 open_ai.py:352] async_send_request: prefill completed: req=323,replica_id=3
DEBUG 08-14 23:19:29 replica.py:146] complete_request_prefill: replica_id=[3], request=323, current_budget=160,last_prefill_completed_at=30614777.840643585,last_ttft=9.5597
DEBUG 08-14 23:19:29 replica.py:153] complete_request_prefill - replica_id=[3], request=323,self.replica_slo_budget-sum_pending_tokens==current_budget:True,1048576-610==1047966
DEBUG 08-14 23:19:29 open_ai.py:335] async_send_request: request finish prefill, 324
INFO 08-14 23:19:29 open_ai.py:352] async_send_request: prefill completed: req=324,replica_id=3
DEBUG 08-14 23:19:29 replica.py:146] complete_request_prefill: replica_id=[3], request=324, current_budget=142,last_prefill_completed_at=30614777.84906124,last_ttft=9.5674
DEBUG 08-14 23:19:29 replica.py:153] complete_request_prefill - replica_id=[3], request=324,self.replica_slo_budget-sum_pending_tokens==current_budget:True,1048576-468==1048108
DEBUG 08-14 23:19:29 replica.py:171] complete_request_decode:num_saved_toekens=32
DEBUG 08-14 23:19:29 open_ai.py:452] good request:127.0.0.1:8000:good,request._id=317,input=343,output=32
DEBUG 08-14 23:19:29 open_ai.py:335] async_send_request: request finish prefill, 333
INFO 08-14 23:19:29 open_ai.py:352] async_send_request: prefill completed: req=333,replica_id=4
DEBUG 08-14 23:19:29 replica.py:146] complete_request_prefill: replica_id=[4], request=333, current_budget=154,last_prefill_completed_at=30614777.8598002,last_ttft=9.5671
DEBUG 08-14 23:19:29 replica.py:153] complete_request_prefill - replica_id=[4], request=333,self.replica_slo_budget-sum_pending_tokens==current_budget:True,1048576-162==1048414
DEBUG 08-14 23:19:29 replica.py:171] complete_request_decode:num_saved_toekens=32
DEBUG 08-14 23:19:29 open_ai.py:452] good request:https://u722127-8cb5-f6dc13db.nmb1.seetacloud.com:8443:good,request._id=284,input=348,output=26
INFO 08-14 23:19:29 shared.py:299] Adding task for request 350 to replica 0,session_id=128
DEBUG 08-14 23:19:29 replica.py:226] add_request - replica_id=[0], request=350,self.replica_slo_budget-sum_pending_tokens==current_budget:True,1048576-466==1048110
INFO 08-14 23:19:29 shared.py:299] Adding task for request 351 to replica 3,session_id=122
DEBUG 08-14 23:19:29 replica.py:226] add_request - replica_id=[3], request=351,self.replica_slo_budget-sum_pending_tokens==current_budget:True,1048576-628==1047948
INFO 08-14 23:19:29 shared.py:299] Adding task for request 352 to replica 0,session_id=127
DEBUG 08-14 23:19:29 replica.py:226] add_request - replica_id=[0], request=352,self.replica_slo_budget-sum_pending_tokens==current_budget:True,1048576-613==1047963
INFO 08-14 23:19:29 shared.py:299] Adding task for request 353 to replica 2,session_id=111
DEBUG 08-14 23:19:29 replica.py:226] add_request - replica_id=[2], request=353,self.replica_slo_budget-sum_pending_tokens==current_budget:True,1048576-780==1047796
INFO 08-14 23:19:29 shared.py:299] Adding task for request 354 to replica 1,session_id=111
DEBUG 08-14 23:19:29 replica.py:226] add_request - replica_id=[1], request=354,self.replica_slo_budget-sum_pending_tokens==current_budget:True,1048576-320==1048256
INFO 08-14 23:19:29 shared.py:299] Adding task for request 355 to replica 3,session_id=112
DEBUG 08-14 23:19:29 replica.py:226] add_request - replica_id=[3], request=355,self.replica_slo_budget-sum_pending_tokens==current_budget:True,1048576-808==1047768
INFO 08-14 23:19:29 shared.py:299] Adding task for request 356 to replica 0,session_id=112
DEBUG 08-14 23:19:29 replica.py:226] add_request - replica_id=[0], request=356,self.replica_slo_budget-sum_pending_tokens==current_budget:True,1048576-789==1047787
INFO 08-14 23:19:29 shared.py:299] Adding task for request 357 to replica 2,session_id=124
DEBUG 08-14 23:19:29 replica.py:226] add_request - replica_id=[2], request=357,self.replica_slo_budget-sum_pending_tokens==current_budget:True,1048576-965==1047611
INFO 08-14 23:19:29 shared.py:299] Adding task for request 358 to replica 3,session_id=126
DEBUG 08-14 23:19:29 replica.py:226] add_request - replica_id=[3], request=358,self.replica_slo_budget-sum_pending_tokens==current_budget:True,1048576-968==1047608
INFO 08-14 23:19:29 open_ai.py:115] async_send_request:request._id=350,session=128,127.0.0.1:8000
INFO 08-14 23:19:29 open_ai.py:115] async_send_request:request._id=351,session=122,https://uu722127-b80a-4e3f9d5d.cqa1.seetacloud.com:8443
INFO 08-14 23:19:29 open_ai.py:115] async_send_request:request._id=352,session=127,127.0.0.1:8000
INFO 08-14 23:19:29 open_ai.py:115] async_send_request:request._id=353,session=111,https://u722127-b80a-4e3f9d5d.cqa1.seetacloud.com:8443
INFO 08-14 23:19:29 open_ai.py:115] async_send_request:request._id=354,session=111,127.0.0.1:8001
INFO 08-14 23:19:29 open_ai.py:115] async_send_request:request._id=355,session=112,https://uu722127-b80a-4e3f9d5d.cqa1.seetacloud.com:8443
INFO 08-14 23:19:29 open_ai.py:115] async_send_request:request._id=356,session=112,127.0.0.1:8000
INFO 08-14 23:19:29 open_ai.py:115] async_send_request:request._id=357,session=124,https://u722127-b80a-4e3f9d5d.cqa1.seetacloud.com:8443
INFO 08-14 23:19:29 open_ai.py:115] async_send_request:request._id=358,session=126,https://uu722127-b80a-4e3f9d5d.cqa1.seetacloud.com:8443
DEBUG 08-14 23:19:29 replica.py:171] complete_request_decode:num_saved_toekens=592
DEBUG 08-14 23:19:29 replica.py:171] complete_request_decode:num_saved_toekens=80
DEBUG 08-14 23:19:29 open_ai.py:335] async_send_request: request finish prefill, 332
INFO 08-14 23:19:29 open_ai.py:352] async_send_request: prefill completed: req=332,replica_id=2
DEBUG 08-14 23:19:29 replica.py:146] complete_request_prefill: replica_id=[2], request=332, current_budget=164,last_prefill_completed_at=30614778.028692458,last_ttft=9.7366
DEBUG 08-14 23:19:29 replica.py:153] complete_request_prefill - replica_id=[2], request=332,self.replica_slo_budget-sum_pending_tokens==current_budget:True,1048576-801==1047775
DEBUG 08-14 23:19:29 open_ai.py:335] async_send_request: request finish prefill, 334
INFO 08-14 23:19:29 open_ai.py:352] async_send_request: prefill completed: req=334,replica_id=3
DEBUG 08-14 23:19:29 replica.py:146] complete_request_prefill: replica_id=[3], request=334, current_budget=154,last_prefill_completed_at=30614778.03718601,last_ttft=9.7442
DEBUG 08-14 23:19:29 replica.py:153] complete_request_prefill - replica_id=[3], request=334,self.replica_slo_budget-sum_pending_tokens==current_budget:True,1048576-814==1047762
DEBUG 08-14 23:19:29 replica.py:171] complete_request_decode:num_saved_toekens=32
DEBUG 08-14 23:19:29 open_ai.py:452] good request:https://u722127-8cb5-f6dc13db.nmb1.seetacloud.com:8443:good,request._id=285,input=355,output=38
DEBUG 08-14 23:19:29 replica.py:171] complete_request_decode:num_saved_toekens=48
DEBUG 08-14 23:19:29 open_ai.py:452] good request:127.0.0.1:8001:good,request._id=308,input=360,output=51
DEBUG 08-14 23:19:29 replica.py:171] complete_request_decode:num_saved_toekens=528
DEBUG 08-14 23:19:29 open_ai.py:452] good request:127.0.0.1:8001:good,request._id=63,input=154,output=525
DEBUG 08-14 23:19:29 replica.py:171] complete_request_decode:num_saved_toekens=48
DEBUG 08-14 23:19:29 open_ai.py:452] good request:https://u722127-8cb5-f6dc13db.nmb1.seetacloud.com:8443:good,request._id=283,input=367,output=40
DEBUG 08-14 23:19:29 replica.py:171] complete_request_decode:num_saved_toekens=32
DEBUG 08-14 23:19:29 open_ai.py:452] good request:https://u722127-8cb5-f6dc13db.nmb1.seetacloud.com:8443:good,request._id=309,input=349,output=33
DEBUG 08-14 23:19:29 replica.py:171] complete_request_decode:num_saved_toekens=48
DEBUG 08-14 23:19:29 open_ai.py:452] good request:https://u722127-8cb5-f6dc13db.nmb1.seetacloud.com:8443:good,request._id=281,input=938,output=40
DEBUG 08-14 23:19:29 replica.py:171] complete_request_decode:num_saved_toekens=112
DEBUG 08-14 23:19:29 open_ai.py:452] good request:https://u722127-b80a-4e3f9d5d.cqa1.seetacloud.com:8443:good,request._id=196,input=156,output=103
DEBUG 08-14 23:19:29 replica.py:171] complete_request_decode:num_saved_toekens=32
DEBUG 08-14 23:19:29 open_ai.py:452] good request:https://u722127-8cb5-f6dc13db.nmb1.seetacloud.com:8443:good,request._id=299,input=770,output=38
DEBUG 08-14 23:19:29 open_ai.py:452] good request:https://u722127-8cb5-f6dc13db.nmb1.seetacloud.com:8443:good,request._id=262,input=357,output=78
DEBUG 08-14 23:19:29 metrics_store.py:131] update_metrics:request_id=273
DEBUG 08-14 23:19:29 metrics_store.py:131] update_metrics:request_id=286
DEBUG 08-14 23:19:29 shared.py:180] Removed task for request 273 on https://u722127-8cb5-f6dc13db.nmb1.seetacloud.com:8443
DEBUG 08-14 23:19:29 metrics_store.py:131] update_metrics:request_id=291
DEBUG 08-14 23:19:29 shared.py:180] Removed task for request 286 on https://u722127-8cb5-f6dc13db.nmb1.seetacloud.com:8443
DEBUG 08-14 23:19:29 metrics_store.py:131] update_metrics:request_id=317
DEBUG 08-14 23:19:29 metrics_store.py:131] update_metrics:request_id=284
DEBUG 08-14 23:19:29 shared.py:180] Removed task for request 291 on 127.0.0.1:8001
DEBUG 08-14 23:19:29 replica.py:171] complete_request_decode:num_saved_toekens=32
DEBUG 08-14 23:19:29 shared.py:180] Removed task for request 317 on 127.0.0.1:8000
DEBUG 08-14 23:19:29 open_ai.py:335] async_send_request: request finish prefill, 341
INFO 08-14 23:19:29 open_ai.py:352] async_send_request: prefill completed: req=341,replica_id=0
DEBUG 08-14 23:19:29 replica.py:146] complete_request_prefill: replica_id=[0], request=341, current_budget=148,last_prefill_completed_at=30614778.145963486,last_ttft=9.8457
DEBUG 08-14 23:19:29 replica.py:153] complete_request_prefill - replica_id=[0], request=341,self.replica_slo_budget-sum_pending_tokens==current_budget:True,1048576-641==1047935
DEBUG 08-14 23:19:30 shared.py:180] Removed task for request 284 on https://u722127-8cb5-f6dc13db.nmb1.seetacloud.com:8443
DEBUG 08-14 23:19:30 replica.py:171] complete_request_decode:num_saved_toekens=64
DEBUG 08-14 23:19:30 replica.py:171] complete_request_decode:num_saved_toekens=48
DEBUG 08-14 23:19:30 open_ai.py:452] good request:https://u722127-8cb5-f6dc13db.nmb1.seetacloud.com:8443:good,request._id=306,input=348,output=36
DEBUG 08-14 23:19:30 open_ai.py:335] async_send_request: request finish prefill, 348
INFO 08-14 23:19:30 open_ai.py:352] async_send_request: prefill completed: req=348,replica_id=4
DEBUG 08-14 23:19:30 replica.py:146] complete_request_prefill: replica_id=[4], request=348, current_budget=162,last_prefill_completed_at=30614778.197425786,last_ttft=9.8888
DEBUG 08-14 23:19:30 replica.py:153] complete_request_prefill - replica_id=[4], request=348,self.replica_slo_budget-sum_pending_tokens==current_budget:True,1048576-0==1048576
DEBUG 08-14 23:19:30 open_ai.py:335] async_send_request: request finish prefill, 344
INFO 08-14 23:19:30 open_ai.py:352] async_send_request: prefill completed: req=344,replica_id=1
DEBUG 08-14 23:19:30 replica.py:146] complete_request_prefill: replica_id=[1], request=344, current_budget=148,last_prefill_completed_at=30614778.207042545,last_ttft=9.9038
DEBUG 08-14 23:19:30 replica.py:153] complete_request_prefill - replica_id=[1], request=344,self.replica_slo_budget-sum_pending_tokens==current_budget:True,1048576-172==1048404
DEBUG 08-14 23:19:30 open_ai.py:335] async_send_request: request finish prefill, 347
INFO 08-14 23:19:30 open_ai.py:352] async_send_request: prefill completed: req=347,replica_id=0
DEBUG 08-14 23:19:30 replica.py:146] complete_request_prefill: replica_id=[0], request=347, current_budget=158,last_prefill_completed_at=30614778.218527418,last_ttft=9.9122
DEBUG 08-14 23:19:30 replica.py:153] complete_request_prefill - replica_id=[0], request=347,self.replica_slo_budget-sum_pending_tokens==current_budget:True,1048576-483==1048093
DEBUG 08-14 23:19:30 open_ai.py:335] async_send_request: request finish prefill, 346
INFO 08-14 23:19:30 open_ai.py:352] async_send_request: prefill completed: req=346,replica_id=3
DEBUG 08-14 23:19:30 replica.py:146] complete_request_prefill: replica_id=[3], request=346, current_budget=154,last_prefill_completed_at=30614778.22946215,last_ttft=9.9241
DEBUG 08-14 23:19:30 replica.py:153] complete_request_prefill - replica_id=[3], request=346,self.replica_slo_budget-sum_pending_tokens==current_budget:True,1048576-660==1047916
DEBUG 08-14 23:19:30 open_ai.py:335] async_send_request: request finish prefill, 349
INFO 08-14 23:19:30 open_ai.py:352] async_send_request: prefill completed: req=349,replica_id=2
DEBUG 08-14 23:19:30 replica.py:146] complete_request_prefill: replica_id=[2], request=349, current_budget=144,last_prefill_completed_at=30614778.246099982,last_ttft=9.9364
DEBUG 08-14 23:19:30 replica.py:153] complete_request_prefill - replica_id=[2], request=349,self.replica_slo_budget-sum_pending_tokens==current_budget:True,1048576-657==1047919
DEBUG 08-14 23:19:30 replica.py:171] complete_request_decode:num_saved_toekens=592
DEBUG 08-14 23:19:30 open_ai.py:452] good request:https://u722127-b80a-4e3f9d5d.cqa1.seetacloud.com:8443:good,request._id=147,input=158,output=579
DEBUG 08-14 23:19:30 replica.py:171] complete_request_decode:num_saved_toekens=48
DEBUG 08-14 23:19:30 open_ai.py:452] good request:https://u722127-8cb5-f6dc13db.nmb1.seetacloud.com:8443:good,request._id=282,input=346,output=48
INFO 08-14 23:19:30 shared.py:299] Adding task for request 361 to replica 4,session_id=135
DEBUG 08-14 23:19:30 replica.py:226] add_request - replica_id=[4], request=361,self.replica_slo_budget-sum_pending_tokens==current_budget:True,1048576-152==1048424
INFO 08-14 23:19:30 shared.py:299] Adding task for request 363 to replica 1,session_id=11
DEBUG 08-14 23:19:30 replica.py:226] add_request - replica_id=[1], request=363,self.replica_slo_budget-sum_pending_tokens==current_budget:True,1048576-959==1047617
INFO 08-14 23:19:30 shared.py:299] Adding task for request 364 to replica 2,session_id=123
DEBUG 08-14 23:19:30 replica.py:226] add_request - replica_id=[2], request=364,self.replica_slo_budget-sum_pending_tokens==current_budget:True,1048576-825==1047751
INFO 08-14 23:19:30 shared.py:299] Adding task for request 365 to replica 0,session_id=123
DEBUG 08-14 23:19:30 replica.py:226] add_request - replica_id=[0], request=365,self.replica_slo_budget-sum_pending_tokens==current_budget:True,1048576-643==1047933
INFO 08-14 23:19:30 shared.py:299] Adding task for request 366 to replica 3,session_id=123
DEBUG 08-14 23:19:30 replica.py:226] add_request - replica_id=[3], request=366,self.replica_slo_budget-sum_pending_tokens==current_budget:True,1048576-816==1047760
INFO 08-14 23:19:30 shared.py:299] Adding task for request 368 to replica 1,session_id=134
DEBUG 08-14 23:19:30 replica.py:226] add_request - replica_id=[1], request=368,self.replica_slo_budget-sum_pending_tokens==current_budget:True,1048576-1121==1047455
INFO 08-14 23:19:30 open_ai.py:115] async_send_request:request._id=361,session=135,https://u722127-8cb5-f6dc13db.nmb1.seetacloud.com:8443
INFO 08-14 23:19:30 open_ai.py:115] async_send_request:request._id=363,session=11,127.0.0.1:8001
INFO 08-14 23:19:30 open_ai.py:115] async_send_request:request._id=364,session=123,https://u722127-b80a-4e3f9d5d.cqa1.seetacloud.com:8443
INFO 08-14 23:19:30 open_ai.py:115] async_send_request:request._id=365,session=123,127.0.0.1:8000
INFO 08-14 23:19:30 open_ai.py:115] async_send_request:request._id=366,session=123,https://uu722127-b80a-4e3f9d5d.cqa1.seetacloud.com:8443
INFO 08-14 23:19:30 open_ai.py:115] async_send_request:request._id=368,session=134,127.0.0.1:8001
DEBUG 08-14 23:19:30 replica.py:171] complete_request_decode:num_saved_toekens=352
DEBUG 08-14 23:19:30 open_ai.py:452] good request:https://u722127-b80a-4e3f9d5d.cqa1.seetacloud.com:8443:good,request._id=226,input=152,output=349
DEBUG 08-14 23:19:30 replica.py:171] complete_request_decode:num_saved_toekens=80
DEBUG 08-14 23:19:30 open_ai.py:452] good request:127.0.0.1:8001:good,request._id=292,input=640,output=82
DEBUG 08-14 23:19:30 open_ai.py:335] async_send_request: request finish prefill, 342
INFO 08-14 23:19:30 open_ai.py:352] async_send_request: prefill completed: req=342,replica_id=2
DEBUG 08-14 23:19:30 replica.py:146] complete_request_prefill: replica_id=[2], request=342, current_budget=152,last_prefill_completed_at=30614778.43923681,last_ttft=10.1388
DEBUG 08-14 23:19:30 replica.py:153] complete_request_prefill - replica_id=[2], request=342,self.replica_slo_budget-sum_pending_tokens==current_budget:True,1048576-673==1047903
DEBUG 08-14 23:19:30 replica.py:171] complete_request_decode:num_saved_toekens=48
DEBUG 08-14 23:19:30 open_ai.py:452] good request:https://u722127-8cb5-f6dc13db.nmb1.seetacloud.com:8443:good,request._id=279,input=346,output=51
DEBUG 08-14 23:19:30 open_ai.py:335] async_send_request: request finish prefill, 340
INFO 08-14 23:19:30 open_ai.py:352] async_send_request: prefill completed: req=340,replica_id=3
DEBUG 08-14 23:19:30 replica.py:146] complete_request_prefill: replica_id=[3], request=340, current_budget=160,last_prefill_completed_at=30614778.457593232,last_ttft=10.1577
DEBUG 08-14 23:19:30 replica.py:153] complete_request_prefill - replica_id=[3], request=340,self.replica_slo_budget-sum_pending_tokens==current_budget:True,1048576-656==1047920
DEBUG 08-14 23:19:30 open_ai.py:335] async_send_request: request finish prefill, 350
INFO 08-14 23:19:30 open_ai.py:352] async_send_request: prefill completed: req=350,replica_id=0
DEBUG 08-14 23:19:30 replica.py:146] complete_request_prefill: replica_id=[0], request=350, current_budget=160,last_prefill_completed_at=30614778.48063528,last_ttft=10.1701
DEBUG 08-14 23:19:30 replica.py:153] complete_request_prefill - replica_id=[0], request=350,self.replica_slo_budget-sum_pending_tokens==current_budget:True,1048576-483==1048093
DEBUG 08-14 23:19:30 open_ai.py:452] good request:https://uu722127-b80a-4e3f9d5d.cqa1.seetacloud.com:8443:good,request._id=80,input=146,output=593
DEBUG 08-14 23:19:30 metrics_store.py:131] update_metrics:request_id=285
DEBUG 08-14 23:19:30 metrics_store.py:131] update_metrics:request_id=308
DEBUG 08-14 23:19:30 metrics_store.py:131] update_metrics:request_id=63
DEBUG 08-14 23:19:30 shared.py:180] Removed task for request 285 on https://u722127-8cb5-f6dc13db.nmb1.seetacloud.com:8443
DEBUG 08-14 23:19:30 metrics_store.py:131] update_metrics:request_id=283
DEBUG 08-14 23:19:30 shared.py:180] Removed task for request 308 on 127.0.0.1:8001
DEBUG 08-14 23:19:30 metrics_store.py:131] update_metrics:request_id=309
DEBUG 08-14 23:19:30 shared.py:180] Removed task for request 63 on 127.0.0.1:8001
DEBUG 08-14 23:19:30 metrics_store.py:131] update_metrics:request_id=281
DEBUG 08-14 23:19:30 shared.py:180] Removed task for request 283 on https://u722127-8cb5-f6dc13db.nmb1.seetacloud.com:8443
DEBUG 08-14 23:19:30 open_ai.py:335] async_send_request: request finish prefill, 354
INFO 08-14 23:19:30 open_ai.py:352] async_send_request: prefill completed: req=354,replica_id=1
DEBUG 08-14 23:19:30 replica.py:146] complete_request_prefill: replica_id=[1], request=354, current_budget=172,last_prefill_completed_at=30614778.59000829,last_ttft=10.2761
DEBUG 08-14 23:19:30 replica.py:153] complete_request_prefill - replica_id=[1], request=354,self.replica_slo_budget-sum_pending_tokens==current_budget:True,1048576-949==1047627
DEBUG 08-14 23:19:30 metrics_store.py:131] update_metrics:request_id=196
DEBUG 08-14 23:19:30 shared.py:180] Removed task for request 309 on https://u722127-8cb5-f6dc13db.nmb1.seetacloud.com:8443
DEBUG 08-14 23:19:30 open_ai.py:335] async_send_request: request finish prefill, 352
INFO 08-14 23:19:30 open_ai.py:352] async_send_request: prefill completed: req=352,replica_id=0
DEBUG 08-14 23:19:30 replica.py:146] complete_request_prefill: replica_id=[0], request=352, current_budget=147,last_prefill_completed_at=30614778.626249567,last_ttft=10.3138
DEBUG 08-14 23:19:30 replica.py:153] complete_request_prefill - replica_id=[0], request=352,self.replica_slo_budget-sum_pending_tokens==current_budget:True,1048576-336==1048240
DEBUG 08-14 23:19:30 open_ai.py:335] async_send_request: request finish prefill, 351
INFO 08-14 23:19:30 open_ai.py:352] async_send_request: prefill completed: req=351,replica_id=3
DEBUG 08-14 23:19:30 replica.py:146] complete_request_prefill: replica_id=[3], request=351, current_budget=160,last_prefill_completed_at=30614778.63928555,last_ttft=10.3276
DEBUG 08-14 23:19:30 replica.py:153] complete_request_prefill - replica_id=[3], request=351,self.replica_slo_budget-sum_pending_tokens==current_budget:True,1048576-496==1048080
DEBUG 08-14 23:19:30 metrics_store.py:131] update_metrics:request_id=299
DEBUG 08-14 23:19:30 shared.py:180] Removed task for request 281 on https://u722127-8cb5-f6dc13db.nmb1.seetacloud.com:8443
DEBUG 08-14 23:19:30 open_ai.py:335] async_send_request: request finish prefill, 356
INFO 08-14 23:19:30 open_ai.py:352] async_send_request: prefill completed: req=356,replica_id=0
DEBUG 08-14 23:19:30 replica.py:146] complete_request_prefill: replica_id=[0], request=356, current_budget=176,last_prefill_completed_at=30614778.67646857,last_ttft=10.3616
DEBUG 08-14 23:19:30 replica.py:153] complete_request_prefill - replica_id=[0], request=356,self.replica_slo_budget-sum_pending_tokens==current_budget:True,1048576-160==1048416
DEBUG 08-14 23:19:30 replica.py:171] complete_request_decode:num_saved_toekens=432
DEBUG 08-14 23:19:30 open_ai.py:452] good request:127.0.0.1:8000:good,request._id=169,input=152,output=429
DEBUG 08-14 23:19:30 open_ai.py:335] async_send_request: request finish prefill, 353
INFO 08-14 23:19:30 open_ai.py:352] async_send_request: prefill completed: req=353,replica_id=2
DEBUG 08-14 23:19:30 replica.py:146] complete_request_prefill: replica_id=[2], request=353, current_budget=172,last_prefill_completed_at=30614778.69350691,last_ttft=10.3798
DEBUG 08-14 23:19:30 replica.py:153] complete_request_prefill - replica_id=[2], request=353,self.replica_slo_budget-sum_pending_tokens==current_budget:True,1048576-501==1048075
DEBUG 08-14 23:19:30 replica.py:171] complete_request_decode:num_saved_toekens=48
DEBUG 08-14 23:19:30 metrics_store.py:131] update_metrics:request_id=262
DEBUG 08-14 23:19:30 shared.py:180] Removed task for request 196 on https://u722127-b80a-4e3f9d5d.cqa1.seetacloud.com:8443
DEBUG 08-14 23:19:30 open_ai.py:335] async_send_request: request finish prefill, 357
INFO 08-14 23:19:30 open_ai.py:352] async_send_request: prefill completed: req=357,replica_id=2
DEBUG 08-14 23:19:30 replica.py:146] complete_request_prefill: replica_id=[2], request=357, current_budget=185,last_prefill_completed_at=30614778.733074017,last_ttft=10.4128
DEBUG 08-14 23:19:30 replica.py:153] complete_request_prefill - replica_id=[2], request=357,self.replica_slo_budget-sum_pending_tokens==current_budget:True,1048576-316==1048260
DEBUG 08-14 23:19:30 shared.py:180] Removed task for request 299 on https://u722127-8cb5-f6dc13db.nmb1.seetacloud.com:8443
DEBUG 08-14 23:19:30 open_ai.py:452] good request:https://u722127-8cb5-f6dc13db.nmb1.seetacloud.com:8443:good,request._id=305,input=355,output=55
DEBUG 08-14 23:19:30 shared.py:180] Removed task for request 262 on https://u722127-8cb5-f6dc13db.nmb1.seetacloud.com:8443
DEBUG 08-14 23:19:30 replica.py:171] complete_request_decode:num_saved_toekens=640
DEBUG 08-14 23:19:30 open_ai.py:452] good request:https://uu722127-b80a-4e3f9d5d.cqa1.seetacloud.com:8443:good,request._id=107,input=158,output=641
DEBUG 08-14 23:19:30 open_ai.py:335] async_send_request: request finish prefill, 320
INFO 08-14 23:19:30 open_ai.py:352] async_send_request: prefill completed: req=320,replica_id=2
DEBUG 08-14 23:19:30 replica.py:146] complete_request_prefill: replica_id=[2], request=320, current_budget=148,last_prefill_completed_at=30614778.844630215,last_ttft=10.5644
DEBUG 08-14 23:19:30 replica.py:153] complete_request_prefill - replica_id=[2], request=320,self.replica_slo_budget-sum_pending_tokens==current_budget:True,1048576-168==1048408
DEBUG 08-14 23:19:30 replica.py:171] complete_request_decode:num_saved_toekens=64
DEBUG 08-14 23:19:30 open_ai.py:452] good request:https://u722127-8cb5-f6dc13db.nmb1.seetacloud.com:8443:good,request._id=293,input=348,output=67
DEBUG 08-14 23:19:30 open_ai.py:452] good request:https://u722127-8cb5-f6dc13db.nmb1.seetacloud.com:8443:good,request._id=300,input=2165,output=38
DEBUG 08-14 23:19:30 open_ai.py:452] good request:https://uu722127-b80a-4e3f9d5d.cqa1.seetacloud.com:8443:good,request._id=310,input=369,output=68
DEBUG 08-14 23:19:30 metrics_store.py:131] update_metrics:request_id=306
DEBUG 08-14 23:19:30 metrics_store.py:131] update_metrics:request_id=147
DEBUG 08-14 23:19:30 metrics_store.py:131] update_metrics:request_id=282
DEBUG 08-14 23:19:30 shared.py:180] Removed task for request 306 on https://u722127-8cb5-f6dc13db.nmb1.seetacloud.com:8443
DEBUG 08-14 23:19:30 shared.py:180] Removed task for request 147 on https://u722127-b80a-4e3f9d5d.cqa1.seetacloud.com:8443
DEBUG 08-14 23:19:30 shared.py:180] Removed task for request 282 on https://u722127-8cb5-f6dc13db.nmb1.seetacloud.com:8443
DEBUG 08-14 23:19:30 open_ai.py:335] async_send_request: request finish prefill, 358
INFO 08-14 23:19:30 open_ai.py:352] async_send_request: prefill completed: req=358,replica_id=3
DEBUG 08-14 23:19:30 replica.py:146] complete_request_prefill: replica_id=[3], request=358, current_budget=160,last_prefill_completed_at=30614778.963897906,last_ttft=10.6428
DEBUG 08-14 23:19:30 replica.py:153] complete_request_prefill - replica_id=[3], request=358,self.replica_slo_budget-sum_pending_tokens==current_budget:True,1048576-336==1048240
DEBUG 08-14 23:19:30 open_ai.py:335] async_send_request: request finish prefill, 355
INFO 08-14 23:19:30 open_ai.py:352] async_send_request: prefill completed: req=355,replica_id=3
DEBUG 08-14 23:19:30 replica.py:146] complete_request_prefill: replica_id=[3], request=355, current_budget=180,last_prefill_completed_at=30614778.97439537,last_ttft=10.6599
DEBUG 08-14 23:19:30 replica.py:153] complete_request_prefill - replica_id=[3], request=355,self.replica_slo_budget-sum_pending_tokens==current_budget:True,1048576-156==1048420
DEBUG 08-14 23:19:30 replica.py:171] complete_request_decode:num_saved_toekens=48
DEBUG 08-14 23:19:30 open_ai.py:452] good request:https://u722127-8cb5-f6dc13db.nmb1.seetacloud.com:8443:good,request._id=314,input=369,output=62
INFO 08-14 23:19:30 shared.py:299] Adding task for request 371 to replica 2,session_id=31
DEBUG 08-14 23:19:30 replica.py:226] add_request - replica_id=[2], request=371,self.replica_slo_budget-sum_pending_tokens==current_budget:True,1048576-787==1047789
INFO 08-14 23:19:30 shared.py:299] Adding task for request 372 to replica 2,session_id=138
DEBUG 08-14 23:19:30 replica.py:226] add_request - replica_id=[2], request=372,self.replica_slo_budget-sum_pending_tokens==current_budget:True,1048576-959==1047617
INFO 08-14 23:19:30 shared.py:299] Adding task for request 374 to replica 4,session_id=140
DEBUG 08-14 23:19:30 replica.py:226] add_request - replica_id=[4], request=374,self.replica_slo_budget-sum_pending_tokens==current_budget:True,1048576-314==1048262
INFO 08-14 23:19:30 shared.py:299] Adding task for request 375 to replica 1,session_id=140
DEBUG 08-14 23:19:30 replica.py:226] add_request - replica_id=[1], request=375,self.replica_slo_budget-sum_pending_tokens==current_budget:True,1048576-1101==1047475
INFO 08-14 23:19:30 shared.py:299] Adding task for request 376 to replica 2,session_id=146
DEBUG 08-14 23:19:30 replica.py:226] add_request - replica_id=[2], request=376,self.replica_slo_budget-sum_pending_tokens==current_budget:True,1048576-1115==1047461
INFO 08-14 23:19:30 shared.py:299] Adding task for request 377 to replica 0,session_id=147
DEBUG 08-14 23:19:30 replica.py:226] add_request - replica_id=[0], request=377,self.replica_slo_budget-sum_pending_tokens==current_budget:True,1048576-328==1048248
INFO 08-14 23:19:30 shared.py:299] Adding task for request 378 to replica 4,session_id=34
DEBUG 08-14 23:19:30 replica.py:226] add_request - replica_id=[4], request=378,self.replica_slo_budget-sum_pending_tokens==current_budget:True,1048576-1443==1047133
INFO 08-14 23:19:30 shared.py:299] Adding task for request 379 to replica 3,session_id=142
DEBUG 08-14 23:19:30 replica.py:226] add_request - replica_id=[3], request=379,self.replica_slo_budget-sum_pending_tokens==current_budget:True,1048576-321==1048255
INFO 08-14 23:19:30 open_ai.py:115] async_send_request:request._id=371,session=31,https://u722127-b80a-4e3f9d5d.cqa1.seetacloud.com:8443
INFO 08-14 23:19:30 open_ai.py:115] async_send_request:request._id=372,session=138,https://u722127-b80a-4e3f9d5d.cqa1.seetacloud.com:8443
INFO 08-14 23:19:30 open_ai.py:115] async_send_request:request._id=374,session=140,https://u722127-8cb5-f6dc13db.nmb1.seetacloud.com:8443
INFO 08-14 23:19:30 open_ai.py:115] async_send_request:request._id=375,session=140,127.0.0.1:8001
INFO 08-14 23:19:30 open_ai.py:115] async_send_request:request._id=376,session=146,https://u722127-b80a-4e3f9d5d.cqa1.seetacloud.com:8443
INFO 08-14 23:19:30 open_ai.py:115] async_send_request:request._id=377,session=147,127.0.0.1:8000
INFO 08-14 23:19:30 open_ai.py:115] async_send_request:request._id=378,session=34,https://u722127-8cb5-f6dc13db.nmb1.seetacloud.com:8443
INFO 08-14 23:19:30 open_ai.py:115] async_send_request:request._id=379,session=142,https://uu722127-b80a-4e3f9d5d.cqa1.seetacloud.com:8443
DEBUG 08-14 23:19:31 replica.py:171] complete_request_decode:num_saved_toekens=640
DEBUG 08-14 23:19:31 open_ai.py:452] good request:https://uu722127-b80a-4e3f9d5d.cqa1.seetacloud.com:8443:good,request._id=32,input=144,output=651
DEBUG 08-14 23:19:31 replica.py:171] complete_request_decode:num_saved_toekens=720
DEBUG 08-14 23:19:31 open_ai.py:452] good request:https://u722127-b80a-4e3f9d5d.cqa1.seetacloud.com:8443:good,request._id=67,input=156,output=713
DEBUG 08-14 23:19:31 replica.py:171] complete_request_decode:num_saved_toekens=80
DEBUG 08-14 23:19:31 open_ai.py:452] good request:https://u722127-8cb5-f6dc13db.nmb1.seetacloud.com:8443:good,request._id=288,input=365,output=78
DEBUG 08-14 23:19:31 metrics_store.py:131] update_metrics:request_id=226
DEBUG 08-14 23:19:31 metrics_store.py:131] update_metrics:request_id=292
DEBUG 08-14 23:19:31 metrics_store.py:131] update_metrics:request_id=279
DEBUG 08-14 23:19:31 shared.py:180] Removed task for request 226 on https://u722127-b80a-4e3f9d5d.cqa1.seetacloud.com:8443
DEBUG 08-14 23:19:31 metrics_store.py:131] update_metrics:request_id=80
DEBUG 08-14 23:19:31 shared.py:180] Removed task for request 292 on 127.0.0.1:8001
DEBUG 08-14 23:19:31 metrics_store.py:131] update_metrics:request_id=169
DEBUG 08-14 23:19:31 shared.py:180] Removed task for request 279 on https://u722127-8cb5-f6dc13db.nmb1.seetacloud.com:8443
DEBUG 08-14 23:19:31 metrics_store.py:131] update_metrics:request_id=305
DEBUG 08-14 23:19:31 shared.py:180] Removed task for request 80 on https://uu722127-b80a-4e3f9d5d.cqa1.seetacloud.com:8443
DEBUG 08-14 23:19:31 replica.py:171] complete_request_decode:num_saved_toekens=80
DEBUG 08-14 23:19:31 open_ai.py:452] good request:https://u722127-8cb5-f6dc13db.nmb1.seetacloud.com:8443:good,request._id=307,input=378,output=76
DEBUG 08-14 23:19:31 metrics_store.py:131] update_metrics:request_id=107
DEBUG 08-14 23:19:31 shared.py:180] Removed task for request 169 on 127.0.0.1:8000
DEBUG 08-14 23:19:31 open_ai.py:335] async_send_request: request finish prefill, 363
INFO 08-14 23:19:31 open_ai.py:352] async_send_request: prefill completed: req=363,replica_id=1
DEBUG 08-14 23:19:31 replica.py:146] complete_request_prefill: replica_id=[1], request=363, current_budget=787,last_prefill_completed_at=30614779.29352595,last_ttft=10.9681
DEBUG 08-14 23:19:31 replica.py:153] complete_request_prefill - replica_id=[1], request=363,self.replica_slo_budget-sum_pending_tokens==current_budget:True,1048576-314==1048262
DEBUG 08-14 23:19:31 open_ai.py:335] async_send_request: request finish prefill, 368
INFO 08-14 23:19:31 open_ai.py:352] async_send_request: prefill completed: req=368,replica_id=1
DEBUG 08-14 23:19:31 replica.py:146] complete_request_prefill: replica_id=[1], request=368, current_budget=162,last_prefill_completed_at=30614779.3049574,last_ttft=10.972
DEBUG 08-14 23:19:31 replica.py:153] complete_request_prefill - replica_id=[1], request=368,self.replica_slo_budget-sum_pending_tokens==current_budget:True,1048576-152==1048424
DEBUG 08-14 23:19:31 metrics_store.py:131] update_metrics:request_id=293
DEBUG 08-14 23:19:31 shared.py:180] Removed task for request 305 on https://u722127-8cb5-f6dc13db.nmb1.seetacloud.com:8443
DEBUG 08-14 23:19:31 open_ai.py:335] async_send_request: request finish prefill, 361
INFO 08-14 23:19:31 open_ai.py:352] async_send_request: prefill completed: req=361,replica_id=4
DEBUG 08-14 23:19:31 replica.py:146] complete_request_prefill: replica_id=[4], request=361, current_budget=152,last_prefill_completed_at=30614779.342700645,last_ttft=11.0183
DEBUG 08-14 23:19:31 replica.py:153] complete_request_prefill - replica_id=[4], request=361,self.replica_slo_budget-sum_pending_tokens==current_budget:True,1048576-1291==1047285
DEBUG 08-14 23:19:31 replica.py:171] complete_request_decode:num_saved_toekens=80
DEBUG 08-14 23:19:31 open_ai.py:452] good request:https://u722127-8cb5-f6dc13db.nmb1.seetacloud.com:8443:good,request._id=287,input=354,output=85
DEBUG 08-14 23:19:31 open_ai.py:335] async_send_request: request finish prefill, 365
INFO 08-14 23:19:31 open_ai.py:352] async_send_request: prefill completed: req=365,replica_id=0
DEBUG 08-14 23:19:31 replica.py:146] complete_request_prefill: replica_id=[0], request=365, current_budget=160,last_prefill_completed_at=30614779.356764015,last_ttft=11.0246
DEBUG 08-14 23:19:31 replica.py:153] complete_request_prefill - replica_id=[0], request=365,self.replica_slo_budget-sum_pending_tokens==current_budget:True,1048576-168==1048408
DEBUG 08-14 23:19:31 open_ai.py:335] async_send_request: request finish prefill, 364
INFO 08-14 23:19:31 open_ai.py:352] async_send_request: prefill completed: req=364,replica_id=2
DEBUG 08-14 23:19:31 replica.py:146] complete_request_prefill: replica_id=[2], request=364, current_budget=168,last_prefill_completed_at=30614779.378193583,last_ttft=11.0462
DEBUG 08-14 23:19:31 replica.py:153] complete_request_prefill - replica_id=[2], request=364,self.replica_slo_budget-sum_pending_tokens==current_budget:True,1048576-947==1047629
DEBUG 08-14 23:19:31 open_ai.py:335] async_send_request: request finish prefill, 366
INFO 08-14 23:19:31 open_ai.py:352] async_send_request: prefill completed: req=366,replica_id=3
DEBUG 08-14 23:19:31 replica.py:146] complete_request_prefill: replica_id=[3], request=366, current_budget=156,last_prefill_completed_at=30614779.389898054,last_ttft=11.0575
DEBUG 08-14 23:19:31 replica.py:153] complete_request_prefill - replica_id=[3], request=366,self.replica_slo_budget-sum_pending_tokens==current_budget:True,1048576-165==1048411
DEBUG 08-14 23:19:31 metrics_store.py:131] update_metrics:request_id=300
DEBUG 08-14 23:19:31 shared.py:180] Removed task for request 107 on https://uu722127-b80a-4e3f9d5d.cqa1.seetacloud.com:8443
DEBUG 08-14 23:19:31 metrics_store.py:131] update_metrics:request_id=310
DEBUG 08-14 23:19:31 shared.py:180] Removed task for request 293 on https://u722127-8cb5-f6dc13db.nmb1.seetacloud.com:8443
DEBUG 08-14 23:19:31 replica.py:171] complete_request_decode:num_saved_toekens=112
DEBUG 08-14 23:19:31 open_ai.py:452] good request:127.0.0.1:8001:good,request._id=319,input=1038,output=113
DEBUG 08-14 23:19:31 metrics_store.py:131] update_metrics:request_id=314
DEBUG 08-14 23:19:31 shared.py:180] Removed task for request 300 on https://u722127-8cb5-f6dc13db.nmb1.seetacloud.com:8443
DEBUG 08-14 23:19:31 shared.py:180] Removed task for request 310 on https://uu722127-b80a-4e3f9d5d.cqa1.seetacloud.com:8443
DEBUG 08-14 23:19:31 shared.py:180] Removed task for request 314 on https://u722127-8cb5-f6dc13db.nmb1.seetacloud.com:8443
DEBUG 08-14 23:19:31 replica.py:171] complete_request_decode:num_saved_toekens=592
DEBUG 08-14 23:19:31 open_ai.py:452] good request:https://uu722127-b80a-4e3f9d5d.cqa1.seetacloud.com:8443:good,request._id=178,input=160,output=594
DEBUG 08-14 23:19:31 replica.py:171] complete_request_decode:num_saved_toekens=576
INFO 08-14 23:19:31 shared.py:299] Adding task for request 380 to replica 3,session_id=151
DEBUG 08-14 23:19:31 replica.py:226] add_request - replica_id=[3], request=380,self.replica_slo_budget-sum_pending_tokens==current_budget:True,1048576-313==1048263
INFO 08-14 23:19:31 shared.py:299] Adding task for request 381 to replica 4,session_id=144
DEBUG 08-14 23:19:31 replica.py:226] add_request - replica_id=[4], request=381,self.replica_slo_budget-sum_pending_tokens==current_budget:True,1048576-1445==1047131
INFO 08-14 23:19:31 shared.py:299] Adding task for request 383 to replica 2,session_id=139
DEBUG 08-14 23:19:31 replica.py:226] add_request - replica_id=[2], request=383,self.replica_slo_budget-sum_pending_tokens==current_budget:True,1048576-1113==1047463
INFO 08-14 23:19:31 shared.py:299] Adding task for request 388 to replica 0,session_id=136
DEBUG 08-14 23:19:31 replica.py:226] add_request - replica_id=[0], request=388,self.replica_slo_budget-sum_pending_tokens==current_budget:True,1048576-340==1048236
INFO 08-14 23:19:31 open_ai.py:115] async_send_request:request._id=380,session=151,https://uu722127-b80a-4e3f9d5d.cqa1.seetacloud.com:8443
INFO 08-14 23:19:31 open_ai.py:115] async_send_request:request._id=381,session=144,https://u722127-8cb5-f6dc13db.nmb1.seetacloud.com:8443
INFO 08-14 23:19:31 open_ai.py:115] async_send_request:request._id=383,session=139,https://u722127-b80a-4e3f9d5d.cqa1.seetacloud.com:8443
INFO 08-14 23:19:31 open_ai.py:115] async_send_request:request._id=388,session=136,127.0.0.1:8000
DEBUG 08-14 23:19:31 metrics_store.py:131] update_metrics:request_id=32
DEBUG 08-14 23:19:31 metrics_store.py:131] update_metrics:request_id=67
DEBUG 08-14 23:19:31 metrics_store.py:131] update_metrics:request_id=288
DEBUG 08-14 23:19:31 shared.py:180] Removed task for request 32 on https://uu722127-b80a-4e3f9d5d.cqa1.seetacloud.com:8443
DEBUG 08-14 23:19:31 metrics_store.py:131] update_metrics:request_id=307
DEBUG 08-14 23:19:31 shared.py:180] Removed task for request 67 on https://u722127-b80a-4e3f9d5d.cqa1.seetacloud.com:8443
DEBUG 08-14 23:19:31 metrics_store.py:131] update_metrics:request_id=287
DEBUG 08-14 23:19:31 shared.py:180] Removed task for request 288 on https://u722127-8cb5-f6dc13db.nmb1.seetacloud.com:8443
DEBUG 08-14 23:19:31 metrics_store.py:131] update_metrics:request_id=319
DEBUG 08-14 23:19:31 shared.py:180] Removed task for request 307 on https://u722127-8cb5-f6dc13db.nmb1.seetacloud.com:8443
DEBUG 08-14 23:19:31 open_ai.py:335] async_send_request: request finish prefill, 375
INFO 08-14 23:19:31 open_ai.py:352] async_send_request: prefill completed: req=375,replica_id=1
DEBUG 08-14 23:19:31 replica.py:146] complete_request_prefill: replica_id=[1], request=375, current_budget=152,last_prefill_completed_at=30614779.887560967,last_ttft=11.5452
DEBUG 08-14 23:19:31 replica.py:153] complete_request_prefill - replica_id=[1], request=375,self.replica_slo_budget-sum_pending_tokens==current_budget:True,1048576-0==1048576
DEBUG 08-14 23:19:31 open_ai.py:335] async_send_request: request finish prefill, 377
INFO 08-14 23:19:31 open_ai.py:352] async_send_request: prefill completed: req=377,replica_id=0
DEBUG 08-14 23:19:31 replica.py:146] complete_request_prefill: replica_id=[0], request=377, current_budget=168,last_prefill_completed_at=30614779.903305944,last_ttft=11.5561
DEBUG 08-14 23:19:31 replica.py:153] complete_request_prefill - replica_id=[0], request=377,self.replica_slo_budget-sum_pending_tokens==current_budget:True,1048576-172==1048404
DEBUG 08-14 23:19:31 metrics_store.py:131] update_metrics:request_id=178
DEBUG 08-14 23:19:31 shared.py:180] Removed task for request 287 on https://u722127-8cb5-f6dc13db.nmb1.seetacloud.com:8443
DEBUG 08-14 23:19:31 replica.py:171] complete_request_decode:num_saved_toekens=224
DEBUG 08-14 23:19:31 open_ai.py:452] good request:https://uu722127-b80a-4e3f9d5d.cqa1.seetacloud.com:8443:good,request._id=256,input=148,output=224
DEBUG 08-14 23:19:31 shared.py:180] Removed task for request 319 on 127.0.0.1:8001
DEBUG 08-14 23:19:31 open_ai.py:335] async_send_request: request finish prefill, 374
INFO 08-14 23:19:31 open_ai.py:352] async_send_request: prefill completed: req=374,replica_id=4
DEBUG 08-14 23:19:31 replica.py:146] complete_request_prefill: replica_id=[4], request=374, current_budget=162,last_prefill_completed_at=30614779.997138917,last_ttft=11.6552
DEBUG 08-14 23:19:31 replica.py:153] complete_request_prefill - replica_id=[4], request=374,self.replica_slo_budget-sum_pending_tokens==current_budget:True,1048576-1283==1047293
DEBUG 08-14 23:19:31 open_ai.py:335] async_send_request: request finish prefill, 378
INFO 08-14 23:19:31 open_ai.py:352] async_send_request: prefill completed: req=378,replica_id=4
DEBUG 08-14 23:19:31 replica.py:146] complete_request_prefill: replica_id=[4], request=378, current_budget=1129,last_prefill_completed_at=30614780.016702745,last_ttft=11.6689
DEBUG 08-14 23:19:31 replica.py:153] complete_request_prefill - replica_id=[4], request=378,self.replica_slo_budget-sum_pending_tokens==current_budget:True,1048576-154==1048422
DEBUG 08-14 23:19:31 open_ai.py:335] async_send_request: request finish prefill, 379
INFO 08-14 23:19:31 open_ai.py:352] async_send_request: prefill completed: req=379,replica_id=3
DEBUG 08-14 23:19:31 replica.py:146] complete_request_prefill: replica_id=[3], request=379, current_budget=165,last_prefill_completed_at=30614780.037283614,last_ttft=11.6896
DEBUG 08-14 23:19:31 replica.py:153] complete_request_prefill - replica_id=[3], request=379,self.replica_slo_budget-sum_pending_tokens==current_budget:True,1048576-148==1048428
DEBUG 08-14 23:19:31 shared.py:180] Removed task for request 178 on https://uu722127-b80a-4e3f9d5d.cqa1.seetacloud.com:8443
DEBUG 08-14 23:19:31 replica.py:171] complete_request_decode:num_saved_toekens=192
DEBUG 08-14 23:19:31 open_ai.py:452] good request:127.0.0.1:8000:good,request._id=192,input=156,output=186
DEBUG 08-14 23:19:31 replica.py:171] complete_request_decode:num_saved_toekens=352
DEBUG 08-14 23:19:31 open_ai.py:452] good request:https://uu722127-b80a-4e3f9d5d.cqa1.seetacloud.com:8443:good,request._id=258,input=162,output=359
DEBUG 08-14 23:19:32 open_ai.py:452] good request:127.0.0.1:8001:good,request._id=100,input=144,output=578
INFO 08-14 23:19:32 shared.py:299] Adding task for request 390 to replica 3,session_id=136
DEBUG 08-14 23:19:32 replica.py:226] add_request - replica_id=[3], request=390,self.replica_slo_budget-sum_pending_tokens==current_budget:True,1048576-306==1048270
INFO 08-14 23:19:32 shared.py:299] Adding task for request 391 to replica 3,session_id=167
DEBUG 08-14 23:19:32 replica.py:226] add_request - replica_id=[3], request=391,self.replica_slo_budget-sum_pending_tokens==current_budget:True,1048576-446==1048130
INFO 08-14 23:19:32 shared.py:299] Adding task for request 393 to replica 2,session_id=156
DEBUG 08-14 23:19:32 replica.py:226] add_request - replica_id=[2], request=393,self.replica_slo_budget-sum_pending_tokens==current_budget:True,1048576-1271==1047305
INFO 08-14 23:19:32 shared.py:299] Adding task for request 394 to replica 3,session_id=143
DEBUG 08-14 23:19:32 replica.py:226] add_request - replica_id=[3], request=394,self.replica_slo_budget-sum_pending_tokens==current_budget:True,1048576-612==1047964
INFO 08-14 23:19:32 shared.py:299] Adding task for request 395 to replica 1,session_id=143
DEBUG 08-14 23:19:32 replica.py:226] add_request - replica_id=[1], request=395,self.replica_slo_budget-sum_pending_tokens==current_budget:True,1048576-160==1048416
INFO 08-14 23:19:32 shared.py:299] Adding task for request 396 to replica 4,session_id=163
DEBUG 08-14 23:19:32 replica.py:226] add_request - replica_id=[4], request=396,self.replica_slo_budget-sum_pending_tokens==current_budget:True,1048576-310==1048266
INFO 08-14 23:19:32 shared.py:299] Adding task for request 397 to replica 2,session_id=148
DEBUG 08-14 23:19:32 replica.py:226] add_request - replica_id=[2], request=397,self.replica_slo_budget-sum_pending_tokens==current_budget:True,1048576-1425==1047151
INFO 08-14 23:19:32 open_ai.py:115] async_send_request:request._id=390,session=136,https://uu722127-b80a-4e3f9d5d.cqa1.seetacloud.com:8443
INFO 08-14 23:19:32 open_ai.py:115] async_send_request:request._id=391,session=167,https://uu722127-b80a-4e3f9d5d.cqa1.seetacloud.com:8443
INFO 08-14 23:19:32 open_ai.py:115] async_send_request:request._id=393,session=156,https://u722127-b80a-4e3f9d5d.cqa1.seetacloud.com:8443
INFO 08-14 23:19:32 open_ai.py:115] async_send_request:request._id=394,session=143,https://uu722127-b80a-4e3f9d5d.cqa1.seetacloud.com:8443
INFO 08-14 23:19:32 open_ai.py:115] async_send_request:request._id=395,session=143,127.0.0.1:8001
INFO 08-14 23:19:32 open_ai.py:115] async_send_request:request._id=396,session=163,https://u722127-8cb5-f6dc13db.nmb1.seetacloud.com:8443
INFO 08-14 23:19:32 open_ai.py:115] async_send_request:request._id=397,session=148,https://u722127-b80a-4e3f9d5d.cqa1.seetacloud.com:8443
DEBUG 08-14 23:19:32 replica.py:171] complete_request_decode:num_saved_toekens=288
DEBUG 08-14 23:19:32 open_ai.py:452] good request:https://u722127-8cb5-f6dc13db.nmb1.seetacloud.com:8443:good,request._id=193,input=148,output=292
DEBUG 08-14 23:19:32 open_ai.py:335] async_send_request: request finish prefill, 372
INFO 08-14 23:19:32 open_ai.py:352] async_send_request: prefill completed: req=372,replica_id=2
DEBUG 08-14 23:19:32 replica.py:146] complete_request_prefill: replica_id=[2], request=372, current_budget=172,last_prefill_completed_at=30614780.35725648,last_ttft=12.0176
DEBUG 08-14 23:19:32 replica.py:153] complete_request_prefill - replica_id=[2], request=372,self.replica_slo_budget-sum_pending_tokens==current_budget:True,1048576-1253==1047323
DEBUG 08-14 23:19:32 open_ai.py:335] async_send_request: request finish prefill, 371
INFO 08-14 23:19:32 open_ai.py:352] async_send_request: prefill completed: req=371,replica_id=2
DEBUG 08-14 23:19:32 replica.py:146] complete_request_prefill: replica_id=[2], request=371, current_budget=619,last_prefill_completed_at=30614780.372881457,last_ttft=12.0351
DEBUG 08-14 23:19:32 replica.py:153] complete_request_prefill - replica_id=[2], request=371,self.replica_slo_budget-sum_pending_tokens==current_budget:True,1048576-634==1047942
DEBUG 08-14 23:19:32 open_ai.py:335] async_send_request: request finish prefill, 376
INFO 08-14 23:19:32 open_ai.py:352] async_send_request: prefill completed: req=376,replica_id=2
DEBUG 08-14 23:19:32 replica.py:146] complete_request_prefill: replica_id=[2], request=376, current_budget=156,last_prefill_completed_at=30614780.388209593,last_ttft=12.0444
DEBUG 08-14 23:19:32 replica.py:153] complete_request_prefill - replica_id=[2], request=376,self.replica_slo_budget-sum_pending_tokens==current_budget:True,1048576-478==1048098
DEBUG 08-14 23:19:32 replica.py:171] complete_request_decode:num_saved_toekens=624
DEBUG 08-14 23:19:32 open_ai.py:452] good request:127.0.0.1:8000:good,request._id=78,input=164,output=626
DEBUG 08-14 23:19:32 replica.py:171] complete_request_decode:num_saved_toekens=832
DEBUG 08-14 23:19:32 replica.py:171] complete_request_decode:num_saved_toekens=624
DEBUG 08-14 23:19:32 open_ai.py:452] good request:127.0.0.1:8001:good,request._id=109,input=190,output=617
DEBUG 08-14 23:19:32 metrics_store.py:131] update_metrics:request_id=256
DEBUG 08-14 23:19:32 metrics_store.py:131] update_metrics:request_id=192
DEBUG 08-14 23:19:32 metrics_store.py:131] update_metrics:request_id=258
DEBUG 08-14 23:19:32 shared.py:180] Removed task for request 256 on https://uu722127-b80a-4e3f9d5d.cqa1.seetacloud.com:8443
DEBUG 08-14 23:19:32 metrics_store.py:131] update_metrics:request_id=100
DEBUG 08-14 23:19:32 shared.py:180] Removed task for request 192 on 127.0.0.1:8000
DEBUG 08-14 23:19:32 shared.py:180] Removed task for request 258 on https://uu722127-b80a-4e3f9d5d.cqa1.seetacloud.com:8443
DEBUG 08-14 23:19:32 shared.py:180] Removed task for request 100 on 127.0.0.1:8001
DEBUG 08-14 23:19:32 replica.py:171] complete_request_decode:num_saved_toekens=816
DEBUG 08-14 23:19:32 open_ai.py:452] good request:https://u722127-b80a-4e3f9d5d.cqa1.seetacloud.com:8443:good,request._id=71,input=170,output=806
DEBUG 08-14 23:19:32 replica.py:171] complete_request_decode:num_saved_toekens=672
DEBUG 08-14 23:19:32 open_ai.py:452] good request:127.0.0.1:8001:good,request._id=11,input=146,output=682
DEBUG 08-14 23:19:32 replica.py:171] complete_request_decode:num_saved_toekens=288
DEBUG 08-14 23:19:32 open_ai.py:452] good request:https://uu722127-b80a-4e3f9d5d.cqa1.seetacloud.com:8443:good,request._id=274,input=158,output=283
DEBUG 08-14 23:19:32 open_ai.py:335] async_send_request: request finish prefill, 388
INFO 08-14 23:19:32 open_ai.py:352] async_send_request: prefill completed: req=388,replica_id=0
DEBUG 08-14 23:19:32 replica.py:146] complete_request_prefill: replica_id=[0], request=388, current_budget=172,last_prefill_completed_at=30614780.561413117,last_ttft=12.1991
DEBUG 08-14 23:19:32 replica.py:153] complete_request_prefill - replica_id=[0], request=388,self.replica_slo_budget-sum_pending_tokens==current_budget:True,1048576-0==1048576
DEBUG 08-14 23:19:32 open_ai.py:335] async_send_request: request finish prefill, 380
INFO 08-14 23:19:32 open_ai.py:352] async_send_request: prefill completed: req=380,replica_id=3
DEBUG 08-14 23:19:32 replica.py:146] complete_request_prefill: replica_id=[3], request=380, current_budget=148,last_prefill_completed_at=30614780.577124663,last_ttft=12.2283
DEBUG 08-14 23:19:32 replica.py:153] complete_request_prefill - replica_id=[3], request=380,self.replica_slo_budget-sum_pending_tokens==current_budget:True,1048576-464==1048112
DEBUG 08-14 23:19:32 replica.py:171] complete_request_decode:num_saved_toekens=432
DEBUG 08-14 23:19:32 open_ai.py:452] good request:https://u722127-8cb5-f6dc13db.nmb1.seetacloud.com:8443:good,request._id=75,input=160,output=433
DEBUG 08-14 23:19:32 open_ai.py:335] async_send_request: request finish prefill, 381
INFO 08-14 23:19:32 open_ai.py:352] async_send_request: prefill completed: req=381,replica_id=4
DEBUG 08-14 23:19:32 replica.py:146] complete_request_prefill: replica_id=[4], request=381, current_budget=154,last_prefill_completed_at=30614780.59558252,last_ttft=12.2447
DEBUG 08-14 23:19:32 replica.py:153] complete_request_prefill - replica_id=[4], request=381,self.replica_slo_budget-sum_pending_tokens==current_budget:True,1048576-156==1048420
DEBUG 08-14 23:19:32 replica.py:171] complete_request_decode:num_saved_toekens=816
DEBUG 08-14 23:19:32 open_ai.py:452] good request:https://uu722127-b80a-4e3f9d5d.cqa1.seetacloud.com:8443:good,request._id=77,input=154,output=807
INFO 08-14 23:19:32 shared.py:299] Adding task for request 400 to replica 3,session_id=164
DEBUG 08-14 23:19:32 replica.py:226] add_request - replica_id=[3], request=400,self.replica_slo_budget-sum_pending_tokens==current_budget:True,1048576-616==1047960
INFO 08-14 23:19:32 shared.py:299] Adding task for request 401 to replica 0,session_id=17
DEBUG 08-14 23:19:32 replica.py:226] add_request - replica_id=[0], request=401,self.replica_slo_budget-sum_pending_tokens==current_budget:True,1048576-923==1047653
INFO 08-14 23:19:32 shared.py:299] Adding task for request 404 to replica 0,session_id=152
DEBUG 08-14 23:19:32 replica.py:226] add_request - replica_id=[0], request=404,self.replica_slo_budget-sum_pending_tokens==current_budget:True,1048576-1075==1047501
INFO 08-14 23:19:32 shared.py:299] Adding task for request 405 to replica 3,session_id=160
DEBUG 08-14 23:19:32 replica.py:226] add_request - replica_id=[3], request=405,self.replica_slo_budget-sum_pending_tokens==current_budget:True,1048576-770==1047806
INFO 08-14 23:19:32 shared.py:299] Adding task for request 406 to replica 1,session_id=160
DEBUG 08-14 23:19:32 replica.py:226] add_request - replica_id=[1], request=406,self.replica_slo_budget-sum_pending_tokens==current_budget:True,1048576-314==1048262
INFO 08-14 23:19:32 open_ai.py:115] async_send_request:request._id=400,session=164,https://uu722127-b80a-4e3f9d5d.cqa1.seetacloud.com:8443
INFO 08-14 23:19:32 open_ai.py:115] async_send_request:request._id=401,session=17,127.0.0.1:8000
INFO 08-14 23:19:32 open_ai.py:115] async_send_request:request._id=404,session=152,127.0.0.1:8000
INFO 08-14 23:19:32 open_ai.py:115] async_send_request:request._id=405,session=160,https://uu722127-b80a-4e3f9d5d.cqa1.seetacloud.com:8443
INFO 08-14 23:19:32 open_ai.py:115] async_send_request:request._id=406,session=160,127.0.0.1:8001
DEBUG 08-14 23:19:32 replica.py:171] complete_request_decode:num_saved_toekens=400
DEBUG 08-14 23:19:32 open_ai.py:452] good request:https://u722127-b80a-4e3f9d5d.cqa1.seetacloud.com:8443:good,request._id=252,input=152,output=400
DEBUG 08-14 23:19:32 replica.py:171] complete_request_decode:num_saved_toekens=32
DEBUG 08-14 23:19:32 open_ai.py:452] good request:https://u722127-8cb5-f6dc13db.nmb1.seetacloud.com:8443:good,request._id=378,input=1129,output=32
DEBUG 08-14 23:19:32 metrics_store.py:131] update_metrics:request_id=193
DEBUG 08-14 23:19:32 metrics_store.py:131] update_metrics:request_id=78
DEBUG 08-14 23:19:32 shared.py:180] Removed task for request 193 on https://u722127-8cb5-f6dc13db.nmb1.seetacloud.com:8443
DEBUG 08-14 23:19:32 shared.py:180] Removed task for request 78 on 127.0.0.1:8000
DEBUG 08-14 23:19:32 open_ai.py:335] async_send_request: request finish prefill, 395
INFO 08-14 23:19:32 open_ai.py:352] async_send_request: prefill completed: req=395,replica_id=1
DEBUG 08-14 23:19:32 replica.py:146] complete_request_prefill: replica_id=[1], request=395, current_budget=160,last_prefill_completed_at=30614780.994480103,last_ttft=12.6273
DEBUG 08-14 23:19:32 replica.py:153] complete_request_prefill - replica_id=[1], request=395,self.replica_slo_budget-sum_pending_tokens==current_budget:True,1048576-154==1048422
DEBUG 08-14 23:19:32 open_ai.py:335] async_send_request: request finish prefill, 390
INFO 08-14 23:19:32 open_ai.py:352] async_send_request: prefill completed: req=390,replica_id=3
DEBUG 08-14 23:19:32 replica.py:146] complete_request_prefill: replica_id=[3], request=390, current_budget=158,last_prefill_completed_at=30614781.01891334,last_ttft=12.6563
DEBUG 08-14 23:19:32 replica.py:153] complete_request_prefill - replica_id=[3], request=390,self.replica_slo_budget-sum_pending_tokens==current_budget:True,1048576-612==1047964
DEBUG 08-14 23:19:32 open_ai.py:335] async_send_request: request finish prefill, 396
INFO 08-14 23:19:32 open_ai.py:352] async_send_request: prefill completed: req=396,replica_id=4
DEBUG 08-14 23:19:32 replica.py:146] complete_request_prefill: replica_id=[4], request=396, current_budget=156,last_prefill_completed_at=30614781.04266757,last_ttft=12.6747
DEBUG 08-14 23:19:32 replica.py:153] complete_request_prefill - replica_id=[4], request=396,self.replica_slo_budget-sum_pending_tokens==current_budget:True,1048576-0==1048576
DEBUG 08-14 23:19:32 open_ai.py:335] async_send_request: request finish prefill, 391
INFO 08-14 23:19:32 open_ai.py:352] async_send_request: prefill completed: req=391,replica_id=3
DEBUG 08-14 23:19:32 replica.py:146] complete_request_prefill: replica_id=[3], request=391, current_budget=140,last_prefill_completed_at=30614781.060908265,last_ttft=12.6957
DEBUG 08-14 23:19:32 replica.py:153] complete_request_prefill - replica_id=[3], request=391,self.replica_slo_budget-sum_pending_tokens==current_budget:True,1048576-472==1048104
DEBUG 08-14 23:19:32 open_ai.py:335] async_send_request: request finish prefill, 394
INFO 08-14 23:19:32 open_ai.py:352] async_send_request: prefill completed: req=394,replica_id=3
DEBUG 08-14 23:19:32 replica.py:146] complete_request_prefill: replica_id=[3], request=394, current_budget=166,last_prefill_completed_at=30614781.080144964,last_ttft=12.7134
DEBUG 08-14 23:19:32 replica.py:153] complete_request_prefill - replica_id=[3], request=394,self.replica_slo_budget-sum_pending_tokens==current_budget:True,1048576-306==1048270
DEBUG 08-14 23:19:32 open_ai.py:335] async_send_request: request finish prefill, 383
INFO 08-14 23:19:32 open_ai.py:352] async_send_request: prefill completed: req=383,replica_id=2
DEBUG 08-14 23:19:32 replica.py:146] complete_request_prefill: replica_id=[2], request=383, current_budget=166,last_prefill_completed_at=30614781.097881377,last_ttft=12.7454
DEBUG 08-14 23:19:32 replica.py:153] complete_request_prefill - replica_id=[2], request=383,self.replica_slo_budget-sum_pending_tokens==current_budget:True,1048576-312==1048264
DEBUG 08-14 23:19:32 open_ai.py:335] async_send_request: request finish prefill, 393
INFO 08-14 23:19:32 open_ai.py:352] async_send_request: prefill completed: req=393,replica_id=2
DEBUG 08-14 23:19:32 replica.py:146] complete_request_prefill: replica_id=[2], request=393, current_budget=158,last_prefill_completed_at=30614781.122445174,last_ttft=12.7558
DEBUG 08-14 23:19:32 replica.py:153] complete_request_prefill - replica_id=[2], request=393,self.replica_slo_budget-sum_pending_tokens==current_budget:True,1048576-154==1048422
DEBUG 08-14 23:19:32 open_ai.py:335] async_send_request: request finish prefill, 397
INFO 08-14 23:19:32 open_ai.py:352] async_send_request: prefill completed: req=397,replica_id=2
DEBUG 08-14 23:19:32 replica.py:146] complete_request_prefill: replica_id=[2], request=397, current_budget=154,last_prefill_completed_at=30614781.142582286,last_ttft=12.7741
DEBUG 08-14 23:19:32 replica.py:153] complete_request_prefill - replica_id=[2], request=397,self.replica_slo_budget-sum_pending_tokens==current_budget:True,1048576-0==1048576
DEBUG 08-14 23:19:33 open_ai.py:452] good request:https://u722127-b80a-4e3f9d5d.cqa1.seetacloud.com:8443:good,request._id=10,input=154,output=830
DEBUG 08-14 23:19:33 metrics_store.py:131] update_metrics:request_id=109
DEBUG 08-14 23:19:33 metrics_store.py:131] update_metrics:request_id=71
DEBUG 08-14 23:19:33 metrics_store.py:131] update_metrics:request_id=11
DEBUG 08-14 23:19:33 shared.py:180] Removed task for request 109 on 127.0.0.1:8001
DEBUG 08-14 23:19:33 metrics_store.py:131] update_metrics:request_id=274
DEBUG 08-14 23:19:33 shared.py:180] Removed task for request 71 on https://u722127-b80a-4e3f9d5d.cqa1.seetacloud.com:8443
DEBUG 08-14 23:19:33 metrics_store.py:131] update_metrics:request_id=75
DEBUG 08-14 23:19:33 shared.py:180] Removed task for request 11 on 127.0.0.1:8001
DEBUG 08-14 23:19:33 metrics_store.py:131] update_metrics:request_id=77
DEBUG 08-14 23:19:33 shared.py:180] Removed task for request 274 on https://uu722127-b80a-4e3f9d5d.cqa1.seetacloud.com:8443
DEBUG 08-14 23:19:33 shared.py:180] Removed task for request 75 on https://u722127-8cb5-f6dc13db.nmb1.seetacloud.com:8443
DEBUG 08-14 23:19:33 shared.py:180] Removed task for request 77 on https://uu722127-b80a-4e3f9d5d.cqa1.seetacloud.com:8443
INFO 08-14 23:19:33 shared.py:299] Adding task for request 410 to replica 4,session_id=27
DEBUG 08-14 23:19:33 replica.py:226] add_request - replica_id=[4], request=410,self.replica_slo_budget-sum_pending_tokens==current_budget:True,1048576-1032==1047544
INFO 08-14 23:19:33 shared.py:299] Adding task for request 411 to replica 4,session_id=10
DEBUG 08-14 23:19:33 replica.py:226] add_request - replica_id=[4], request=411,self.replica_slo_budget-sum_pending_tokens==current_budget:True,1048576-4373==1044203
INFO 08-14 23:19:33 shared.py:299] Adding task for request 412 to replica 4,session_id=4
DEBUG 08-14 23:19:33 replica.py:226] add_request - replica_id=[4], request=412,self.replica_slo_budget-sum_pending_tokens==current_budget:True,1048576-4545==1044031
INFO 08-14 23:19:33 shared.py:299] Adding task for request 413 to replica 1,session_id=16
DEBUG 08-14 23:19:33 replica.py:226] add_request - replica_id=[1], request=413,self.replica_slo_budget-sum_pending_tokens==current_budget:True,1048576-1356==1047220
INFO 08-14 23:19:33 shared.py:299] Adding task for request 414 to replica 3,session_id=4
DEBUG 08-14 23:19:33 replica.py:226] add_request - replica_id=[3], request=414,self.replica_slo_budget-sum_pending_tokens==current_budget:True,1048576-478==1048098
INFO 08-14 23:19:33 shared.py:299] Adding task for request 418 to replica 1,session_id=159
DEBUG 08-14 23:19:33 replica.py:226] add_request - replica_id=[1], request=418,self.replica_slo_budget-sum_pending_tokens==current_budget:True,1048576-1514==1047062
INFO 08-14 23:19:33 shared.py:299] Adding task for request 419 to replica 0,session_id=159
DEBUG 08-14 23:19:33 replica.py:226] add_request - replica_id=[0], request=419,self.replica_slo_budget-sum_pending_tokens==current_budget:True,1048576-1229==1047347
INFO 08-14 23:19:33 open_ai.py:115] async_send_request:request._id=410,session=27,https://u722127-8cb5-f6dc13db.nmb1.seetacloud.com:8443
INFO 08-14 23:19:33 open_ai.py:115] async_send_request:request._id=411,session=10,https://u722127-8cb5-f6dc13db.nmb1.seetacloud.com:8443
INFO 08-14 23:19:33 open_ai.py:115] async_send_request:request._id=412,session=4,https://u722127-8cb5-f6dc13db.nmb1.seetacloud.com:8443
INFO 08-14 23:19:33 open_ai.py:115] async_send_request:request._id=413,session=16,127.0.0.1:8001
INFO 08-14 23:19:33 open_ai.py:115] async_send_request:request._id=414,session=4,https://uu722127-b80a-4e3f9d5d.cqa1.seetacloud.com:8443
INFO 08-14 23:19:33 open_ai.py:115] async_send_request:request._id=418,session=159,127.0.0.1:8001
INFO 08-14 23:19:33 open_ai.py:115] async_send_request:request._id=419,session=159,127.0.0.1:8000
DEBUG 08-14 23:19:33 replica.py:171] complete_request_decode:num_saved_toekens=576
DEBUG 08-14 23:19:33 open_ai.py:452] good request:https://uu722127-b80a-4e3f9d5d.cqa1.seetacloud.com:8443:good,request._id=223,input=166,output=570
DEBUG 08-14 23:19:33 replica.py:171] complete_request_decode:num_saved_toekens=880
DEBUG 08-14 23:19:33 open_ai.py:452] good request:https://u722127-b80a-4e3f9d5d.cqa1.seetacloud.com:8443:good,request._id=72,input=144,output=885
DEBUG 08-14 23:19:33 replica.py:171] complete_request_decode:num_saved_toekens=448
DEBUG 08-14 23:19:33 open_ai.py:452] good request:https://u722127-b80a-4e3f9d5d.cqa1.seetacloud.com:8443:good,request._id=257,input=164,output=455
DEBUG 08-14 23:19:33 replica.py:171] complete_request_decode:num_saved_toekens=688
DEBUG 08-14 23:19:33 open_ai.py:452] good request:127.0.0.1:8001:good,request._id=81,input=146,output=698
DEBUG 08-14 23:19:33 replica.py:171] complete_request_decode:num_saved_toekens=592
DEBUG 08-14 23:19:33 open_ai.py:452] good request:127.0.0.1:8001:good,request._id=163,input=154,output=586
DEBUG 08-14 23:19:33 metrics_store.py:131] update_metrics:request_id=252
DEBUG 08-14 23:19:33 metrics_store.py:131] update_metrics:request_id=378
DEBUG 08-14 23:19:33 metrics_store.py:131] update_metrics:request_id=10
DEBUG 08-14 23:19:33 shared.py:180] Removed task for request 252 on https://u722127-b80a-4e3f9d5d.cqa1.seetacloud.com:8443
DEBUG 08-14 23:19:33 shared.py:180] Removed task for request 378 on https://u722127-8cb5-f6dc13db.nmb1.seetacloud.com:8443
DEBUG 08-14 23:19:33 shared.py:180] Removed task for request 10 on https://u722127-b80a-4e3f9d5d.cqa1.seetacloud.com:8443
DEBUG 08-14 23:19:33 replica.py:171] complete_request_decode:num_saved_toekens=896
DEBUG 08-14 23:19:33 open_ai.py:452] good request:https://u722127-b80a-4e3f9d5d.cqa1.seetacloud.com:8443:good,request._id=36,input=152,output=896
DEBUG 08-14 23:19:33 open_ai.py:335] async_send_request: request finish prefill, 406
INFO 08-14 23:19:33 open_ai.py:352] async_send_request: prefill completed: req=406,replica_id=1
DEBUG 08-14 23:19:33 replica.py:146] complete_request_prefill: replica_id=[1], request=406, current_budget=154,last_prefill_completed_at=30614781.920982465,last_ttft=13.5427
DEBUG 08-14 23:19:33 replica.py:153] complete_request_prefill - replica_id=[1], request=406,self.replica_slo_budget-sum_pending_tokens==current_budget:True,1048576-1360==1047216
DEBUG 08-14 23:19:33 open_ai.py:335] async_send_request: request finish prefill, 401
INFO 08-14 23:19:33 open_ai.py:352] async_send_request: prefill completed: req=401,replica_id=0
DEBUG 08-14 23:19:33 replica.py:146] complete_request_prefill: replica_id=[0], request=401, current_budget=923,last_prefill_completed_at=30614781.94283698,last_ttft=13.5691
DEBUG 08-14 23:19:33 replica.py:153] complete_request_prefill - replica_id=[0], request=401,self.replica_slo_budget-sum_pending_tokens==current_budget:True,1048576-306==1048270
DEBUG 08-14 23:19:33 open_ai.py:335] async_send_request: request finish prefill, 404
INFO 08-14 23:19:33 open_ai.py:352] async_send_request: prefill completed: req=404,replica_id=0
DEBUG 08-14 23:19:33 replica.py:146] complete_request_prefill: replica_id=[0], request=404, current_budget=152,last_prefill_completed_at=30614781.962385464,last_ttft=13.5853
DEBUG 08-14 23:19:33 replica.py:153] complete_request_prefill - replica_id=[0], request=404,self.replica_slo_budget-sum_pending_tokens==current_budget:True,1048576-154==1048422
DEBUG 08-14 23:19:33 open_ai.py:335] async_send_request: request finish prefill, 400
INFO 08-14 23:19:33 open_ai.py:352] async_send_request: prefill completed: req=400,replica_id=3
DEBUG 08-14 23:19:33 replica.py:146] complete_request_prefill: replica_id=[3], request=400, current_budget=152,last_prefill_completed_at=30614781.986244332,last_ttft=13.6139
DEBUG 08-14 23:19:33 replica.py:153] complete_request_prefill - replica_id=[3], request=400,self.replica_slo_budget-sum_pending_tokens==current_budget:True,1048576-326==1048250
DEBUG 08-14 23:19:33 replica.py:171] complete_request_decode:num_saved_toekens=592
DEBUG 08-14 23:19:33 open_ai.py:452] good request:https://u722127-b80a-4e3f9d5d.cqa1.seetacloud.com:8443:good,request._id=221,input=172,output=594
DEBUG 08-14 23:19:33 open_ai.py:335] async_send_request: request finish prefill, 405
INFO 08-14 23:19:33 open_ai.py:352] async_send_request: prefill completed: req=405,replica_id=3
DEBUG 08-14 23:19:33 replica.py:146] complete_request_prefill: replica_id=[3], request=405, current_budget=154,last_prefill_completed_at=30614782.010759816,last_ttft=13.6327
DEBUG 08-14 23:19:33 replica.py:153] complete_request_prefill - replica_id=[3], request=405,self.replica_slo_budget-sum_pending_tokens==current_budget:True,1048576-172==1048404
DEBUG 08-14 23:19:33 replica.py:171] complete_request_decode:num_saved_toekens=736
DEBUG 08-14 23:19:33 open_ai.py:452] good request:127.0.0.1:8001:good,request._id=42,input=146,output=744
DEBUG 08-14 23:19:33 replica.py:171] complete_request_decode:num_saved_toekens=496
DEBUG 08-14 23:19:33 open_ai.py:452] good request:127.0.0.1:8001:good,request._id=203,input=136,output=493
DEBUG 08-14 23:19:33 replica.py:171] complete_request_decode:num_saved_toekens=272
DEBUG 08-14 23:19:33 open_ai.py:452] good request:127.0.0.1:8001:good,request._id=232,input=150,output=280
DEBUG 08-14 23:19:33 replica.py:171] complete_request_decode:num_saved_toekens=368
DEBUG 08-14 23:19:33 open_ai.py:452] good request:https://u722127-b80a-4e3f9d5d.cqa1.seetacloud.com:8443:good,request._id=117,input=168,output=374
DEBUG 08-14 23:19:33 replica.py:171] complete_request_decode:num_saved_toekens=864
DEBUG 08-14 23:19:33 open_ai.py:452] good request:https://uu722127-b80a-4e3f9d5d.cqa1.seetacloud.com:8443:good,request._id=99,input=154,output=869
DEBUG 08-14 23:19:33 replica.py:171] complete_request_decode:num_saved_toekens=384
INFO 08-14 23:19:34 shared.py:299] Adding task for request 424 to replica 2,session_id=155
DEBUG 08-14 23:19:34 replica.py:226] add_request - replica_id=[2], request=424,self.replica_slo_budget-sum_pending_tokens==current_budget:True,1048576-150==1048426
INFO 08-14 23:19:34 shared.py:299] Adding task for request 425 to replica 2,session_id=155
DEBUG 08-14 23:19:34 replica.py:226] add_request - replica_id=[2], request=425,self.replica_slo_budget-sum_pending_tokens==current_budget:True,1048576-306==1048270
INFO 08-14 23:19:34 shared.py:299] Adding task for request 426 to replica 3,session_id=155
DEBUG 08-14 23:19:34 replica.py:226] add_request - replica_id=[3], request=426,self.replica_slo_budget-sum_pending_tokens==current_budget:True,1048576-324==1048252
INFO 08-14 23:19:34 open_ai.py:115] async_send_request:request._id=424,session=155,https://u722127-b80a-4e3f9d5d.cqa1.seetacloud.com:8443
INFO 08-14 23:19:34 open_ai.py:115] async_send_request:request._id=425,session=155,https://u722127-b80a-4e3f9d5d.cqa1.seetacloud.com:8443
INFO 08-14 23:19:34 open_ai.py:115] async_send_request:request._id=426,session=155,https://uu722127-b80a-4e3f9d5d.cqa1.seetacloud.com:8443
DEBUG 08-14 23:19:34 replica.py:171] complete_request_decode:num_saved_toekens=656
DEBUG 08-14 23:19:34 open_ai.py:452] good request:https://u722127-b80a-4e3f9d5d.cqa1.seetacloud.com:8443:good,request._id=201,input=145,output=669
DEBUG 08-14 23:19:34 replica.py:171] complete_request_decode:num_saved_toekens=176
DEBUG 08-14 23:19:34 open_ai.py:452] good request:https://u722127-8cb5-f6dc13db.nmb1.seetacloud.com:8443:good,request._id=316,input=182,output=182
DEBUG 08-14 23:19:34 replica.py:171] complete_request_decode:num_saved_toekens=176
DEBUG 08-14 23:19:34 replica.py:171] complete_request_decode:num_saved_toekens=912
DEBUG 08-14 23:19:34 metrics_store.py:131] update_metrics:request_id=223
DEBUG 08-14 23:19:34 metrics_store.py:131] update_metrics:request_id=72
DEBUG 08-14 23:19:34 metrics_store.py:131] update_metrics:request_id=257
DEBUG 08-14 23:19:34 shared.py:180] Removed task for request 223 on https://uu722127-b80a-4e3f9d5d.cqa1.seetacloud.com:8443
DEBUG 08-14 23:19:34 metrics_store.py:131] update_metrics:request_id=81
DEBUG 08-14 23:19:34 shared.py:180] Removed task for request 72 on https://u722127-b80a-4e3f9d5d.cqa1.seetacloud.com:8443
DEBUG 08-14 23:19:34 metrics_store.py:131] update_metrics:request_id=163
DEBUG 08-14 23:19:34 shared.py:180] Removed task for request 257 on https://u722127-b80a-4e3f9d5d.cqa1.seetacloud.com:8443
DEBUG 08-14 23:19:34 metrics_store.py:131] update_metrics:request_id=36
DEBUG 08-14 23:19:34 shared.py:180] Removed task for request 81 on 127.0.0.1:8001
DEBUG 08-14 23:19:34 replica.py:171] complete_request_decode:num_saved_toekens=912
DEBUG 08-14 23:19:34 open_ai.py:452] good request:https://u722127-b80a-4e3f9d5d.cqa1.seetacloud.com:8443:good,request._id=108,input=152,output=912
DEBUG 08-14 23:19:34 open_ai.py:335] async_send_request: request finish prefill, 419
INFO 08-14 23:19:34 open_ai.py:352] async_send_request: prefill completed: req=419,replica_id=0
DEBUG 08-14 23:19:34 replica.py:146] complete_request_prefill: replica_id=[0], request=419, current_budget=154,last_prefill_completed_at=30614782.549226154,last_ttft=14.157
DEBUG 08-14 23:19:34 replica.py:153] complete_request_prefill - replica_id=[0], request=419,self.replica_slo_budget-sum_pending_tokens==current_budget:True,1048576-0==1048576
DEBUG 08-14 23:19:34 open_ai.py:335] async_send_request: request finish prefill, 413
INFO 08-14 23:19:34 open_ai.py:352] async_send_request: prefill completed: req=413,replica_id=1
DEBUG 08-14 23:19:34 replica.py:146] complete_request_prefill: replica_id=[1], request=413, current_budget=1202,last_prefill_completed_at=30614782.580804937,last_ttft=14.1929
DEBUG 08-14 23:19:34 replica.py:153] complete_request_prefill - replica_id=[1], request=413,self.replica_slo_budget-sum_pending_tokens==current_budget:True,1048576-158==1048418
DEBUG 08-14 23:19:34 open_ai.py:335] async_send_request: request finish prefill, 418
INFO 08-14 23:19:34 open_ai.py:352] async_send_request: prefill completed: req=418,replica_id=1
DEBUG 08-14 23:19:34 replica.py:146] complete_request_prefill: replica_id=[1], request=418, current_budget=158,last_prefill_completed_at=30614782.6032854,last_ttft=14.2114
DEBUG 08-14 23:19:34 replica.py:153] complete_request_prefill - replica_id=[1], request=418,self.replica_slo_budget-sum_pending_tokens==current_budget:True,1048576-0==1048576
DEBUG 08-14 23:19:34 metrics_store.py:131] update_metrics:request_id=221
DEBUG 08-14 23:19:34 shared.py:180] Removed task for request 163 on 127.0.0.1:8001
DEBUG 08-14 23:19:34 replica.py:171] complete_request_decode:num_saved_toekens=416
DEBUG 08-14 23:19:34 open_ai.py:452] good request:https://u722127-b80a-4e3f9d5d.cqa1.seetacloud.com:8443:good,request._id=185,input=146,output=416
DEBUG 08-14 23:19:34 open_ai.py:335] async_send_request: request finish prefill, 411
INFO 08-14 23:19:34 open_ai.py:352] async_send_request: prefill completed: req=411,replica_id=4
DEBUG 08-14 23:19:34 replica.py:146] complete_request_prefill: replica_id=[4], request=411, current_budget=3341,last_prefill_completed_at=30614782.676311716,last_ttft=14.2917
DEBUG 08-14 23:19:34 replica.py:153] complete_request_prefill - replica_id=[4], request=411,self.replica_slo_budget-sum_pending_tokens==current_budget:True,1048576-1204==1047372
DEBUG 08-14 23:19:34 open_ai.py:335] async_send_request: request finish prefill, 414
INFO 08-14 23:19:34 open_ai.py:352] async_send_request: prefill completed: req=414,replica_id=3
DEBUG 08-14 23:19:34 replica.py:146] complete_request_prefill: replica_id=[3], request=414, current_budget=172,last_prefill_completed_at=30614782.70391555,last_ttft=14.3163
DEBUG 08-14 23:19:34 replica.py:153] complete_request_prefill - replica_id=[3], request=414,self.replica_slo_budget-sum_pending_tokens==current_budget:True,1048576-152==1048424
DEBUG 08-14 23:19:34 metrics_store.py:131] update_metrics:request_id=42
DEBUG 08-14 23:19:34 shared.py:180] Removed task for request 36 on https://u722127-b80a-4e3f9d5d.cqa1.seetacloud.com:8443
DEBUG 08-14 23:19:34 open_ai.py:335] async_send_request: request finish prefill, 410
INFO 08-14 23:19:34 open_ai.py:352] async_send_request: prefill completed: req=410,replica_id=4
DEBUG 08-14 23:19:34 replica.py:146] complete_request_prefill: replica_id=[4], request=410, current_budget=1032,last_prefill_completed_at=30614782.787132755,last_ttft=14.4037
DEBUG 08-14 23:19:34 replica.py:153] complete_request_prefill - replica_id=[4], request=410,self.replica_slo_budget-sum_pending_tokens==current_budget:True,1048576-172==1048404
DEBUG 08-14 23:19:34 open_ai.py:335] async_send_request: request finish prefill, 412
INFO 08-14 23:19:34 open_ai.py:352] async_send_request: prefill completed: req=412,replica_id=4
DEBUG 08-14 23:19:34 replica.py:146] complete_request_prefill: replica_id=[4], request=412, current_budget=172,last_prefill_completed_at=30614782.8137524,last_ttft=14.4263
DEBUG 08-14 23:19:34 replica.py:153] complete_request_prefill - replica_id=[4], request=412,self.replica_slo_budget-sum_pending_tokens==current_budget:True,1048576-0==1048576
DEBUG 08-14 23:19:34 replica.py:171] complete_request_decode:num_saved_toekens=0
DEBUG 08-14 23:19:34 open_ai.py:452] good request:127.0.0.1:8001:good,request._id=413,input=1202,output=13
DEBUG 08-14 23:19:34 metrics_store.py:131] update_metrics:request_id=203
DEBUG 08-14 23:19:34 shared.py:180] Removed task for request 221 on https://u722127-b80a-4e3f9d5d.cqa1.seetacloud.com:8443
DEBUG 08-14 23:19:34 metrics_store.py:131] update_metrics:request_id=232
DEBUG 08-14 23:19:34 shared.py:180] Removed task for request 42 on 127.0.0.1:8001
DEBUG 08-14 23:19:34 replica.py:171] complete_request_decode:num_saved_toekens=352
DEBUG 08-14 23:19:34 open_ai.py:452] good request:https://uu722127-b80a-4e3f9d5d.cqa1.seetacloud.com:8443:good,request._id=324,input=142,output=351
DEBUG 08-14 23:19:34 replica.py:171] complete_request_decode:num_saved_toekens=688
DEBUG 08-14 23:19:34 open_ai.py:452] good request:https://u722127-b80a-4e3f9d5d.cqa1.seetacloud.com:8443:good,request._id=212,input=158,output=675
DEBUG 08-14 23:19:34 metrics_store.py:131] update_metrics:request_id=117
DEBUG 08-14 23:19:34 shared.py:180] Removed task for request 203 on 127.0.0.1:8001
DEBUG 08-14 23:19:34 replica.py:171] complete_request_decode:num_saved_toekens=16
DEBUG 08-14 23:19:34 metrics_store.py:131] update_metrics:request_id=99
DEBUG 08-14 23:19:34 shared.py:180] Removed task for request 232 on 127.0.0.1:8001
DEBUG 08-14 23:19:34 shared.py:180] Removed task for request 117 on https://u722127-b80a-4e3f9d5d.cqa1.seetacloud.com:8443
DEBUG 08-14 23:19:35 replica.py:171] complete_request_decode:num_saved_toekens=768
DEBUG 08-14 23:19:35 open_ai.py:452] good request:127.0.0.1:8000:good,request._id=34,input=146,output=772
DEBUG 08-14 23:19:35 shared.py:180] Removed task for request 99 on https://uu722127-b80a-4e3f9d5d.cqa1.seetacloud.com:8443
DEBUG 08-14 23:19:35 replica.py:171] complete_request_decode:num_saved_toekens=448
DEBUG 08-14 23:19:35 open_ai.py:452] good request:https://uu722127-b80a-4e3f9d5d.cqa1.seetacloud.com:8443:good,request._id=115,input=184,output=451
DEBUG 08-14 23:19:35 replica.py:171] complete_request_decode:num_saved_toekens=368
DEBUG 08-14 23:19:35 open_ai.py:452] good request:https://uu722127-b80a-4e3f9d5d.cqa1.seetacloud.com:8443:good,request._id=334,input=154,output=363
DEBUG 08-14 23:19:35 replica.py:171] complete_request_decode:num_saved_toekens=992
DEBUG 08-14 23:19:35 open_ai.py:452] good request:https://u722127-b80a-4e3f9d5d.cqa1.seetacloud.com:8443:good,request._id=85,input=150,output=989
DEBUG 08-14 23:19:35 replica.py:171] complete_request_decode:num_saved_toekens=960
DEBUG 08-14 23:19:35 open_ai.py:452] good request:https://u722127-b80a-4e3f9d5d.cqa1.seetacloud.com:8443:good,request._id=106,input=146,output=968
DEBUG 08-14 23:19:35 open_ai.py:452] good request:https://uu722127-b80a-4e3f9d5d.cqa1.seetacloud.com:8443:good,request._id=190,input=154,output=383
INFO 08-14 23:19:35 shared.py:299] Adding task for request 433 to replica 1,session_id=38
DEBUG 08-14 23:19:35 replica.py:226] add_request - replica_id=[1], request=433,self.replica_slo_budget-sum_pending_tokens==current_budget:True,1048576-1375==1047201
INFO 08-14 23:19:35 shared.py:299] Adding task for request 435 to replica 1,session_id=132
DEBUG 08-14 23:19:35 replica.py:226] add_request - replica_id=[1], request=435,self.replica_slo_budget-sum_pending_tokens==current_budget:True,1048576-1535==1047041
INFO 08-14 23:19:35 shared.py:299] Adding task for request 436 to replica 2,session_id=132
DEBUG 08-14 23:19:35 replica.py:226] add_request - replica_id=[2], request=436,self.replica_slo_budget-sum_pending_tokens==current_budget:True,1048576-468==1048108
INFO 08-14 23:19:35 shared.py:299] Adding task for request 438 to replica 1,session_id=27
DEBUG 08-14 23:19:35 replica.py:226] add_request - replica_id=[1], request=438,self.replica_slo_budget-sum_pending_tokens==current_budget:True,1048576-2416==1046160
INFO 08-14 23:19:35 shared.py:299] Adding task for request 439 to replica 2,session_id=12
DEBUG 08-14 23:19:35 replica.py:226] add_request - replica_id=[2], request=439,self.replica_slo_budget-sum_pending_tokens==current_budget:True,1048576-2556==1046020
INFO 08-14 23:19:35 open_ai.py:115] async_send_request:request._id=433,session=38,127.0.0.1:8001
INFO 08-14 23:19:35 open_ai.py:115] async_send_request:request._id=435,session=132,127.0.0.1:8001
INFO 08-14 23:19:35 open_ai.py:115] async_send_request:request._id=436,session=132,https://u722127-b80a-4e3f9d5d.cqa1.seetacloud.com:8443
INFO 08-14 23:19:35 open_ai.py:115] async_send_request:request._id=438,session=27,127.0.0.1:8001
INFO 08-14 23:19:35 open_ai.py:115] async_send_request:request._id=439,session=12,https://u722127-b80a-4e3f9d5d.cqa1.seetacloud.com:8443
DEBUG 08-14 23:19:35 metrics_store.py:131] update_metrics:request_id=201
DEBUG 08-14 23:19:35 metrics_store.py:131] update_metrics:request_id=316
DEBUG 08-14 23:19:35 shared.py:180] Removed task for request 201 on https://u722127-b80a-4e3f9d5d.cqa1.seetacloud.com:8443
DEBUG 08-14 23:19:35 shared.py:180] Removed task for request 316 on https://u722127-8cb5-f6dc13db.nmb1.seetacloud.com:8443
DEBUG 08-14 23:19:35 open_ai.py:335] async_send_request: request finish prefill, 425
INFO 08-14 23:19:35 open_ai.py:352] async_send_request: prefill completed: req=425,replica_id=2
DEBUG 08-14 23:19:35 replica.py:146] complete_request_prefill: replica_id=[2], request=425, current_budget=156,last_prefill_completed_at=30614783.779578727,last_ttft=15.3812
DEBUG 08-14 23:19:35 replica.py:153] complete_request_prefill - replica_id=[2], request=425,self.replica_slo_budget-sum_pending_tokens==current_budget:True,1048576-2400==1046176
DEBUG 08-14 23:19:35 replica.py:171] complete_request_decode:num_saved_toekens=400
DEBUG 08-14 23:19:35 open_ai.py:452] good request:127.0.0.1:8000:good,request._id=268,input=166,output=408
DEBUG 08-14 23:19:35 replica.py:171] complete_request_decode:num_saved_toekens=640
DEBUG 08-14 23:19:35 open_ai.py:452] good request:127.0.0.1:8000:good,request._id=172,input=144,output=655
DEBUG 08-14 23:19:35 open_ai.py:335] async_send_request: request finish prefill, 426
INFO 08-14 23:19:35 open_ai.py:352] async_send_request: prefill completed: req=426,replica_id=3
DEBUG 08-14 23:19:35 replica.py:146] complete_request_prefill: replica_id=[3], request=426, current_budget=152,last_prefill_completed_at=30614783.815982487,last_ttft=15.4177
DEBUG 08-14 23:19:35 replica.py:153] complete_request_prefill - replica_id=[3], request=426,self.replica_slo_budget-sum_pending_tokens==current_budget:True,1048576-0==1048576
DEBUG 08-14 23:19:35 open_ai.py:335] async_send_request: request finish prefill, 424
INFO 08-14 23:19:35 open_ai.py:352] async_send_request: prefill completed: req=424,replica_id=2
DEBUG 08-14 23:19:35 replica.py:146] complete_request_prefill: replica_id=[2], request=424, current_budget=150,last_prefill_completed_at=30614783.842261016,last_ttft=15.4442
DEBUG 08-14 23:19:35 replica.py:153] complete_request_prefill - replica_id=[2], request=424,self.replica_slo_budget-sum_pending_tokens==current_budget:True,1048576-2250==1046326
DEBUG 08-14 23:19:35 replica.py:171] complete_request_decode:num_saved_toekens=512
DEBUG 08-14 23:19:35 open_ai.py:452] good request:https://u722127-b80a-4e3f9d5d.cqa1.seetacloud.com:8443:good,request._id=73,input=152,output=506
DEBUG 08-14 23:19:35 open_ai.py:452] good request:127.0.0.1:8000:good,request._id=350,input=160,output=191
DEBUG 08-14 23:19:35 replica.py:171] complete_request_decode:num_saved_toekens=976
DEBUG 08-14 23:19:35 replica.py:171] complete_request_decode:num_saved_toekens=496
DEBUG 08-14 23:19:35 open_ai.py:452] good request:https://uu722127-b80a-4e3f9d5d.cqa1.seetacloud.com:8443:good,request._id=62,input=162,output=505
DEBUG 08-14 23:19:35 open_ai.py:452] good request:https://u722127-b80a-4e3f9d5d.cqa1.seetacloud.com:8443:good,request._id=90,input=166,output=907
DEBUG 08-14 23:19:35 metrics_store.py:131] update_metrics:request_id=108
DEBUG 08-14 23:19:35 replica.py:171] complete_request_decode:num_saved_toekens=736
DEBUG 08-14 23:19:35 open_ai.py:452] good request:127.0.0.1:8001:good,request._id=149,input=146,output=741
DEBUG 08-14 23:19:35 metrics_store.py:131] update_metrics:request_id=185
DEBUG 08-14 23:19:35 metrics_store.py:131] update_metrics:request_id=413
DEBUG 08-14 23:19:35 shared.py:180] Removed task for request 108 on https://u722127-b80a-4e3f9d5d.cqa1.seetacloud.com:8443
DEBUG 08-14 23:19:35 metrics_store.py:131] update_metrics:request_id=324
DEBUG 08-14 23:19:35 shared.py:180] Removed task for request 185 on https://u722127-b80a-4e3f9d5d.cqa1.seetacloud.com:8443
DEBUG 08-14 23:19:35 metrics_store.py:131] update_metrics:request_id=212
DEBUG 08-14 23:19:35 shared.py:180] Removed task for request 413 on 127.0.0.1:8001
DEBUG 08-14 23:19:35 shared.py:180] Removed task for request 324 on https://uu722127-b80a-4e3f9d5d.cqa1.seetacloud.com:8443
DEBUG 08-14 23:19:35 replica.py:171] complete_request_decode:num_saved_toekens=224
DEBUG 08-14 23:19:35 open_ai.py:452] good request:127.0.0.1:8000:good,request._id=365,input=160,output=231
DEBUG 08-14 23:19:35 shared.py:180] Removed task for request 212 on https://u722127-b80a-4e3f9d5d.cqa1.seetacloud.com:8443
DEBUG 08-14 23:19:36 replica.py:171] complete_request_decode:num_saved_toekens=304
DEBUG 08-14 23:19:36 open_ai.py:452] good request:127.0.0.1:8001:good,request._id=344,input=148,output=305
DEBUG 08-14 23:19:36 replica.py:171] complete_request_decode:num_saved_toekens=528
DEBUG 08-14 23:19:36 open_ai.py:452] good request:https://uu722127-b80a-4e3f9d5d.cqa1.seetacloud.com:8443:good,request._id=61,input=158,output=525
DEBUG 08-14 23:19:36 replica.py:171] complete_request_decode:num_saved_toekens=112
DEBUG 08-14 23:19:36 open_ai.py:452] good request:127.0.0.1:8000:good,request._id=401,input=923,output=112
INFO 08-14 23:19:36 shared.py:299] Adding task for request 247 to replica 2,session_id=69
DEBUG 08-14 23:19:36 replica.py:226] add_request - replica_id=[2], request=247,self.replica_slo_budget-sum_pending_tokens==current_budget:True,1048576-2438==1046138
INFO 08-14 23:19:36 shared.py:299] Adding task for request 248 to replica 2,session_id=69
DEBUG 08-14 23:19:36 replica.py:226] add_request - replica_id=[2], request=248,self.replica_slo_budget-sum_pending_tokens==current_budget:True,1048576-2614==1045962
INFO 08-14 23:19:36 shared.py:299] Adding task for request 278 to replica 2,session_id=85
DEBUG 08-14 23:19:36 replica.py:226] add_request - replica_id=[2], request=278,self.replica_slo_budget-sum_pending_tokens==current_budget:True,1048576-2760==1045816
INFO 08-14 23:19:36 shared.py:299] Adding task for request 280 to replica 2,session_id=85
DEBUG 08-14 23:19:36 replica.py:226] add_request - replica_id=[2], request=280,self.replica_slo_budget-sum_pending_tokens==current_budget:True,1048576-2908==1045668
DEBUG 08-14 23:19:36 open_ai.py:452] good request:https://u722127-8cb5-f6dc13db.nmb1.seetacloud.com:8443:good,request._id=410,input=1032,output=13
INFO 08-14 23:19:36 open_ai.py:115] async_send_request:request._id=247,session=69,https://u722127-b80a-4e3f9d5d.cqa1.seetacloud.com:8443
INFO 08-14 23:19:36 open_ai.py:115] async_send_request:request._id=248,session=69,https://u722127-b80a-4e3f9d5d.cqa1.seetacloud.com:8443
INFO 08-14 23:19:36 open_ai.py:115] async_send_request:request._id=278,session=85,https://u722127-b80a-4e3f9d5d.cqa1.seetacloud.com:8443
INFO 08-14 23:19:36 open_ai.py:115] async_send_request:request._id=280,session=85,https://u722127-b80a-4e3f9d5d.cqa1.seetacloud.com:8443
DEBUG 08-14 23:19:36 metrics_store.py:131] update_metrics:request_id=34
DEBUG 08-14 23:19:36 metrics_store.py:131] update_metrics:request_id=115
INFO 08-14 23:19:36 shared.py:299] Adding task for request 297 to replica 1,session_id=93
DEBUG 08-14 23:19:36 replica.py:226] add_request - replica_id=[1], request=297,self.replica_slo_budget-sum_pending_tokens==current_budget:True,1048576-2566==1046010
INFO 08-14 23:19:36 shared.py:299] Adding task for request 328 to replica 1,session_id=1
DEBUG 08-14 23:19:36 replica.py:226] add_request - replica_id=[1], request=328,self.replica_slo_budget-sum_pending_tokens==current_budget:True,1048576-2741==1045835
INFO 08-14 23:19:36 shared.py:299] Adding task for request 298 to replica 2,session_id=93
DEBUG 08-14 23:19:36 replica.py:226] add_request - replica_id=[2], request=298,self.replica_slo_budget-sum_pending_tokens==current_budget:True,1048576-3052==1045524
INFO 08-14 23:19:36 shared.py:299] Adding task for request 327 to replica 2,session_id=1
DEBUG 08-14 23:19:36 replica.py:226] add_request - replica_id=[2], request=327,self.replica_slo_budget-sum_pending_tokens==current_budget:True,1048576-3244==1045332
INFO 08-14 23:19:36 shared.py:299] Adding task for request 301 to replica 3,session_id=93
DEBUG 08-14 23:19:36 replica.py:226] add_request - replica_id=[3], request=301,self.replica_slo_budget-sum_pending_tokens==current_budget:True,1048576-146==1048430
INFO 08-14 23:19:36 shared.py:299] Adding task for request 329 to replica 3,session_id=1
DEBUG 08-14 23:19:36 replica.py:226] add_request - replica_id=[3], request=329,self.replica_slo_budget-sum_pending_tokens==current_budget:True,1048576-324==1048252
INFO 08-14 23:19:36 shared.py:299] Adding task for request 315 to replica 4,session_id=89
DEBUG 08-14 23:19:36 replica.py:226] add_request - replica_id=[4], request=315,self.replica_slo_budget-sum_pending_tokens==current_budget:True,1048576-144==1048432
DEBUG 08-14 23:19:36 metrics_store.py:131] update_metrics:request_id=334
DEBUG 08-14 23:19:36 shared.py:180] Removed task for request 34 on 127.0.0.1:8000
INFO 08-14 23:19:36 open_ai.py:115] async_send_request:request._id=297,session=93,127.0.0.1:8001
INFO 08-14 23:19:36 open_ai.py:115] async_send_request:request._id=328,session=1,127.0.0.1:8001
INFO 08-14 23:19:36 open_ai.py:115] async_send_request:request._id=298,session=93,https://u722127-b80a-4e3f9d5d.cqa1.seetacloud.com:8443
INFO 08-14 23:19:36 open_ai.py:115] async_send_request:request._id=327,session=1,https://u722127-b80a-4e3f9d5d.cqa1.seetacloud.com:8443
INFO 08-14 23:19:36 open_ai.py:115] async_send_request:request._id=301,session=93,https://uu722127-b80a-4e3f9d5d.cqa1.seetacloud.com:8443
INFO 08-14 23:19:36 open_ai.py:115] async_send_request:request._id=329,session=1,https://uu722127-b80a-4e3f9d5d.cqa1.seetacloud.com:8443
INFO 08-14 23:19:36 open_ai.py:115] async_send_request:request._id=315,session=89,https://u722127-8cb5-f6dc13db.nmb1.seetacloud.com:8443
DEBUG 08-14 23:19:36 metrics_store.py:131] update_metrics:request_id=85
DEBUG 08-14 23:19:36 shared.py:180] Removed task for request 115 on https://uu722127-b80a-4e3f9d5d.cqa1.seetacloud.com:8443
INFO 08-14 23:19:36 shared.py:299] Adding task for request 338 to replica 0,session_id=101
DEBUG 08-14 23:19:36 replica.py:226] add_request - replica_id=[0], request=338,self.replica_slo_budget-sum_pending_tokens==current_budget:True,1048576-172==1048404
INFO 08-14 23:19:36 shared.py:299] Adding task for request 339 to replica 1,session_id=97
DEBUG 08-14 23:19:36 replica.py:226] add_request - replica_id=[1], request=339,self.replica_slo_budget-sum_pending_tokens==current_budget:True,1048576-2915==1045661
INFO 08-14 23:19:36 shared.py:299] Adding task for request 337 to replica 2,session_id=97
DEBUG 08-14 23:19:36 replica.py:226] add_request - replica_id=[2], request=337,self.replica_slo_budget-sum_pending_tokens==current_budget:True,1048576-3414==1045162
INFO 08-14 23:19:36 shared.py:299] Adding task for request 336 to replica 3,session_id=105
DEBUG 08-14 23:19:36 replica.py:226] add_request - replica_id=[3], request=336,self.replica_slo_budget-sum_pending_tokens==current_budget:True,1048576-474==1048102
INFO 08-14 23:19:36 shared.py:299] Adding task for request 345 to replica 3,session_id=117
DEBUG 08-14 23:19:36 replica.py:226] add_request - replica_id=[3], request=345,self.replica_slo_budget-sum_pending_tokens==current_budget:True,1048576-622==1047954
INFO 08-14 23:19:36 shared.py:299] Adding task for request 343 to replica 4,session_id=121
DEBUG 08-14 23:19:36 replica.py:226] add_request - replica_id=[4], request=343,self.replica_slo_budget-sum_pending_tokens==current_budget:True,1048576-316==1048260
INFO 08-14 23:19:36 shared.py:299] Adding task for request 360 to replica 0,session_id=109
DEBUG 08-14 23:19:36 replica.py:226] add_request - replica_id=[0], request=360,self.replica_slo_budget-sum_pending_tokens==current_budget:True,1048576-320==1048256
INFO 08-14 23:19:36 shared.py:299] Adding task for request 367 to replica 1,session_id=133
DEBUG 08-14 23:19:36 replica.py:226] add_request - replica_id=[1], request=367,self.replica_slo_budget-sum_pending_tokens==current_budget:True,1048576-3061==1045515
INFO 08-14 23:19:36 shared.py:299] Adding task for request 359 to replica 2,session_id=109
DEBUG 08-14 23:19:36 replica.py:226] add_request - replica_id=[2], request=359,self.replica_slo_budget-sum_pending_tokens==current_budget:True,1048576-3560==1045016
INFO 08-14 23:19:36 shared.py:299] Adding task for request 362 to replica 3,session_id=109
DEBUG 08-14 23:19:36 replica.py:226] add_request - replica_id=[3], request=362,self.replica_slo_budget-sum_pending_tokens==current_budget:True,1048576-772==1047804
DEBUG 08-14 23:19:36 metrics_store.py:131] update_metrics:request_id=106
DEBUG 08-14 23:19:36 shared.py:180] Removed task for request 334 on https://uu722127-b80a-4e3f9d5d.cqa1.seetacloud.com:8443
INFO 08-14 23:19:36 shared.py:299] Adding task for request 384 to replica 0,session_id=113
DEBUG 08-14 23:19:36 replica.py:226] add_request - replica_id=[0], request=384,self.replica_slo_budget-sum_pending_tokens==current_budget:True,1048576-512==1048064
INFO 08-14 23:19:36 shared.py:299] Adding task for request 387 to replica 1,session_id=153
DEBUG 08-14 23:19:36 replica.py:226] add_request - replica_id=[1], request=387,self.replica_slo_budget-sum_pending_tokens==current_budget:True,1048576-3203==1045373
INFO 08-14 23:19:36 shared.py:299] Adding task for request 370 to replica 2,session_id=141
DEBUG 08-14 23:19:36 replica.py:226] add_request - replica_id=[2], request=370,self.replica_slo_budget-sum_pending_tokens==current_budget:True,1048576-3718==1044858
INFO 08-14 23:19:36 shared.py:299] Adding task for request 386 to replica 2,session_id=113
DEBUG 08-14 23:19:36 replica.py:226] add_request - replica_id=[2], request=386,self.replica_slo_budget-sum_pending_tokens==current_budget:True,1048576-3902==1044674
INFO 08-14 23:19:36 shared.py:299] Adding task for request 369 to replica 3,session_id=137
DEBUG 08-14 23:19:36 replica.py:226] add_request - replica_id=[3], request=369,self.replica_slo_budget-sum_pending_tokens==current_budget:True,1048576-956==1047620
INFO 08-14 23:19:36 shared.py:299] Adding task for request 385 to replica 3,session_id=113
DEBUG 08-14 23:19:36 replica.py:226] add_request - replica_id=[3], request=385,self.replica_slo_budget-sum_pending_tokens==current_budget:True,1048576-1144==1047432
INFO 08-14 23:19:36 shared.py:299] Adding task for request 373 to replica 4,session_id=145
DEBUG 08-14 23:19:36 replica.py:226] add_request - replica_id=[4], request=373,self.replica_slo_budget-sum_pending_tokens==current_budget:True,1048576-462==1048114
INFO 08-14 23:19:36 shared.py:299] Adding task for request 389 to replica 3,session_id=9
DEBUG 08-14 23:19:36 replica.py:226] add_request - replica_id=[3], request=389,self.replica_slo_budget-sum_pending_tokens==current_budget:True,1048576-3161==1045415
INFO 08-14 23:19:36 open_ai.py:115] async_send_request:request._id=338,session=101,127.0.0.1:8000
INFO 08-14 23:19:36 open_ai.py:115] async_send_request:request._id=339,session=97,127.0.0.1:8001
INFO 08-14 23:19:36 open_ai.py:115] async_send_request:request._id=337,session=97,https://u722127-b80a-4e3f9d5d.cqa1.seetacloud.com:8443
INFO 08-14 23:19:36 open_ai.py:115] async_send_request:request._id=336,session=105,https://uu722127-b80a-4e3f9d5d.cqa1.seetacloud.com:8443
INFO 08-14 23:19:36 open_ai.py:115] async_send_request:request._id=345,session=117,https://uu722127-b80a-4e3f9d5d.cqa1.seetacloud.com:8443
INFO 08-14 23:19:36 open_ai.py:115] async_send_request:request._id=343,session=121,https://u722127-8cb5-f6dc13db.nmb1.seetacloud.com:8443
INFO 08-14 23:19:36 open_ai.py:115] async_send_request:request._id=360,session=109,127.0.0.1:8000
INFO 08-14 23:19:36 open_ai.py:115] async_send_request:request._id=367,session=133,127.0.0.1:8001
INFO 08-14 23:19:36 open_ai.py:115] async_send_request:request._id=359,session=109,https://u722127-b80a-4e3f9d5d.cqa1.seetacloud.com:8443
INFO 08-14 23:19:36 open_ai.py:115] async_send_request:request._id=362,session=109,https://uu722127-b80a-4e3f9d5d.cqa1.seetacloud.com:8443
DEBUG 08-14 23:19:36 metrics_store.py:131] update_metrics:request_id=190
DEBUG 08-14 23:19:36 shared.py:180] Removed task for request 85 on https://u722127-b80a-4e3f9d5d.cqa1.seetacloud.com:8443
INFO 08-14 23:19:36 shared.py:299] Adding task for request 402 to replica 0,session_id=157
DEBUG 08-14 23:19:36 replica.py:226] add_request - replica_id=[0], request=402,self.replica_slo_budget-sum_pending_tokens==current_budget:True,1048576-666==1047910
INFO 08-14 23:19:36 shared.py:299] Adding task for request 415 to replica 0,session_id=149
DEBUG 08-14 23:19:36 replica.py:226] add_request - replica_id=[0], request=415,self.replica_slo_budget-sum_pending_tokens==current_budget:True,1048576-820==1047756
INFO 08-14 23:19:36 shared.py:299] Adding task for request 408 to replica 1,session_id=129
DEBUG 08-14 23:19:36 replica.py:226] add_request - replica_id=[1], request=408,self.replica_slo_budget-sum_pending_tokens==current_budget:True,1048576-3375==1045201
INFO 08-14 23:19:36 shared.py:299] Adding task for request 398 to replica 2,session_id=161
DEBUG 08-14 23:19:36 replica.py:226] add_request - replica_id=[2], request=398,self.replica_slo_budget-sum_pending_tokens==current_budget:True,1048576-4062==1044514
INFO 08-14 23:19:36 shared.py:299] Adding task for request 403 to replica 2,session_id=157
DEBUG 08-14 23:19:36 replica.py:226] add_request - replica_id=[2], request=403,self.replica_slo_budget-sum_pending_tokens==current_budget:True,1048576-4216==1044360
INFO 08-14 23:19:36 shared.py:299] Adding task for request 416 to replica 2,session_id=149
DEBUG 08-14 23:19:36 replica.py:226] add_request - replica_id=[2], request=416,self.replica_slo_budget-sum_pending_tokens==current_budget:True,1048576-4372==1044204
INFO 08-14 23:19:36 shared.py:299] Adding task for request 409 to replica 3,session_id=129
DEBUG 08-14 23:19:36 replica.py:226] add_request - replica_id=[3], request=409,self.replica_slo_budget-sum_pending_tokens==current_budget:True,1048576-3331==1045245
INFO 08-14 23:19:36 shared.py:299] Adding task for request 407 to replica 4,session_id=129
DEBUG 08-14 23:19:36 replica.py:226] add_request - replica_id=[4], request=407,self.replica_slo_budget-sum_pending_tokens==current_budget:True,1048576-636==1047940
INFO 08-14 23:19:36 shared.py:299] Adding task for request 420 to replica 3,session_id=165
DEBUG 08-14 23:19:36 replica.py:226] add_request - replica_id=[3], request=420,self.replica_slo_budget-sum_pending_tokens==current_budget:True,1048576-3505==1045071
INFO 08-14 23:19:36 shared.py:299] Adding task for request 417 to replica 4,session_id=53
DEBUG 08-14 23:19:36 replica.py:226] add_request - replica_id=[4], request=417,self.replica_slo_budget-sum_pending_tokens==current_budget:True,1048576-1011==1047565
INFO 08-14 23:19:36 open_ai.py:115] async_send_request:request._id=384,session=113,127.0.0.1:8000
INFO 08-14 23:19:36 open_ai.py:115] async_send_request:request._id=387,session=153,127.0.0.1:8001
INFO 08-14 23:19:36 open_ai.py:115] async_send_request:request._id=370,session=141,https://u722127-b80a-4e3f9d5d.cqa1.seetacloud.com:8443
INFO 08-14 23:19:36 open_ai.py:115] async_send_request:request._id=386,session=113,https://u722127-b80a-4e3f9d5d.cqa1.seetacloud.com:8443
INFO 08-14 23:19:36 open_ai.py:115] async_send_request:request._id=369,session=137,https://uu722127-b80a-4e3f9d5d.cqa1.seetacloud.com:8443
INFO 08-14 23:19:36 open_ai.py:115] async_send_request:request._id=385,session=113,https://uu722127-b80a-4e3f9d5d.cqa1.seetacloud.com:8443
INFO 08-14 23:19:36 open_ai.py:115] async_send_request:request._id=373,session=145,https://u722127-8cb5-f6dc13db.nmb1.seetacloud.com:8443
INFO 08-14 23:19:36 open_ai.py:115] async_send_request:request._id=389,session=9,https://uu722127-b80a-4e3f9d5d.cqa1.seetacloud.com:8443
DEBUG 08-14 23:19:36 replica.py:171] complete_request_decode:num_saved_toekens=352
DEBUG 08-14 23:19:36 open_ai.py:452] good request:127.0.0.1:8000:good,request._id=321,input=168,output=344
DEBUG 08-14 23:19:36 replica.py:171] complete_request_decode:num_saved_toekens=416
DEBUG 08-14 23:19:36 open_ai.py:452] good request:127.0.0.1:8001:good,request._id=92,input=154,output=406
INFO 08-14 23:19:36 shared.py:299] Adding task for request 431 to replica 1,session_id=125
DEBUG 08-14 23:19:36 replica.py:226] add_request - replica_id=[1], request=431,self.replica_slo_budget-sum_pending_tokens==current_budget:True,1048576-3529==1045047
INFO 08-14 23:19:36 shared.py:299] Adding task for request 432 to replica 2,session_id=125
DEBUG 08-14 23:19:36 replica.py:226] add_request - replica_id=[2], request=432,self.replica_slo_budget-sum_pending_tokens==current_budget:True,1048576-4538==1044038
DEBUG 08-14 23:19:36 shared.py:180] Removed task for request 106 on https://u722127-b80a-4e3f9d5d.cqa1.seetacloud.com:8443
INFO 08-14 23:19:36 shared.py:299] Adding task for request 437 to replica 4,session_id=5
DEBUG 08-14 23:19:36 replica.py:226] add_request - replica_id=[4], request=437,self.replica_slo_budget-sum_pending_tokens==current_budget:True,1048576-2426==1046150
INFO 08-14 23:19:36 open_ai.py:115] async_send_request:request._id=402,session=157,127.0.0.1:8000
INFO 08-14 23:19:36 open_ai.py:115] async_send_request:request._id=415,session=149,127.0.0.1:8000
INFO 08-14 23:19:36 open_ai.py:115] async_send_request:request._id=408,session=129,127.0.0.1:8001
INFO 08-14 23:19:36 open_ai.py:115] async_send_request:request._id=398,session=161,https://u722127-b80a-4e3f9d5d.cqa1.seetacloud.com:8443
INFO 08-14 23:19:36 open_ai.py:115] async_send_request:request._id=403,session=157,https://u722127-b80a-4e3f9d5d.cqa1.seetacloud.com:8443
INFO 08-14 23:19:36 open_ai.py:115] async_send_request:request._id=416,session=149,https://u722127-b80a-4e3f9d5d.cqa1.seetacloud.com:8443
INFO 08-14 23:19:36 open_ai.py:115] async_send_request:request._id=409,session=129,https://uu722127-b80a-4e3f9d5d.cqa1.seetacloud.com:8443
INFO 08-14 23:19:36 open_ai.py:115] async_send_request:request._id=407,session=129,https://u722127-8cb5-f6dc13db.nmb1.seetacloud.com:8443
INFO 08-14 23:19:36 open_ai.py:115] async_send_request:request._id=420,session=165,https://uu722127-b80a-4e3f9d5d.cqa1.seetacloud.com:8443
INFO 08-14 23:19:36 open_ai.py:115] async_send_request:request._id=417,session=53,https://u722127-8cb5-f6dc13db.nmb1.seetacloud.com:8443
INFO 08-14 23:19:36 open_ai.py:115] async_send_request:request._id=431,session=125,127.0.0.1:8001
INFO 08-14 23:19:36 open_ai.py:115] async_send_request:request._id=432,session=125,https://u722127-b80a-4e3f9d5d.cqa1.seetacloud.com:8443
DEBUG 08-14 23:19:36 shared.py:180] Removed task for request 190 on https://uu722127-b80a-4e3f9d5d.cqa1.seetacloud.com:8443
INFO 08-14 23:19:36 open_ai.py:115] async_send_request:request._id=437,session=5,https://u722127-8cb5-f6dc13db.nmb1.seetacloud.com:8443
DEBUG 08-14 23:19:36 replica.py:171] complete_request_decode:num_saved_toekens=400
DEBUG 08-14 23:19:36 open_ai.py:452] good request:127.0.0.1:8001:good,request._id=116,input=176,output=410
INFO 08-14 23:19:36 shared.py:299] Adding task for request 440 to replica 3,session_id=16
DEBUG 08-14 23:19:36 replica.py:226] add_request - replica_id=[3], request=440,self.replica_slo_budget-sum_pending_tokens==current_budget:True,1048576-4556==1044020
INFO 08-14 23:19:36 shared.py:299] Adding task for request 441 to replica 4,session_id=32
DEBUG 08-14 23:19:36 replica.py:226] add_request - replica_id=[4], request=441,self.replica_slo_budget-sum_pending_tokens==current_budget:True,1048576-4375==1044201
INFO 08-14 23:19:36 shared.py:299] Adding task for request 442 to replica 0,session_id=25
DEBUG 08-14 23:19:36 replica.py:226] add_request - replica_id=[0], request=442,self.replica_slo_budget-sum_pending_tokens==current_budget:True,1048576-2312==1046264
INFO 08-14 23:19:36 shared.py:299] Adding task for request 443 to replica 0,session_id=13
DEBUG 08-14 23:19:36 replica.py:226] add_request - replica_id=[0], request=443,self.replica_slo_budget-sum_pending_tokens==current_budget:True,1048576-4529==1044047
INFO 08-14 23:19:36 shared.py:299] Adding task for request 444 to replica 4,session_id=65
DEBUG 08-14 23:19:36 replica.py:226] add_request - replica_id=[4], request=444,self.replica_slo_budget-sum_pending_tokens==current_budget:True,1048576-5074==1043502
INFO 08-14 23:19:36 shared.py:299] Adding task for request 445 to replica 0,session_id=64
DEBUG 08-14 23:19:36 replica.py:226] add_request - replica_id=[0], request=445,self.replica_slo_budget-sum_pending_tokens==current_budget:True,1048576-5043==1043533
INFO 08-14 23:19:36 shared.py:299] Adding task for request 446 to replica 2,session_id=17
DEBUG 08-14 23:19:36 replica.py:226] add_request - replica_id=[2], request=446,self.replica_slo_budget-sum_pending_tokens==current_budget:True,1048576-4734==1043842
INFO 08-14 23:19:36 shared.py:299] Adding task for request 447 to replica 0,session_id=17
DEBUG 08-14 23:19:36 replica.py:226] add_request - replica_id=[0], request=447,self.replica_slo_budget-sum_pending_tokens==current_budget:True,1048576-5223==1043353
INFO 08-14 23:19:36 shared.py:299] Adding task for request 448 to replica 3,session_id=17
DEBUG 08-14 23:19:36 replica.py:226] add_request - replica_id=[3], request=448,self.replica_slo_budget-sum_pending_tokens==current_budget:True,1048576-4734==1043842
INFO 08-14 23:19:36 shared.py:299] Adding task for request 449 to replica 4,session_id=24
DEBUG 08-14 23:19:36 replica.py:226] add_request - replica_id=[4], request=449,self.replica_slo_budget-sum_pending_tokens==current_budget:True,1048576-7537==1041039
INFO 08-14 23:19:36 open_ai.py:115] async_send_request:request._id=440,session=16,https://uu722127-b80a-4e3f9d5d.cqa1.seetacloud.com:8443
INFO 08-14 23:19:36 open_ai.py:115] async_send_request:request._id=441,session=32,https://u722127-8cb5-f6dc13db.nmb1.seetacloud.com:8443
INFO 08-14 23:19:36 open_ai.py:115] async_send_request:request._id=442,session=25,127.0.0.1:8000
INFO 08-14 23:19:36 open_ai.py:115] async_send_request:request._id=443,session=13,127.0.0.1:8000
INFO 08-14 23:19:36 open_ai.py:115] async_send_request:request._id=444,session=65,https://u722127-8cb5-f6dc13db.nmb1.seetacloud.com:8443
INFO 08-14 23:19:36 open_ai.py:115] async_send_request:request._id=445,session=64,127.0.0.1:8000
INFO 08-14 23:19:36 open_ai.py:115] async_send_request:request._id=446,session=17,https://u722127-b80a-4e3f9d5d.cqa1.seetacloud.com:8443
INFO 08-14 23:19:36 open_ai.py:115] async_send_request:request._id=447,session=17,127.0.0.1:8000
INFO 08-14 23:19:36 open_ai.py:115] async_send_request:request._id=448,session=17,https://uu722127-b80a-4e3f9d5d.cqa1.seetacloud.com:8443
INFO 08-14 23:19:36 open_ai.py:115] async_send_request:request._id=449,session=24,https://u722127-8cb5-f6dc13db.nmb1.seetacloud.com:8443
DEBUG 08-14 23:19:36 replica.py:171] complete_request_decode:num_saved_toekens=240
DEBUG 08-14 23:19:36 open_ai.py:452] good request:https://u722127-b80a-4e3f9d5d.cqa1.seetacloud.com:8443:good,request._id=397,input=154,output=239
DEBUG 08-14 23:19:36 replica.py:171] complete_request_decode:num_saved_toekens=272
DEBUG 08-14 23:19:36 open_ai.py:452] good request:127.0.0.1:8001:good,request._id=363,input=787,output=271
DEBUG 08-14 23:19:36 metrics_store.py:131] update_metrics:request_id=268
DEBUG 08-14 23:19:36 metrics_store.py:131] update_metrics:request_id=172
DEBUG 08-14 23:19:36 metrics_store.py:131] update_metrics:request_id=73
DEBUG 08-14 23:19:36 shared.py:180] Removed task for request 268 on 127.0.0.1:8000
DEBUG 08-14 23:19:36 metrics_store.py:131] update_metrics:request_id=350
DEBUG 08-14 23:19:36 shared.py:180] Removed task for request 172 on 127.0.0.1:8000
DEBUG 08-14 23:19:36 shared.py:180] Removed task for request 73 on https://u722127-b80a-4e3f9d5d.cqa1.seetacloud.com:8443
DEBUG 08-14 23:19:36 shared.py:180] Removed task for request 350 on 127.0.0.1:8000
DEBUG 08-14 23:19:36 replica.py:171] complete_request_decode:num_saved_toekens=128
DEBUG 08-14 23:19:36 open_ai.py:452] good request:127.0.0.1:8000:good,request._id=404,input=152,output=135
DEBUG 08-14 23:19:36 open_ai.py:452] good request:https://uu722127-b80a-4e3f9d5d.cqa1.seetacloud.com:8443:good,request._id=120,input=160,output=977
DEBUG 08-14 23:19:36 metrics_store.py:131] update_metrics:request_id=62
DEBUG 08-14 23:19:36 metrics_store.py:131] update_metrics:request_id=90
DEBUG 08-14 23:19:36 metrics_store.py:131] update_metrics:request_id=149
DEBUG 08-14 23:19:36 shared.py:180] Removed task for request 62 on https://uu722127-b80a-4e3f9d5d.cqa1.seetacloud.com:8443
DEBUG 08-14 23:19:36 metrics_store.py:131] update_metrics:request_id=365
DEBUG 08-14 23:19:36 shared.py:180] Removed task for request 90 on https://u722127-b80a-4e3f9d5d.cqa1.seetacloud.com:8443
DEBUG 08-14 23:19:36 metrics_store.py:131] update_metrics:request_id=344
DEBUG 08-14 23:19:36 shared.py:180] Removed task for request 149 on 127.0.0.1:8001
DEBUG 08-14 23:19:36 metrics_store.py:131] update_metrics:request_id=61
DEBUG 08-14 23:19:36 shared.py:180] Removed task for request 365 on 127.0.0.1:8000
DEBUG 08-14 23:19:36 metrics_store.py:131] update_metrics:request_id=401
DEBUG 08-14 23:19:36 shared.py:180] Removed task for request 344 on 127.0.0.1:8001
DEBUG 08-14 23:19:36 metrics_store.py:131] update_metrics:request_id=410
DEBUG 08-14 23:19:36 shared.py:180] Removed task for request 61 on https://uu722127-b80a-4e3f9d5d.cqa1.seetacloud.com:8443
DEBUG 08-14 23:19:36 open_ai.py:335] async_send_request: request finish prefill, 435
INFO 08-14 23:19:36 open_ai.py:352] async_send_request: prefill completed: req=435,replica_id=1
DEBUG 08-14 23:19:36 replica.py:146] complete_request_prefill: replica_id=[1], request=435, current_budget=160,last_prefill_completed_at=30614784.75044019,last_ttft=16.3229
DEBUG 08-14 23:19:36 replica.py:153] complete_request_prefill - replica_id=[1], request=435,self.replica_slo_budget-sum_pending_tokens==current_budget:True,1048576-3369==1045207
DEBUG 08-14 23:19:36 open_ai.py:335] async_send_request: request finish prefill, 438
INFO 08-14 23:19:36 open_ai.py:352] async_send_request: prefill completed: req=438,replica_id=1
DEBUG 08-14 23:19:36 replica.py:146] complete_request_prefill: replica_id=[1], request=438, current_budget=881,last_prefill_completed_at=30614784.756616406,last_ttft=16.3164
DEBUG 08-14 23:19:36 replica.py:153] complete_request_prefill - replica_id=[1], request=438,self.replica_slo_budget-sum_pending_tokens==current_budget:True,1048576-2488==1046088
DEBUG 08-14 23:19:36 open_ai.py:335] async_send_request: request finish prefill, 433
INFO 08-14 23:19:36 open_ai.py:352] async_send_request: prefill completed: req=433,replica_id=1
DEBUG 08-14 23:19:36 replica.py:146] complete_request_prefill: replica_id=[1], request=433, current_budget=1375,last_prefill_completed_at=30614784.763303645,last_ttft=16.3418
DEBUG 08-14 23:19:36 replica.py:153] complete_request_prefill - replica_id=[1], request=433,self.replica_slo_budget-sum_pending_tokens==current_budget:True,1048576-1113==1047463
DEBUG 08-14 23:19:36 shared.py:180] Removed task for request 401 on 127.0.0.1:8000
DEBUG 08-14 23:19:36 open_ai.py:335] async_send_request: request finish prefill, 436
INFO 08-14 23:19:36 open_ai.py:352] async_send_request: prefill completed: req=436,replica_id=2
DEBUG 08-14 23:19:36 replica.py:146] complete_request_prefill: replica_id=[2], request=436, current_budget=162,last_prefill_completed_at=30614784.783678327,last_ttft=16.3559
DEBUG 08-14 23:19:36 replica.py:153] complete_request_prefill - replica_id=[2], request=436,self.replica_slo_budget-sum_pending_tokens==current_budget:True,1048576-4572==1044004
DEBUG 08-14 23:19:36 shared.py:180] Removed task for request 410 on https://u722127-8cb5-f6dc13db.nmb1.seetacloud.com:8443
DEBUG 08-14 23:19:36 replica.py:171] complete_request_decode:num_saved_toekens=752
DEBUG 08-14 23:19:36 open_ai.py:335] async_send_request: request finish prefill, 439
INFO 08-14 23:19:36 open_ai.py:352] async_send_request: prefill completed: req=439,replica_id=2
DEBUG 08-14 23:19:36 replica.py:146] complete_request_prefill: replica_id=[2], request=439, current_budget=2088,last_prefill_completed_at=30614784.82495898,last_ttft=16.3796
DEBUG 08-14 23:19:36 replica.py:153] complete_request_prefill - replica_id=[2], request=439,self.replica_slo_budget-sum_pending_tokens==current_budget:True,1048576-2484==1046092
DEBUG 08-14 23:19:36 metrics_store.py:131] update_metrics:request_id=321
DEBUG 08-14 23:19:36 metrics_store.py:131] update_metrics:request_id=92
DEBUG 08-14 23:19:36 shared.py:180] Removed task for request 321 on 127.0.0.1:8000
DEBUG 08-14 23:19:36 shared.py:180] Removed task for request 92 on 127.0.0.1:8001
DEBUG 08-14 23:19:36 metrics_store.py:131] update_metrics:request_id=116
DEBUG 08-14 23:19:36 shared.py:180] Removed task for request 116 on 127.0.0.1:8001
DEBUG 08-14 23:19:36 replica.py:171] complete_request_decode:num_saved_toekens=272
DEBUG 08-14 23:19:36 open_ai.py:452] good request:https://u722127-b80a-4e3f9d5d.cqa1.seetacloud.com:8443:good,request._id=393,input=158,output=259
DEBUG 08-14 23:19:36 replica.py:171] complete_request_decode:num_saved_toekens=928
DEBUG 08-14 23:19:36 open_ai.py:452] good request:https://u722127-b80a-4e3f9d5d.cqa1.seetacloud.com:8443:good,request._id=186,input=148,output=928
INFO 08-14 23:19:36 shared.py:299] Adding task for request 450 to replica 0,session_id=36
DEBUG 08-14 23:19:36 replica.py:226] add_request - replica_id=[0], request=450,self.replica_slo_budget-sum_pending_tokens==current_budget:True,1048576-6555==1042021
INFO 08-14 23:19:36 shared.py:299] Adding task for request 451 to replica 0,session_id=51
DEBUG 08-14 23:19:36 replica.py:226] add_request - replica_id=[0], request=451,self.replica_slo_budget-sum_pending_tokens==current_budget:True,1048576-7488==1041088
INFO 08-14 23:19:36 shared.py:299] Adding task for request 453 to replica 1,session_id=53
DEBUG 08-14 23:19:36 replica.py:226] add_request - replica_id=[1], request=453,self.replica_slo_budget-sum_pending_tokens==current_budget:True,1048576-1273==1047303
INFO 08-14 23:19:36 shared.py:299] Adding task for request 456 to replica 0,session_id=13
DEBUG 08-14 23:19:36 replica.py:226] add_request - replica_id=[0], request=456,self.replica_slo_budget-sum_pending_tokens==current_budget:True,1048576-9553==1039023
INFO 08-14 23:19:36 shared.py:299] Adding task for request 457 to replica 0,session_id=25
DEBUG 08-14 23:19:36 replica.py:226] add_request - replica_id=[0], request=457,self.replica_slo_budget-sum_pending_tokens==current_budget:True,1048576-10894==1037682
INFO 08-14 23:19:36 shared.py:299] Adding task for request 458 to replica 1,session_id=42
DEBUG 08-14 23:19:36 replica.py:226] add_request - replica_id=[1], request=458,self.replica_slo_budget-sum_pending_tokens==current_budget:True,1048576-2205==1046371
INFO 08-14 23:19:36 open_ai.py:115] async_send_request:request._id=450,session=36,127.0.0.1:8000
INFO 08-14 23:19:36 open_ai.py:115] async_send_request:request._id=451,session=51,127.0.0.1:8000
INFO 08-14 23:19:36 open_ai.py:115] async_send_request:request._id=453,session=53,127.0.0.1:8001
INFO 08-14 23:19:36 open_ai.py:115] async_send_request:request._id=456,session=13,127.0.0.1:8000
INFO 08-14 23:19:36 open_ai.py:115] async_send_request:request._id=457,session=25,127.0.0.1:8000
INFO 08-14 23:19:36 open_ai.py:115] async_send_request:request._id=458,session=42,127.0.0.1:8001
DEBUG 08-14 23:19:36 open_ai.py:335] async_send_request: request finish prefill, 360
INFO 08-14 23:19:36 open_ai.py:352] async_send_request: prefill completed: req=360,replica_id=0
DEBUG 08-14 23:19:36 replica.py:146] complete_request_prefill: replica_id=[0], request=360, current_budget=148,last_prefill_completed_at=30614785.023394737,last_ttft=16.6991
DEBUG 08-14 23:19:36 replica.py:153] complete_request_prefill - replica_id=[0], request=360,self.replica_slo_budget-sum_pending_tokens==current_budget:True,1048576-10746==1037830
INFO 08-14 23:19:36 shared.py:299] Adding task for request 459 to replica 1,session_id=75
DEBUG 08-14 23:19:36 replica.py:226] add_request - replica_id=[1], request=459,self.replica_slo_budget-sum_pending_tokens==current_budget:True,1048576-2963==1045613
DEBUG 08-14 23:19:36 open_ai.py:335] async_send_request: request finish prefill, 384
INFO 08-14 23:19:36 open_ai.py:352] async_send_request: prefill completed: req=384,replica_id=0
DEBUG 08-14 23:19:36 replica.py:146] complete_request_prefill: replica_id=[0], request=384, current_budget=192,last_prefill_completed_at=30614785.03383927,last_ttft=16.6814
DEBUG 08-14 23:19:36 replica.py:153] complete_request_prefill - replica_id=[0], request=384,self.replica_slo_budget-sum_pending_tokens==current_budget:True,1048576-10554==1038022
DEBUG 08-14 23:19:36 open_ai.py:335] async_send_request: request finish prefill, 328
INFO 08-14 23:19:36 open_ai.py:352] async_send_request: prefill completed: req=328,replica_id=1
DEBUG 08-14 23:19:36 replica.py:146] complete_request_prefill: replica_id=[1], request=328, current_budget=175,last_prefill_completed_at=30614785.042261865,last_ttft=16.7553
DEBUG 08-14 23:19:36 replica.py:153] complete_request_prefill - replica_id=[1], request=328,self.replica_slo_budget-sum_pending_tokens==current_budget:True,1048576-2788==1045788
INFO 08-14 23:19:36 open_ai.py:115] async_send_request:request._id=459,session=75,127.0.0.1:8001
DEBUG 08-14 23:19:36 open_ai.py:335] async_send_request: request finish prefill, 338
INFO 08-14 23:19:36 open_ai.py:352] async_send_request: prefill completed: req=338,replica_id=0
DEBUG 08-14 23:19:36 replica.py:146] complete_request_prefill: replica_id=[0], request=338, current_budget=172,last_prefill_completed_at=30614785.06659475,last_ttft=16.767
DEBUG 08-14 23:19:36 replica.py:153] complete_request_prefill - replica_id=[0], request=338,self.replica_slo_budget-sum_pending_tokens==current_budget:True,1048576-10382==1038194
DEBUG 08-14 23:19:36 open_ai.py:335] async_send_request: request finish prefill, 315
INFO 08-14 23:19:36 open_ai.py:352] async_send_request: prefill completed: req=315,replica_id=4
DEBUG 08-14 23:19:36 replica.py:146] complete_request_prefill: replica_id=[4], request=315, current_budget=144,last_prefill_completed_at=30614785.07413559,last_ttft=16.7986
DEBUG 08-14 23:19:36 replica.py:153] complete_request_prefill - replica_id=[4], request=315,self.replica_slo_budget-sum_pending_tokens==current_budget:True,1048576-7393==1041183
DEBUG 08-14 23:19:36 open_ai.py:335] async_send_request: request finish prefill, 402
INFO 08-14 23:19:36 open_ai.py:352] async_send_request: prefill completed: req=402,replica_id=0
DEBUG 08-14 23:19:36 replica.py:146] complete_request_prefill: replica_id=[0], request=402, current_budget=154,last_prefill_completed_at=30614785.08144671,last_ttft=16.7048
DEBUG 08-14 23:19:36 replica.py:153] complete_request_prefill - replica_id=[0], request=402,self.replica_slo_budget-sum_pending_tokens==current_budget:True,1048576-10228==1038348
DEBUG 08-14 23:19:36 open_ai.py:335] async_send_request: request finish prefill, 415
INFO 08-14 23:19:36 open_ai.py:352] async_send_request: prefill completed: req=415,replica_id=0
DEBUG 08-14 23:19:36 replica.py:146] complete_request_prefill: replica_id=[0], request=415, current_budget=154,last_prefill_completed_at=30614785.089017093,last_ttft=16.6989
DEBUG 08-14 23:19:36 replica.py:153] complete_request_prefill - replica_id=[0], request=415,self.replica_slo_budget-sum_pending_tokens==current_budget:True,1048576-10074==1038502
DEBUG 08-14 23:19:36 open_ai.py:335] async_send_request: request finish prefill, 248
INFO 08-14 23:19:36 open_ai.py:352] async_send_request: prefill completed: req=248,replica_id=2
DEBUG 08-14 23:19:36 replica.py:146] complete_request_prefill: replica_id=[2], request=248, current_budget=176,last_prefill_completed_at=30614785.09627106,last_ttft=16.8742
DEBUG 08-14 23:19:36 replica.py:153] complete_request_prefill - replica_id=[2], request=248,self.replica_slo_budget-sum_pending_tokens==current_budget:True,1048576-2308==1046268
DEBUG 08-14 23:19:36 open_ai.py:335] async_send_request: request finish prefill, 339
INFO 08-14 23:19:36 open_ai.py:352] async_send_request: prefill completed: req=339,replica_id=1
DEBUG 08-14 23:19:36 replica.py:146] complete_request_prefill: replica_id=[1], request=339, current_budget=174,last_prefill_completed_at=30614785.103734218,last_ttft=16.804
DEBUG 08-14 23:19:36 replica.py:153] complete_request_prefill - replica_id=[1], request=339,self.replica_slo_budget-sum_pending_tokens==current_budget:True,1048576-2614==1045962
DEBUG 08-14 23:19:36 open_ai.py:335] async_send_request: request finish prefill, 343
INFO 08-14 23:19:36 open_ai.py:352] async_send_request: prefill completed: req=343,replica_id=4
DEBUG 08-14 23:19:36 replica.py:146] complete_request_prefill: replica_id=[4], request=343, current_budget=172,last_prefill_completed_at=30614785.111099012,last_ttft=16.8082
DEBUG 08-14 23:19:36 replica.py:153] complete_request_prefill - replica_id=[4], request=343,self.replica_slo_budget-sum_pending_tokens==current_budget:True,1048576-7221==1041355
DEBUG 08-14 23:19:36 open_ai.py:335] async_send_request: request finish prefill, 367
INFO 08-14 23:19:36 open_ai.py:352] async_send_request: prefill completed: req=367,replica_id=1
DEBUG 08-14 23:19:36 replica.py:146] complete_request_prefill: replica_id=[1], request=367, current_budget=146,last_prefill_completed_at=30614785.1185357,last_ttft=16.7857
DEBUG 08-14 23:19:36 replica.py:153] complete_request_prefill - replica_id=[1], request=367,self.replica_slo_budget-sum_pending_tokens==current_budget:True,1048576-2468==1046108
DEBUG 08-14 23:19:36 open_ai.py:335] async_send_request: request finish prefill, 297
INFO 08-14 23:19:36 open_ai.py:352] async_send_request: prefill completed: req=297,replica_id=1
DEBUG 08-14 23:19:36 replica.py:146] complete_request_prefill: replica_id=[1], request=297, current_budget=150,last_prefill_completed_at=30614785.125810064,last_ttft=16.8607
DEBUG 08-14 23:19:36 replica.py:153] complete_request_prefill - replica_id=[1], request=297,self.replica_slo_budget-sum_pending_tokens==current_budget:True,1048576-2318==1046258
DEBUG 08-14 23:19:36 open_ai.py:335] async_send_request: request finish prefill, 387
INFO 08-14 23:19:36 open_ai.py:352] async_send_request: prefill completed: req=387,replica_id=1
DEBUG 08-14 23:19:36 replica.py:146] complete_request_prefill: replica_id=[1], request=387, current_budget=142,last_prefill_completed_at=30614785.133343913,last_ttft=16.7793
DEBUG 08-14 23:19:36 replica.py:153] complete_request_prefill - replica_id=[1], request=387,self.replica_slo_budget-sum_pending_tokens==current_budget:True,1048576-2176==1046400
DEBUG 08-14 23:19:36 open_ai.py:335] async_send_request: request finish prefill, 408
INFO 08-14 23:19:36 open_ai.py:352] async_send_request: prefill completed: req=408,replica_id=1
DEBUG 08-14 23:19:36 replica.py:146] complete_request_prefill: replica_id=[1], request=408, current_budget=172,last_prefill_completed_at=30614785.144035526,last_ttft=16.7629
DEBUG 08-14 23:19:36 replica.py:153] complete_request_prefill - replica_id=[1], request=408,self.replica_slo_budget-sum_pending_tokens==current_budget:True,1048576-2004==1046572
DEBUG 08-14 23:19:37 open_ai.py:335] async_send_request: request finish prefill, 431
INFO 08-14 23:19:37 open_ai.py:352] async_send_request: prefill completed: req=431,replica_id=1
DEBUG 08-14 23:19:37 replica.py:146] complete_request_prefill: replica_id=[1], request=431, current_budget=154,last_prefill_completed_at=30614785.151642937,last_ttft=16.7434
DEBUG 08-14 23:19:37 replica.py:153] complete_request_prefill - replica_id=[1], request=431,self.replica_slo_budget-sum_pending_tokens==current_budget:True,1048576-1850==1046726
DEBUG 08-14 23:19:37 open_ai.py:335] async_send_request: request finish prefill, 247
INFO 08-14 23:19:37 open_ai.py:352] async_send_request: prefill completed: req=247,replica_id=2
DEBUG 08-14 23:19:37 replica.py:146] complete_request_prefill: replica_id=[2], request=247, current_budget=188,last_prefill_completed_at=30614785.159497246,last_ttft=16.9375
DEBUG 08-14 23:19:37 replica.py:153] complete_request_prefill - replica_id=[2], request=247,self.replica_slo_budget-sum_pending_tokens==current_budget:True,1048576-2120==1046456
DEBUG 08-14 23:19:37 open_ai.py:335] async_send_request: request finish prefill, 373
INFO 08-14 23:19:37 open_ai.py:352] async_send_request: prefill completed: req=373,replica_id=4
DEBUG 08-14 23:19:37 replica.py:146] complete_request_prefill: replica_id=[4], request=373, current_budget=146,last_prefill_completed_at=30614785.16848843,last_ttft=16.8278
DEBUG 08-14 23:19:37 replica.py:153] complete_request_prefill - replica_id=[4], request=373,self.replica_slo_budget-sum_pending_tokens==current_budget:True,1048576-7075==1041501
DEBUG 08-14 23:19:37 open_ai.py:335] async_send_request: request finish prefill, 437
INFO 08-14 23:19:37 open_ai.py:352] async_send_request: prefill completed: req=437,replica_id=4
DEBUG 08-14 23:19:37 replica.py:146] complete_request_prefill: replica_id=[4], request=437, current_budget=1415,last_prefill_completed_at=30614785.176062997,last_ttft=16.7457
DEBUG 08-14 23:19:37 replica.py:153] complete_request_prefill - replica_id=[4], request=437,self.replica_slo_budget-sum_pending_tokens==current_budget:True,1048576-5660==1042916
DEBUG 08-14 23:19:37 open_ai.py:335] async_send_request: request finish prefill, 336
INFO 08-14 23:19:37 open_ai.py:352] async_send_request: prefill completed: req=336,replica_id=3
DEBUG 08-14 23:19:37 replica.py:146] complete_request_prefill: replica_id=[3], request=336, current_budget=150,last_prefill_completed_at=30614785.19502328,last_ttft=16.8987
DEBUG 08-14 23:19:37 replica.py:153] complete_request_prefill - replica_id=[3], request=336,self.replica_slo_budget-sum_pending_tokens==current_budget:True,1048576-4584==1043992
DEBUG 08-14 23:19:37 open_ai.py:335] async_send_request: request finish prefill, 329
INFO 08-14 23:19:37 open_ai.py:352] async_send_request: prefill completed: req=329,replica_id=3
DEBUG 08-14 23:19:37 replica.py:146] complete_request_prefill: replica_id=[3], request=329, current_budget=178,last_prefill_completed_at=30614785.20253003,last_ttft=16.9151
DEBUG 08-14 23:19:37 replica.py:153] complete_request_prefill - replica_id=[3], request=329,self.replica_slo_budget-sum_pending_tokens==current_budget:True,1048576-4406==1044170
DEBUG 08-14 23:19:37 open_ai.py:335] async_send_request: request finish prefill, 301
INFO 08-14 23:19:37 open_ai.py:352] async_send_request: prefill completed: req=301,replica_id=3
DEBUG 08-14 23:19:37 replica.py:146] complete_request_prefill: replica_id=[3], request=301, current_budget=146,last_prefill_completed_at=30614785.209996764,last_ttft=16.9445
DEBUG 08-14 23:19:37 replica.py:153] complete_request_prefill - replica_id=[3], request=301,self.replica_slo_budget-sum_pending_tokens==current_budget:True,1048576-4260==1044316
DEBUG 08-14 23:19:37 open_ai.py:335] async_send_request: request finish prefill, 362
INFO 08-14 23:19:37 open_ai.py:352] async_send_request: prefill completed: req=362,replica_id=3
DEBUG 08-14 23:19:37 replica.py:146] complete_request_prefill: replica_id=[3], request=362, current_budget=150,last_prefill_completed_at=30614785.217387825,last_ttft=16.8928
DEBUG 08-14 23:19:37 replica.py:153] complete_request_prefill - replica_id=[3], request=362,self.replica_slo_budget-sum_pending_tokens==current_budget:True,1048576-4110==1044466
DEBUG 08-14 23:19:37 open_ai.py:335] async_send_request: request finish prefill, 369
INFO 08-14 23:19:37 open_ai.py:352] async_send_request: prefill completed: req=369,replica_id=3
DEBUG 08-14 23:19:37 replica.py:146] complete_request_prefill: replica_id=[3], request=369, current_budget=184,last_prefill_completed_at=30614785.224860977,last_ttft=16.8907
DEBUG 08-14 23:19:37 replica.py:153] complete_request_prefill - replica_id=[3], request=369,self.replica_slo_budget-sum_pending_tokens==current_budget:True,1048576-3926==1044650
DEBUG 08-14 23:19:37 open_ai.py:335] async_send_request: request finish prefill, 345
INFO 08-14 23:19:37 open_ai.py:352] async_send_request: prefill completed: req=345,replica_id=3
DEBUG 08-14 23:19:37 replica.py:146] complete_request_prefill: replica_id=[3], request=345, current_budget=148,last_prefill_completed_at=30614785.23230468,last_ttft=16.9289
DEBUG 08-14 23:19:37 replica.py:153] complete_request_prefill - replica_id=[3], request=345,self.replica_slo_budget-sum_pending_tokens==current_budget:True,1048576-3778==1044798
DEBUG 08-14 23:19:37 replica.py:171] complete_request_decode:num_saved_toekens=400
DEBUG 08-14 23:19:37 open_ai.py:452] good request:127.0.0.1:8001:good,request._id=312,input=158,output=400
DEBUG 08-14 23:19:37 open_ai.py:335] async_send_request: request finish prefill, 278
INFO 08-14 23:19:37 open_ai.py:352] async_send_request: prefill completed: req=278,replica_id=2
DEBUG 08-14 23:19:37 replica.py:146] complete_request_prefill: replica_id=[2], request=278, current_budget=146,last_prefill_completed_at=30614785.246956147,last_ttft=16.9953
DEBUG 08-14 23:19:37 replica.py:153] complete_request_prefill - replica_id=[2], request=278,self.replica_slo_budget-sum_pending_tokens==current_budget:True,1048576-1974==1046602
DEBUG 08-14 23:19:37 open_ai.py:335] async_send_request: request finish prefill, 280
INFO 08-14 23:19:37 open_ai.py:352] async_send_request: prefill completed: req=280,replica_id=2
DEBUG 08-14 23:19:37 replica.py:146] complete_request_prefill: replica_id=[2], request=280, current_budget=148,last_prefill_completed_at=30614785.254425373,last_ttft=17.0025
DEBUG 08-14 23:19:37 replica.py:153] complete_request_prefill - replica_id=[2], request=280,self.replica_slo_budget-sum_pending_tokens==current_budget:True,1048576-1826==1046750
DEBUG 08-14 23:19:37 open_ai.py:335] async_send_request: request finish prefill, 327
INFO 08-14 23:19:37 open_ai.py:352] async_send_request: prefill completed: req=327,replica_id=2
DEBUG 08-14 23:19:37 replica.py:146] complete_request_prefill: replica_id=[2], request=327, current_budget=192,last_prefill_completed_at=30614785.26185477,last_ttft=16.975
DEBUG 08-14 23:19:37 replica.py:153] complete_request_prefill - replica_id=[2], request=327,self.replica_slo_budget-sum_pending_tokens==current_budget:True,1048576-1634==1046942
DEBUG 08-14 23:19:37 open_ai.py:335] async_send_request: request finish prefill, 337
INFO 08-14 23:19:37 open_ai.py:352] async_send_request: prefill completed: req=337,replica_id=2
DEBUG 08-14 23:19:37 replica.py:146] complete_request_prefill: replica_id=[2], request=337, current_budget=170,last_prefill_completed_at=30614785.27186,last_ttft=16.9723
DEBUG 08-14 23:19:37 replica.py:153] complete_request_prefill - replica_id=[2], request=337,self.replica_slo_budget-sum_pending_tokens==current_budget:True,1048576-1464==1047112
DEBUG 08-14 23:19:37 open_ai.py:335] async_send_request: request finish prefill, 298
INFO 08-14 23:19:37 open_ai.py:352] async_send_request: prefill completed: req=298,replica_id=2
DEBUG 08-14 23:19:37 replica.py:146] complete_request_prefill: replica_id=[2], request=298, current_budget=144,last_prefill_completed_at=30614785.28138904,last_ttft=17.0161
DEBUG 08-14 23:19:37 replica.py:153] complete_request_prefill - replica_id=[2], request=298,self.replica_slo_budget-sum_pending_tokens==current_budget:True,1048576-1320==1047256
DEBUG 08-14 23:19:37 open_ai.py:335] async_send_request: request finish prefill, 359
INFO 08-14 23:19:37 open_ai.py:352] async_send_request: prefill completed: req=359,replica_id=2
DEBUG 08-14 23:19:37 replica.py:146] complete_request_prefill: replica_id=[2], request=359, current_budget=146,last_prefill_completed_at=30614785.28864816,last_ttft=16.9646
DEBUG 08-14 23:19:37 replica.py:153] complete_request_prefill - replica_id=[2], request=359,self.replica_slo_budget-sum_pending_tokens==current_budget:True,1048576-1174==1047402
DEBUG 08-14 23:19:37 open_ai.py:335] async_send_request: request finish prefill, 386
INFO 08-14 23:19:37 open_ai.py:352] async_send_request: prefill completed: req=386,replica_id=2
DEBUG 08-14 23:19:37 replica.py:146] complete_request_prefill: replica_id=[2], request=386, current_budget=184,last_prefill_completed_at=30614785.295918778,last_ttft=16.943
DEBUG 08-14 23:19:37 replica.py:153] complete_request_prefill - replica_id=[2], request=386,self.replica_slo_budget-sum_pending_tokens==current_budget:True,1048576-990==1047586
DEBUG 08-14 23:19:37 open_ai.py:335] async_send_request: request finish prefill, 370
INFO 08-14 23:19:37 open_ai.py:352] async_send_request: prefill completed: req=370,replica_id=2
DEBUG 08-14 23:19:37 replica.py:146] complete_request_prefill: replica_id=[2], request=370, current_budget=158,last_prefill_completed_at=30614785.303489916,last_ttft=16.9668
DEBUG 08-14 23:19:37 replica.py:153] complete_request_prefill - replica_id=[2], request=370,self.replica_slo_budget-sum_pending_tokens==current_budget:True,1048576-832==1047744
DEBUG 08-14 23:19:37 open_ai.py:335] async_send_request: request finish prefill, 398
INFO 08-14 23:19:37 open_ai.py:352] async_send_request: prefill completed: req=398,replica_id=2
DEBUG 08-14 23:19:37 replica.py:146] complete_request_prefill: replica_id=[2], request=398, current_budget=160,last_prefill_completed_at=30614785.310816146,last_ttft=16.9418
DEBUG 08-14 23:19:37 replica.py:153] complete_request_prefill - replica_id=[2], request=398,self.replica_slo_budget-sum_pending_tokens==current_budget:True,1048576-672==1047904
DEBUG 08-14 23:19:37 open_ai.py:335] async_send_request: request finish prefill, 407
INFO 08-14 23:19:37 open_ai.py:352] async_send_request: prefill completed: req=407,replica_id=4
DEBUG 08-14 23:19:37 replica.py:146] complete_request_prefill: replica_id=[4], request=407, current_budget=174,last_prefill_completed_at=30614785.33402875,last_ttft=16.9531
DEBUG 08-14 23:19:37 replica.py:153] complete_request_prefill - replica_id=[4], request=407,self.replica_slo_budget-sum_pending_tokens==current_budget:True,1048576-5486==1043090
DEBUG 08-14 23:19:37 open_ai.py:335] async_send_request: request finish prefill, 417
INFO 08-14 23:19:37 open_ai.py:352] async_send_request: prefill completed: req=417,replica_id=4
DEBUG 08-14 23:19:37 replica.py:146] complete_request_prefill: replica_id=[4], request=417, current_budget=375,last_prefill_completed_at=30614785.341478903,last_ttft=16.9499
DEBUG 08-14 23:19:37 replica.py:153] complete_request_prefill - replica_id=[4], request=417,self.replica_slo_budget-sum_pending_tokens==current_budget:True,1048576-5111==1043465
DEBUG 08-14 23:19:37 open_ai.py:335] async_send_request: request finish prefill, 403
INFO 08-14 23:19:37 open_ai.py:352] async_send_request: prefill completed: req=403,replica_id=2
DEBUG 08-14 23:19:37 replica.py:146] complete_request_prefill: replica_id=[2], request=403, current_budget=154,last_prefill_completed_at=30614785.353166495,last_ttft=16.9764
DEBUG 08-14 23:19:37 replica.py:153] complete_request_prefill - replica_id=[2], request=403,self.replica_slo_budget-sum_pending_tokens==current_budget:True,1048576-518==1048058
DEBUG 08-14 23:19:37 open_ai.py:335] async_send_request: request finish prefill, 416
INFO 08-14 23:19:37 open_ai.py:352] async_send_request: prefill completed: req=416,replica_id=2
DEBUG 08-14 23:19:37 replica.py:146] complete_request_prefill: replica_id=[2], request=416, current_budget=156,last_prefill_completed_at=30614785.361201715,last_ttft=16.9709
DEBUG 08-14 23:19:37 replica.py:153] complete_request_prefill - replica_id=[2], request=416,self.replica_slo_budget-sum_pending_tokens==current_budget:True,1048576-362==1048214
DEBUG 08-14 23:19:37 replica.py:171] complete_request_decode:num_saved_toekens=592
DEBUG 08-14 23:19:37 open_ai.py:452] good request:https://uu722127-b80a-4e3f9d5d.cqa1.seetacloud.com:8443:good,request._id=93,input=158,output=593
DEBUG 08-14 23:19:37 replica.py:171] complete_request_decode:num_saved_toekens=176
DEBUG 08-14 23:19:37 open_ai.py:452] good request:https://uu722127-b80a-4e3f9d5d.cqa1.seetacloud.com:8443:good,request._id=414,input=172,output=172
DEBUG 08-14 23:19:37 replica.py:171] complete_request_decode:num_saved_toekens=848
DEBUG 08-14 23:19:37 open_ai.py:452] good request:127.0.0.1:8000:good,request._id=105,input=170,output=840
DEBUG 08-14 23:19:37 open_ai.py:335] async_send_request: request finish prefill, 441
INFO 08-14 23:19:37 open_ai.py:352] async_send_request: prefill completed: req=441,replica_id=4
DEBUG 08-14 23:19:37 replica.py:146] complete_request_prefill: replica_id=[4], request=441, current_budget=1949,last_prefill_completed_at=30614785.393811353,last_ttft=16.9311
DEBUG 08-14 23:19:37 replica.py:153] complete_request_prefill - replica_id=[4], request=441,self.replica_slo_budget-sum_pending_tokens==current_budget:True,1048576-3162==1045414
DEBUG 08-14 23:19:37 open_ai.py:335] async_send_request: request finish prefill, 385
INFO 08-14 23:19:37 open_ai.py:352] async_send_request: prefill completed: req=385,replica_id=3
DEBUG 08-14 23:19:37 replica.py:146] complete_request_prefill: replica_id=[3], request=385, current_budget=188,last_prefill_completed_at=30614785.407367308,last_ttft=17.0547
DEBUG 08-14 23:19:37 replica.py:153] complete_request_prefill - replica_id=[3], request=385,self.replica_slo_budget-sum_pending_tokens==current_budget:True,1048576-3590==1044986
DEBUG 08-14 23:19:37 open_ai.py:335] async_send_request: request finish prefill, 409
INFO 08-14 23:19:37 open_ai.py:352] async_send_request: prefill completed: req=409,replica_id=3
DEBUG 08-14 23:19:37 replica.py:146] complete_request_prefill: replica_id=[3], request=409, current_budget=170,last_prefill_completed_at=30614785.418349296,last_ttft=17.0369
DEBUG 08-14 23:19:37 replica.py:153] complete_request_prefill - replica_id=[3], request=409,self.replica_slo_budget-sum_pending_tokens==current_budget:True,1048576-3420==1045156
DEBUG 08-14 23:19:37 replica.py:171] complete_request_decode:num_saved_toekens=288
DEBUG 08-14 23:19:37 open_ai.py:452] good request:https://uu722127-b80a-4e3f9d5d.cqa1.seetacloud.com:8443:good,request._id=394,input=166,output=294
DEBUG 08-14 23:19:37 open_ai.py:335] async_send_request: request finish prefill, 442
INFO 08-14 23:19:37 open_ai.py:352] async_send_request: prefill completed: req=442,replica_id=0
DEBUG 08-14 23:19:37 replica.py:146] complete_request_prefill: replica_id=[0], request=442, current_budget=1492,last_prefill_completed_at=30614785.435851585,last_ttft=16.973
DEBUG 08-14 23:19:37 replica.py:153] complete_request_prefill - replica_id=[0], request=442,self.replica_slo_budget-sum_pending_tokens==current_budget:True,1048576-8582==1039994
DEBUG 08-14 23:19:37 open_ai.py:335] async_send_request: request finish prefill, 389
INFO 08-14 23:19:37 open_ai.py:352] async_send_request: prefill completed: req=389,replica_id=3
DEBUG 08-14 23:19:37 replica.py:146] complete_request_prefill: replica_id=[3], request=389, current_budget=2017,last_prefill_completed_at=30614785.443755705,last_ttft=17.0808
DEBUG 08-14 23:19:37 replica.py:153] complete_request_prefill - replica_id=[3], request=389,self.replica_slo_budget-sum_pending_tokens==current_budget:True,1048576-1403==1047173
DEBUG 08-14 23:19:37 metrics_store.py:131] update_metrics:request_id=397
DEBUG 08-14 23:19:37 metrics_store.py:131] update_metrics:request_id=363
DEBUG 08-14 23:19:37 metrics_store.py:131] update_metrics:request_id=404
DEBUG 08-14 23:19:37 shared.py:180] Removed task for request 397 on https://u722127-b80a-4e3f9d5d.cqa1.seetacloud.com:8443
DEBUG 08-14 23:19:37 metrics_store.py:131] update_metrics:request_id=120
DEBUG 08-14 23:19:37 shared.py:180] Removed task for request 363 on 127.0.0.1:8001
DEBUG 08-14 23:19:37 shared.py:180] Removed task for request 404 on 127.0.0.1:8000
DEBUG 08-14 23:19:37 shared.py:180] Removed task for request 120 on https://uu722127-b80a-4e3f9d5d.cqa1.seetacloud.com:8443
DEBUG 08-14 23:19:37 replica.py:171] complete_request_decode:num_saved_toekens=448
DEBUG 08-14 23:19:37 open_ai.py:452] good request:127.0.0.1:8000:good,request._id=95,input=150,output=449
DEBUG 08-14 23:19:37 open_ai.py:335] async_send_request: request finish prefill, 443
INFO 08-14 23:19:37 open_ai.py:352] async_send_request: prefill completed: req=443,replica_id=0
DEBUG 08-14 23:19:37 replica.py:146] complete_request_prefill: replica_id=[0], request=443, current_budget=2217,last_prefill_completed_at=30614785.548817787,last_ttft=17.0806
DEBUG 08-14 23:19:37 replica.py:153] complete_request_prefill - replica_id=[0], request=443,self.replica_slo_budget-sum_pending_tokens==current_budget:True,1048576-6365==1042211
DEBUG 08-14 23:19:37 open_ai.py:335] async_send_request: request finish prefill, 420
INFO 08-14 23:19:37 open_ai.py:352] async_send_request: prefill completed: req=420,replica_id=3
DEBUG 08-14 23:19:37 replica.py:146] complete_request_prefill: replica_id=[3], request=420, current_budget=174,last_prefill_completed_at=30614785.558384977,last_ttft=17.166
DEBUG 08-14 23:19:37 replica.py:153] complete_request_prefill - replica_id=[3], request=420,self.replica_slo_budget-sum_pending_tokens==current_budget:True,1048576-1229==1047347
DEBUG 08-14 23:19:37 open_ai.py:335] async_send_request: request finish prefill, 432
INFO 08-14 23:19:37 open_ai.py:352] async_send_request: prefill completed: req=432,replica_id=2
DEBUG 08-14 23:19:37 replica.py:146] complete_request_prefill: replica_id=[2], request=432, current_budget=166,last_prefill_completed_at=30614785.566474594,last_ttft=17.158
DEBUG 08-14 23:19:37 replica.py:153] complete_request_prefill - replica_id=[2], request=432,self.replica_slo_budget-sum_pending_tokens==current_budget:True,1048576-196==1048380
DEBUG 08-14 23:19:37 open_ai.py:335] async_send_request: request finish prefill, 446
INFO 08-14 23:19:37 open_ai.py:352] async_send_request: prefill completed: req=446,replica_id=2
DEBUG 08-14 23:19:37 replica.py:146] complete_request_prefill: replica_id=[2], request=446, current_budget=196,last_prefill_completed_at=30614785.57394338,last_ttft=17.077
DEBUG 08-14 23:19:37 replica.py:153] complete_request_prefill - replica_id=[2], request=446,self.replica_slo_budget-sum_pending_tokens==current_budget:True,1048576-0==1048576
DEBUG 08-14 23:19:37 open_ai.py:335] async_send_request: request finish prefill, 445
INFO 08-14 23:19:37 open_ai.py:352] async_send_request: prefill completed: req=445,replica_id=0
DEBUG 08-14 23:19:37 replica.py:146] complete_request_prefill: replica_id=[0], request=445, current_budget=514,last_prefill_completed_at=30614785.58638764,last_ttft=17.0984
DEBUG 08-14 23:19:37 replica.py:153] complete_request_prefill - replica_id=[0], request=445,self.replica_slo_budget-sum_pending_tokens==current_budget:True,1048576-5851==1042725
DEBUG 08-14 23:19:37 open_ai.py:335] async_send_request: request finish prefill, 447
INFO 08-14 23:19:37 open_ai.py:352] async_send_request: prefill completed: req=447,replica_id=0
DEBUG 08-14 23:19:37 replica.py:146] complete_request_prefill: replica_id=[0], request=447, current_budget=180,last_prefill_completed_at=30614785.593823608,last_ttft=17.0967
DEBUG 08-14 23:19:37 replica.py:153] complete_request_prefill - replica_id=[0], request=447,self.replica_slo_budget-sum_pending_tokens==current_budget:True,1048576-5671==1042905
DEBUG 08-14 23:19:37 replica.py:171] complete_request_decode:num_saved_toekens=352
DEBUG 08-14 23:19:37 open_ai.py:452] good request:https://u722127-b80a-4e3f9d5d.cqa1.seetacloud.com:8443:good,request._id=376,input=156,output=354
DEBUG 08-14 23:19:37 open_ai.py:335] async_send_request: request finish prefill, 444
INFO 08-14 23:19:37 open_ai.py:352] async_send_request: prefill completed: req=444,replica_id=4
DEBUG 08-14 23:19:37 replica.py:146] complete_request_prefill: replica_id=[4], request=444, current_budget=699,last_prefill_completed_at=30614785.60687377,last_ttft=17.1271
DEBUG 08-14 23:19:37 replica.py:153] complete_request_prefill - replica_id=[4], request=444,self.replica_slo_budget-sum_pending_tokens==current_budget:True,1048576-2463==1046113
DEBUG 08-14 23:19:37 open_ai.py:335] async_send_request: request finish prefill, 448
INFO 08-14 23:19:37 open_ai.py:352] async_send_request: prefill completed: req=448,replica_id=3
DEBUG 08-14 23:19:37 replica.py:146] complete_request_prefill: replica_id=[3], request=448, current_budget=178,last_prefill_completed_at=30614785.617909167,last_ttft=17.1204
DEBUG 08-14 23:19:37 replica.py:153] complete_request_prefill - replica_id=[3], request=448,self.replica_slo_budget-sum_pending_tokens==current_budget:True,1048576-1051==1047525
DEBUG 08-14 23:19:37 open_ai.py:335] async_send_request: request finish prefill, 440
INFO 08-14 23:19:37 open_ai.py:352] async_send_request: prefill completed: req=440,replica_id=3
DEBUG 08-14 23:19:37 replica.py:146] complete_request_prefill: replica_id=[3], request=440, current_budget=1051,last_prefill_completed_at=30614785.628275592,last_ttft=17.1753
DEBUG 08-14 23:19:37 replica.py:153] complete_request_prefill - replica_id=[3], request=440,self.replica_slo_budget-sum_pending_tokens==current_budget:True,1048576-0==1048576
DEBUG 08-14 23:19:37 open_ai.py:452] good request:127.0.0.1:8000:good,request._id=150,input=160,output=761
DEBUG 08-14 23:19:37 open_ai.py:335] async_send_request: request finish prefill, 449
INFO 08-14 23:19:37 open_ai.py:352] async_send_request: prefill completed: req=449,replica_id=4
DEBUG 08-14 23:19:37 replica.py:146] complete_request_prefill: replica_id=[4], request=449, current_budget=2463,last_prefill_completed_at=30614785.64716849,last_ttft=17.1484
DEBUG 08-14 23:19:37 replica.py:153] complete_request_prefill - replica_id=[4], request=449,self.replica_slo_budget-sum_pending_tokens==current_budget:True,1048576-0==1048576
DEBUG 08-14 23:19:37 metrics_store.py:131] update_metrics:request_id=393
DEBUG 08-14 23:19:37 metrics_store.py:131] update_metrics:request_id=186
DEBUG 08-14 23:19:37 shared.py:180] Removed task for request 393 on https://u722127-b80a-4e3f9d5d.cqa1.seetacloud.com:8443
DEBUG 08-14 23:19:37 shared.py:180] Removed task for request 186 on https://u722127-b80a-4e3f9d5d.cqa1.seetacloud.com:8443
DEBUG 08-14 23:19:37 replica.py:171] complete_request_decode:num_saved_toekens=560
DEBUG 08-14 23:19:37 open_ai.py:452] good request:https://uu722127-b80a-4e3f9d5d.cqa1.seetacloud.com:8443:good,request._id=311,input=160,output=568
DEBUG 08-14 23:19:37 replica.py:171] complete_request_decode:num_saved_toekens=16
DEBUG 08-14 23:19:37 open_ai.py:452] good request:127.0.0.1:8000:good,request._id=442,input=1492,output=13
INFO 08-14 23:19:37 shared.py:299] Adding task for request 460 to replica 1,session_id=64
DEBUG 08-14 23:19:37 replica.py:226] add_request - replica_id=[1], request=460,self.replica_slo_budget-sum_pending_tokens==current_budget:True,1048576-2213==1046363
INFO 08-14 23:19:37 shared.py:299] Adding task for request 461 to replica 2,session_id=5
DEBUG 08-14 23:19:37 replica.py:226] add_request - replica_id=[2], request=461,self.replica_slo_budget-sum_pending_tokens==current_budget:True,1048576-212==1048364
INFO 08-14 23:19:37 shared.py:299] Adding task for request 462 to replica 0,session_id=62
DEBUG 08-14 23:19:37 replica.py:226] add_request - replica_id=[0], request=462,self.replica_slo_budget-sum_pending_tokens==current_budget:True,1048576-6548==1042028
INFO 08-14 23:19:37 shared.py:299] Adding task for request 463 to replica 2,session_id=65
DEBUG 08-14 23:19:37 replica.py:226] add_request - replica_id=[2], request=463,self.replica_slo_budget-sum_pending_tokens==current_budget:True,1048576-761==1047815
INFO 08-14 23:19:37 shared.py:299] Adding task for request 465 to replica 0,session_id=12
DEBUG 08-14 23:19:37 replica.py:226] add_request - replica_id=[0], request=465,self.replica_slo_budget-sum_pending_tokens==current_budget:True,1048576-6776==1041800
INFO 08-14 23:19:37 shared.py:299] Adding task for request 464 to replica 1,session_id=67
DEBUG 08-14 23:19:37 replica.py:226] add_request - replica_id=[1], request=464,self.replica_slo_budget-sum_pending_tokens==current_budget:True,1048576-2988==1045588
INFO 08-14 23:19:37 shared.py:299] Adding task for request 466 to replica 1,session_id=33
DEBUG 08-14 23:19:37 replica.py:226] add_request - replica_id=[1], request=466,self.replica_slo_budget-sum_pending_tokens==current_budget:True,1048576-4525==1044051
INFO 08-14 23:19:37 shared.py:299] Adding task for request 467 to replica 1,session_id=28
DEBUG 08-14 23:19:37 replica.py:226] add_request - replica_id=[1], request=467,self.replica_slo_budget-sum_pending_tokens==current_budget:True,1048576-5964==1042612
INFO 08-14 23:19:37 shared.py:299] Adding task for request 468 to replica 1,session_id=14
DEBUG 08-14 23:19:37 replica.py:226] add_request - replica_id=[1], request=468,self.replica_slo_budget-sum_pending_tokens==current_budget:True,1048576-11360==1037216
INFO 08-14 23:19:37 open_ai.py:115] async_send_request:request._id=460,session=64,127.0.0.1:8001
INFO 08-14 23:19:37 open_ai.py:115] async_send_request:request._id=461,session=5,https://u722127-b80a-4e3f9d5d.cqa1.seetacloud.com:8443
INFO 08-14 23:19:37 open_ai.py:115] async_send_request:request._id=462,session=62,127.0.0.1:8000
INFO 08-14 23:19:37 open_ai.py:115] async_send_request:request._id=463,session=65,https://u722127-b80a-4e3f9d5d.cqa1.seetacloud.com:8443
INFO 08-14 23:19:37 open_ai.py:115] async_send_request:request._id=465,session=12,127.0.0.1:8000
INFO 08-14 23:19:37 open_ai.py:115] async_send_request:request._id=464,session=67,127.0.0.1:8001
INFO 08-14 23:19:37 open_ai.py:115] async_send_request:request._id=466,session=33,127.0.0.1:8001
INFO 08-14 23:19:37 open_ai.py:115] async_send_request:request._id=467,session=28,127.0.0.1:8001
INFO 08-14 23:19:37 open_ai.py:115] async_send_request:request._id=468,session=14,127.0.0.1:8001
INFO 08-14 23:19:37 shared.py:299] Adding task for request 469 to replica 1,session_id=15
DEBUG 08-14 23:19:37 replica.py:226] add_request - replica_id=[1], request=469,self.replica_slo_budget-sum_pending_tokens==current_budget:True,1048576-18339==1030237
DEBUG 08-14 23:19:37 replica.py:171] complete_request_decode:num_saved_toekens=0
DEBUG 08-14 23:19:37 open_ai.py:452] good request:127.0.0.1:8000:good,request._id=445,input=514,output=13
DEBUG 08-14 23:19:37 replica.py:171] complete_request_decode:num_saved_toekens=16
DEBUG 08-14 23:19:37 open_ai.py:452] good request:127.0.0.1:8000:good,request._id=443,input=2217,output=13
INFO 08-14 23:19:37 open_ai.py:115] async_send_request:request._id=469,session=15,127.0.0.1:8001
DEBUG 08-14 23:19:37 metrics_store.py:131] update_metrics:request_id=312
DEBUG 08-14 23:19:37 metrics_store.py:131] update_metrics:request_id=93
DEBUG 08-14 23:19:37 metrics_store.py:131] update_metrics:request_id=414
DEBUG 08-14 23:19:37 shared.py:180] Removed task for request 312 on 127.0.0.1:8001
DEBUG 08-14 23:19:37 metrics_store.py:131] update_metrics:request_id=105
DEBUG 08-14 23:19:37 shared.py:180] Removed task for request 93 on https://uu722127-b80a-4e3f9d5d.cqa1.seetacloud.com:8443
DEBUG 08-14 23:19:37 metrics_store.py:131] update_metrics:request_id=394
DEBUG 08-14 23:19:37 shared.py:180] Removed task for request 414 on https://uu722127-b80a-4e3f9d5d.cqa1.seetacloud.com:8443
DEBUG 08-14 23:19:37 metrics_store.py:131] update_metrics:request_id=95
DEBUG 08-14 23:19:37 shared.py:180] Removed task for request 105 on 127.0.0.1:8000
DEBUG 08-14 23:19:37 metrics_store.py:131] update_metrics:request_id=376
DEBUG 08-14 23:19:37 shared.py:180] Removed task for request 394 on https://uu722127-b80a-4e3f9d5d.cqa1.seetacloud.com:8443
DEBUG 08-14 23:19:37 replica.py:171] complete_request_decode:num_saved_toekens=16
DEBUG 08-14 23:19:37 open_ai.py:452] good request:https://u722127-8cb5-f6dc13db.nmb1.seetacloud.com:8443:good,request._id=444,input=699,output=13
DEBUG 08-14 23:19:37 open_ai.py:335] async_send_request: request finish prefill, 450
INFO 08-14 23:19:37 open_ai.py:352] async_send_request: prefill completed: req=450,replica_id=0
DEBUG 08-14 23:19:37 replica.py:146] complete_request_prefill: replica_id=[0], request=450, current_budget=1332,last_prefill_completed_at=30614785.961641327,last_ttft=17.4557
DEBUG 08-14 23:19:37 replica.py:153] complete_request_prefill - replica_id=[0], request=450,self.replica_slo_budget-sum_pending_tokens==current_budget:True,1048576-5444==1043132
DEBUG 08-14 23:19:37 metrics_store.py:131] update_metrics:request_id=150
DEBUG 08-14 23:19:37 shared.py:180] Removed task for request 95 on 127.0.0.1:8000
DEBUG 08-14 23:19:37 replica.py:171] complete_request_decode:num_saved_toekens=496
DEBUG 08-14 23:19:37 open_ai.py:452] good request:https://uu722127-b80a-4e3f9d5d.cqa1.seetacloud.com:8443:good,request._id=351,input=160,output=497
DEBUG 08-14 23:19:37 open_ai.py:335] async_send_request: request finish prefill, 453
INFO 08-14 23:19:37 open_ai.py:352] async_send_request: prefill completed: req=453,replica_id=1
DEBUG 08-14 23:19:37 replica.py:146] complete_request_prefill: replica_id=[1], request=453, current_budget=160,last_prefill_completed_at=30614786.00321368,last_ttft=17.4954
DEBUG 08-14 23:19:37 replica.py:153] complete_request_prefill - replica_id=[1], request=453,self.replica_slo_budget-sum_pending_tokens==current_budget:True,1048576-18179==1030397
DEBUG 08-14 23:19:37 replica.py:171] complete_request_decode:num_saved_toekens=656
DEBUG 08-14 23:19:37 open_ai.py:452] good request:127.0.0.1:8001:good,request._id=222,input=172,output=651
DEBUG 08-14 23:19:37 metrics_store.py:131] update_metrics:request_id=311
DEBUG 08-14 23:19:37 shared.py:180] Removed task for request 376 on https://u722127-b80a-4e3f9d5d.cqa1.seetacloud.com:8443
DEBUG 08-14 23:19:37 metrics_store.py:131] update_metrics:request_id=442
DEBUG 08-14 23:19:37 shared.py:180] Removed task for request 150 on 127.0.0.1:8000
DEBUG 08-14 23:19:37 open_ai.py:335] async_send_request: request finish prefill, 459
INFO 08-14 23:19:37 open_ai.py:352] async_send_request: prefill completed: req=459,replica_id=1
DEBUG 08-14 23:19:37 replica.py:146] complete_request_prefill: replica_id=[1], request=459, current_budget=758,last_prefill_completed_at=30614786.05898272,last_ttft=17.5118
DEBUG 08-14 23:19:37 replica.py:153] complete_request_prefill - replica_id=[1], request=459,self.replica_slo_budget-sum_pending_tokens==current_budget:True,1048576-17421==1031155
DEBUG 08-14 23:19:37 open_ai.py:335] async_send_request: request finish prefill, 458
INFO 08-14 23:19:37 open_ai.py:352] async_send_request: prefill completed: req=458,replica_id=1
DEBUG 08-14 23:19:37 replica.py:146] complete_request_prefill: replica_id=[1], request=458, current_budget=932,last_prefill_completed_at=30614786.067472942,last_ttft=17.5349
DEBUG 08-14 23:19:37 replica.py:153] complete_request_prefill - replica_id=[1], request=458,self.replica_slo_budget-sum_pending_tokens==current_budget:True,1048576-16489==1032087
DEBUG 08-14 23:19:37 shared.py:180] Removed task for request 311 on https://uu722127-b80a-4e3f9d5d.cqa1.seetacloud.com:8443
DEBUG 08-14 23:19:37 shared.py:180] Removed task for request 442 on 127.0.0.1:8000
DEBUG 08-14 23:19:37 open_ai.py:335] async_send_request: request finish prefill, 456
INFO 08-14 23:19:37 open_ai.py:352] async_send_request: prefill completed: req=456,replica_id=0
DEBUG 08-14 23:19:37 replica.py:146] complete_request_prefill: replica_id=[0], request=456, current_budget=2065,last_prefill_completed_at=30614786.14056528,last_ttft=17.6155
DEBUG 08-14 23:19:37 replica.py:153] complete_request_prefill - replica_id=[0], request=456,self.replica_slo_budget-sum_pending_tokens==current_budget:True,1048576-3379==1045197
DEBUG 08-14 23:19:38 open_ai.py:335] async_send_request: request finish prefill, 457
INFO 08-14 23:19:38 open_ai.py:352] async_send_request: prefill completed: req=457,replica_id=0
DEBUG 08-14 23:19:38 replica.py:146] complete_request_prefill: replica_id=[0], request=457, current_budget=1341,last_prefill_completed_at=30614786.148720577,last_ttft=17.6213
DEBUG 08-14 23:19:38 replica.py:153] complete_request_prefill - replica_id=[0], request=457,self.replica_slo_budget-sum_pending_tokens==current_budget:True,1048576-2038==1046538
DEBUG 08-14 23:19:38 open_ai.py:335] async_send_request: request finish prefill, 451
INFO 08-14 23:19:38 open_ai.py:352] async_send_request: prefill completed: req=451,replica_id=0
DEBUG 08-14 23:19:38 replica.py:146] complete_request_prefill: replica_id=[0], request=451, current_budget=933,last_prefill_completed_at=30614786.15717592,last_ttft=17.6505
DEBUG 08-14 23:19:38 replica.py:153] complete_request_prefill - replica_id=[0], request=451,self.replica_slo_budget-sum_pending_tokens==current_budget:True,1048576-1105==1047471
DEBUG 08-14 23:19:38 replica.py:171] complete_request_decode:num_saved_toekens=752
DEBUG 08-14 23:19:38 open_ai.py:452] good request:127.0.0.1:8001:good,request._id=184,input=152,output=744
DEBUG 08-14 23:19:38 replica.py:171] complete_request_decode:num_saved_toekens=592
DEBUG 08-14 23:19:38 open_ai.py:452] good request:https://u722127-b80a-4e3f9d5d.cqa1.seetacloud.com:8443:good,request._id=313,input=148,output=598
DEBUG 08-14 23:19:38 replica.py:171] complete_request_decode:num_saved_toekens=80
DEBUG 08-14 23:19:38 open_ai.py:452] good request:127.0.0.1:8001:good,request._id=433,input=1375,output=73
INFO 08-14 23:19:38 shared.py:299] Adding task for request 470 to replica 3,session_id=95
DEBUG 08-14 23:19:38 replica.py:226] add_request - replica_id=[3], request=470,self.replica_slo_budget-sum_pending_tokens==current_budget:True,1048576-678==1047898
INFO 08-14 23:19:38 shared.py:299] Adding task for request 471 to replica 3,session_id=32
DEBUG 08-14 23:19:38 replica.py:226] add_request - replica_id=[3], request=471,self.replica_slo_budget-sum_pending_tokens==current_budget:True,1048576-884==1047692
INFO 08-14 23:19:38 shared.py:299] Adding task for request 472 to replica 0,session_id=26
DEBUG 08-14 23:19:38 replica.py:226] add_request - replica_id=[0], request=472,self.replica_slo_budget-sum_pending_tokens==current_budget:True,1048576-2767==1045809
INFO 08-14 23:19:38 shared.py:299] Adding task for request 474 to replica 0,session_id=0
DEBUG 08-14 23:19:38 replica.py:226] add_request - replica_id=[0], request=474,self.replica_slo_budget-sum_pending_tokens==current_budget:True,1048576-5708==1042868
INFO 08-14 23:19:38 shared.py:299] Adding task for request 475 to replica 0,session_id=41
DEBUG 08-14 23:19:38 replica.py:226] add_request - replica_id=[0], request=475,self.replica_slo_budget-sum_pending_tokens==current_budget:True,1048576-6815==1041761
INFO 08-14 23:19:38 shared.py:299] Adding task for request 478 to replica 0,session_id=48
DEBUG 08-14 23:19:38 replica.py:226] add_request - replica_id=[0], request=478,self.replica_slo_budget-sum_pending_tokens==current_budget:True,1048576-8833==1039743
INFO 08-14 23:19:38 shared.py:299] Adding task for request 479 to replica 0,session_id=128
DEBUG 08-14 23:19:38 replica.py:226] add_request - replica_id=[0], request=479,self.replica_slo_budget-sum_pending_tokens==current_budget:True,1048576-9393==1039183
INFO 08-14 23:19:38 open_ai.py:115] async_send_request:request._id=470,session=95,https://uu722127-b80a-4e3f9d5d.cqa1.seetacloud.com:8443
INFO 08-14 23:19:38 open_ai.py:115] async_send_request:request._id=471,session=32,https://uu722127-b80a-4e3f9d5d.cqa1.seetacloud.com:8443
INFO 08-14 23:19:38 open_ai.py:115] async_send_request:request._id=472,session=26,127.0.0.1:8000
INFO 08-14 23:19:38 open_ai.py:115] async_send_request:request._id=474,session=0,127.0.0.1:8000
INFO 08-14 23:19:38 open_ai.py:115] async_send_request:request._id=475,session=41,127.0.0.1:8000
INFO 08-14 23:19:38 open_ai.py:115] async_send_request:request._id=478,session=48,127.0.0.1:8000
INFO 08-14 23:19:38 open_ai.py:115] async_send_request:request._id=479,session=128,127.0.0.1:8000
DEBUG 08-14 23:19:38 replica.py:171] complete_request_decode:num_saved_toekens=16
DEBUG 08-14 23:19:38 open_ai.py:452] good request:127.0.0.1:8001:good,request._id=459,input=758,output=13
DEBUG 08-14 23:19:38 replica.py:171] complete_request_decode:num_saved_toekens=592
DEBUG 08-14 23:19:38 open_ai.py:452] good request:https://u722127-b80a-4e3f9d5d.cqa1.seetacloud.com:8443:good,request._id=325,input=152,output=588
DEBUG 08-14 23:19:38 replica.py:171] complete_request_decode:num_saved_toekens=480
DEBUG 08-14 23:19:38 open_ai.py:452] good request:https://u722127-b80a-4e3f9d5d.cqa1.seetacloud.com:8443:good,request._id=364,input=168,output=472
DEBUG 08-14 23:19:38 replica.py:171] complete_request_decode:num_saved_toekens=656
DEBUG 08-14 23:19:38 open_ai.py:452] good request:https://uu722127-b80a-4e3f9d5d.cqa1.seetacloud.com:8443:good,request._id=183,input=148,output=662
DEBUG 08-14 23:19:38 replica.py:171] complete_request_decode:num_saved_toekens=816
DEBUG 08-14 23:19:38 open_ai.py:452] good request:https://uu722127-b80a-4e3f9d5d.cqa1.seetacloud.com:8443:good,request._id=243,input=172,output=806
DEBUG 08-14 23:19:38 metrics_store.py:131] update_metrics:request_id=445
DEBUG 08-14 23:19:38 metrics_store.py:131] update_metrics:request_id=443
DEBUG 08-14 23:19:38 shared.py:180] Removed task for request 445 on 127.0.0.1:8000
DEBUG 08-14 23:19:38 metrics_store.py:131] update_metrics:request_id=444
DEBUG 08-14 23:19:38 shared.py:180] Removed task for request 443 on 127.0.0.1:8000
DEBUG 08-14 23:19:38 metrics_store.py:131] update_metrics:request_id=351
DEBUG 08-14 23:19:38 metrics_store.py:131] update_metrics:request_id=222
DEBUG 08-14 23:19:38 shared.py:180] Removed task for request 444 on https://u722127-8cb5-f6dc13db.nmb1.seetacloud.com:8443
DEBUG 08-14 23:19:38 metrics_store.py:131] update_metrics:request_id=184
DEBUG 08-14 23:19:38 shared.py:180] Removed task for request 351 on https://uu722127-b80a-4e3f9d5d.cqa1.seetacloud.com:8443
DEBUG 08-14 23:19:38 metrics_store.py:131] update_metrics:request_id=313
DEBUG 08-14 23:19:38 shared.py:180] Removed task for request 222 on 127.0.0.1:8001
DEBUG 08-14 23:19:38 metrics_store.py:131] update_metrics:request_id=433
DEBUG 08-14 23:19:38 shared.py:180] Removed task for request 184 on 127.0.0.1:8001
DEBUG 08-14 23:19:38 open_ai.py:335] async_send_request: request finish prefill, 460
INFO 08-14 23:19:38 open_ai.py:352] async_send_request: prefill completed: req=460,replica_id=1
DEBUG 08-14 23:19:38 replica.py:146] complete_request_prefill: replica_id=[1], request=460, current_budget=363,last_prefill_completed_at=30614786.486662555,last_ttft=17.9388
DEBUG 08-14 23:19:38 replica.py:153] complete_request_prefill - replica_id=[1], request=460,self.replica_slo_budget-sum_pending_tokens==current_budget:True,1048576-16126==1032450
DEBUG 08-14 23:19:38 replica.py:171] complete_request_decode:num_saved_toekens=416
DEBUG 08-14 23:19:38 open_ai.py:452] good request:https://u722127-b80a-4e3f9d5d.cqa1.seetacloud.com:8443:good,request._id=371,input=619,output=414
DEBUG 08-14 23:19:38 open_ai.py:335] async_send_request: request finish prefill, 461
INFO 08-14 23:19:38 open_ai.py:352] async_send_request: prefill completed: req=461,replica_id=2
DEBUG 08-14 23:19:38 replica.py:146] complete_request_prefill: replica_id=[2], request=461, current_budget=212,last_prefill_completed_at=30614786.50104129,last_ttft=17.9476
DEBUG 08-14 23:19:38 replica.py:153] complete_request_prefill - replica_id=[2], request=461,self.replica_slo_budget-sum_pending_tokens==current_budget:True,1048576-549==1048027
DEBUG 08-14 23:19:38 shared.py:180] Removed task for request 313 on https://u722127-b80a-4e3f9d5d.cqa1.seetacloud.com:8443
DEBUG 08-14 23:19:38 open_ai.py:335] async_send_request: request finish prefill, 462
INFO 08-14 23:19:38 open_ai.py:352] async_send_request: prefill completed: req=462,replica_id=0
DEBUG 08-14 23:19:38 replica.py:146] complete_request_prefill: replica_id=[0], request=462, current_budget=877,last_prefill_completed_at=30614786.54721989,last_ttft=17.9909
DEBUG 08-14 23:19:38 replica.py:153] complete_request_prefill - replica_id=[0], request=462,self.replica_slo_budget-sum_pending_tokens==current_budget:True,1048576-8516==1040060
DEBUG 08-14 23:19:38 open_ai.py:335] async_send_request: request finish prefill, 465
INFO 08-14 23:19:38 open_ai.py:352] async_send_request: prefill completed: req=465,replica_id=0
DEBUG 08-14 23:19:38 replica.py:146] complete_request_prefill: replica_id=[0], request=465, current_budget=228,last_prefill_completed_at=30614786.556580935,last_ttft=17.9843
DEBUG 08-14 23:19:38 replica.py:153] complete_request_prefill - replica_id=[0], request=465,self.replica_slo_budget-sum_pending_tokens==current_budget:True,1048576-8288==1040288
DEBUG 08-14 23:19:38 shared.py:180] Removed task for request 433 on 127.0.0.1:8001
DEBUG 08-14 23:19:38 open_ai.py:335] async_send_request: request finish prefill, 463
INFO 08-14 23:19:38 open_ai.py:352] async_send_request: prefill completed: req=463,replica_id=2
DEBUG 08-14 23:19:38 replica.py:146] complete_request_prefill: replica_id=[2], request=463, current_budget=549,last_prefill_completed_at=30614786.592088904,last_ttft=18.0237
DEBUG 08-14 23:19:38 replica.py:153] complete_request_prefill - replica_id=[2], request=463,self.replica_slo_budget-sum_pending_tokens==current_budget:True,1048576-0==1048576
DEBUG 08-14 23:19:38 open_ai.py:335] async_send_request: request finish prefill, 466
INFO 08-14 23:19:38 open_ai.py:352] async_send_request: prefill completed: req=466,replica_id=1
DEBUG 08-14 23:19:38 replica.py:146] complete_request_prefill: replica_id=[1], request=466, current_budget=1537,last_prefill_completed_at=30614786.626086865,last_ttft=18.0489
DEBUG 08-14 23:19:38 replica.py:153] complete_request_prefill - replica_id=[1], request=466,self.replica_slo_budget-sum_pending_tokens==current_budget:True,1048576-14589==1033987
DEBUG 08-14 23:19:38 open_ai.py:335] async_send_request: request finish prefill, 464
INFO 08-14 23:19:38 open_ai.py:352] async_send_request: prefill completed: req=464,replica_id=1
DEBUG 08-14 23:19:38 replica.py:146] complete_request_prefill: replica_id=[1], request=464, current_budget=775,last_prefill_completed_at=30614786.63550181,last_ttft=18.0651
DEBUG 08-14 23:19:38 replica.py:153] complete_request_prefill - replica_id=[1], request=464,self.replica_slo_budget-sum_pending_tokens==current_budget:True,1048576-13814==1034762
DEBUG 08-14 23:19:38 replica.py:171] complete_request_decode:num_saved_toekens=128
DEBUG 08-14 23:19:38 open_ai.py:452] good request:https://u722127-b80a-4e3f9d5d.cqa1.seetacloud.com:8443:good,request._id=439,input=2088,output=120
INFO 08-14 23:19:38 shared.py:299] Adding task for request 480 to replica 1,session_id=24
DEBUG 08-14 23:19:38 replica.py:226] add_request - replica_id=[1], request=480,self.replica_slo_budget-sum_pending_tokens==current_budget:True,1048576-14045==1034531
INFO 08-14 23:19:38 shared.py:299] Adding task for request 481 to replica 3,session_id=7
DEBUG 08-14 23:19:38 replica.py:226] add_request - replica_id=[3], request=481,self.replica_slo_budget-sum_pending_tokens==current_budget:True,1048576-2360==1046216
INFO 08-14 23:19:38 shared.py:299] Adding task for request 482 to replica 3,session_id=84
DEBUG 08-14 23:19:38 replica.py:226] add_request - replica_id=[3], request=482,self.replica_slo_budget-sum_pending_tokens==current_budget:True,1048576-3155==1045421
INFO 08-14 23:19:38 shared.py:299] Adding task for request 484 to replica 3,session_id=114
DEBUG 08-14 23:19:38 replica.py:226] add_request - replica_id=[3], request=484,self.replica_slo_budget-sum_pending_tokens==current_budget:True,1048576-4010==1044566
INFO 08-14 23:19:38 shared.py:299] Adding task for request 485 to replica 3,session_id=104
DEBUG 08-14 23:19:38 replica.py:226] add_request - replica_id=[3], request=485,self.replica_slo_budget-sum_pending_tokens==current_budget:True,1048576-4896==1043680
INFO 08-14 23:19:38 shared.py:299] Adding task for request 486 to replica 3,session_id=36
DEBUG 08-14 23:19:38 replica.py:226] add_request - replica_id=[3], request=486,self.replica_slo_budget-sum_pending_tokens==current_budget:True,1048576-5084==1043492
INFO 08-14 23:19:38 shared.py:299] Adding task for request 488 to replica 1,session_id=72
DEBUG 08-14 23:19:38 replica.py:226] add_request - replica_id=[1], request=488,self.replica_slo_budget-sum_pending_tokens==current_budget:True,1048576-14881==1033695
INFO 08-14 23:19:38 open_ai.py:115] async_send_request:request._id=480,session=24,127.0.0.1:8001
INFO 08-14 23:19:38 open_ai.py:115] async_send_request:request._id=481,session=7,https://uu722127-b80a-4e3f9d5d.cqa1.seetacloud.com:8443
INFO 08-14 23:19:38 open_ai.py:115] async_send_request:request._id=482,session=84,https://uu722127-b80a-4e3f9d5d.cqa1.seetacloud.com:8443
INFO 08-14 23:19:38 open_ai.py:115] async_send_request:request._id=484,session=114,https://uu722127-b80a-4e3f9d5d.cqa1.seetacloud.com:8443
INFO 08-14 23:19:38 open_ai.py:115] async_send_request:request._id=485,session=104,https://uu722127-b80a-4e3f9d5d.cqa1.seetacloud.com:8443
INFO 08-14 23:19:38 open_ai.py:115] async_send_request:request._id=486,session=36,https://uu722127-b80a-4e3f9d5d.cqa1.seetacloud.com:8443
INFO 08-14 23:19:38 open_ai.py:115] async_send_request:request._id=488,session=72,127.0.0.1:8001
INFO 08-14 23:19:38 shared.py:299] Adding task for request 489 to replica 0,session_id=6
DEBUG 08-14 23:19:38 replica.py:226] add_request - replica_id=[0], request=489,self.replica_slo_budget-sum_pending_tokens==current_budget:True,1048576-11414==1037162
DEBUG 08-14 23:19:38 replica.py:171] complete_request_decode:num_saved_toekens=672
DEBUG 08-14 23:19:38 open_ai.py:452] good request:https://u722127-8cb5-f6dc13db.nmb1.seetacloud.com:8443:good,request._id=52,input=168,output=664
DEBUG 08-14 23:19:38 replica.py:171] complete_request_decode:num_saved_toekens=656
DEBUG 08-14 23:19:38 open_ai.py:452] good request:https://u722127-8cb5-f6dc13db.nmb1.seetacloud.com:8443:good,request._id=68,input=160,output=658
DEBUG 08-14 23:19:38 replica.py:171] complete_request_decode:num_saved_toekens=48
DEBUG 08-14 23:19:38 open_ai.py:452] good request:https://u722127-8cb5-f6dc13db.nmb1.seetacloud.com:8443:good,request._id=417,input=375,output=55
INFO 08-14 23:19:38 open_ai.py:115] async_send_request:request._id=489,session=6,127.0.0.1:8000
DEBUG 08-14 23:19:38 metrics_store.py:131] update_metrics:request_id=459
DEBUG 08-14 23:19:38 metrics_store.py:131] update_metrics:request_id=325
DEBUG 08-14 23:19:38 metrics_store.py:131] update_metrics:request_id=364
DEBUG 08-14 23:19:38 shared.py:180] Removed task for request 459 on 127.0.0.1:8001
DEBUG 08-14 23:19:38 metrics_store.py:131] update_metrics:request_id=183
DEBUG 08-14 23:19:38 shared.py:180] Removed task for request 325 on https://u722127-b80a-4e3f9d5d.cqa1.seetacloud.com:8443
DEBUG 08-14 23:19:38 metrics_store.py:131] update_metrics:request_id=243
DEBUG 08-14 23:19:38 shared.py:180] Removed task for request 364 on https://u722127-b80a-4e3f9d5d.cqa1.seetacloud.com:8443
DEBUG 08-14 23:19:38 metrics_store.py:131] update_metrics:request_id=371
DEBUG 08-14 23:19:38 shared.py:180] Removed task for request 183 on https://uu722127-b80a-4e3f9d5d.cqa1.seetacloud.com:8443
DEBUG 08-14 23:19:38 metrics_store.py:131] update_metrics:request_id=439
DEBUG 08-14 23:19:38 shared.py:180] Removed task for request 243 on https://uu722127-b80a-4e3f9d5d.cqa1.seetacloud.com:8443
DEBUG 08-14 23:19:38 replica.py:171] complete_request_decode:num_saved_toekens=512
DEBUG 08-14 23:19:38 open_ai.py:452] good request:https://uu722127-b80a-4e3f9d5d.cqa1.seetacloud.com:8443:good,request._id=355,input=180,output=520
DEBUG 08-14 23:19:38 shared.py:180] Removed task for request 371 on https://u722127-b80a-4e3f9d5d.cqa1.seetacloud.com:8443
DEBUG 08-14 23:19:38 shared.py:180] Removed task for request 439 on https://u722127-b80a-4e3f9d5d.cqa1.seetacloud.com:8443
DEBUG 08-14 23:19:38 open_ai.py:335] async_send_request: request finish prefill, 470
INFO 08-14 23:19:38 open_ai.py:352] async_send_request: prefill completed: req=470,replica_id=3
DEBUG 08-14 23:19:38 replica.py:146] complete_request_prefill: replica_id=[3], request=470, current_budget=678,last_prefill_completed_at=30614787.005419493,last_ttft=18.4143
DEBUG 08-14 23:19:38 replica.py:153] complete_request_prefill - replica_id=[3], request=470,self.replica_slo_budget-sum_pending_tokens==current_budget:True,1048576-4406==1044170
DEBUG 08-14 23:19:38 open_ai.py:335] async_send_request: request finish prefill, 471
INFO 08-14 23:19:38 open_ai.py:352] async_send_request: prefill completed: req=471,replica_id=3
DEBUG 08-14 23:19:38 replica.py:146] complete_request_prefill: replica_id=[3], request=471, current_budget=206,last_prefill_completed_at=30614787.04563078,last_ttft=18.448
DEBUG 08-14 23:19:38 replica.py:153] complete_request_prefill - replica_id=[3], request=471,self.replica_slo_budget-sum_pending_tokens==current_budget:True,1048576-4200==1044376
DEBUG 08-14 23:19:38 open_ai.py:335] async_send_request: request finish prefill, 467
INFO 08-14 23:19:38 open_ai.py:352] async_send_request: prefill completed: req=467,replica_id=1
DEBUG 08-14 23:19:38 replica.py:146] complete_request_prefill: replica_id=[1], request=467, current_budget=1439,last_prefill_completed_at=30614787.057505257,last_ttft=18.4759
DEBUG 08-14 23:19:38 replica.py:153] complete_request_prefill - replica_id=[1], request=467,self.replica_slo_budget-sum_pending_tokens==current_budget:True,1048576-13442==1035134
DEBUG 08-14 23:19:38 open_ai.py:335] async_send_request: request finish prefill, 469
INFO 08-14 23:19:38 open_ai.py:352] async_send_request: prefill completed: req=469,replica_id=1
DEBUG 08-14 23:19:38 replica.py:146] complete_request_prefill: replica_id=[1], request=469, current_budget=6979,last_prefill_completed_at=30614787.070308447,last_ttft=18.4778
DEBUG 08-14 23:19:38 replica.py:153] complete_request_prefill - replica_id=[1], request=469,self.replica_slo_budget-sum_pending_tokens==current_budget:True,1048576-6463==1042113
DEBUG 08-14 23:19:38 open_ai.py:335] async_send_request: request finish prefill, 468
INFO 08-14 23:19:38 open_ai.py:352] async_send_request: prefill completed: req=468,replica_id=1
DEBUG 08-14 23:19:38 replica.py:146] complete_request_prefill: replica_id=[1], request=468, current_budget=5396,last_prefill_completed_at=30614787.08267034,last_ttft=18.4969
DEBUG 08-14 23:19:38 replica.py:153] complete_request_prefill - replica_id=[1], request=468,self.replica_slo_budget-sum_pending_tokens==current_budget:True,1048576-1067==1047509
DEBUG 08-14 23:19:38 replica.py:171] complete_request_decode:num_saved_toekens=160
DEBUG 08-14 23:19:38 open_ai.py:452] good request:https://u722127-8cb5-f6dc13db.nmb1.seetacloud.com:8443:good,request._id=411,input=3341,output=155
DEBUG 08-14 23:19:38 open_ai.py:335] async_send_request: request finish prefill, 472
INFO 08-14 23:19:38 open_ai.py:352] async_send_request: prefill completed: req=472,replica_id=0
DEBUG 08-14 23:19:38 replica.py:146] complete_request_prefill: replica_id=[0], request=472, current_budget=1662,last_prefill_completed_at=30614787.112135556,last_ttft=18.514
DEBUG 08-14 23:19:38 replica.py:153] complete_request_prefill - replica_id=[0], request=472,self.replica_slo_budget-sum_pending_tokens==current_budget:True,1048576-9752==1038824
DEBUG 08-14 23:19:38 open_ai.py:335] async_send_request: request finish prefill, 475
INFO 08-14 23:19:38 open_ai.py:352] async_send_request: prefill completed: req=475,replica_id=0
DEBUG 08-14 23:19:38 replica.py:146] complete_request_prefill: replica_id=[0], request=475, current_budget=1107,last_prefill_completed_at=30614787.122730277,last_ttft=18.5089
DEBUG 08-14 23:19:38 replica.py:153] complete_request_prefill - replica_id=[0], request=475,self.replica_slo_budget-sum_pending_tokens==current_budget:True,1048576-8645==1039931
DEBUG 08-14 23:19:38 open_ai.py:335] async_send_request: request finish prefill, 474
INFO 08-14 23:19:38 open_ai.py:352] async_send_request: prefill completed: req=474,replica_id=0
DEBUG 08-14 23:19:38 replica.py:146] complete_request_prefill: replica_id=[0], request=474, current_budget=2941,last_prefill_completed_at=30614787.134114232,last_ttft=18.5288
DEBUG 08-14 23:19:38 replica.py:153] complete_request_prefill - replica_id=[0], request=474,self.replica_slo_budget-sum_pending_tokens==current_budget:True,1048576-5704==1042872
INFO 08-14 23:19:39 shared.py:299] Adding task for request 490 to replica 2,session_id=3
DEBUG 08-14 23:19:39 replica.py:226] add_request - replica_id=[2], request=490,self.replica_slo_budget-sum_pending_tokens==current_budget:True,1048576-1809==1046767
INFO 08-14 23:19:39 shared.py:299] Adding task for request 491 to replica 2,session_id=103
DEBUG 08-14 23:19:39 replica.py:226] add_request - replica_id=[2], request=491,self.replica_slo_budget-sum_pending_tokens==current_budget:True,1048576-2703==1045873
INFO 08-14 23:19:39 shared.py:299] Adding task for request 492 to replica 0,session_id=22
DEBUG 08-14 23:19:39 replica.py:226] add_request - replica_id=[0], request=492,self.replica_slo_budget-sum_pending_tokens==current_budget:True,1048576-7511==1041065
INFO 08-14 23:19:39 shared.py:299] Adding task for request 493 to replica 2,session_id=44
DEBUG 08-14 23:19:39 replica.py:226] add_request - replica_id=[2], request=493,self.replica_slo_budget-sum_pending_tokens==current_budget:True,1048576-4257==1044319
INFO 08-14 23:19:39 shared.py:299] Adding task for request 495 to replica 3,session_id=2
DEBUG 08-14 23:19:39 replica.py:226] add_request - replica_id=[3], request=495,self.replica_slo_budget-sum_pending_tokens==current_budget:True,1048576-8303==1040273
INFO 08-14 23:19:39 shared.py:299] Adding task for request 497 to replica 2,session_id=73
DEBUG 08-14 23:19:39 replica.py:226] add_request - replica_id=[2], request=497,self.replica_slo_budget-sum_pending_tokens==current_budget:True,1048576-5397==1043179
INFO 08-14 23:19:39 shared.py:299] Adding task for request 498 to replica 2,session_id=148
DEBUG 08-14 23:19:39 replica.py:226] add_request - replica_id=[2], request=498,self.replica_slo_budget-sum_pending_tokens==current_budget:True,1048576-6104==1042472
INFO 08-14 23:19:39 shared.py:299] Adding task for request 499 to replica 2,session_id=23
DEBUG 08-14 23:19:39 replica.py:226] add_request - replica_id=[2], request=499,self.replica_slo_budget-sum_pending_tokens==current_budget:True,1048576-9197==1039379
INFO 08-14 23:19:39 open_ai.py:115] async_send_request:request._id=490,session=3,https://u722127-b80a-4e3f9d5d.cqa1.seetacloud.com:8443
INFO 08-14 23:19:39 open_ai.py:115] async_send_request:request._id=491,session=103,https://u722127-b80a-4e3f9d5d.cqa1.seetacloud.com:8443
INFO 08-14 23:19:39 open_ai.py:115] async_send_request:request._id=492,session=22,127.0.0.1:8000
INFO 08-14 23:19:39 open_ai.py:115] async_send_request:request._id=493,session=44,https://u722127-b80a-4e3f9d5d.cqa1.seetacloud.com:8443
INFO 08-14 23:19:39 open_ai.py:115] async_send_request:request._id=495,session=2,https://uu722127-b80a-4e3f9d5d.cqa1.seetacloud.com:8443
INFO 08-14 23:19:39 open_ai.py:115] async_send_request:request._id=497,session=73,https://u722127-b80a-4e3f9d5d.cqa1.seetacloud.com:8443
INFO 08-14 23:19:39 open_ai.py:115] async_send_request:request._id=498,session=148,https://u722127-b80a-4e3f9d5d.cqa1.seetacloud.com:8443
INFO 08-14 23:19:39 open_ai.py:115] async_send_request:request._id=499,session=23,https://u722127-b80a-4e3f9d5d.cqa1.seetacloud.com:8443
DEBUG 08-14 23:19:39 replica.py:171] complete_request_decode:num_saved_toekens=16
DEBUG 08-14 23:19:39 open_ai.py:452] good request:127.0.0.1:8001:good,request._id=469,input=6979,output=13
DEBUG 08-14 23:19:39 replica.py:171] complete_request_decode:num_saved_toekens=32
DEBUG 08-14 23:19:39 open_ai.py:452] good request:127.0.0.1:8001:good,request._id=458,input=932,output=40
DEBUG 08-14 23:19:39 open_ai.py:335] async_send_request: request finish prefill, 479
INFO 08-14 23:19:39 open_ai.py:352] async_send_request: prefill completed: req=479,replica_id=0
DEBUG 08-14 23:19:39 replica.py:146] complete_request_prefill: replica_id=[0], request=479, current_budget=560,last_prefill_completed_at=30614787.338974103,last_ttft=18.719
DEBUG 08-14 23:19:39 replica.py:153] complete_request_prefill - replica_id=[0], request=479,self.replica_slo_budget-sum_pending_tokens==current_budget:True,1048576-6951==1041625
DEBUG 08-14 23:19:39 open_ai.py:335] async_send_request: request finish prefill, 478
INFO 08-14 23:19:39 open_ai.py:352] async_send_request: prefill completed: req=478,replica_id=0
DEBUG 08-14 23:19:39 replica.py:146] complete_request_prefill: replica_id=[0], request=478, current_budget=2018,last_prefill_completed_at=30614787.35458441,last_ttft=18.735
DEBUG 08-14 23:19:39 replica.py:153] complete_request_prefill - replica_id=[0], request=478,self.replica_slo_budget-sum_pending_tokens==current_budget:True,1048576-4933==1043643
DEBUG 08-14 23:19:39 replica.py:171] complete_request_decode:num_saved_toekens=960
DEBUG 08-14 23:19:39 open_ai.py:452] good request:127.0.0.1:8001:good,request._id=65,input=166,output=970
DEBUG 08-14 23:19:39 metrics_store.py:131] update_metrics:request_id=52
DEBUG 08-14 23:19:39 metrics_store.py:131] update_metrics:request_id=68
DEBUG 08-14 23:19:39 metrics_store.py:131] update_metrics:request_id=417
DEBUG 08-14 23:19:39 shared.py:180] Removed task for request 52 on https://u722127-8cb5-f6dc13db.nmb1.seetacloud.com:8443
DEBUG 08-14 23:19:39 shared.py:180] Removed task for request 68 on https://u722127-8cb5-f6dc13db.nmb1.seetacloud.com:8443
DEBUG 08-14 23:19:39 metrics_store.py:131] update_metrics:request_id=355
DEBUG 08-14 23:19:39 shared.py:180] Removed task for request 417 on https://u722127-8cb5-f6dc13db.nmb1.seetacloud.com:8443
DEBUG 08-14 23:19:39 metrics_store.py:131] update_metrics:request_id=411
DEBUG 08-14 23:19:39 replica.py:171] complete_request_decode:num_saved_toekens=0
DEBUG 08-14 23:19:39 open_ai.py:452] good request:127.0.0.1:8000:good,request._id=479,input=560,output=13
DEBUG 08-14 23:19:39 shared.py:180] Removed task for request 355 on https://uu722127-b80a-4e3f9d5d.cqa1.seetacloud.com:8443
DEBUG 08-14 23:19:39 shared.py:180] Removed task for request 411 on https://u722127-8cb5-f6dc13db.nmb1.seetacloud.com:8443
DEBUG 08-14 23:19:39 open_ai.py:335] async_send_request: request finish prefill, 488
INFO 08-14 23:19:39 open_ai.py:352] async_send_request: prefill completed: req=488,replica_id=1
DEBUG 08-14 23:19:39 replica.py:146] complete_request_prefill: replica_id=[1], request=488, current_budget=836,last_prefill_completed_at=30614787.54399146,last_ttft=18.891
DEBUG 08-14 23:19:39 replica.py:153] complete_request_prefill - replica_id=[1], request=488,self.replica_slo_budget-sum_pending_tokens==current_budget:True,1048576-231==1048345
DEBUG 08-14 23:19:39 open_ai.py:335] async_send_request: request finish prefill, 480
INFO 08-14 23:19:39 open_ai.py:352] async_send_request: prefill completed: req=480,replica_id=1
DEBUG 08-14 23:19:39 replica.py:146] complete_request_prefill: replica_id=[1], request=480, current_budget=231,last_prefill_completed_at=30614787.555743873,last_ttft=18.9321
DEBUG 08-14 23:19:39 replica.py:153] complete_request_prefill - replica_id=[1], request=480,self.replica_slo_budget-sum_pending_tokens==current_budget:True,1048576-0==1048576
DEBUG 08-14 23:19:39 open_ai.py:335] async_send_request: request finish prefill, 481
INFO 08-14 23:19:39 open_ai.py:352] async_send_request: prefill completed: req=481,replica_id=3
DEBUG 08-14 23:19:39 replica.py:146] complete_request_prefill: replica_id=[3], request=481, current_budget=1476,last_prefill_completed_at=30614787.57413969,last_ttft=18.9487
DEBUG 08-14 23:19:39 replica.py:153] complete_request_prefill - replica_id=[3], request=481,self.replica_slo_budget-sum_pending_tokens==current_budget:True,1048576-6827==1041749
DEBUG 08-14 23:19:39 metrics_store.py:131] update_metrics:request_id=469
DEBUG 08-14 23:19:39 metrics_store.py:131] update_metrics:request_id=458
DEBUG 08-14 23:19:39 metrics_store.py:131] update_metrics:request_id=65
DEBUG 08-14 23:19:39 shared.py:180] Removed task for request 469 on 127.0.0.1:8001
DEBUG 08-14 23:19:39 metrics_store.py:131] update_metrics:request_id=479
DEBUG 08-14 23:19:39 shared.py:180] Removed task for request 458 on 127.0.0.1:8001
DEBUG 08-14 23:19:39 shared.py:180] Removed task for request 65 on 127.0.0.1:8001
DEBUG 08-14 23:19:39 shared.py:180] Removed task for request 479 on 127.0.0.1:8000
DEBUG 08-14 23:19:39 open_ai.py:335] async_send_request: request finish prefill, 484
INFO 08-14 23:19:39 open_ai.py:352] async_send_request: prefill completed: req=484,replica_id=3
DEBUG 08-14 23:19:39 replica.py:146] complete_request_prefill: replica_id=[3], request=484, current_budget=855,last_prefill_completed_at=30614787.673570603,last_ttft=19.035
DEBUG 08-14 23:19:39 replica.py:153] complete_request_prefill - replica_id=[3], request=484,self.replica_slo_budget-sum_pending_tokens==current_budget:True,1048576-5972==1042604
DEBUG 08-14 23:19:39 open_ai.py:335] async_send_request: request finish prefill, 482
INFO 08-14 23:19:39 open_ai.py:352] async_send_request: prefill completed: req=482,replica_id=3
DEBUG 08-14 23:19:39 replica.py:146] complete_request_prefill: replica_id=[3], request=482, current_budget=795,last_prefill_completed_at=30614787.685049355,last_ttft=19.0568
DEBUG 08-14 23:19:39 replica.py:153] complete_request_prefill - replica_id=[3], request=482,self.replica_slo_budget-sum_pending_tokens==current_budget:True,1048576-5177==1043399
DEBUG 08-14 23:19:39 open_ai.py:335] async_send_request: request finish prefill, 486
INFO 08-14 23:19:39 open_ai.py:352] async_send_request: prefill completed: req=486,replica_id=3
DEBUG 08-14 23:19:39 replica.py:146] complete_request_prefill: replica_id=[3], request=486, current_budget=188,last_prefill_completed_at=30614787.69818018,last_ttft=19.0555
DEBUG 08-14 23:19:39 replica.py:153] complete_request_prefill - replica_id=[3], request=486,self.replica_slo_budget-sum_pending_tokens==current_budget:True,1048576-4989==1043587
DEBUG 08-14 23:19:39 open_ai.py:335] async_send_request: request finish prefill, 485
INFO 08-14 23:19:39 open_ai.py:352] async_send_request: prefill completed: req=485,replica_id=3
DEBUG 08-14 23:19:39 replica.py:146] complete_request_prefill: replica_id=[3], request=485, current_budget=886,last_prefill_completed_at=30614787.738515075,last_ttft=19.0993
DEBUG 08-14 23:19:39 replica.py:153] complete_request_prefill - replica_id=[3], request=485,self.replica_slo_budget-sum_pending_tokens==current_budget:True,1048576-4103==1044473
DEBUG 08-14 23:19:39 open_ai.py:335] async_send_request: request finish prefill, 491
INFO 08-14 23:19:39 open_ai.py:352] async_send_request: prefill completed: req=491,replica_id=2
DEBUG 08-14 23:19:39 replica.py:146] complete_request_prefill: replica_id=[2], request=491, current_budget=894,last_prefill_completed_at=30614787.76236302,last_ttft=19.1027
DEBUG 08-14 23:19:39 replica.py:153] complete_request_prefill - replica_id=[2], request=491,self.replica_slo_budget-sum_pending_tokens==current_budget:True,1048576-8303==1040273
DEBUG 08-14 23:19:39 open_ai.py:335] async_send_request: request finish prefill, 490
INFO 08-14 23:19:39 open_ai.py:352] async_send_request: prefill completed: req=490,replica_id=2
DEBUG 08-14 23:19:39 replica.py:146] complete_request_prefill: replica_id=[2], request=490, current_budget=1809,last_prefill_completed_at=30614787.776816584,last_ttft=19.1219
DEBUG 08-14 23:19:39 replica.py:153] complete_request_prefill - replica_id=[2], request=490,self.replica_slo_budget-sum_pending_tokens==current_budget:True,1048576-6494==1042082
DEBUG 08-14 23:19:39 open_ai.py:335] async_send_request: request finish prefill, 489
INFO 08-14 23:19:39 open_ai.py:352] async_send_request: prefill completed: req=489,replica_id=0
DEBUG 08-14 23:19:39 replica.py:146] complete_request_prefill: replica_id=[0], request=489, current_budget=3126,last_prefill_completed_at=30614787.792260814,last_ttft=19.1365
DEBUG 08-14 23:19:39 replica.py:153] complete_request_prefill - replica_id=[0], request=489,self.replica_slo_budget-sum_pending_tokens==current_budget:True,1048576-1807==1046769
DEBUG 08-14 23:19:39 open_ai.py:335] async_send_request: request finish prefill, 492
INFO 08-14 23:19:39 open_ai.py:352] async_send_request: prefill completed: req=492,replica_id=0
DEBUG 08-14 23:19:39 replica.py:146] complete_request_prefill: replica_id=[0], request=492, current_budget=1807,last_prefill_completed_at=30614787.803947803,last_ttft=19.1405
DEBUG 08-14 23:19:39 replica.py:153] complete_request_prefill - replica_id=[0], request=492,self.replica_slo_budget-sum_pending_tokens==current_budget:True,1048576-0==1048576
DEBUG 08-14 23:19:39 open_ai.py:335] async_send_request: request finish prefill, 498
INFO 08-14 23:19:39 open_ai.py:352] async_send_request: prefill completed: req=498,replica_id=2
DEBUG 08-14 23:19:39 replica.py:146] complete_request_prefill: replica_id=[2], request=498, current_budget=707,last_prefill_completed_at=30614787.82894253,last_ttft=19.1412
DEBUG 08-14 23:19:39 replica.py:153] complete_request_prefill - replica_id=[2], request=498,self.replica_slo_budget-sum_pending_tokens==current_budget:True,1048576-5787==1042789
DEBUG 08-14 23:19:39 open_ai.py:335] async_send_request: request finish prefill, 493
INFO 08-14 23:19:39 open_ai.py:352] async_send_request: prefill completed: req=493,replica_id=2
DEBUG 08-14 23:19:39 replica.py:146] complete_request_prefill: replica_id=[2], request=493, current_budget=1554,last_prefill_completed_at=30614787.84225002,last_ttft=19.1779
DEBUG 08-14 23:19:39 replica.py:153] complete_request_prefill - replica_id=[2], request=493,self.replica_slo_budget-sum_pending_tokens==current_budget:True,1048576-4233==1044343
DEBUG 08-14 23:19:39 open_ai.py:335] async_send_request: request finish prefill, 497
INFO 08-14 23:19:39 open_ai.py:352] async_send_request: prefill completed: req=497,replica_id=2
DEBUG 08-14 23:19:39 replica.py:146] complete_request_prefill: replica_id=[2], request=497, current_budget=1140,last_prefill_completed_at=30614787.85392847,last_ttft=19.1673
DEBUG 08-14 23:19:39 replica.py:153] complete_request_prefill - replica_id=[2], request=497,self.replica_slo_budget-sum_pending_tokens==current_budget:True,1048576-3093==1045483
DEBUG 08-14 23:19:39 replica.py:171] complete_request_decode:num_saved_toekens=16
DEBUG 08-14 23:19:39 open_ai.py:452] good request:https://u722127-b80a-4e3f9d5d.cqa1.seetacloud.com:8443:good,request._id=491,input=894,output=13
DEBUG 08-14 23:19:39 metrics_store.py:131] update_metrics:request_id=491
DEBUG 08-14 23:19:39 shared.py:180] Removed task for request 491 on https://u722127-b80a-4e3f9d5d.cqa1.seetacloud.com:8443
DEBUG 08-14 23:19:39 replica.py:171] complete_request_decode:num_saved_toekens=512
DEBUG 08-14 23:19:39 open_ai.py:452] good request:https://u722127-b80a-4e3f9d5d.cqa1.seetacloud.com:8443:good,request._id=372,input=172,output=505
DEBUG 08-14 23:19:39 metrics_store.py:131] update_metrics:request_id=372
DEBUG 08-14 23:19:39 shared.py:180] Removed task for request 372 on https://u722127-b80a-4e3f9d5d.cqa1.seetacloud.com:8443
DEBUG 08-14 23:19:39 replica.py:171] complete_request_decode:num_saved_toekens=720
DEBUG 08-14 23:19:39 open_ai.py:452] good request:https://uu722127-b80a-4e3f9d5d.cqa1.seetacloud.com:8443:good,request._id=303,input=150,output=719
DEBUG 08-14 23:19:39 metrics_store.py:131] update_metrics:request_id=303
DEBUG 08-14 23:19:39 replica.py:171] complete_request_decode:num_saved_toekens=16
DEBUG 08-14 23:19:39 open_ai.py:452] good request:https://u722127-b80a-4e3f9d5d.cqa1.seetacloud.com:8443:good,request._id=497,input=1140,output=13
DEBUG 08-14 23:19:39 metrics_store.py:131] update_metrics:request_id=497
DEBUG 08-14 23:19:39 replica.py:171] complete_request_decode:num_saved_toekens=16
DEBUG 08-14 23:19:39 open_ai.py:452] good request:127.0.0.1:8000:good,request._id=489,input=3126,output=13
DEBUG 08-14 23:19:39 metrics_store.py:131] update_metrics:request_id=489
DEBUG 08-14 23:19:39 shared.py:180] Removed task for request 303 on https://uu722127-b80a-4e3f9d5d.cqa1.seetacloud.com:8443
DEBUG 08-14 23:19:39 shared.py:180] Removed task for request 497 on https://u722127-b80a-4e3f9d5d.cqa1.seetacloud.com:8443
DEBUG 08-14 23:19:39 shared.py:180] Removed task for request 489 on 127.0.0.1:8000
DEBUG 08-14 23:19:40 replica.py:171] complete_request_decode:num_saved_toekens=112
DEBUG 08-14 23:19:40 open_ai.py:452] good request:https://u722127-8cb5-f6dc13db.nmb1.seetacloud.com:8443:good,request._id=437,input=1415,output=107
DEBUG 08-14 23:19:40 metrics_store.py:131] update_metrics:request_id=437
DEBUG 08-14 23:19:40 replica.py:171] complete_request_decode:num_saved_toekens=672
DEBUG 08-14 23:19:40 open_ai.py:452] good request:https://u722127-b80a-4e3f9d5d.cqa1.seetacloud.com:8443:good,request._id=332,input=164,output=668
DEBUG 08-14 23:19:40 metrics_store.py:131] update_metrics:request_id=332
DEBUG 08-14 23:19:40 open_ai.py:335] async_send_request: request finish prefill, 499
INFO 08-14 23:19:40 open_ai.py:352] async_send_request: prefill completed: req=499,replica_id=2
DEBUG 08-14 23:19:40 replica.py:146] complete_request_prefill: replica_id=[2], request=499, current_budget=3093,last_prefill_completed_at=30614788.175332416,last_ttft=19.486
DEBUG 08-14 23:19:40 replica.py:153] complete_request_prefill - replica_id=[2], request=499,self.replica_slo_budget-sum_pending_tokens==current_budget:True,1048576-0==1048576
DEBUG 08-14 23:19:40 open_ai.py:335] async_send_request: request finish prefill, 495
INFO 08-14 23:19:40 open_ai.py:352] async_send_request: prefill completed: req=495,replica_id=3
DEBUG 08-14 23:19:40 replica.py:146] complete_request_prefill: replica_id=[3], request=495, current_budget=4103,last_prefill_completed_at=30614788.1939852,last_ttft=19.5128
DEBUG 08-14 23:19:40 replica.py:153] complete_request_prefill - replica_id=[3], request=495,self.replica_slo_budget-sum_pending_tokens==current_budget:True,1048576-0==1048576
DEBUG 08-14 23:19:40 shared.py:180] Removed task for request 437 on https://u722127-8cb5-f6dc13db.nmb1.seetacloud.com:8443
DEBUG 08-14 23:19:40 shared.py:180] Removed task for request 332 on https://u722127-b80a-4e3f9d5d.cqa1.seetacloud.com:8443
DEBUG 08-14 23:19:40 replica.py:171] complete_request_decode:num_saved_toekens=480
DEBUG 08-14 23:19:40 replica.py:171] complete_request_decode:num_saved_toekens=80
DEBUG 08-14 23:19:40 replica.py:171] complete_request_decode:num_saved_toekens=16
DEBUG 08-14 23:19:40 open_ai.py:452] good request:https://uu722127-b80a-4e3f9d5d.cqa1.seetacloud.com:8443:good,request._id=495,input=4103,output=13
DEBUG 08-14 23:19:40 open_ai.py:452] good request:https://uu722127-b80a-4e3f9d5d.cqa1.seetacloud.com:8443:good,request._id=380,input=148,output=486
DEBUG 08-14 23:19:40 open_ai.py:452] good request:127.0.0.1:8000:good,request._id=450,input=1332,output=84
DEBUG 08-14 23:19:40 metrics_store.py:131] update_metrics:request_id=495
DEBUG 08-14 23:19:40 metrics_store.py:131] update_metrics:request_id=380
DEBUG 08-14 23:19:40 metrics_store.py:131] update_metrics:request_id=450
DEBUG 08-14 23:19:40 shared.py:180] Removed task for request 495 on https://uu722127-b80a-4e3f9d5d.cqa1.seetacloud.com:8443
DEBUG 08-14 23:19:40 shared.py:180] Removed task for request 380 on https://uu722127-b80a-4e3f9d5d.cqa1.seetacloud.com:8443
DEBUG 08-14 23:19:40 shared.py:180] Removed task for request 450 on 127.0.0.1:8000
DEBUG 08-14 23:19:40 replica.py:171] complete_request_decode:num_saved_toekens=48
DEBUG 08-14 23:19:40 open_ai.py:452] good request:127.0.0.1:8001:good,request._id=488,input=836,output=44
DEBUG 08-14 23:19:40 metrics_store.py:131] update_metrics:request_id=488
DEBUG 08-14 23:19:40 replica.py:171] complete_request_decode:num_saved_toekens=112
DEBUG 08-14 23:19:40 open_ai.py:452] good request:https://u722127-8cb5-f6dc13db.nmb1.seetacloud.com:8443:good,request._id=441,input=1949,output=109
DEBUG 08-14 23:19:40 metrics_store.py:131] update_metrics:request_id=441
DEBUG 08-14 23:19:40 shared.py:180] Removed task for request 488 on 127.0.0.1:8001
DEBUG 08-14 23:19:40 replica.py:171] complete_request_decode:num_saved_toekens=592
DEBUG 08-14 23:19:40 open_ai.py:452] good request:https://u722127-8cb5-f6dc13db.nmb1.seetacloud.com:8443:good,request._id=197,input=152,output=584
DEBUG 08-14 23:19:40 metrics_store.py:131] update_metrics:request_id=197
DEBUG 08-14 23:19:40 replica.py:171] complete_request_decode:num_saved_toekens=80
DEBUG 08-14 23:19:40 open_ai.py:452] good request:127.0.0.1:8000:good,request._id=462,input=877,output=75
DEBUG 08-14 23:19:40 metrics_store.py:131] update_metrics:request_id=462
DEBUG 08-14 23:19:40 replica.py:171] complete_request_decode:num_saved_toekens=64
DEBUG 08-14 23:19:40 open_ai.py:452] good request:127.0.0.1:8001:good,request._id=464,input=775,output=70
DEBUG 08-14 23:19:40 metrics_store.py:131] update_metrics:request_id=464
DEBUG 08-14 23:19:40 shared.py:180] Removed task for request 441 on https://u722127-8cb5-f6dc13db.nmb1.seetacloud.com:8443
DEBUG 08-14 23:19:40 shared.py:180] Removed task for request 197 on https://u722127-8cb5-f6dc13db.nmb1.seetacloud.com:8443
DEBUG 08-14 23:19:40 shared.py:180] Removed task for request 462 on 127.0.0.1:8000
DEBUG 08-14 23:19:40 shared.py:180] Removed task for request 464 on 127.0.0.1:8001
DEBUG 08-14 23:19:40 replica.py:171] complete_request_decode:num_saved_toekens=576
DEBUG 08-14 23:19:40 open_ai.py:452] good request:127.0.0.1:8000:good,request._id=271,input=154,output=567
DEBUG 08-14 23:19:40 metrics_store.py:131] update_metrics:request_id=271
DEBUG 08-14 23:19:40 replica.py:171] complete_request_decode:num_saved_toekens=64
DEBUG 08-14 23:19:40 open_ai.py:452] good request:127.0.0.1:8001:good,request._id=468,input=5396,output=71
DEBUG 08-14 23:19:40 metrics_store.py:131] update_metrics:request_id=468
DEBUG 08-14 23:19:40 shared.py:180] Removed task for request 271 on 127.0.0.1:8000
DEBUG 08-14 23:19:40 shared.py:180] Removed task for request 468 on 127.0.0.1:8001
DEBUG 08-14 23:19:40 replica.py:171] complete_request_decode:num_saved_toekens=112
DEBUG 08-14 23:19:40 open_ai.py:452] good request:https://u722127-8cb5-f6dc13db.nmb1.seetacloud.com:8443:good,request._id=449,input=2463,output=105
DEBUG 08-14 23:19:40 metrics_store.py:131] update_metrics:request_id=449
DEBUG 08-14 23:19:40 shared.py:180] Removed task for request 449 on https://u722127-8cb5-f6dc13db.nmb1.seetacloud.com:8443
DEBUG 08-14 23:19:40 replica.py:171] complete_request_decode:num_saved_toekens=96
DEBUG 08-14 23:19:40 replica.py:171] complete_request_decode:num_saved_toekens=64
DEBUG 08-14 23:19:40 open_ai.py:452] good request:https://uu722127-b80a-4e3f9d5d.cqa1.seetacloud.com:8443:good,request._id=485,input=886,output=60
DEBUG 08-14 23:19:40 replica.py:171] complete_request_decode:num_saved_toekens=96
DEBUG 08-14 23:19:40 open_ai.py:452] good request:127.0.0.1:8001:good,request._id=467,input=1439,output=84
DEBUG 08-14 23:19:40 replica.py:171] complete_request_decode:num_saved_toekens=64
DEBUG 08-14 23:19:40 open_ai.py:452] good request:https://uu722127-b80a-4e3f9d5d.cqa1.seetacloud.com:8443:good,request._id=484,input=855,output=67
DEBUG 08-14 23:19:40 replica.py:171] complete_request_decode:num_saved_toekens=800
DEBUG 08-14 23:19:40 open_ai.py:452] good request:https://u722127-b80a-4e3f9d5d.cqa1.seetacloud.com:8443:good,request._id=277,input=156,output=801
DEBUG 08-14 23:19:40 replica.py:171] complete_request_decode:num_saved_toekens=64
DEBUG 08-14 23:19:40 open_ai.py:452] good request:https://u722127-b80a-4e3f9d5d.cqa1.seetacloud.com:8443:good,request._id=498,input=707,output=62
DEBUG 08-14 23:19:40 replica.py:171] complete_request_decode:num_saved_toekens=816
DEBUG 08-14 23:19:40 open_ai.py:452] good request:https://u722127-b80a-4e3f9d5d.cqa1.seetacloud.com:8443:good,request._id=237,input=152,output=809
DEBUG 08-14 23:19:40 open_ai.py:452] good request:https://uu722127-b80a-4e3f9d5d.cqa1.seetacloud.com:8443:good,request._id=470,input=678,output=100
DEBUG 08-14 23:19:40 metrics_store.py:131] update_metrics:request_id=485
DEBUG 08-14 23:19:40 metrics_store.py:131] update_metrics:request_id=467
DEBUG 08-14 23:19:40 metrics_store.py:131] update_metrics:request_id=484
DEBUG 08-14 23:19:40 shared.py:180] Removed task for request 485 on https://uu722127-b80a-4e3f9d5d.cqa1.seetacloud.com:8443
DEBUG 08-14 23:19:40 metrics_store.py:131] update_metrics:request_id=277
DEBUG 08-14 23:19:40 shared.py:180] Removed task for request 467 on 127.0.0.1:8001
DEBUG 08-14 23:19:40 metrics_store.py:131] update_metrics:request_id=498
DEBUG 08-14 23:19:40 shared.py:180] Removed task for request 484 on https://uu722127-b80a-4e3f9d5d.cqa1.seetacloud.com:8443
DEBUG 08-14 23:19:40 metrics_store.py:131] update_metrics:request_id=237
DEBUG 08-14 23:19:40 shared.py:180] Removed task for request 277 on https://u722127-b80a-4e3f9d5d.cqa1.seetacloud.com:8443
DEBUG 08-14 23:19:40 replica.py:171] complete_request_decode:num_saved_toekens=80
DEBUG 08-14 23:19:40 open_ai.py:452] good request:https://uu722127-b80a-4e3f9d5d.cqa1.seetacloud.com:8443:good,request._id=482,input=795,output=73
DEBUG 08-14 23:19:40 metrics_store.py:131] update_metrics:request_id=470
DEBUG 08-14 23:19:40 shared.py:180] Removed task for request 498 on https://u722127-b80a-4e3f9d5d.cqa1.seetacloud.com:8443
DEBUG 08-14 23:19:40 metrics_store.py:131] update_metrics:request_id=482
DEBUG 08-14 23:19:40 shared.py:180] Removed task for request 237 on https://u722127-b80a-4e3f9d5d.cqa1.seetacloud.com:8443
DEBUG 08-14 23:19:40 replica.py:171] complete_request_decode:num_saved_toekens=112
DEBUG 08-14 23:19:40 open_ai.py:452] good request:127.0.0.1:8000:good,request._id=451,input=933,output=117
DEBUG 08-14 23:19:40 metrics_store.py:131] update_metrics:request_id=451
DEBUG 08-14 23:19:40 shared.py:180] Removed task for request 470 on https://uu722127-b80a-4e3f9d5d.cqa1.seetacloud.com:8443
DEBUG 08-14 23:19:40 shared.py:180] Removed task for request 482 on https://uu722127-b80a-4e3f9d5d.cqa1.seetacloud.com:8443
DEBUG 08-14 23:19:40 shared.py:180] Removed task for request 451 on 127.0.0.1:8000
DEBUG 08-14 23:19:40 replica.py:171] complete_request_decode:num_saved_toekens=64
DEBUG 08-14 23:19:40 open_ai.py:452] good request:127.0.0.1:8000:good,request._id=492,input=1807,output=59
DEBUG 08-14 23:19:40 metrics_store.py:131] update_metrics:request_id=492
DEBUG 08-14 23:19:41 shared.py:180] Removed task for request 492 on 127.0.0.1:8000
DEBUG 08-14 23:19:41 replica.py:171] complete_request_decode:num_saved_toekens=80
DEBUG 08-14 23:19:41 open_ai.py:452] good request:https://u722127-b80a-4e3f9d5d.cqa1.seetacloud.com:8443:good,request._id=493,input=1554,output=86
DEBUG 08-14 23:19:41 metrics_store.py:131] update_metrics:request_id=493
DEBUG 08-14 23:19:41 shared.py:180] Removed task for request 493 on https://u722127-b80a-4e3f9d5d.cqa1.seetacloud.com:8443
DEBUG 08-14 23:19:41 replica.py:171] complete_request_decode:num_saved_toekens=80
DEBUG 08-14 23:19:41 replica.py:171] complete_request_decode:num_saved_toekens=576
DEBUG 08-14 23:19:41 open_ai.py:452] good request:127.0.0.1:8000:good,request._id=304,input=158,output=570
DEBUG 08-14 23:19:41 replica.py:171] complete_request_decode:num_saved_toekens=336
DEBUG 08-14 23:19:41 open_ai.py:452] good request:https://uu722127-b80a-4e3f9d5d.cqa1.seetacloud.com:8443:good,request._id=426,input=152,output=336
DEBUG 08-14 23:19:41 open_ai.py:452] good request:https://u722127-b80a-4e3f9d5d.cqa1.seetacloud.com:8443:good,request._id=490,input=1809,output=89
DEBUG 08-14 23:19:41 metrics_store.py:131] update_metrics:request_id=304
DEBUG 08-14 23:19:41 metrics_store.py:131] update_metrics:request_id=426
DEBUG 08-14 23:19:41 metrics_store.py:131] update_metrics:request_id=490
DEBUG 08-14 23:19:41 shared.py:180] Removed task for request 304 on 127.0.0.1:8000
DEBUG 08-14 23:19:41 shared.py:180] Removed task for request 426 on https://uu722127-b80a-4e3f9d5d.cqa1.seetacloud.com:8443
DEBUG 08-14 23:19:41 shared.py:180] Removed task for request 490 on https://u722127-b80a-4e3f9d5d.cqa1.seetacloud.com:8443
DEBUG 08-14 23:19:41 replica.py:171] complete_request_decode:num_saved_toekens=112
DEBUG 08-14 23:19:41 open_ai.py:452] good request:https://uu722127-b80a-4e3f9d5d.cqa1.seetacloud.com:8443:good,request._id=481,input=1476,output=109
DEBUG 08-14 23:19:41 metrics_store.py:131] update_metrics:request_id=481
DEBUG 08-14 23:19:41 shared.py:180] Removed task for request 481 on https://uu722127-b80a-4e3f9d5d.cqa1.seetacloud.com:8443
DEBUG 08-14 23:19:41 replica.py:171] complete_request_decode:num_saved_toekens=1024
DEBUG 08-14 23:19:41 open_ai.py:452] good request:127.0.0.1:8000:good,request._id=87,input=150,output=1024
DEBUG 08-14 23:19:41 metrics_store.py:131] update_metrics:request_id=87
DEBUG 08-14 23:19:41 shared.py:180] Removed task for request 87 on 127.0.0.1:8000
DEBUG 08-14 23:19:41 replica.py:171] complete_request_decode:num_saved_toekens=608
DEBUG 08-14 23:19:41 open_ai.py:452] good request:127.0.0.1:8000:good,request._id=138,input=146,output=609
DEBUG 08-14 23:19:41 metrics_store.py:131] update_metrics:request_id=138
DEBUG 08-14 23:19:41 shared.py:180] Removed task for request 138 on 127.0.0.1:8000
DEBUG 08-14 23:19:41 replica.py:171] complete_request_decode:num_saved_toekens=816
DEBUG 08-14 23:19:41 open_ai.py:452] good request:https://u722127-b80a-4e3f9d5d.cqa1.seetacloud.com:8443:good,request._id=302,input=148,output=814
DEBUG 08-14 23:19:41 metrics_store.py:131] update_metrics:request_id=302
DEBUG 08-14 23:19:41 shared.py:180] Removed task for request 302 on https://u722127-b80a-4e3f9d5d.cqa1.seetacloud.com:8443
DEBUG 08-14 23:19:41 replica.py:171] complete_request_decode:num_saved_toekens=832
DEBUG 08-14 23:19:41 open_ai.py:452] good request:https://uu722127-b80a-4e3f9d5d.cqa1.seetacloud.com:8443:good,request._id=294,input=182,output=831
DEBUG 08-14 23:19:41 metrics_store.py:131] update_metrics:request_id=294
DEBUG 08-14 23:19:41 shared.py:180] Removed task for request 294 on https://uu722127-b80a-4e3f9d5d.cqa1.seetacloud.com:8443
DEBUG 08-14 23:19:41 replica.py:171] complete_request_decode:num_saved_toekens=96
DEBUG 08-14 23:19:41 open_ai.py:452] good request:https://u722127-b80a-4e3f9d5d.cqa1.seetacloud.com:8443:good,request._id=499,input=3093,output=101
DEBUG 08-14 23:19:41 metrics_store.py:131] update_metrics:request_id=499
DEBUG 08-14 23:19:41 shared.py:180] Removed task for request 499 on https://u722127-b80a-4e3f9d5d.cqa1.seetacloud.com:8443
DEBUG 08-14 23:19:41 replica.py:171] complete_request_decode:num_saved_toekens=128
DEBUG 08-14 23:19:41 open_ai.py:452] good request:127.0.0.1:8001:good,request._id=466,input=1537,output=132
DEBUG 08-14 23:19:41 metrics_store.py:131] update_metrics:request_id=466
DEBUG 08-14 23:19:41 shared.py:180] Removed task for request 466 on 127.0.0.1:8001
DEBUG 08-14 23:19:41 replica.py:171] complete_request_decode:num_saved_toekens=752
DEBUG 08-14 23:19:41 open_ai.py:452] good request:https://u722127-b80a-4e3f9d5d.cqa1.seetacloud.com:8443:good,request._id=342,input=152,output=749
DEBUG 08-14 23:19:41 metrics_store.py:131] update_metrics:request_id=342
DEBUG 08-14 23:19:41 shared.py:180] Removed task for request 342 on https://u722127-b80a-4e3f9d5d.cqa1.seetacloud.com:8443
DEBUG 08-14 23:19:41 replica.py:171] complete_request_decode:num_saved_toekens=272
DEBUG 08-14 23:19:41 open_ai.py:452] good request:https://uu722127-b80a-4e3f9d5d.cqa1.seetacloud.com:8443:good,request._id=301,input=146,output=279
DEBUG 08-14 23:19:41 metrics_store.py:131] update_metrics:request_id=301
DEBUG 08-14 23:19:41 shared.py:180] Removed task for request 301 on https://uu722127-b80a-4e3f9d5d.cqa1.seetacloud.com:8443
DEBUG 08-14 23:19:41 replica.py:171] complete_request_decode:num_saved_toekens=112
DEBUG 08-14 23:19:41 open_ai.py:452] good request:127.0.0.1:8000:good,request._id=478,input=2018,output=121
DEBUG 08-14 23:19:41 metrics_store.py:131] update_metrics:request_id=478
DEBUG 08-14 23:19:41 shared.py:180] Removed task for request 478 on 127.0.0.1:8000
DEBUG 08-14 23:19:41 replica.py:171] complete_request_decode:num_saved_toekens=128
DEBUG 08-14 23:19:41 open_ai.py:452] good request:127.0.0.1:8000:good,request._id=472,input=1662,output=129
DEBUG 08-14 23:19:41 metrics_store.py:131] update_metrics:request_id=472
DEBUG 08-14 23:19:41 shared.py:180] Removed task for request 472 on 127.0.0.1:8000
DEBUG 08-14 23:19:41 replica.py:171] complete_request_decode:num_saved_toekens=288
DEBUG 08-14 23:19:41 open_ai.py:452] good request:https://uu722127-b80a-4e3f9d5d.cqa1.seetacloud.com:8443:good,request._id=329,input=178,output=298
DEBUG 08-14 23:19:41 metrics_store.py:131] update_metrics:request_id=329
DEBUG 08-14 23:19:41 replica.py:171] complete_request_decode:num_saved_toekens=464
DEBUG 08-14 23:19:41 open_ai.py:452] good request:127.0.0.1:8000:good,request._id=377,input=168,output=464
DEBUG 08-14 23:19:41 metrics_store.py:131] update_metrics:request_id=377
DEBUG 08-14 23:19:41 replica.py:171] complete_request_decode:num_saved_toekens=480
DEBUG 08-14 23:19:41 shared.py:180] Removed task for request 329 on https://uu722127-b80a-4e3f9d5d.cqa1.seetacloud.com:8443
DEBUG 08-14 23:19:41 shared.py:180] Removed task for request 377 on 127.0.0.1:8000
DEBUG 08-14 23:19:41 replica.py:171] complete_request_decode:num_saved_toekens=528
DEBUG 08-14 23:19:41 open_ai.py:452] good request:127.0.0.1:8000:good,request._id=352,input=147,output=531
DEBUG 08-14 23:19:41 metrics_store.py:131] update_metrics:request_id=352
DEBUG 08-14 23:19:41 open_ai.py:452] good request:https://u722127-8cb5-f6dc13db.nmb1.seetacloud.com:8443:good,request._id=191,input=156,output=483
DEBUG 08-14 23:19:41 metrics_store.py:131] update_metrics:request_id=191
DEBUG 08-14 23:19:41 replica.py:171] complete_request_decode:num_saved_toekens=768
DEBUG 08-14 23:19:41 open_ai.py:452] good request:https://u722127-b80a-4e3f9d5d.cqa1.seetacloud.com:8443:good,request._id=353,input=172,output=760
DEBUG 08-14 23:19:41 metrics_store.py:131] update_metrics:request_id=353
DEBUG 08-14 23:19:42 shared.py:180] Removed task for request 352 on 127.0.0.1:8000
DEBUG 08-14 23:19:42 shared.py:180] Removed task for request 191 on https://u722127-8cb5-f6dc13db.nmb1.seetacloud.com:8443
DEBUG 08-14 23:19:42 shared.py:180] Removed task for request 353 on https://u722127-b80a-4e3f9d5d.cqa1.seetacloud.com:8443
DEBUG 08-14 23:19:42 replica.py:171] complete_request_decode:num_saved_toekens=880
DEBUG 08-14 23:19:42 open_ai.py:452] good request:https://uu722127-b80a-4e3f9d5d.cqa1.seetacloud.com:8443:good,request._id=236,input=150,output=888
DEBUG 08-14 23:19:42 metrics_store.py:131] update_metrics:request_id=236
DEBUG 08-14 23:19:42 replica.py:171] complete_request_decode:num_saved_toekens=144
DEBUG 08-14 23:19:42 open_ai.py:452] good request:127.0.0.1:8000:good,request._id=474,input=2941,output=137
DEBUG 08-14 23:19:42 metrics_store.py:131] update_metrics:request_id=474
DEBUG 08-14 23:19:42 replica.py:171] complete_request_decode:num_saved_toekens=560
DEBUG 08-14 23:19:42 open_ai.py:452] good request:127.0.0.1:8000:good,request._id=347,input=158,output=558
DEBUG 08-14 23:19:42 metrics_store.py:131] update_metrics:request_id=347
DEBUG 08-14 23:19:42 shared.py:180] Removed task for request 236 on https://uu722127-b80a-4e3f9d5d.cqa1.seetacloud.com:8443
DEBUG 08-14 23:19:42 shared.py:180] Removed task for request 474 on 127.0.0.1:8000
DEBUG 08-14 23:19:42 shared.py:180] Removed task for request 347 on 127.0.0.1:8000
DEBUG 08-14 23:19:42 replica.py:171] complete_request_decode:num_saved_toekens=704
DEBUG 08-14 23:19:42 open_ai.py:452] good request:https://uu722127-b80a-4e3f9d5d.cqa1.seetacloud.com:8443:good,request._id=366,input=156,output=707
DEBUG 08-14 23:19:42 metrics_store.py:131] update_metrics:request_id=366
DEBUG 08-14 23:19:42 replica.py:171] complete_request_decode:num_saved_toekens=704
DEBUG 08-14 23:19:42 open_ai.py:452] good request:127.0.0.1:8001:good,request._id=261,input=152,output=707
DEBUG 08-14 23:19:42 metrics_store.py:131] update_metrics:request_id=261
DEBUG 08-14 23:19:42 shared.py:180] Removed task for request 366 on https://uu722127-b80a-4e3f9d5d.cqa1.seetacloud.com:8443
DEBUG 08-14 23:19:42 shared.py:180] Removed task for request 261 on 127.0.0.1:8001
DEBUG 08-14 23:19:42 replica.py:171] complete_request_decode:num_saved_toekens=960
DEBUG 08-14 23:19:42 open_ai.py:452] good request:https://uu722127-b80a-4e3f9d5d.cqa1.seetacloud.com:8443:good,request._id=269,input=274,output=966
DEBUG 08-14 23:19:42 metrics_store.py:131] update_metrics:request_id=269
DEBUG 08-14 23:19:42 shared.py:180] Removed task for request 269 on https://uu722127-b80a-4e3f9d5d.cqa1.seetacloud.com:8443
DEBUG 08-14 23:19:42 replica.py:171] complete_request_decode:num_saved_toekens=1024
DEBUG 08-14 23:19:42 open_ai.py:452] good request:https://uu722127-b80a-4e3f9d5d.cqa1.seetacloud.com:8443:good,request._id=254,input=152,output=1024
DEBUG 08-14 23:19:42 metrics_store.py:131] update_metrics:request_id=254
DEBUG 08-14 23:19:42 shared.py:180] Removed task for request 254 on https://uu722127-b80a-4e3f9d5d.cqa1.seetacloud.com:8443
DEBUG 08-14 23:19:42 replica.py:171] complete_request_decode:num_saved_toekens=320
DEBUG 08-14 23:19:42 open_ai.py:452] good request:https://uu722127-b80a-4e3f9d5d.cqa1.seetacloud.com:8443:good,request._id=336,input=150,output=328
DEBUG 08-14 23:19:42 metrics_store.py:131] update_metrics:request_id=336
DEBUG 08-14 23:19:42 shared.py:180] Removed task for request 336 on https://uu722127-b80a-4e3f9d5d.cqa1.seetacloud.com:8443
DEBUG 08-14 23:19:42 replica.py:171] complete_request_decode:num_saved_toekens=720
DEBUG 08-14 23:19:42 open_ai.py:452] good request:127.0.0.1:8001:good,request._id=264,input=158,output=718
DEBUG 08-14 23:19:42 metrics_store.py:131] update_metrics:request_id=264
DEBUG 08-14 23:19:42 shared.py:180] Removed task for request 264 on 127.0.0.1:8001
DEBUG 08-14 23:19:42 replica.py:171] complete_request_decode:num_saved_toekens=368
DEBUG 08-14 23:19:42 replica.py:171] complete_request_decode:num_saved_toekens=800
DEBUG 08-14 23:19:42 open_ai.py:452] good request:https://u722127-b80a-4e3f9d5d.cqa1.seetacloud.com:8443:good,request._id=357,input=185,output=798
DEBUG 08-14 23:19:42 replica.py:171] complete_request_decode:num_saved_toekens=848
DEBUG 08-14 23:19:42 open_ai.py:452] good request:https://u722127-b80a-4e3f9d5d.cqa1.seetacloud.com:8443:good,request._id=280,input=148,output=364
DEBUG 08-14 23:19:42 metrics_store.py:131] update_metrics:request_id=357
DEBUG 08-14 23:19:42 shared.py:180] Removed task for request 357 on https://u722127-b80a-4e3f9d5d.cqa1.seetacloud.com:8443
DEBUG 08-14 23:19:42 replica.py:171] complete_request_decode:num_saved_toekens=880
DEBUG 08-14 23:19:42 open_ai.py:452] good request:https://uu722127-b80a-4e3f9d5d.cqa1.seetacloud.com:8443:good,request._id=318,input=160,output=886
DEBUG 08-14 23:19:42 open_ai.py:452] good request:https://uu722127-b80a-4e3f9d5d.cqa1.seetacloud.com:8443:good,request._id=330,input=156,output=850
DEBUG 08-14 23:19:42 metrics_store.py:131] update_metrics:request_id=280
DEBUG 08-14 23:19:42 metrics_store.py:131] update_metrics:request_id=318
DEBUG 08-14 23:19:42 metrics_store.py:131] update_metrics:request_id=330
DEBUG 08-14 23:19:42 shared.py:180] Removed task for request 280 on https://u722127-b80a-4e3f9d5d.cqa1.seetacloud.com:8443
DEBUG 08-14 23:19:42 shared.py:180] Removed task for request 318 on https://uu722127-b80a-4e3f9d5d.cqa1.seetacloud.com:8443
DEBUG 08-14 23:19:42 shared.py:180] Removed task for request 330 on https://uu722127-b80a-4e3f9d5d.cqa1.seetacloud.com:8443
DEBUG 08-14 23:19:42 replica.py:171] complete_request_decode:num_saved_toekens=208
DEBUG 08-14 23:19:42 open_ai.py:452] good request:127.0.0.1:8001:good,request._id=453,input=160,output=215
DEBUG 08-14 23:19:42 metrics_store.py:131] update_metrics:request_id=453
DEBUG 08-14 23:19:42 shared.py:180] Removed task for request 453 on 127.0.0.1:8001
DEBUG 08-14 23:19:42 replica.py:171] complete_request_decode:num_saved_toekens=896
DEBUG 08-14 23:19:42 open_ai.py:452] good request:127.0.0.1:8000:good,request._id=194,input=154,output=896
DEBUG 08-14 23:19:42 metrics_store.py:131] update_metrics:request_id=194
DEBUG 08-14 23:19:42 shared.py:180] Removed task for request 194 on 127.0.0.1:8000
DEBUG 08-14 23:19:42 replica.py:171] complete_request_decode:num_saved_toekens=544
DEBUG 08-14 23:19:42 open_ai.py:452] good request:https://u722127-8cb5-f6dc13db.nmb1.seetacloud.com:8443:good,request._id=266,input=154,output=543
DEBUG 08-14 23:19:42 metrics_store.py:131] update_metrics:request_id=266
DEBUG 08-14 23:19:42 shared.py:180] Removed task for request 266 on https://u722127-8cb5-f6dc13db.nmb1.seetacloud.com:8443
DEBUG 08-14 23:19:42 replica.py:171] complete_request_decode:num_saved_toekens=208
DEBUG 08-14 23:19:42 open_ai.py:452] good request:127.0.0.1:8001:good,request._id=460,input=363,output=200
DEBUG 08-14 23:19:42 metrics_store.py:131] update_metrics:request_id=460
DEBUG 08-14 23:19:42 shared.py:180] Removed task for request 460 on 127.0.0.1:8001
DEBUG 08-14 23:19:42 replica.py:171] complete_request_decode:num_saved_toekens=528
DEBUG 08-14 23:19:42 open_ai.py:452] good request:127.0.0.1:8001:good,request._id=375,input=152,output=535
DEBUG 08-14 23:19:42 metrics_store.py:131] update_metrics:request_id=375
DEBUG 08-14 23:19:42 shared.py:180] Removed task for request 375 on 127.0.0.1:8001
DEBUG 08-14 23:19:43 replica.py:171] complete_request_decode:num_saved_toekens=640
DEBUG 08-14 23:19:43 open_ai.py:452] good request:127.0.0.1:8000:good,request._id=326,input=152,output=643
DEBUG 08-14 23:19:43 metrics_store.py:131] update_metrics:request_id=326
DEBUG 08-14 23:19:43 shared.py:180] Removed task for request 326 on 127.0.0.1:8000
DEBUG 08-14 23:19:43 replica.py:171] complete_request_decode:num_saved_toekens=624
DEBUG 08-14 23:19:43 open_ai.py:452] good request:127.0.0.1:8000:good,request._id=335,input=146,output=635
DEBUG 08-14 23:19:43 metrics_store.py:131] update_metrics:request_id=335
DEBUG 08-14 23:19:43 shared.py:180] Removed task for request 335 on 127.0.0.1:8000
DEBUG 08-14 23:19:43 replica.py:171] complete_request_decode:num_saved_toekens=400
DEBUG 08-14 23:19:43 open_ai.py:452] good request:https://u722127-b80a-4e3f9d5d.cqa1.seetacloud.com:8443:good,request._id=298,input=144,output=410
DEBUG 08-14 23:19:43 metrics_store.py:131] update_metrics:request_id=298
DEBUG 08-14 23:19:43 shared.py:180] Removed task for request 298 on https://u722127-b80a-4e3f9d5d.cqa1.seetacloud.com:8443
DEBUG 08-14 23:19:43 replica.py:171] complete_request_decode:num_saved_toekens=320
DEBUG 08-14 23:19:43 open_ai.py:452] good request:https://u722127-b80a-4e3f9d5d.cqa1.seetacloud.com:8443:good,request._id=463,input=549,output=323
DEBUG 08-14 23:19:43 metrics_store.py:131] update_metrics:request_id=463
DEBUG 08-14 23:19:43 shared.py:180] Removed task for request 463 on https://u722127-b80a-4e3f9d5d.cqa1.seetacloud.com:8443
DEBUG 08-14 23:19:43 replica.py:171] complete_request_decode:num_saved_toekens=192
DEBUG 08-14 23:19:43 open_ai.py:452] good request:127.0.0.1:8000:good,request._id=475,input=1107,output=202
DEBUG 08-14 23:19:43 metrics_store.py:131] update_metrics:request_id=475
DEBUG 08-14 23:19:43 shared.py:180] Removed task for request 475 on 127.0.0.1:8000
DEBUG 08-14 23:19:43 replica.py:171] complete_request_decode:num_saved_toekens=528
DEBUG 08-14 23:19:43 open_ai.py:452] good request:https://u722127-b80a-4e3f9d5d.cqa1.seetacloud.com:8443:good,request._id=425,input=156,output=516
DEBUG 08-14 23:19:43 metrics_store.py:131] update_metrics:request_id=425
DEBUG 08-14 23:19:43 shared.py:180] Removed task for request 425 on https://u722127-b80a-4e3f9d5d.cqa1.seetacloud.com:8443
DEBUG 08-14 23:19:43 replica.py:171] complete_request_decode:num_saved_toekens=1024
DEBUG 08-14 23:19:43 open_ai.py:452] good request:https://u722127-b80a-4e3f9d5d.cqa1.seetacloud.com:8443:good,request._id=94,input=174,output=1024
DEBUG 08-14 23:19:43 metrics_store.py:131] update_metrics:request_id=94
DEBUG 08-14 23:19:43 shared.py:180] Removed task for request 94 on https://u722127-b80a-4e3f9d5d.cqa1.seetacloud.com:8443
DEBUG 08-14 23:19:43 replica.py:171] complete_request_decode:num_saved_toekens=896
DEBUG 08-14 23:19:43 open_ai.py:452] good request:https://uu722127-b80a-4e3f9d5d.cqa1.seetacloud.com:8443:good,request._id=340,input=160,output=906
DEBUG 08-14 23:19:43 metrics_store.py:131] update_metrics:request_id=340
DEBUG 08-14 23:19:43 shared.py:180] Removed task for request 340 on https://uu722127-b80a-4e3f9d5d.cqa1.seetacloud.com:8443
DEBUG 08-14 23:19:44 replica.py:171] complete_request_decode:num_saved_toekens=928
DEBUG 08-14 23:19:44 open_ai.py:452] good request:https://uu722127-b80a-4e3f9d5d.cqa1.seetacloud.com:8443:good,request._id=346,input=154,output=923
DEBUG 08-14 23:19:44 metrics_store.py:131] update_metrics:request_id=346
DEBUG 08-14 23:19:44 shared.py:180] Removed task for request 346 on https://uu722127-b80a-4e3f9d5d.cqa1.seetacloud.com:8443
DEBUG 08-14 23:19:44 replica.py:171] complete_request_decode:num_saved_toekens=752
DEBUG 08-14 23:19:44 open_ai.py:452] good request:127.0.0.1:8001:good,request._id=187,input=144,output=764
DEBUG 08-14 23:19:44 metrics_store.py:131] update_metrics:request_id=187
DEBUG 08-14 23:19:44 shared.py:180] Removed task for request 187 on 127.0.0.1:8001
DEBUG 08-14 23:19:44 replica.py:171] complete_request_decode:num_saved_toekens=528
DEBUG 08-14 23:19:44 open_ai.py:452] good request:127.0.0.1:8001:good,request._id=395,input=160,output=533
DEBUG 08-14 23:19:44 metrics_store.py:131] update_metrics:request_id=395
DEBUG 08-14 23:19:44 shared.py:180] Removed task for request 395 on 127.0.0.1:8001
INFO 08-14 23:19:44 shared.py:299] Adding task for request 382 to replica 3,session_id=102
DEBUG 08-14 23:19:44 replica.py:226] add_request - replica_id=[3], request=382,self.replica_slo_budget-sum_pending_tokens==current_budget:True,1048576-158==1048418
INFO 08-14 23:19:44 open_ai.py:115] async_send_request:request._id=382,session=102,https://uu722127-b80a-4e3f9d5d.cqa1.seetacloud.com:8443
INFO 08-14 23:19:44 shared.py:299] Adding task for request 392 to replica 3,session_id=150
DEBUG 08-14 23:19:44 replica.py:226] add_request - replica_id=[3], request=392,self.replica_slo_budget-sum_pending_tokens==current_budget:True,1048576-324==1048252
INFO 08-14 23:19:44 shared.py:299] Adding task for request 399 to replica 3,session_id=154
DEBUG 08-14 23:19:44 replica.py:226] add_request - replica_id=[3], request=399,self.replica_slo_budget-sum_pending_tokens==current_budget:True,1048576-498==1048078
DEBUG 08-14 23:19:44 replica.py:171] complete_request_decode:num_saved_toekens=960
DEBUG 08-14 23:19:44 open_ai.py:452] good request:https://uu722127-b80a-4e3f9d5d.cqa1.seetacloud.com:8443:good,request._id=323,input=160,output=965
DEBUG 08-14 23:19:44 metrics_store.py:131] update_metrics:request_id=323
DEBUG 08-14 23:19:44 replica.py:171] complete_request_decode:num_saved_toekens=1024
DEBUG 08-14 23:19:44 open_ai.py:452] good request:https://u722127-b80a-4e3f9d5d.cqa1.seetacloud.com:8443:good,request._id=296,input=150,output=1024
DEBUG 08-14 23:19:44 metrics_store.py:131] update_metrics:request_id=296
INFO 08-14 23:19:44 open_ai.py:115] async_send_request:request._id=392,session=150,https://uu722127-b80a-4e3f9d5d.cqa1.seetacloud.com:8443
INFO 08-14 23:19:44 open_ai.py:115] async_send_request:request._id=399,session=154,https://uu722127-b80a-4e3f9d5d.cqa1.seetacloud.com:8443
INFO 08-14 23:19:44 shared.py:299] Adding task for request 428 to replica 0,session_id=162
DEBUG 08-14 23:19:44 replica.py:226] add_request - replica_id=[0], request=428,self.replica_slo_budget-sum_pending_tokens==current_budget:True,1048576-154==1048422
INFO 08-14 23:19:44 shared.py:299] Adding task for request 421 to replica 2,session_id=130
DEBUG 08-14 23:19:44 replica.py:226] add_request - replica_id=[2], request=421,self.replica_slo_budget-sum_pending_tokens==current_budget:True,1048576-206==1048370
INFO 08-14 23:19:44 shared.py:299] Adding task for request 423 to replica 2,session_id=166
DEBUG 08-14 23:19:44 replica.py:226] add_request - replica_id=[2], request=423,self.replica_slo_budget-sum_pending_tokens==current_budget:True,1048576-354==1048222
INFO 08-14 23:19:44 shared.py:299] Adding task for request 429 to replica 2,session_id=158
DEBUG 08-14 23:19:44 replica.py:226] add_request - replica_id=[2], request=429,self.replica_slo_budget-sum_pending_tokens==current_budget:True,1048576-520==1048056
INFO 08-14 23:19:44 shared.py:299] Adding task for request 422 to replica 3,session_id=166
DEBUG 08-14 23:19:44 replica.py:226] add_request - replica_id=[3], request=422,self.replica_slo_budget-sum_pending_tokens==current_budget:True,1048576-652==1047924
INFO 08-14 23:19:44 shared.py:299] Adding task for request 427 to replica 3,session_id=162
DEBUG 08-14 23:19:44 replica.py:226] add_request - replica_id=[3], request=427,self.replica_slo_budget-sum_pending_tokens==current_budget:True,1048576-804==1047772
INFO 08-14 23:19:44 shared.py:299] Adding task for request 430 to replica 3,session_id=158
DEBUG 08-14 23:19:44 replica.py:226] add_request - replica_id=[3], request=430,self.replica_slo_budget-sum_pending_tokens==current_budget:True,1048576-966==1047610
DEBUG 08-14 23:19:44 shared.py:180] Removed task for request 323 on https://uu722127-b80a-4e3f9d5d.cqa1.seetacloud.com:8443
DEBUG 08-14 23:19:44 shared.py:180] Removed task for request 296 on https://u722127-b80a-4e3f9d5d.cqa1.seetacloud.com:8443
DEBUG 08-14 23:19:44 replica.py:171] complete_request_decode:num_saved_toekens=576
DEBUG 08-14 23:19:44 open_ai.py:452] good request:https://u722127-b80a-4e3f9d5d.cqa1.seetacloud.com:8443:good,request._id=424,input=150,output=575
DEBUG 08-14 23:19:44 metrics_store.py:131] update_metrics:request_id=424
INFO 08-14 23:19:44 open_ai.py:115] async_send_request:request._id=428,session=162,127.0.0.1:8000
INFO 08-14 23:19:44 open_ai.py:115] async_send_request:request._id=421,session=130,https://u722127-b80a-4e3f9d5d.cqa1.seetacloud.com:8443
INFO 08-14 23:19:44 open_ai.py:115] async_send_request:request._id=423,session=166,https://u722127-b80a-4e3f9d5d.cqa1.seetacloud.com:8443
INFO 08-14 23:19:44 open_ai.py:115] async_send_request:request._id=429,session=158,https://u722127-b80a-4e3f9d5d.cqa1.seetacloud.com:8443
INFO 08-14 23:19:44 open_ai.py:115] async_send_request:request._id=422,session=166,https://uu722127-b80a-4e3f9d5d.cqa1.seetacloud.com:8443
INFO 08-14 23:19:44 open_ai.py:115] async_send_request:request._id=427,session=162,https://uu722127-b80a-4e3f9d5d.cqa1.seetacloud.com:8443
INFO 08-14 23:19:44 open_ai.py:115] async_send_request:request._id=430,session=158,https://uu722127-b80a-4e3f9d5d.cqa1.seetacloud.com:8443
INFO 08-14 23:19:44 shared.py:299] Adding task for request 434 to replica 2,session_id=34
DEBUG 08-14 23:19:44 replica.py:226] add_request - replica_id=[2], request=434,self.replica_slo_budget-sum_pending_tokens==current_budget:True,1048576-1498==1047078
INFO 08-14 23:19:44 open_ai.py:115] async_send_request:request._id=434,session=34,https://u722127-b80a-4e3f9d5d.cqa1.seetacloud.com:8443
DEBUG 08-14 23:19:44 shared.py:180] Removed task for request 424 on https://u722127-b80a-4e3f9d5d.cqa1.seetacloud.com:8443
DEBUG 08-14 23:19:44 replica.py:171] complete_request_decode:num_saved_toekens=752
DEBUG 08-14 23:19:44 replica.py:171] complete_request_decode:num_saved_toekens=768
DEBUG 08-14 23:19:44 open_ai.py:452] good request:https://u722127-b80a-4e3f9d5d.cqa1.seetacloud.com:8443:good,request._id=383,input=166,output=762
DEBUG 08-14 23:19:44 metrics_store.py:131] update_metrics:request_id=383
DEBUG 08-14 23:19:44 shared.py:180] Removed task for request 383 on https://u722127-b80a-4e3f9d5d.cqa1.seetacloud.com:8443
INFO 08-14 23:19:44 shared.py:299] Adding task for request 452 to replica 2,session_id=38
DEBUG 08-14 23:19:44 replica.py:226] add_request - replica_id=[2], request=452,self.replica_slo_budget-sum_pending_tokens==current_budget:True,1048576-1682==1046894
INFO 08-14 23:19:44 shared.py:299] Adding task for request 454 to replica 2,session_id=10
DEBUG 08-14 23:19:44 replica.py:226] add_request - replica_id=[2], request=454,self.replica_slo_budget-sum_pending_tokens==current_budget:True,1048576-1916==1046660
INFO 08-14 23:19:44 shared.py:299] Adding task for request 455 to replica 3,session_id=10
DEBUG 08-14 23:19:44 replica.py:226] add_request - replica_id=[3], request=455,self.replica_slo_budget-sum_pending_tokens==current_budget:True,1048576-1166==1047410
INFO 08-14 23:19:44 open_ai.py:115] async_send_request:request._id=452,session=38,https://u722127-b80a-4e3f9d5d.cqa1.seetacloud.com:8443
INFO 08-14 23:19:44 open_ai.py:115] async_send_request:request._id=454,session=10,https://u722127-b80a-4e3f9d5d.cqa1.seetacloud.com:8443
INFO 08-14 23:19:44 open_ai.py:115] async_send_request:request._id=455,session=10,https://uu722127-b80a-4e3f9d5d.cqa1.seetacloud.com:8443
DEBUG 08-14 23:19:44 open_ai.py:335] async_send_request: request finish prefill, 428
INFO 08-14 23:19:44 open_ai.py:352] async_send_request: prefill completed: req=428,replica_id=0
DEBUG 08-14 23:19:44 replica.py:146] complete_request_prefill: replica_id=[0], request=428, current_budget=154,last_prefill_completed_at=30614792.543453246,last_ttft=24.1424
DEBUG 08-14 23:19:44 replica.py:153] complete_request_prefill - replica_id=[0], request=428,self.replica_slo_budget-sum_pending_tokens==current_budget:True,1048576-0==1048576
DEBUG 08-14 23:19:44 open_ai.py:335] async_send_request: request finish prefill, 382
INFO 08-14 23:19:44 open_ai.py:352] async_send_request: prefill completed: req=382,replica_id=3
DEBUG 08-14 23:19:44 replica.py:146] complete_request_prefill: replica_id=[3], request=382, current_budget=158,last_prefill_completed_at=30614792.550545488,last_ttft=24.1985
DEBUG 08-14 23:19:44 replica.py:153] complete_request_prefill - replica_id=[3], request=382,self.replica_slo_budget-sum_pending_tokens==current_budget:True,1048576-1008==1047568
DEBUG 08-14 23:19:44 open_ai.py:335] async_send_request: request finish prefill, 399
INFO 08-14 23:19:44 open_ai.py:352] async_send_request: prefill completed: req=399,replica_id=3
DEBUG 08-14 23:19:44 replica.py:146] complete_request_prefill: replica_id=[3], request=399, current_budget=174,last_prefill_completed_at=30614792.568464935,last_ttft=24.1984
DEBUG 08-14 23:19:44 replica.py:153] complete_request_prefill - replica_id=[3], request=399,self.replica_slo_budget-sum_pending_tokens==current_budget:True,1048576-834==1047742
DEBUG 08-14 23:19:44 open_ai.py:335] async_send_request: request finish prefill, 392
INFO 08-14 23:19:44 open_ai.py:352] async_send_request: prefill completed: req=392,replica_id=3
DEBUG 08-14 23:19:44 replica.py:146] complete_request_prefill: replica_id=[3], request=392, current_budget=166,last_prefill_completed_at=30614792.57569735,last_ttft=24.2097
DEBUG 08-14 23:19:44 replica.py:153] complete_request_prefill - replica_id=[3], request=392,self.replica_slo_budget-sum_pending_tokens==current_budget:True,1048576-668==1047908
DEBUG 08-14 23:19:44 open_ai.py:452] good request:https://uu722127-b80a-4e3f9d5d.cqa1.seetacloud.com:8443:good,request._id=390,input=158,output=748
DEBUG 08-14 23:19:44 open_ai.py:335] async_send_request: request finish prefill, 430
INFO 08-14 23:19:44 open_ai.py:352] async_send_request: prefill completed: req=430,replica_id=3
DEBUG 08-14 23:19:44 replica.py:146] complete_request_prefill: replica_id=[3], request=430, current_budget=162,last_prefill_completed_at=30614792.590875827,last_ttft=24.1827
DEBUG 08-14 23:19:44 replica.py:153] complete_request_prefill - replica_id=[3], request=430,self.replica_slo_budget-sum_pending_tokens==current_budget:True,1048576-506==1048070
DEBUG 08-14 23:19:44 open_ai.py:335] async_send_request: request finish prefill, 422
INFO 08-14 23:19:44 open_ai.py:352] async_send_request: prefill completed: req=422,replica_id=3
DEBUG 08-14 23:19:44 replica.py:146] complete_request_prefill: replica_id=[3], request=422, current_budget=154,last_prefill_completed_at=30614792.596784897,last_ttft=24.1996
DEBUG 08-14 23:19:44 replica.py:153] complete_request_prefill - replica_id=[3], request=422,self.replica_slo_budget-sum_pending_tokens==current_budget:True,1048576-352==1048224
DEBUG 08-14 23:19:44 open_ai.py:335] async_send_request: request finish prefill, 427
INFO 08-14 23:19:44 open_ai.py:352] async_send_request: prefill completed: req=427,replica_id=3
DEBUG 08-14 23:19:44 replica.py:146] complete_request_prefill: replica_id=[3], request=427, current_budget=152,last_prefill_completed_at=30614792.607922938,last_ttft=24.2073
DEBUG 08-14 23:19:44 replica.py:153] complete_request_prefill - replica_id=[3], request=427,self.replica_slo_budget-sum_pending_tokens==current_budget:True,1048576-200==1048376
INFO 08-14 23:19:44 shared.py:299] Adding task for request 473 to replica 2,session_id=42
DEBUG 08-14 23:19:44 replica.py:226] add_request - replica_id=[2], request=473,self.replica_slo_budget-sum_pending_tokens==current_budget:True,1048576-2697==1045879
DEBUG 08-14 23:19:44 metrics_store.py:131] update_metrics:request_id=390
INFO 08-14 23:19:44 open_ai.py:115] async_send_request:request._id=473,session=42,https://u722127-b80a-4e3f9d5d.cqa1.seetacloud.com:8443
DEBUG 08-14 23:19:44 shared.py:180] Removed task for request 390 on https://uu722127-b80a-4e3f9d5d.cqa1.seetacloud.com:8443
DEBUG 08-14 23:19:44 open_ai.py:335] async_send_request: request finish prefill, 423
INFO 08-14 23:19:44 open_ai.py:352] async_send_request: prefill completed: req=423,replica_id=2
DEBUG 08-14 23:19:44 replica.py:146] complete_request_prefill: replica_id=[2], request=423, current_budget=148,last_prefill_completed_at=30614792.627184864,last_ttft=24.2297
DEBUG 08-14 23:19:44 replica.py:153] complete_request_prefill - replica_id=[2], request=423,self.replica_slo_budget-sum_pending_tokens==current_budget:True,1048576-2549==1046027
DEBUG 08-14 23:19:44 open_ai.py:335] async_send_request: request finish prefill, 429
INFO 08-14 23:19:44 open_ai.py:352] async_send_request: prefill completed: req=429,replica_id=2
DEBUG 08-14 23:19:44 replica.py:146] complete_request_prefill: replica_id=[2], request=429, current_budget=166,last_prefill_completed_at=30614792.63264064,last_ttft=24.2247
DEBUG 08-14 23:19:44 replica.py:153] complete_request_prefill - replica_id=[2], request=429,self.replica_slo_budget-sum_pending_tokens==current_budget:True,1048576-2383==1046193
INFO 08-14 23:19:44 shared.py:299] Adding task for request 487 to replica 3,session_id=62
DEBUG 08-14 23:19:44 replica.py:226] add_request - replica_id=[3], request=487,self.replica_slo_budget-sum_pending_tokens==current_budget:True,1048576-386==1048190
INFO 08-14 23:19:44 open_ai.py:115] async_send_request:request._id=487,session=62,https://uu722127-b80a-4e3f9d5d.cqa1.seetacloud.com:8443
DEBUG 08-14 23:19:44 open_ai.py:335] async_send_request: request finish prefill, 421
INFO 08-14 23:19:44 open_ai.py:352] async_send_request: prefill completed: req=421,replica_id=2
DEBUG 08-14 23:19:44 replica.py:146] complete_request_prefill: replica_id=[2], request=421, current_budget=206,last_prefill_completed_at=30614792.669269208,last_ttft=24.2731
DEBUG 08-14 23:19:44 replica.py:153] complete_request_prefill - replica_id=[2], request=421,self.replica_slo_budget-sum_pending_tokens==current_budget:True,1048576-2177==1046399
DEBUG 08-14 23:19:44 open_ai.py:335] async_send_request: request finish prefill, 434
INFO 08-14 23:19:44 open_ai.py:352] async_send_request: prefill completed: req=434,replica_id=2
DEBUG 08-14 23:19:44 replica.py:146] complete_request_prefill: replica_id=[2], request=434, current_budget=978,last_prefill_completed_at=30614792.67406786,last_ttft=24.2471
DEBUG 08-14 23:19:44 replica.py:153] complete_request_prefill - replica_id=[2], request=434,self.replica_slo_budget-sum_pending_tokens==current_budget:True,1048576-1199==1047377
INFO 08-14 23:19:44 shared.py:299] Adding task for request 496 to replica 0,session_id=14
DEBUG 08-14 23:19:44 replica.py:226] add_request - replica_id=[0], request=496,self.replica_slo_budget-sum_pending_tokens==current_budget:True,1048576-5245==1043331
INFO 08-14 23:19:44 open_ai.py:115] async_send_request:request._id=496,session=14,127.0.0.1:8000
DEBUG 08-14 23:19:44 open_ai.py:335] async_send_request: request finish prefill, 452
INFO 08-14 23:19:44 open_ai.py:352] async_send_request: prefill completed: req=452,replica_id=2
DEBUG 08-14 23:19:44 replica.py:146] complete_request_prefill: replica_id=[2], request=452, current_budget=184,last_prefill_completed_at=30614792.70950755,last_ttft=24.2022
DEBUG 08-14 23:19:44 replica.py:153] complete_request_prefill - replica_id=[2], request=452,self.replica_slo_budget-sum_pending_tokens==current_budget:True,1048576-1015==1047561
DEBUG 08-14 23:19:44 open_ai.py:335] async_send_request: request finish prefill, 455
INFO 08-14 23:19:44 open_ai.py:352] async_send_request: prefill completed: req=455,replica_id=3
DEBUG 08-14 23:19:44 replica.py:146] complete_request_prefill: replica_id=[3], request=455, current_budget=200,last_prefill_completed_at=30614792.715313092,last_ttft=24.2053
DEBUG 08-14 23:19:44 replica.py:153] complete_request_prefill - replica_id=[3], request=455,self.replica_slo_budget-sum_pending_tokens==current_budget:True,1048576-186==1048390
DEBUG 08-14 23:19:44 open_ai.py:335] async_send_request: request finish prefill, 454
INFO 08-14 23:19:44 open_ai.py:352] async_send_request: prefill completed: req=454,replica_id=2
DEBUG 08-14 23:19:44 replica.py:146] complete_request_prefill: replica_id=[2], request=454, current_budget=234,last_prefill_completed_at=30614792.725144945,last_ttft=24.2154
DEBUG 08-14 23:19:44 replica.py:153] complete_request_prefill - replica_id=[2], request=454,self.replica_slo_budget-sum_pending_tokens==current_budget:True,1048576-781==1047795
DEBUG 08-14 23:19:44 replica.py:171] complete_request_decode:num_saved_toekens=960
DEBUG 08-14 23:19:44 open_ai.py:452] good request:https://u722127-b80a-4e3f9d5d.cqa1.seetacloud.com:8443:good,request._id=349,input=144,output=973
DEBUG 08-14 23:19:44 metrics_store.py:131] update_metrics:request_id=349
DEBUG 08-14 23:19:44 shared.py:180] Removed task for request 349 on https://u722127-b80a-4e3f9d5d.cqa1.seetacloud.com:8443
INFO 08-14 23:19:44 shared.py:299] Adding task for request 476 to replica 2,session_id=51
DEBUG 08-14 23:19:44 replica.py:226] add_request - replica_id=[2], request=476,self.replica_slo_budget-sum_pending_tokens==current_budget:True,1048576-967==1047609
INFO 08-14 23:19:44 shared.py:299] Adding task for request 477 to replica 2,session_id=51
DEBUG 08-14 23:19:44 replica.py:226] add_request - replica_id=[2], request=477,self.replica_slo_budget-sum_pending_tokens==current_budget:True,1048576-1159==1047417
INFO 08-14 23:19:44 open_ai.py:115] async_send_request:request._id=476,session=51,https://u722127-b80a-4e3f9d5d.cqa1.seetacloud.com:8443
INFO 08-14 23:19:44 open_ai.py:115] async_send_request:request._id=477,session=51,https://u722127-b80a-4e3f9d5d.cqa1.seetacloud.com:8443
DEBUG 08-14 23:19:44 open_ai.py:335] async_send_request: request finish prefill, 487
INFO 08-14 23:19:44 open_ai.py:352] async_send_request: prefill completed: req=487,replica_id=3
DEBUG 08-14 23:19:44 replica.py:146] complete_request_prefill: replica_id=[3], request=487, current_budget=186,last_prefill_completed_at=30614792.747369505,last_ttft=24.101
DEBUG 08-14 23:19:44 replica.py:153] complete_request_prefill - replica_id=[3], request=487,self.replica_slo_budget-sum_pending_tokens==current_budget:True,1048576-0==1048576
DEBUG 08-14 23:19:44 open_ai.py:335] async_send_request: request finish prefill, 473
INFO 08-14 23:19:44 open_ai.py:352] async_send_request: prefill completed: req=473,replica_id=2
DEBUG 08-14 23:19:44 replica.py:146] complete_request_prefill: replica_id=[2], request=473, current_budget=781,last_prefill_completed_at=30614792.756173957,last_ttft=24.1522
DEBUG 08-14 23:19:44 replica.py:153] complete_request_prefill - replica_id=[2], request=473,self.replica_slo_budget-sum_pending_tokens==current_budget:True,1048576-378==1048198
DEBUG 08-14 23:19:44 open_ai.py:335] async_send_request: request finish prefill, 477
INFO 08-14 23:19:44 open_ai.py:352] async_send_request: prefill completed: req=477,replica_id=2
DEBUG 08-14 23:19:44 replica.py:146] complete_request_prefill: replica_id=[2], request=477, current_budget=192,last_prefill_completed_at=30614792.85292671,last_ttft=24.2367
DEBUG 08-14 23:19:44 replica.py:153] complete_request_prefill - replica_id=[2], request=477,self.replica_slo_budget-sum_pending_tokens==current_budget:True,1048576-186==1048390
DEBUG 08-14 23:19:44 open_ai.py:335] async_send_request: request finish prefill, 476
INFO 08-14 23:19:44 open_ai.py:352] async_send_request: prefill completed: req=476,replica_id=2
DEBUG 08-14 23:19:44 replica.py:146] complete_request_prefill: replica_id=[2], request=476, current_budget=186,last_prefill_completed_at=30614792.869956672,last_ttft=24.2538
DEBUG 08-14 23:19:44 replica.py:153] complete_request_prefill - replica_id=[2], request=476,self.replica_slo_budget-sum_pending_tokens==current_budget:True,1048576-0==1048576
DEBUG 08-14 23:19:44 open_ai.py:335] async_send_request: request finish prefill, 496
INFO 08-14 23:19:44 open_ai.py:352] async_send_request: prefill completed: req=496,replica_id=0
DEBUG 08-14 23:19:44 replica.py:146] complete_request_prefill: replica_id=[0], request=496, current_budget=5245,last_prefill_completed_at=30614792.893561304,last_ttft=24.2066
DEBUG 08-14 23:19:44 replica.py:153] complete_request_prefill - replica_id=[0], request=496,self.replica_slo_budget-sum_pending_tokens==current_budget:True,1048576-0==1048576
DEBUG 08-14 23:19:45 replica.py:171] complete_request_decode:num_saved_toekens=432
DEBUG 08-14 23:19:45 open_ai.py:452] good request:https://uu722127-b80a-4e3f9d5d.cqa1.seetacloud.com:8443:good,request._id=471,input=206,output=427
DEBUG 08-14 23:19:45 metrics_store.py:131] update_metrics:request_id=471
DEBUG 08-14 23:19:45 shared.py:180] Removed task for request 471 on https://uu722127-b80a-4e3f9d5d.cqa1.seetacloud.com:8443
DEBUG 08-14 23:19:45 replica.py:171] complete_request_decode:num_saved_toekens=880
DEBUG 08-14 23:19:45 open_ai.py:452] good request:https://uu722127-b80a-4e3f9d5d.cqa1.seetacloud.com:8443:good,request._id=379,input=165,output=884
DEBUG 08-14 23:19:45 metrics_store.py:131] update_metrics:request_id=379
DEBUG 08-14 23:19:45 shared.py:180] Removed task for request 379 on https://uu722127-b80a-4e3f9d5d.cqa1.seetacloud.com:8443
DEBUG 08-14 23:19:45 replica.py:171] complete_request_decode:num_saved_toekens=848
DEBUG 08-14 23:19:45 open_ai.py:452] good request:https://u722127-8cb5-f6dc13db.nmb1.seetacloud.com:8443:good,request._id=151,input=150,output=853
DEBUG 08-14 23:19:45 metrics_store.py:131] update_metrics:request_id=151
DEBUG 08-14 23:19:45 shared.py:180] Removed task for request 151 on https://u722127-8cb5-f6dc13db.nmb1.seetacloud.com:8443
DEBUG 08-14 23:19:45 replica.py:171] complete_request_decode:num_saved_toekens=720
DEBUG 08-14 23:19:45 open_ai.py:452] good request:127.0.0.1:8000:good,request._id=341,input=148,output=720
DEBUG 08-14 23:19:45 metrics_store.py:131] update_metrics:request_id=341
DEBUG 08-14 23:19:45 shared.py:180] Removed task for request 341 on 127.0.0.1:8000
DEBUG 08-14 23:19:45 replica.py:171] complete_request_decode:num_saved_toekens=1024
DEBUG 08-14 23:19:45 open_ai.py:452] good request:127.0.0.1:8000:good,request._id=195,input=150,output=1024
DEBUG 08-14 23:19:45 metrics_store.py:131] update_metrics:request_id=195
DEBUG 08-14 23:19:45 shared.py:180] Removed task for request 195 on 127.0.0.1:8000
DEBUG 08-14 23:19:45 replica.py:171] complete_request_decode:num_saved_toekens=784
DEBUG 08-14 23:19:45 open_ai.py:452] good request:127.0.0.1:8001:good,request._id=331,input=158,output=776
DEBUG 08-14 23:19:45 metrics_store.py:131] update_metrics:request_id=331
DEBUG 08-14 23:19:45 shared.py:180] Removed task for request 331 on 127.0.0.1:8001
DEBUG 08-14 23:19:45 replica.py:171] complete_request_decode:num_saved_toekens=624
DEBUG 08-14 23:19:45 open_ai.py:452] good request:https://u722127-8cb5-f6dc13db.nmb1.seetacloud.com:8443:good,request._id=270,input=150,output=624
DEBUG 08-14 23:19:45 metrics_store.py:131] update_metrics:request_id=270
DEBUG 08-14 23:19:45 shared.py:180] Removed task for request 270 on https://u722127-8cb5-f6dc13db.nmb1.seetacloud.com:8443
DEBUG 08-14 23:19:45 replica.py:171] complete_request_decode:num_saved_toekens=576
DEBUG 08-14 23:19:45 open_ai.py:452] good request:https://u722127-b80a-4e3f9d5d.cqa1.seetacloud.com:8443:good,request._id=398,input=160,output=581
DEBUG 08-14 23:19:45 metrics_store.py:131] update_metrics:request_id=398
DEBUG 08-14 23:19:45 shared.py:180] Removed task for request 398 on https://u722127-b80a-4e3f9d5d.cqa1.seetacloud.com:8443
DEBUG 08-14 23:19:45 replica.py:171] complete_request_decode:num_saved_toekens=544
DEBUG 08-14 23:19:45 open_ai.py:452] good request:https://uu722127-b80a-4e3f9d5d.cqa1.seetacloud.com:8443:good,request._id=389,input=2017,output=552
DEBUG 08-14 23:19:45 metrics_store.py:131] update_metrics:request_id=389
DEBUG 08-14 23:19:45 shared.py:180] Removed task for request 389 on https://uu722127-b80a-4e3f9d5d.cqa1.seetacloud.com:8443
DEBUG 08-14 23:19:45 replica.py:171] complete_request_decode:num_saved_toekens=1024
DEBUG 08-14 23:19:45 open_ai.py:452] good request:https://u722127-b80a-4e3f9d5d.cqa1.seetacloud.com:8443:good,request._id=320,input=148,output=1024
DEBUG 08-14 23:19:45 metrics_store.py:131] update_metrics:request_id=320
DEBUG 08-14 23:19:45 shared.py:180] Removed task for request 320 on https://u722127-b80a-4e3f9d5d.cqa1.seetacloud.com:8443
DEBUG 08-14 23:19:46 replica.py:171] complete_request_decode:num_saved_toekens=1024
DEBUG 08-14 23:19:46 open_ai.py:452] good request:https://uu722127-b80a-4e3f9d5d.cqa1.seetacloud.com:8443:good,request._id=358,input=160,output=1024
DEBUG 08-14 23:19:46 metrics_store.py:131] update_metrics:request_id=358
DEBUG 08-14 23:19:46 shared.py:180] Removed task for request 358 on https://uu722127-b80a-4e3f9d5d.cqa1.seetacloud.com:8443
DEBUG 08-14 23:19:46 replica.py:171] complete_request_decode:num_saved_toekens=896
DEBUG 08-14 23:19:46 open_ai.py:452] good request:https://uu722127-b80a-4e3f9d5d.cqa1.seetacloud.com:8443:good,request._id=391,input=140,output=890
DEBUG 08-14 23:19:46 metrics_store.py:131] update_metrics:request_id=391
DEBUG 08-14 23:19:46 shared.py:180] Removed task for request 391 on https://uu722127-b80a-4e3f9d5d.cqa1.seetacloud.com:8443
INFO 08-14 23:19:46 shared.py:299] Adding task for request 483 to replica 3,session_id=75
DEBUG 08-14 23:19:46 replica.py:226] add_request - replica_id=[3], request=483,self.replica_slo_budget-sum_pending_tokens==current_budget:True,1048576-606==1047970
INFO 08-14 23:19:46 shared.py:299] Adding task for request 494 to replica 3,session_id=15
DEBUG 08-14 23:19:46 replica.py:226] add_request - replica_id=[3], request=494,self.replica_slo_budget-sum_pending_tokens==current_budget:True,1048576-7433==1041143
INFO 08-14 23:19:46 open_ai.py:115] async_send_request:request._id=483,session=75,https://uu722127-b80a-4e3f9d5d.cqa1.seetacloud.com:8443
INFO 08-14 23:19:46 open_ai.py:115] async_send_request:request._id=494,session=15,https://uu722127-b80a-4e3f9d5d.cqa1.seetacloud.com:8443
DEBUG 08-14 23:19:46 replica.py:171] complete_request_decode:num_saved_toekens=624
DEBUG 08-14 23:19:46 open_ai.py:452] good request:https://u722127-b80a-4e3f9d5d.cqa1.seetacloud.com:8443:good,request._id=248,input=176,output=638
DEBUG 08-14 23:19:46 metrics_store.py:131] update_metrics:request_id=248
DEBUG 08-14 23:19:46 shared.py:180] Removed task for request 248 on https://u722127-b80a-4e3f9d5d.cqa1.seetacloud.com:8443
DEBUG 08-14 23:19:46 replica.py:171] complete_request_decode:num_saved_toekens=864
DEBUG 08-14 23:19:46 open_ai.py:452] good request:127.0.0.1:8000:good,request._id=245,input=142,output=853
DEBUG 08-14 23:19:46 metrics_store.py:131] update_metrics:request_id=245
DEBUG 08-14 23:19:46 shared.py:180] Removed task for request 245 on 127.0.0.1:8000
DEBUG 08-14 23:19:46 open_ai.py:335] async_send_request: request finish prefill, 483
INFO 08-14 23:19:46 open_ai.py:352] async_send_request: prefill completed: req=483,replica_id=3
DEBUG 08-14 23:19:46 replica.py:146] complete_request_prefill: replica_id=[3], request=483, current_budget=606,last_prefill_completed_at=30614794.619271312,last_ttft=25.9861
DEBUG 08-14 23:19:46 replica.py:153] complete_request_prefill - replica_id=[3], request=483,self.replica_slo_budget-sum_pending_tokens==current_budget:True,1048576-6827==1041749
DEBUG 08-14 23:19:46 replica.py:171] complete_request_decode:num_saved_toekens=864
DEBUG 08-14 23:19:46 open_ai.py:452] good request:127.0.0.1:8000:good,request._id=276,input=164,output=870
DEBUG 08-14 23:19:46 metrics_store.py:131] update_metrics:request_id=276
DEBUG 08-14 23:19:46 shared.py:180] Removed task for request 276 on 127.0.0.1:8000
DEBUG 08-14 23:19:46 open_ai.py:335] async_send_request: request finish prefill, 494
INFO 08-14 23:19:46 open_ai.py:352] async_send_request: prefill completed: req=494,replica_id=3
DEBUG 08-14 23:19:46 replica.py:146] complete_request_prefill: replica_id=[3], request=494, current_budget=6827,last_prefill_completed_at=30614794.85001411,last_ttft=26.1727
DEBUG 08-14 23:19:46 replica.py:153] complete_request_prefill - replica_id=[3], request=494,self.replica_slo_budget-sum_pending_tokens==current_budget:True,1048576-0==1048576
DEBUG 08-14 23:19:46 replica.py:171] complete_request_decode:num_saved_toekens=848
DEBUG 08-14 23:19:46 open_ai.py:452] good request:https://uu722127-b80a-4e3f9d5d.cqa1.seetacloud.com:8443:good,request._id=405,input=154,output=849
DEBUG 08-14 23:19:46 metrics_store.py:131] update_metrics:request_id=405
DEBUG 08-14 23:19:46 shared.py:180] Removed task for request 405 on https://uu722127-b80a-4e3f9d5d.cqa1.seetacloud.com:8443
DEBUG 08-14 23:19:46 replica.py:171] complete_request_decode:num_saved_toekens=592
DEBUG 08-14 23:19:46 open_ai.py:452] good request:https://uu722127-b80a-4e3f9d5d.cqa1.seetacloud.com:8443:good,request._id=448,input=178,output=603
DEBUG 08-14 23:19:46 metrics_store.py:131] update_metrics:request_id=448
DEBUG 08-14 23:19:46 shared.py:180] Removed task for request 448 on https://uu722127-b80a-4e3f9d5d.cqa1.seetacloud.com:8443
DEBUG 08-14 23:19:46 replica.py:171] complete_request_decode:num_saved_toekens=640
DEBUG 08-14 23:19:46 open_ai.py:452] good request:https://uu722127-b80a-4e3f9d5d.cqa1.seetacloud.com:8443:good,request._id=345,input=148,output=636
DEBUG 08-14 23:19:46 metrics_store.py:131] update_metrics:request_id=345
DEBUG 08-14 23:19:46 shared.py:180] Removed task for request 345 on https://uu722127-b80a-4e3f9d5d.cqa1.seetacloud.com:8443
DEBUG 08-14 23:19:46 replica.py:171] complete_request_decode:num_saved_toekens=160
DEBUG 08-14 23:19:46 open_ai.py:452] good request:https://u722127-b80a-4e3f9d5d.cqa1.seetacloud.com:8443:good,request._id=473,input=781,output=160
DEBUG 08-14 23:19:46 metrics_store.py:131] update_metrics:request_id=473
DEBUG 08-14 23:19:46 shared.py:180] Removed task for request 473 on https://u722127-b80a-4e3f9d5d.cqa1.seetacloud.com:8443
DEBUG 08-14 23:19:46 replica.py:171] complete_request_decode:num_saved_toekens=864
DEBUG 08-14 23:19:46 replica.py:171] complete_request_decode:num_saved_toekens=864
DEBUG 08-14 23:19:46 replica.py:171] complete_request_decode:num_saved_toekens=816
DEBUG 08-14 23:19:46 open_ai.py:452] good request:127.0.0.1:8001:good,request._id=354,input=172,output=806
DEBUG 08-14 23:19:46 open_ai.py:452] good request:127.0.0.1:8000:good,request._id=290,input=160,output=868
DEBUG 08-14 23:19:46 open_ai.py:452] good request:https://uu722127-b80a-4e3f9d5d.cqa1.seetacloud.com:8443:good,request._id=400,input=152,output=862
DEBUG 08-14 23:19:46 metrics_store.py:131] update_metrics:request_id=354
DEBUG 08-14 23:19:46 metrics_store.py:131] update_metrics:request_id=290
DEBUG 08-14 23:19:46 metrics_store.py:131] update_metrics:request_id=400
DEBUG 08-14 23:19:46 shared.py:180] Removed task for request 354 on 127.0.0.1:8001
DEBUG 08-14 23:19:46 shared.py:180] Removed task for request 290 on 127.0.0.1:8000
DEBUG 08-14 23:19:46 shared.py:180] Removed task for request 400 on https://uu722127-b80a-4e3f9d5d.cqa1.seetacloud.com:8443
DEBUG 08-14 23:19:47 replica.py:171] complete_request_decode:num_saved_toekens=592
DEBUG 08-14 23:19:47 open_ai.py:452] good request:https://u722127-8cb5-f6dc13db.nmb1.seetacloud.com:8443:good,request._id=361,input=152,output=586
DEBUG 08-14 23:19:47 metrics_store.py:131] update_metrics:request_id=361
DEBUG 08-14 23:19:47 shared.py:180] Removed task for request 361 on https://u722127-8cb5-f6dc13db.nmb1.seetacloud.com:8443
DEBUG 08-14 23:19:47 replica.py:171] complete_request_decode:num_saved_toekens=688
DEBUG 08-14 23:19:47 open_ai.py:452] good request:https://u722127-8cb5-f6dc13db.nmb1.seetacloud.com:8443:good,request._id=79,input=150,output=686
DEBUG 08-14 23:19:47 metrics_store.py:131] update_metrics:request_id=79
DEBUG 08-14 23:19:47 shared.py:180] Removed task for request 79 on https://u722127-8cb5-f6dc13db.nmb1.seetacloud.com:8443
DEBUG 08-14 23:19:47 replica.py:171] complete_request_decode:num_saved_toekens=704
DEBUG 08-14 23:19:47 open_ai.py:452] good request:https://u722127-b80a-4e3f9d5d.cqa1.seetacloud.com:8443:good,request._id=278,input=146,output=710
DEBUG 08-14 23:19:47 metrics_store.py:131] update_metrics:request_id=278
DEBUG 08-14 23:19:47 shared.py:180] Removed task for request 278 on https://u722127-b80a-4e3f9d5d.cqa1.seetacloud.com:8443
DEBUG 08-14 23:19:47 replica.py:171] complete_request_decode:num_saved_toekens=720
DEBUG 08-14 23:19:47 open_ai.py:452] good request:https://u722127-b80a-4e3f9d5d.cqa1.seetacloud.com:8443:good,request._id=436,input=162,output=731
DEBUG 08-14 23:19:47 metrics_store.py:131] update_metrics:request_id=436
DEBUG 08-14 23:19:47 shared.py:180] Removed task for request 436 on https://u722127-b80a-4e3f9d5d.cqa1.seetacloud.com:8443
DEBUG 08-14 23:19:47 replica.py:171] complete_request_decode:num_saved_toekens=944
DEBUG 08-14 23:19:47 open_ai.py:452] good request:127.0.0.1:8001:good,request._id=255,input=166,output=952
DEBUG 08-14 23:19:47 metrics_store.py:131] update_metrics:request_id=255
DEBUG 08-14 23:19:47 shared.py:180] Removed task for request 255 on 127.0.0.1:8001
DEBUG 08-14 23:19:47 replica.py:171] complete_request_decode:num_saved_toekens=736
DEBUG 08-14 23:19:47 open_ai.py:452] good request:https://u722127-b80a-4e3f9d5d.cqa1.seetacloud.com:8443:good,request._id=403,input=154,output=727
DEBUG 08-14 23:19:47 metrics_store.py:131] update_metrics:request_id=403
DEBUG 08-14 23:19:47 shared.py:180] Removed task for request 403 on https://u722127-b80a-4e3f9d5d.cqa1.seetacloud.com:8443
DEBUG 08-14 23:19:47 replica.py:171] complete_request_decode:num_saved_toekens=496
DEBUG 08-14 23:19:47 open_ai.py:452] good request:https://u722127-8cb5-f6dc13db.nmb1.seetacloud.com:8443:good,request._id=412,input=172,output=499
DEBUG 08-14 23:19:47 metrics_store.py:131] update_metrics:request_id=412
DEBUG 08-14 23:19:47 shared.py:180] Removed task for request 412 on https://u722127-8cb5-f6dc13db.nmb1.seetacloud.com:8443
DEBUG 08-14 23:19:48 replica.py:171] complete_request_decode:num_saved_toekens=240
DEBUG 08-14 23:19:48 open_ai.py:452] good request:https://uu722127-b80a-4e3f9d5d.cqa1.seetacloud.com:8443:good,request._id=487,input=186,output=234
DEBUG 08-14 23:19:48 metrics_store.py:131] update_metrics:request_id=487
DEBUG 08-14 23:19:48 shared.py:180] Removed task for request 487 on https://uu722127-b80a-4e3f9d5d.cqa1.seetacloud.com:8443
DEBUG 08-14 23:19:48 replica.py:171] complete_request_decode:num_saved_toekens=752
DEBUG 08-14 23:19:48 open_ai.py:452] good request:https://u722127-b80a-4e3f9d5d.cqa1.seetacloud.com:8443:good,request._id=370,input=158,output=751
DEBUG 08-14 23:19:48 metrics_store.py:131] update_metrics:request_id=370
DEBUG 08-14 23:19:48 shared.py:180] Removed task for request 370 on https://u722127-b80a-4e3f9d5d.cqa1.seetacloud.com:8443
DEBUG 08-14 23:19:48 replica.py:171] complete_request_decode:num_saved_toekens=464
DEBUG 08-14 23:19:48 open_ai.py:452] good request:127.0.0.1:8000:good,request._id=465,input=228,output=469
DEBUG 08-14 23:19:48 metrics_store.py:131] update_metrics:request_id=465
DEBUG 08-14 23:19:48 shared.py:180] Removed task for request 465 on 127.0.0.1:8000
DEBUG 08-14 23:19:48 replica.py:171] complete_request_decode:num_saved_toekens=1024
DEBUG 08-14 23:19:48 open_ai.py:452] good request:127.0.0.1:8001:good,request._id=263,input=156,output=1024
DEBUG 08-14 23:19:48 metrics_store.py:131] update_metrics:request_id=263
DEBUG 08-14 23:19:48 shared.py:180] Removed task for request 263 on 127.0.0.1:8001
DEBUG 08-14 23:19:48 replica.py:171] complete_request_decode:num_saved_toekens=768
DEBUG 08-14 23:19:48 open_ai.py:452] good request:127.0.0.1:8000:good,request._id=388,input=172,output=757
DEBUG 08-14 23:19:48 metrics_store.py:131] update_metrics:request_id=388
DEBUG 08-14 23:19:48 shared.py:180] Removed task for request 388 on 127.0.0.1:8000
DEBUG 08-14 23:19:48 replica.py:171] complete_request_decode:num_saved_toekens=976
DEBUG 08-14 23:19:48 open_ai.py:452] good request:127.0.0.1:8001:good,request._id=295,input=172,output=974
DEBUG 08-14 23:19:48 metrics_store.py:131] update_metrics:request_id=295
DEBUG 08-14 23:19:48 shared.py:180] Removed task for request 295 on 127.0.0.1:8001
DEBUG 08-14 23:19:48 replica.py:171] complete_request_decode:num_saved_toekens=560
DEBUG 08-14 23:19:48 open_ai.py:452] good request:127.0.0.1:8001:good,request._id=435,input=160,output=575
DEBUG 08-14 23:19:48 metrics_store.py:131] update_metrics:request_id=435
DEBUG 08-14 23:19:48 shared.py:180] Removed task for request 435 on 127.0.0.1:8001
DEBUG 08-14 23:19:48 replica.py:171] complete_request_decode:num_saved_toekens=704
DEBUG 08-14 23:19:48 open_ai.py:452] good request:https://u722127-b80a-4e3f9d5d.cqa1.seetacloud.com:8443:good,request._id=461,input=212,output=707
DEBUG 08-14 23:19:48 metrics_store.py:131] update_metrics:request_id=461
DEBUG 08-14 23:19:48 shared.py:180] Removed task for request 461 on https://u722127-b80a-4e3f9d5d.cqa1.seetacloud.com:8443
DEBUG 08-14 23:19:48 replica.py:171] complete_request_decode:num_saved_toekens=960
DEBUG 08-14 23:19:48 open_ai.py:452] good request:127.0.0.1:8001:good,request._id=322,input=168,output=959
DEBUG 08-14 23:19:48 metrics_store.py:131] update_metrics:request_id=322
DEBUG 08-14 23:19:48 shared.py:180] Removed task for request 322 on 127.0.0.1:8001
DEBUG 08-14 23:19:48 replica.py:171] complete_request_decode:num_saved_toekens=304
DEBUG 08-14 23:19:48 open_ai.py:452] good request:https://uu722127-b80a-4e3f9d5d.cqa1.seetacloud.com:8443:good,request._id=455,input=200,output=303
DEBUG 08-14 23:19:48 metrics_store.py:131] update_metrics:request_id=455
DEBUG 08-14 23:19:48 shared.py:180] Removed task for request 455 on https://uu722127-b80a-4e3f9d5d.cqa1.seetacloud.com:8443
DEBUG 08-14 23:19:48 replica.py:171] complete_request_decode:num_saved_toekens=592
DEBUG 08-14 23:19:48 open_ai.py:452] good request:127.0.0.1:8001:good,request._id=297,input=150,output=596
DEBUG 08-14 23:19:48 metrics_store.py:131] update_metrics:request_id=297
DEBUG 08-14 23:19:48 shared.py:180] Removed task for request 297 on 127.0.0.1:8001
DEBUG 08-14 23:19:49 replica.py:171] complete_request_decode:num_saved_toekens=224
DEBUG 08-14 23:19:49 open_ai.py:452] good request:https://uu722127-b80a-4e3f9d5d.cqa1.seetacloud.com:8443:good,request._id=483,input=606,output=214
DEBUG 08-14 23:19:49 metrics_store.py:131] update_metrics:request_id=483
DEBUG 08-14 23:19:49 shared.py:180] Removed task for request 483 on https://uu722127-b80a-4e3f9d5d.cqa1.seetacloud.com:8443
DEBUG 08-14 23:19:49 replica.py:171] complete_request_decode:num_saved_toekens=352
DEBUG 08-14 23:19:49 open_ai.py:452] good request:https://u722127-b80a-4e3f9d5d.cqa1.seetacloud.com:8443:good,request._id=477,input=192,output=363
DEBUG 08-14 23:19:49 metrics_store.py:131] update_metrics:request_id=477
DEBUG 08-14 23:19:49 shared.py:180] Removed task for request 477 on https://u722127-b80a-4e3f9d5d.cqa1.seetacloud.com:8443
DEBUG 08-14 23:19:49 replica.py:171] complete_request_decode:num_saved_toekens=880
DEBUG 08-14 23:19:49 open_ai.py:452] good request:https://u722127-b80a-4e3f9d5d.cqa1.seetacloud.com:8443:good,request._id=327,input=192,output=883
DEBUG 08-14 23:19:49 metrics_store.py:131] update_metrics:request_id=327
DEBUG 08-14 23:19:49 shared.py:180] Removed task for request 327 on https://u722127-b80a-4e3f9d5d.cqa1.seetacloud.com:8443
DEBUG 08-14 23:19:49 replica.py:171] complete_request_decode:num_saved_toekens=848
DEBUG 08-14 23:19:49 open_ai.py:452] good request:https://uu722127-b80a-4e3f9d5d.cqa1.seetacloud.com:8443:good,request._id=409,input=170,output=843
DEBUG 08-14 23:19:49 metrics_store.py:131] update_metrics:request_id=409
DEBUG 08-14 23:19:49 shared.py:180] Removed task for request 409 on https://uu722127-b80a-4e3f9d5d.cqa1.seetacloud.com:8443
DEBUG 08-14 23:19:49 replica.py:171] complete_request_decode:num_saved_toekens=896
DEBUG 08-14 23:19:49 open_ai.py:452] good request:https://u722127-b80a-4e3f9d5d.cqa1.seetacloud.com:8443:good,request._id=386,input=184,output=899
DEBUG 08-14 23:19:49 metrics_store.py:131] update_metrics:request_id=386
DEBUG 08-14 23:19:49 shared.py:180] Removed task for request 386 on https://u722127-b80a-4e3f9d5d.cqa1.seetacloud.com:8443
DEBUG 08-14 23:19:50 replica.py:171] complete_request_decode:num_saved_toekens=864
DEBUG 08-14 23:19:50 open_ai.py:452] good request:https://uu722127-b80a-4e3f9d5d.cqa1.seetacloud.com:8443:good,request._id=385,input=188,output=865
DEBUG 08-14 23:19:50 metrics_store.py:131] update_metrics:request_id=385
DEBUG 08-14 23:19:50 shared.py:180] Removed task for request 385 on https://uu722127-b80a-4e3f9d5d.cqa1.seetacloud.com:8443
DEBUG 08-14 23:19:50 replica.py:171] complete_request_decode:num_saved_toekens=896
DEBUG 08-14 23:19:50 open_ai.py:452] good request:https://u722127-b80a-4e3f9d5d.cqa1.seetacloud.com:8443:good,request._id=432,input=166,output=892
DEBUG 08-14 23:19:50 metrics_store.py:131] update_metrics:request_id=432
DEBUG 08-14 23:19:50 shared.py:180] Removed task for request 432 on https://u722127-b80a-4e3f9d5d.cqa1.seetacloud.com:8443
DEBUG 08-14 23:19:50 replica.py:171] complete_request_decode:num_saved_toekens=768
DEBUG 08-14 23:19:50 open_ai.py:452] good request:https://u722127-8cb5-f6dc13db.nmb1.seetacloud.com:8443:good,request._id=333,input=154,output=762
DEBUG 08-14 23:19:50 metrics_store.py:131] update_metrics:request_id=333
DEBUG 08-14 23:19:50 shared.py:180] Removed task for request 333 on https://u722127-8cb5-f6dc13db.nmb1.seetacloud.com:8443
DEBUG 08-14 23:19:50 replica.py:171] complete_request_decode:num_saved_toekens=832
DEBUG 08-14 23:19:50 replica.py:171] complete_request_decode:num_saved_toekens=416
DEBUG 08-14 23:19:50 replica.py:171] complete_request_decode:num_saved_toekens=624
DEBUG 08-14 23:19:50 open_ai.py:452] good request:127.0.0.1:8000:good,request._id=447,input=180,output=623
DEBUG 08-14 23:19:50 metrics_store.py:131] update_metrics:request_id=447
DEBUG 08-14 23:19:50 open_ai.py:452] good request:https://uu722127-b80a-4e3f9d5d.cqa1.seetacloud.com:8443:good,request._id=422,input=154,output=416
DEBUG 08-14 23:19:50 metrics_store.py:131] update_metrics:request_id=422
DEBUG 08-14 23:19:50 shared.py:180] Removed task for request 447 on 127.0.0.1:8000
DEBUG 08-14 23:19:50 shared.py:180] Removed task for request 422 on https://uu722127-b80a-4e3f9d5d.cqa1.seetacloud.com:8443
DEBUG 08-14 23:19:50 open_ai.py:452] good request:https://u722127-8cb5-f6dc13db.nmb1.seetacloud.com:8443:good,request._id=267,input=156,output=833
DEBUG 08-14 23:19:50 metrics_store.py:131] update_metrics:request_id=267
DEBUG 08-14 23:19:50 shared.py:180] Removed task for request 267 on https://u722127-8cb5-f6dc13db.nmb1.seetacloud.com:8443
DEBUG 08-14 23:19:50 replica.py:171] complete_request_decode:num_saved_toekens=912
DEBUG 08-14 23:19:50 open_ai.py:452] good request:https://u722127-b80a-4e3f9d5d.cqa1.seetacloud.com:8443:good,request._id=446,input=196,output=909
DEBUG 08-14 23:19:50 metrics_store.py:131] update_metrics:request_id=446
DEBUG 08-14 23:19:50 shared.py:180] Removed task for request 446 on https://u722127-b80a-4e3f9d5d.cqa1.seetacloud.com:8443
DEBUG 08-14 23:19:50 replica.py:171] complete_request_decode:num_saved_toekens=896
DEBUG 08-14 23:19:50 open_ai.py:452] good request:https://uu722127-b80a-4e3f9d5d.cqa1.seetacloud.com:8443:good,request._id=440,input=1051,output=891
DEBUG 08-14 23:19:50 metrics_store.py:131] update_metrics:request_id=440
DEBUG 08-14 23:19:50 shared.py:180] Removed task for request 440 on https://uu722127-b80a-4e3f9d5d.cqa1.seetacloud.com:8443
DEBUG 08-14 23:19:50 replica.py:171] complete_request_decode:num_saved_toekens=928
DEBUG 08-14 23:19:50 open_ai.py:452] good request:https://uu722127-b80a-4e3f9d5d.cqa1.seetacloud.com:8443:good,request._id=369,input=184,output=923
DEBUG 08-14 23:19:50 metrics_store.py:131] update_metrics:request_id=369
DEBUG 08-14 23:19:50 shared.py:180] Removed task for request 369 on https://uu722127-b80a-4e3f9d5d.cqa1.seetacloud.com:8443
DEBUG 08-14 23:19:50 replica.py:171] complete_request_decode:num_saved_toekens=448
DEBUG 08-14 23:19:50 open_ai.py:452] good request:https://u722127-b80a-4e3f9d5d.cqa1.seetacloud.com:8443:good,request._id=454,input=234,output=446
DEBUG 08-14 23:19:50 metrics_store.py:131] update_metrics:request_id=454
DEBUG 08-14 23:19:50 shared.py:180] Removed task for request 454 on https://u722127-b80a-4e3f9d5d.cqa1.seetacloud.com:8443
DEBUG 08-14 23:19:50 replica.py:171] complete_request_decode:num_saved_toekens=816
DEBUG 08-14 23:19:50 open_ai.py:452] good request:https://u722127-8cb5-f6dc13db.nmb1.seetacloud.com:8443:good,request._id=133,input=162,output=824
DEBUG 08-14 23:19:50 metrics_store.py:131] update_metrics:request_id=133
DEBUG 08-14 23:19:50 shared.py:180] Removed task for request 133 on https://u722127-8cb5-f6dc13db.nmb1.seetacloud.com:8443
DEBUG 08-14 23:19:50 replica.py:171] complete_request_decode:num_saved_toekens=704
DEBUG 08-14 23:19:50 open_ai.py:452] good request:127.0.0.1:8001:good,request._id=438,input=881,output=709
DEBUG 08-14 23:19:50 metrics_store.py:131] update_metrics:request_id=438
DEBUG 08-14 23:19:50 shared.py:180] Removed task for request 438 on 127.0.0.1:8001
DEBUG 08-14 23:19:50 replica.py:171] complete_request_decode:num_saved_toekens=464
DEBUG 08-14 23:19:50 open_ai.py:452] good request:https://u722127-b80a-4e3f9d5d.cqa1.seetacloud.com:8443:good,request._id=452,input=184,output=456
DEBUG 08-14 23:19:50 metrics_store.py:131] update_metrics:request_id=452
DEBUG 08-14 23:19:50 shared.py:180] Removed task for request 452 on https://u722127-b80a-4e3f9d5d.cqa1.seetacloud.com:8443
DEBUG 08-14 23:19:50 replica.py:171] complete_request_decode:num_saved_toekens=832
DEBUG 08-14 23:19:50 replica.py:171] complete_request_decode:num_saved_toekens=800
DEBUG 08-14 23:19:50 open_ai.py:452] good request:127.0.0.1:8000:good,request._id=419,input=154,output=796
DEBUG 08-14 23:19:50 metrics_store.py:131] update_metrics:request_id=419
DEBUG 08-14 23:19:50 open_ai.py:452] good request:127.0.0.1:8001:good,request._id=418,input=158,output=824
DEBUG 08-14 23:19:50 metrics_store.py:131] update_metrics:request_id=418
DEBUG 08-14 23:19:50 shared.py:180] Removed task for request 419 on 127.0.0.1:8000
DEBUG 08-14 23:19:50 shared.py:180] Removed task for request 418 on 127.0.0.1:8001
DEBUG 08-14 23:19:51 replica.py:171] complete_request_decode:num_saved_toekens=880
DEBUG 08-14 23:19:51 open_ai.py:452] good request:127.0.0.1:8001:good,request._id=406,input=154,output=882
DEBUG 08-14 23:19:51 metrics_store.py:131] update_metrics:request_id=406
DEBUG 08-14 23:19:51 shared.py:180] Removed task for request 406 on 127.0.0.1:8001
DEBUG 08-14 23:19:51 replica.py:171] complete_request_decode:num_saved_toekens=640
DEBUG 08-14 23:19:51 open_ai.py:452] good request:127.0.0.1:8001:good,request._id=480,input=231,output=634
DEBUG 08-14 23:19:51 metrics_store.py:131] update_metrics:request_id=480
DEBUG 08-14 23:19:51 shared.py:180] Removed task for request 480 on 127.0.0.1:8001
DEBUG 08-14 23:19:51 replica.py:171] complete_request_decode:num_saved_toekens=1024
DEBUG 08-14 23:19:51 open_ai.py:452] good request:127.0.0.1:8000:good,request._id=356,input=176,output=1024
DEBUG 08-14 23:19:51 metrics_store.py:131] update_metrics:request_id=356
DEBUG 08-14 23:19:51 shared.py:180] Removed task for request 356 on 127.0.0.1:8000
DEBUG 08-14 23:19:51 replica.py:171] complete_request_decode:num_saved_toekens=1024
DEBUG 08-14 23:19:51 open_ai.py:452] good request:127.0.0.1:8001:good,request._id=368,input=162,output=1024
DEBUG 08-14 23:19:51 metrics_store.py:131] update_metrics:request_id=368
DEBUG 08-14 23:19:51 shared.py:180] Removed task for request 368 on 127.0.0.1:8001
DEBUG 08-14 23:19:51 replica.py:171] complete_request_decode:num_saved_toekens=1024
DEBUG 08-14 23:19:51 open_ai.py:452] good request:https://u722127-b80a-4e3f9d5d.cqa1.seetacloud.com:8443:good,request._id=247,input=188,output=1024
DEBUG 08-14 23:19:51 metrics_store.py:131] update_metrics:request_id=247
DEBUG 08-14 23:19:51 shared.py:180] Removed task for request 247 on https://u722127-b80a-4e3f9d5d.cqa1.seetacloud.com:8443
DEBUG 08-14 23:19:51 replica.py:171] complete_request_decode:num_saved_toekens=1024
DEBUG 08-14 23:19:51 open_ai.py:452] good request:https://u722127-b80a-4e3f9d5d.cqa1.seetacloud.com:8443:good,request._id=359,input=146,output=1024
DEBUG 08-14 23:19:51 metrics_store.py:131] update_metrics:request_id=359
DEBUG 08-14 23:19:51 replica.py:171] complete_request_decode:num_saved_toekens=1024
DEBUG 08-14 23:19:51 shared.py:180] Removed task for request 359 on https://u722127-b80a-4e3f9d5d.cqa1.seetacloud.com:8443
DEBUG 08-14 23:19:51 open_ai.py:452] good request:https://u722127-b80a-4e3f9d5d.cqa1.seetacloud.com:8443:good,request._id=337,input=170,output=1024
DEBUG 08-14 23:19:51 metrics_store.py:131] update_metrics:request_id=337
DEBUG 08-14 23:19:51 shared.py:180] Removed task for request 337 on https://u722127-b80a-4e3f9d5d.cqa1.seetacloud.com:8443
DEBUG 08-14 23:19:51 replica.py:171] complete_request_decode:num_saved_toekens=752
DEBUG 08-14 23:19:51 open_ai.py:452] good request:127.0.0.1:8001:good,request._id=431,input=154,output=752
DEBUG 08-14 23:19:51 metrics_store.py:131] update_metrics:request_id=431
DEBUG 08-14 23:19:51 shared.py:180] Removed task for request 431 on 127.0.0.1:8001
DEBUG 08-14 23:19:51 replica.py:171] complete_request_decode:num_saved_toekens=1024
DEBUG 08-14 23:19:51 open_ai.py:452] good request:https://u722127-b80a-4e3f9d5d.cqa1.seetacloud.com:8443:good,request._id=416,input=156,output=1024
DEBUG 08-14 23:19:51 metrics_store.py:131] update_metrics:request_id=416
DEBUG 08-14 23:19:51 shared.py:180] Removed task for request 416 on https://u722127-b80a-4e3f9d5d.cqa1.seetacloud.com:8443
DEBUG 08-14 23:19:51 replica.py:171] complete_request_decode:num_saved_toekens=736
DEBUG 08-14 23:19:51 open_ai.py:452] good request:https://u722127-8cb5-f6dc13db.nmb1.seetacloud.com:8443:good,request._id=374,input=162,output=746
DEBUG 08-14 23:19:51 metrics_store.py:131] update_metrics:request_id=374
DEBUG 08-14 23:19:51 shared.py:180] Removed task for request 374 on https://u722127-8cb5-f6dc13db.nmb1.seetacloud.com:8443
DEBUG 08-14 23:19:51 replica.py:171] complete_request_decode:num_saved_toekens=1024
DEBUG 08-14 23:19:51 open_ai.py:452] good request:https://uu722127-b80a-4e3f9d5d.cqa1.seetacloud.com:8443:good,request._id=362,input=150,output=1024
DEBUG 08-14 23:19:51 metrics_store.py:131] update_metrics:request_id=362
DEBUG 08-14 23:19:51 shared.py:180] Removed task for request 362 on https://uu722127-b80a-4e3f9d5d.cqa1.seetacloud.com:8443
DEBUG 08-14 23:19:52 replica.py:171] complete_request_decode:num_saved_toekens=1024
DEBUG 08-14 23:19:52 open_ai.py:452] good request:https://uu722127-b80a-4e3f9d5d.cqa1.seetacloud.com:8443:good,request._id=420,input=174,output=1024
DEBUG 08-14 23:19:52 metrics_store.py:131] update_metrics:request_id=420
DEBUG 08-14 23:19:52 shared.py:180] Removed task for request 420 on https://uu722127-b80a-4e3f9d5d.cqa1.seetacloud.com:8443
DEBUG 08-14 23:19:52 replica.py:171] complete_request_decode:num_saved_toekens=592
DEBUG 08-14 23:19:52 open_ai.py:452] good request:https://u722127-b80a-4e3f9d5d.cqa1.seetacloud.com:8443:good,request._id=423,input=148,output=598
DEBUG 08-14 23:19:52 metrics_store.py:131] update_metrics:request_id=423
DEBUG 08-14 23:19:52 shared.py:180] Removed task for request 423 on https://u722127-b80a-4e3f9d5d.cqa1.seetacloud.com:8443
DEBUG 08-14 23:19:52 replica.py:171] complete_request_decode:num_saved_toekens=784
DEBUG 08-14 23:19:52 open_ai.py:452] good request:127.0.0.1:8000:good,request._id=360,input=148,output=783
DEBUG 08-14 23:19:52 metrics_store.py:131] update_metrics:request_id=360
DEBUG 08-14 23:19:52 shared.py:180] Removed task for request 360 on 127.0.0.1:8000
DEBUG 08-14 23:19:53 replica.py:171] complete_request_decode:num_saved_toekens=800
DEBUG 08-14 23:19:53 open_ai.py:452] good request:127.0.0.1:8000:good,request._id=338,input=172,output=801
DEBUG 08-14 23:19:53 metrics_store.py:131] update_metrics:request_id=338
DEBUG 08-14 23:19:53 shared.py:180] Removed task for request 338 on 127.0.0.1:8000
DEBUG 08-14 23:19:53 replica.py:171] complete_request_decode:num_saved_toekens=832
DEBUG 08-14 23:19:53 open_ai.py:452] good request:127.0.0.1:8001:good,request._id=367,input=146,output=842
DEBUG 08-14 23:19:53 metrics_store.py:131] update_metrics:request_id=367
DEBUG 08-14 23:19:53 shared.py:180] Removed task for request 367 on 127.0.0.1:8001
DEBUG 08-14 23:19:53 replica.py:171] complete_request_decode:num_saved_toekens=656
DEBUG 08-14 23:19:53 open_ai.py:452] good request:https://u722127-b80a-4e3f9d5d.cqa1.seetacloud.com:8443:good,request._id=476,input=186,output=646
DEBUG 08-14 23:19:53 metrics_store.py:131] update_metrics:request_id=476
DEBUG 08-14 23:19:53 shared.py:180] Removed task for request 476 on https://u722127-b80a-4e3f9d5d.cqa1.seetacloud.com:8443
DEBUG 08-14 23:19:53 replica.py:171] complete_request_decode:num_saved_toekens=832
DEBUG 08-14 23:19:53 open_ai.py:452] good request:127.0.0.1:8000:good,request._id=402,input=154,output=825
DEBUG 08-14 23:19:53 metrics_store.py:131] update_metrics:request_id=402
DEBUG 08-14 23:19:53 shared.py:180] Removed task for request 402 on 127.0.0.1:8000
DEBUG 08-14 23:19:53 replica.py:171] complete_request_decode:num_saved_toekens=800
DEBUG 08-14 23:19:53 open_ai.py:452] good request:127.0.0.1:8000:good,request._id=457,input=1341,output=789
DEBUG 08-14 23:19:53 metrics_store.py:131] update_metrics:request_id=457
DEBUG 08-14 23:19:53 shared.py:180] Removed task for request 457 on 127.0.0.1:8000
DEBUG 08-14 23:19:53 replica.py:171] complete_request_decode:num_saved_toekens=832
DEBUG 08-14 23:19:53 open_ai.py:452] good request:127.0.0.1:8000:good,request._id=384,input=192,output=837
DEBUG 08-14 23:19:53 metrics_store.py:131] update_metrics:request_id=384
DEBUG 08-14 23:19:53 shared.py:180] Removed task for request 384 on 127.0.0.1:8000
DEBUG 08-14 23:19:53 replica.py:171] complete_request_decode:num_saved_toekens=1024
DEBUG 08-14 23:19:53 open_ai.py:452] good request:https://uu722127-b80a-4e3f9d5d.cqa1.seetacloud.com:8443:good,request._id=486,input=188,output=1024
DEBUG 08-14 23:19:53 metrics_store.py:131] update_metrics:request_id=486
DEBUG 08-14 23:19:53 shared.py:180] Removed task for request 486 on https://uu722127-b80a-4e3f9d5d.cqa1.seetacloud.com:8443
DEBUG 08-14 23:19:53 replica.py:171] complete_request_decode:num_saved_toekens=880
DEBUG 08-14 23:19:53 open_ai.py:452] good request:127.0.0.1:8001:good,request._id=387,input=142,output=880
DEBUG 08-14 23:19:53 metrics_store.py:131] update_metrics:request_id=387
DEBUG 08-14 23:19:53 shared.py:180] Removed task for request 387 on 127.0.0.1:8001
DEBUG 08-14 23:19:54 replica.py:171] complete_request_decode:num_saved_toekens=720
DEBUG 08-14 23:19:54 open_ai.py:452] good request:https://u722127-b80a-4e3f9d5d.cqa1.seetacloud.com:8443:good,request._id=434,input=978,output=730
DEBUG 08-14 23:19:54 metrics_store.py:131] update_metrics:request_id=434
DEBUG 08-14 23:19:54 shared.py:180] Removed task for request 434 on https://u722127-b80a-4e3f9d5d.cqa1.seetacloud.com:8443
DEBUG 08-14 23:19:54 replica.py:171] complete_request_decode:num_saved_toekens=896
DEBUG 08-14 23:19:54 open_ai.py:452] good request:https://u722127-8cb5-f6dc13db.nmb1.seetacloud.com:8443:good,request._id=348,input=162,output=901
DEBUG 08-14 23:19:54 metrics_store.py:131] update_metrics:request_id=348
DEBUG 08-14 23:19:54 shared.py:180] Removed task for request 348 on https://u722127-8cb5-f6dc13db.nmb1.seetacloud.com:8443
DEBUG 08-14 23:19:54 replica.py:171] complete_request_decode:num_saved_toekens=736
DEBUG 08-14 23:19:54 open_ai.py:452] good request:https://uu722127-b80a-4e3f9d5d.cqa1.seetacloud.com:8443:good,request._id=382,input=158,output=734
DEBUG 08-14 23:19:54 metrics_store.py:131] update_metrics:request_id=382
DEBUG 08-14 23:19:54 shared.py:180] Removed task for request 382 on https://uu722127-b80a-4e3f9d5d.cqa1.seetacloud.com:8443
DEBUG 08-14 23:19:54 replica.py:171] complete_request_decode:num_saved_toekens=768
DEBUG 08-14 23:19:54 open_ai.py:452] good request:https://u722127-b80a-4e3f9d5d.cqa1.seetacloud.com:8443:good,request._id=421,input=206,output=762
DEBUG 08-14 23:19:54 metrics_store.py:131] update_metrics:request_id=421
DEBUG 08-14 23:19:54 shared.py:180] Removed task for request 421 on https://u722127-b80a-4e3f9d5d.cqa1.seetacloud.com:8443
DEBUG 08-14 23:19:54 replica.py:171] complete_request_decode:num_saved_toekens=672
DEBUG 08-14 23:19:54 open_ai.py:452] good request:https://u722127-8cb5-f6dc13db.nmb1.seetacloud.com:8443:good,request._id=373,input=146,output=674
DEBUG 08-14 23:19:54 metrics_store.py:131] update_metrics:request_id=373
DEBUG 08-14 23:19:54 shared.py:180] Removed task for request 373 on https://u722127-8cb5-f6dc13db.nmb1.seetacloud.com:8443
DEBUG 08-14 23:19:54 replica.py:171] complete_request_decode:num_saved_toekens=800
DEBUG 08-14 23:19:54 open_ai.py:452] good request:https://u722127-b80a-4e3f9d5d.cqa1.seetacloud.com:8443:good,request._id=429,input=166,output=796
DEBUG 08-14 23:19:54 metrics_store.py:131] update_metrics:request_id=429
DEBUG 08-14 23:19:54 shared.py:180] Removed task for request 429 on https://u722127-b80a-4e3f9d5d.cqa1.seetacloud.com:8443
DEBUG 08-14 23:19:55 replica.py:171] complete_request_decode:num_saved_toekens=960
DEBUG 08-14 23:19:55 open_ai.py:452] good request:127.0.0.1:8001:good,request._id=408,input=172,output=958
DEBUG 08-14 23:19:55 metrics_store.py:131] update_metrics:request_id=408
DEBUG 08-14 23:19:55 replica.py:171] complete_request_decode:num_saved_toekens=800
DEBUG 08-14 23:19:55 open_ai.py:452] good request:https://uu722127-b80a-4e3f9d5d.cqa1.seetacloud.com:8443:good,request._id=427,input=152,output=796
DEBUG 08-14 23:19:55 metrics_store.py:131] update_metrics:request_id=427
DEBUG 08-14 23:19:55 shared.py:180] Removed task for request 408 on 127.0.0.1:8001
DEBUG 08-14 23:19:55 shared.py:180] Removed task for request 427 on https://uu722127-b80a-4e3f9d5d.cqa1.seetacloud.com:8443
DEBUG 08-14 23:19:55 replica.py:171] complete_request_decode:num_saved_toekens=832
DEBUG 08-14 23:19:55 open_ai.py:452] good request:https://uu722127-b80a-4e3f9d5d.cqa1.seetacloud.com:8443:good,request._id=392,input=166,output=827
DEBUG 08-14 23:19:55 metrics_store.py:131] update_metrics:request_id=392
DEBUG 08-14 23:19:55 shared.py:180] Removed task for request 392 on https://uu722127-b80a-4e3f9d5d.cqa1.seetacloud.com:8443
DEBUG 08-14 23:19:56 replica.py:171] complete_request_decode:num_saved_toekens=1024
DEBUG 08-14 23:19:56 open_ai.py:452] good request:127.0.0.1:8001:good,request._id=328,input=175,output=1023
DEBUG 08-14 23:19:56 metrics_store.py:131] update_metrics:request_id=328
DEBUG 08-14 23:19:56 shared.py:180] Removed task for request 328 on 127.0.0.1:8001
DEBUG 08-14 23:19:56 replica.py:171] complete_request_decode:num_saved_toekens=1024
DEBUG 08-14 23:19:56 open_ai.py:452] good request:127.0.0.1:8001:good,request._id=339,input=174,output=1024
DEBUG 08-14 23:19:56 metrics_store.py:131] update_metrics:request_id=339
DEBUG 08-14 23:19:56 shared.py:180] Removed task for request 339 on 127.0.0.1:8001
DEBUG 08-14 23:19:56 replica.py:171] complete_request_decode:num_saved_toekens=736
DEBUG 08-14 23:19:56 open_ai.py:452] good request:https://u722127-8cb5-f6dc13db.nmb1.seetacloud.com:8443:good,request._id=315,input=144,output=743
DEBUG 08-14 23:19:56 metrics_store.py:131] update_metrics:request_id=315
DEBUG 08-14 23:19:56 shared.py:180] Removed task for request 315 on https://u722127-8cb5-f6dc13db.nmb1.seetacloud.com:8443
DEBUG 08-14 23:19:56 replica.py:171] complete_request_decode:num_saved_toekens=912
DEBUG 08-14 23:19:56 open_ai.py:452] good request:https://u722127-8cb5-f6dc13db.nmb1.seetacloud.com:8443:good,request._id=381,input=154,output=915
DEBUG 08-14 23:19:56 metrics_store.py:131] update_metrics:request_id=381
DEBUG 08-14 23:19:56 shared.py:180] Removed task for request 381 on https://u722127-8cb5-f6dc13db.nmb1.seetacloud.com:8443
DEBUG 08-14 23:19:56 replica.py:171] complete_request_decode:num_saved_toekens=672
DEBUG 08-14 23:19:56 open_ai.py:452] good request:127.0.0.1:8000:good,request._id=496,input=5245,output=672
DEBUG 08-14 23:19:56 metrics_store.py:131] update_metrics:request_id=496
DEBUG 08-14 23:19:56 shared.py:180] Removed task for request 496 on 127.0.0.1:8000
DEBUG 08-14 23:19:56 replica.py:171] complete_request_decode:num_saved_toekens=1024
DEBUG 08-14 23:19:56 open_ai.py:452] good request:127.0.0.1:8000:good,request._id=415,input=154,output=1024
DEBUG 08-14 23:19:56 metrics_store.py:131] update_metrics:request_id=415
DEBUG 08-14 23:19:56 shared.py:180] Removed task for request 415 on 127.0.0.1:8000
DEBUG 08-14 23:19:57 replica.py:171] complete_request_decode:num_saved_toekens=976
DEBUG 08-14 23:19:57 open_ai.py:452] good request:https://uu722127-b80a-4e3f9d5d.cqa1.seetacloud.com:8443:good,request._id=430,input=162,output=989
DEBUG 08-14 23:19:57 metrics_store.py:131] update_metrics:request_id=430
DEBUG 08-14 23:19:57 shared.py:180] Removed task for request 430 on https://uu722127-b80a-4e3f9d5d.cqa1.seetacloud.com:8443
DEBUG 08-14 23:19:57 replica.py:171] complete_request_decode:num_saved_toekens=1024
DEBUG 08-14 23:19:57 open_ai.py:452] good request:127.0.0.1:8000:good,request._id=456,input=2065,output=1024
DEBUG 08-14 23:19:57 metrics_store.py:131] update_metrics:request_id=456
DEBUG 08-14 23:19:57 shared.py:180] Removed task for request 456 on 127.0.0.1:8000
DEBUG 08-14 23:19:57 replica.py:171] complete_request_decode:num_saved_toekens=1024
DEBUG 08-14 23:19:57 open_ai.py:452] good request:https://uu722127-b80a-4e3f9d5d.cqa1.seetacloud.com:8443:good,request._id=399,input=174,output=1024
DEBUG 08-14 23:19:57 metrics_store.py:131] update_metrics:request_id=399
DEBUG 08-14 23:19:57 shared.py:180] Removed task for request 399 on https://uu722127-b80a-4e3f9d5d.cqa1.seetacloud.com:8443
DEBUG 08-14 23:19:59 replica.py:171] complete_request_decode:num_saved_toekens=1024
DEBUG 08-14 23:19:59 open_ai.py:452] good request:https://uu722127-b80a-4e3f9d5d.cqa1.seetacloud.com:8443:good,request._id=494,input=6827,output=1024
DEBUG 08-14 23:19:59 metrics_store.py:131] update_metrics:request_id=494
DEBUG 08-14 23:19:59 shared.py:180] Removed task for request 494 on https://uu722127-b80a-4e3f9d5d.cqa1.seetacloud.com:8443
DEBUG 08-14 23:19:59 replica.py:171] complete_request_decode:num_saved_toekens=1024
DEBUG 08-14 23:19:59 open_ai.py:452] good request:https://u722127-8cb5-f6dc13db.nmb1.seetacloud.com:8443:good,request._id=396,input=156,output=1024
DEBUG 08-14 23:19:59 metrics_store.py:131] update_metrics:request_id=396
DEBUG 08-14 23:19:59 shared.py:180] Removed task for request 396 on https://u722127-8cb5-f6dc13db.nmb1.seetacloud.com:8443
DEBUG 08-14 23:20:02 replica.py:171] complete_request_decode:num_saved_toekens=992
DEBUG 08-14 23:20:02 open_ai.py:452] good request:https://u722127-8cb5-f6dc13db.nmb1.seetacloud.com:8443:good,request._id=407,input=174,output=985
DEBUG 08-14 23:20:02 metrics_store.py:131] update_metrics:request_id=407
DEBUG 08-14 23:20:02 shared.py:180] Removed task for request 407 on https://u722127-8cb5-f6dc13db.nmb1.seetacloud.com:8443
DEBUG 08-14 23:20:02 replica.py:171] complete_request_decode:num_saved_toekens=1024
DEBUG 08-14 23:20:02 open_ai.py:452] good request:127.0.0.1:8000:good,request._id=428,input=154,output=1024
DEBUG 08-14 23:20:02 metrics_store.py:131] update_metrics:request_id=428
DEBUG 08-14 23:20:02 shared.py:180] Removed task for request 428 on 127.0.0.1:8000
DEBUG 08-14 23:20:03 replica.py:171] complete_request_decode:num_saved_toekens=1024
DEBUG 08-14 23:20:03 open_ai.py:452] good request:https://u722127-8cb5-f6dc13db.nmb1.seetacloud.com:8443:good,request._id=343,input=172,output=1024
DEBUG 08-14 23:20:03 metrics_store.py:131] update_metrics:request_id=343
DEBUG 08-14 23:20:03 shared.py:180] Removed task for request 343 on https://u722127-8cb5-f6dc13db.nmb1.seetacloud.com:8443
INFO 08-14 23:20:05 run_cluster.py:404] Validation passed: rows=500 successes=500 unique=500
