INFO 08-14 23:35:34 launcher.py:102] init_router: ravel_unified
INFO 08-14 23:35:34 request_generator.py:339] Generating 500 JITServe requests with SLO profile=paper_e2e, ratio=(3.0, 5.0, 2.0), native_mean_gap=0.0790s, time_scale=0.0625, arrival_speedup=16.0000
INFO 08-14 23:35:34 shared.py:299] Adding task for request 0 to replica 2,session_id=0
DEBUG 08-14 23:35:34 replica.py:226] add_request - replica_id=[2], request=0,self.replica_slo_budget-sum_pending_tokens==current_budget:True,1048576-18==1048558
INFO 08-14 23:35:34 open_ai.py:115] async_send_request:request._id=0,session=0,https://u722127-b80a-4e3f9d5d.cqa1.seetacloud.com:8443
INFO 08-14 23:35:34 shared.py:299] Adding task for request 2 to replica 3,session_id=2
DEBUG 08-14 23:35:34 replica.py:226] add_request - replica_id=[3], request=2,self.replica_slo_budget-sum_pending_tokens==current_budget:True,1048576-60==1048516
INFO 08-14 23:35:34 open_ai.py:115] async_send_request:request._id=2,session=2,https://uu722127-b80a-4e3f9d5d.cqa1.seetacloud.com:8443
INFO 08-14 23:35:34 shared.py:299] Adding task for request 3 to replica 0,session_id=3
DEBUG 08-14 23:35:34 replica.py:226] add_request - replica_id=[0], request=3,self.replica_slo_budget-sum_pending_tokens==current_budget:True,1048576-31==1048545
INFO 08-14 23:35:34 open_ai.py:115] async_send_request:request._id=3,session=3,127.0.0.1:8000
INFO 08-14 23:35:34 shared.py:299] Adding task for request 4 to replica 1,session_id=4
DEBUG 08-14 23:35:34 replica.py:226] add_request - replica_id=[1], request=4,self.replica_slo_budget-sum_pending_tokens==current_budget:True,1048576-18==1048558
INFO 08-14 23:35:34 open_ai.py:115] async_send_request:request._id=4,session=4,127.0.0.1:8001
INFO 08-14 23:35:34 shared.py:299] Adding task for request 5 to replica 3,session_id=5
DEBUG 08-14 23:35:34 replica.py:226] add_request - replica_id=[3], request=5,self.replica_slo_budget-sum_pending_tokens==current_budget:True,1048576-96==1048480
INFO 08-14 23:35:34 open_ai.py:115] async_send_request:request._id=5,session=5,https://uu722127-b80a-4e3f9d5d.cqa1.seetacloud.com:8443
INFO 08-14 23:35:34 shared.py:299] Adding task for request 1 to replica 2,session_id=1
DEBUG 08-14 23:35:34 replica.py:226] add_request - replica_id=[2], request=1,self.replica_slo_budget-sum_pending_tokens==current_budget:True,1048576-221==1048355
INFO 08-14 23:35:34 open_ai.py:115] async_send_request:request._id=1,session=1,https://u722127-b80a-4e3f9d5d.cqa1.seetacloud.com:8443
INFO 08-14 23:35:34 shared.py:299] Adding task for request 8 to replica 0,session_id=8
DEBUG 08-14 23:35:34 replica.py:226] add_request - replica_id=[0], request=8,self.replica_slo_budget-sum_pending_tokens==current_budget:True,1048576-581==1047995
INFO 08-14 23:35:34 open_ai.py:115] async_send_request:request._id=8,session=8,127.0.0.1:8000
INFO 08-14 23:35:34 shared.py:299] Adding task for request 7 to replica 1,session_id=7
DEBUG 08-14 23:35:34 replica.py:226] add_request - replica_id=[1], request=7,self.replica_slo_budget-sum_pending_tokens==current_budget:True,1048576-61==1048515
INFO 08-14 23:35:34 shared.py:299] Adding task for request 6 to replica 3,session_id=6
DEBUG 08-14 23:35:34 replica.py:226] add_request - replica_id=[3], request=6,self.replica_slo_budget-sum_pending_tokens==current_budget:True,1048576-110==1048466
INFO 08-14 23:35:34 open_ai.py:115] async_send_request:request._id=7,session=7,127.0.0.1:8001
INFO 08-14 23:35:34 open_ai.py:115] async_send_request:request._id=6,session=6,https://uu722127-b80a-4e3f9d5d.cqa1.seetacloud.com:8443
INFO 08-14 23:35:34 shared.py:299] Adding task for request 12 to replica 3,session_id=12
DEBUG 08-14 23:35:34 replica.py:226] add_request - replica_id=[3], request=12,self.replica_slo_budget-sum_pending_tokens==current_budget:True,1048576-119==1048457
INFO 08-14 23:35:34 open_ai.py:115] async_send_request:request._id=12,session=12,https://uu722127-b80a-4e3f9d5d.cqa1.seetacloud.com:8443
INFO 08-14 23:35:34 shared.py:299] Adding task for request 9 to replica 0,session_id=9
DEBUG 08-14 23:35:34 replica.py:226] add_request - replica_id=[0], request=9,self.replica_slo_budget-sum_pending_tokens==current_budget:True,1048576-599==1047977
INFO 08-14 23:35:34 open_ai.py:115] async_send_request:request._id=9,session=9,127.0.0.1:8000
INFO 08-14 23:35:34 shared.py:299] Adding task for request 15 to replica 4,session_id=15
DEBUG 08-14 23:35:34 replica.py:226] add_request - replica_id=[4], request=15,self.replica_slo_budget-sum_pending_tokens==current_budget:True,1048576-10==1048566
INFO 08-14 23:35:34 shared.py:299] Adding task for request 10 to replica 4,session_id=10
DEBUG 08-14 23:35:34 replica.py:226] add_request - replica_id=[4], request=10,self.replica_slo_budget-sum_pending_tokens==current_budget:True,1048576-180==1048396
INFO 08-14 23:35:34 open_ai.py:115] async_send_request:request._id=15,session=15,https://u722127-8cb5-f6dc13db.nmb1.seetacloud.com:8443
INFO 08-14 23:35:34 open_ai.py:115] async_send_request:request._id=10,session=10,https://u722127-8cb5-f6dc13db.nmb1.seetacloud.com:8443
INFO 08-14 23:35:34 shared.py:299] Adding task for request 11 to replica 1,session_id=11
DEBUG 08-14 23:35:34 replica.py:226] add_request - replica_id=[1], request=11,self.replica_slo_budget-sum_pending_tokens==current_budget:True,1048576-112==1048464
INFO 08-14 23:35:34 open_ai.py:115] async_send_request:request._id=11,session=11,127.0.0.1:8001
INFO 08-14 23:35:34 shared.py:299] Adding task for request 13 to replica 2,session_id=13
DEBUG 08-14 23:35:34 replica.py:226] add_request - replica_id=[2], request=13,self.replica_slo_budget-sum_pending_tokens==current_budget:True,1048576-575==1048001
INFO 08-14 23:35:34 shared.py:299] Adding task for request 17 to replica 2,session_id=17
DEBUG 08-14 23:35:34 replica.py:226] add_request - replica_id=[2], request=17,self.replica_slo_budget-sum_pending_tokens==current_budget:True,1048576-616==1047960
INFO 08-14 23:35:34 open_ai.py:115] async_send_request:request._id=13,session=13,https://u722127-b80a-4e3f9d5d.cqa1.seetacloud.com:8443
INFO 08-14 23:35:34 open_ai.py:115] async_send_request:request._id=17,session=17,https://u722127-b80a-4e3f9d5d.cqa1.seetacloud.com:8443
INFO 08-14 23:35:34 shared.py:299] Adding task for request 14 to replica 0,session_id=14
DEBUG 08-14 23:35:34 replica.py:226] add_request - replica_id=[0], request=14,self.replica_slo_budget-sum_pending_tokens==current_budget:True,1048576-634==1047942
INFO 08-14 23:35:34 open_ai.py:115] async_send_request:request._id=14,session=14,127.0.0.1:8000
DEBUG 08-14 23:35:34 open_ai.py:335] async_send_request: request finish prefill, 3
INFO 08-14 23:35:34 open_ai.py:352] async_send_request: prefill completed: req=3,replica_id=0
DEBUG 08-14 23:35:34 replica.py:146] complete_request_prefill: replica_id=[0], request=3, current_budget=31,last_prefill_completed_at=30615742.912020665,last_ttft=0.0552
DEBUG 08-14 23:35:34 replica.py:153] complete_request_prefill - replica_id=[0], request=3,self.replica_slo_budget-sum_pending_tokens==current_budget:True,1048576-603==1047973
DEBUG 08-14 23:35:34 open_ai.py:335] async_send_request: request finish prefill, 4
INFO 08-14 23:35:34 open_ai.py:352] async_send_request: prefill completed: req=4,replica_id=1
DEBUG 08-14 23:35:34 replica.py:146] complete_request_prefill: replica_id=[1], request=4, current_budget=18,last_prefill_completed_at=30615742.917986892,last_ttft=0.0594
DEBUG 08-14 23:35:34 replica.py:153] complete_request_prefill - replica_id=[1], request=4,self.replica_slo_budget-sum_pending_tokens==current_budget:True,1048576-94==1048482
INFO 08-14 23:35:34 shared.py:299] Adding task for request 16 to replica 3,session_id=16
DEBUG 08-14 23:35:34 replica.py:226] add_request - replica_id=[3], request=16,self.replica_slo_budget-sum_pending_tokens==current_budget:True,1048576-159==1048417
INFO 08-14 23:35:34 open_ai.py:115] async_send_request:request._id=16,session=16,https://uu722127-b80a-4e3f9d5d.cqa1.seetacloud.com:8443
INFO 08-14 23:35:34 shared.py:299] Adding task for request 18 to replica 1,session_id=18
DEBUG 08-14 23:35:34 replica.py:226] add_request - replica_id=[1], request=18,self.replica_slo_budget-sum_pending_tokens==current_budget:True,1048576-133==1048443
INFO 08-14 23:35:34 open_ai.py:115] async_send_request:request._id=18,session=18,127.0.0.1:8001
INFO 08-14 23:35:34 shared.py:299] Adding task for request 19 to replica 2,session_id=19
DEBUG 08-14 23:35:34 replica.py:226] add_request - replica_id=[2], request=19,self.replica_slo_budget-sum_pending_tokens==current_budget:True,1048576-636==1047940
INFO 08-14 23:35:34 open_ai.py:115] async_send_request:request._id=19,session=19,https://u722127-b80a-4e3f9d5d.cqa1.seetacloud.com:8443
DEBUG 08-14 23:35:34 open_ai.py:335] async_send_request: request finish prefill, 8
INFO 08-14 23:35:34 open_ai.py:352] async_send_request: prefill completed: req=8,replica_id=0
DEBUG 08-14 23:35:34 replica.py:146] complete_request_prefill: replica_id=[0], request=8, current_budget=550,last_prefill_completed_at=30615742.930927783,last_ttft=0.06
DEBUG 08-14 23:35:34 replica.py:153] complete_request_prefill - replica_id=[0], request=8,self.replica_slo_budget-sum_pending_tokens==current_budget:True,1048576-53==1048523
INFO 08-14 23:35:34 shared.py:299] Adding task for request 21 to replica 0,session_id=21
DEBUG 08-14 23:35:34 replica.py:226] add_request - replica_id=[0], request=21,self.replica_slo_budget-sum_pending_tokens==current_budget:True,1048576-88==1048488
INFO 08-14 23:35:34 shared.py:299] Adding task for request 20 to replica 3,session_id=20
DEBUG 08-14 23:35:34 replica.py:226] add_request - replica_id=[3], request=20,self.replica_slo_budget-sum_pending_tokens==current_budget:True,1048576-644==1047932
INFO 08-14 23:35:34 open_ai.py:115] async_send_request:request._id=21,session=21,127.0.0.1:8000
INFO 08-14 23:35:34 open_ai.py:115] async_send_request:request._id=20,session=20,https://uu722127-b80a-4e3f9d5d.cqa1.seetacloud.com:8443
INFO 08-14 23:35:34 shared.py:299] Adding task for request 22 to replica 2,session_id=22
DEBUG 08-14 23:35:34 replica.py:226] add_request - replica_id=[2], request=22,self.replica_slo_budget-sum_pending_tokens==current_budget:True,1048576-819==1047757
INFO 08-14 23:35:34 open_ai.py:115] async_send_request:request._id=22,session=22,https://u722127-b80a-4e3f9d5d.cqa1.seetacloud.com:8443
DEBUG 08-14 23:35:34 open_ai.py:335] async_send_request: request finish prefill, 7
INFO 08-14 23:35:34 open_ai.py:352] async_send_request: prefill completed: req=7,replica_id=1
DEBUG 08-14 23:35:34 replica.py:146] complete_request_prefill: replica_id=[1], request=7, current_budget=43,last_prefill_completed_at=30615742.943406153,last_ttft=0.0815
DEBUG 08-14 23:35:34 replica.py:153] complete_request_prefill - replica_id=[1], request=7,self.replica_slo_budget-sum_pending_tokens==current_budget:True,1048576-90==1048486
INFO 08-14 23:35:34 shared.py:299] Adding task for request 24 to replica 2,session_id=24
DEBUG 08-14 23:35:34 replica.py:226] add_request - replica_id=[2], request=24,self.replica_slo_budget-sum_pending_tokens==current_budget:True,1048576-912==1047664
INFO 08-14 23:35:34 open_ai.py:115] async_send_request:request._id=24,session=24,https://u722127-b80a-4e3f9d5d.cqa1.seetacloud.com:8443
DEBUG 08-14 23:35:34 open_ai.py:335] async_send_request: request finish prefill, 9
INFO 08-14 23:35:34 open_ai.py:352] async_send_request: prefill completed: req=9,replica_id=0
DEBUG 08-14 23:35:34 replica.py:146] complete_request_prefill: replica_id=[0], request=9, current_budget=18,last_prefill_completed_at=30615742.95055893,last_ttft=0.0719
DEBUG 08-14 23:35:34 replica.py:153] complete_request_prefill - replica_id=[0], request=9,self.replica_slo_budget-sum_pending_tokens==current_budget:True,1048576-70==1048506
DEBUG 08-14 23:35:34 open_ai.py:335] async_send_request: request finish prefill, 14
INFO 08-14 23:35:34 open_ai.py:352] async_send_request: prefill completed: req=14,replica_id=0
DEBUG 08-14 23:35:34 replica.py:146] complete_request_prefill: replica_id=[0], request=14, current_budget=35,last_prefill_completed_at=30615742.950821072,last_ttft=0.0574
DEBUG 08-14 23:35:34 replica.py:153] complete_request_prefill - replica_id=[0], request=14,self.replica_slo_budget-sum_pending_tokens==current_budget:True,1048576-35==1048541
INFO 08-14 23:35:34 shared.py:299] Adding task for request 23 to replica 4,session_id=23
DEBUG 08-14 23:35:34 replica.py:226] add_request - replica_id=[4], request=23,self.replica_slo_budget-sum_pending_tokens==current_budget:True,1048576-215==1048361
INFO 08-14 23:35:34 open_ai.py:115] async_send_request:request._id=23,session=23,https://u722127-8cb5-f6dc13db.nmb1.seetacloud.com:8443
DEBUG 08-14 23:35:34 open_ai.py:335] async_send_request: request finish prefill, 11
INFO 08-14 23:35:34 open_ai.py:352] async_send_request: prefill completed: req=11,replica_id=1
DEBUG 08-14 23:35:34 replica.py:146] complete_request_prefill: replica_id=[1], request=11, current_budget=51,last_prefill_completed_at=30615742.953738168,last_ttft=0.0687
DEBUG 08-14 23:35:34 replica.py:153] complete_request_prefill - replica_id=[1], request=11,self.replica_slo_budget-sum_pending_tokens==current_budget:True,1048576-39==1048537
DEBUG 08-14 23:35:34 replica.py:171] complete_request_decode:num_saved_toekens=0
DEBUG 08-14 23:35:34 open_ai.py:335] async_send_request: request finish prefill, 21
INFO 08-14 23:35:34 open_ai.py:352] async_send_request: prefill completed: req=21,replica_id=0
DEBUG 08-14 23:35:34 replica.py:146] complete_request_prefill: replica_id=[0], request=21, current_budget=35,last_prefill_completed_at=30615742.972890407,last_ttft=0.0571
DEBUG 08-14 23:35:34 replica.py:153] complete_request_prefill - replica_id=[0], request=21,self.replica_slo_budget-sum_pending_tokens==current_budget:True,1048576-0==1048576
INFO 08-14 23:35:34 shared.py:299] Adding task for request 25 to replica 3,session_id=25
DEBUG 08-14 23:35:34 replica.py:226] add_request - replica_id=[3], request=25,self.replica_slo_budget-sum_pending_tokens==current_budget:True,1048576-654==1047922
INFO 08-14 23:35:34 open_ai.py:115] async_send_request:request._id=25,session=25,https://uu722127-b80a-4e3f9d5d.cqa1.seetacloud.com:8443
DEBUG 08-14 23:35:34 open_ai.py:452] good request:127.0.0.1:8000:good,request._id=9,input=18,output=2
DEBUG 08-14 23:35:34 metrics_store.py:131] update_metrics:request_id=9
DEBUG 08-14 23:35:34 shared.py:180] Removed task for request 9 on 127.0.0.1:8000
DEBUG 08-14 23:35:34 open_ai.py:335] async_send_request: request finish prefill, 18
INFO 08-14 23:35:34 open_ai.py:352] async_send_request: prefill completed: req=18,replica_id=1
DEBUG 08-14 23:35:34 replica.py:146] complete_request_prefill: replica_id=[1], request=18, current_budget=39,last_prefill_completed_at=30615742.975411434,last_ttft=0.0659
DEBUG 08-14 23:35:34 replica.py:153] complete_request_prefill - replica_id=[1], request=18,self.replica_slo_budget-sum_pending_tokens==current_budget:True,1048576-0==1048576
INFO 08-14 23:35:34 shared.py:299] Adding task for request 26 to replica 0,session_id=26
DEBUG 08-14 23:35:34 replica.py:226] add_request - replica_id=[0], request=26,self.replica_slo_budget-sum_pending_tokens==current_budget:True,1048576-44==1048532
INFO 08-14 23:35:34 open_ai.py:115] async_send_request:request._id=26,session=26,127.0.0.1:8000
INFO 08-14 23:35:34 shared.py:299] Adding task for request 27 to replica 3,session_id=27
DEBUG 08-14 23:35:34 replica.py:226] add_request - replica_id=[3], request=27,self.replica_slo_budget-sum_pending_tokens==current_budget:True,1048576-782==1047794
INFO 08-14 23:35:34 open_ai.py:115] async_send_request:request._id=27,session=27,https://uu722127-b80a-4e3f9d5d.cqa1.seetacloud.com:8443
INFO 08-14 23:35:34 shared.py:299] Adding task for request 28 to replica 2,session_id=28
DEBUG 08-14 23:35:34 replica.py:226] add_request - replica_id=[2], request=28,self.replica_slo_budget-sum_pending_tokens==current_budget:True,1048576-943==1047633
INFO 08-14 23:35:34 open_ai.py:115] async_send_request:request._id=28,session=28,https://u722127-b80a-4e3f9d5d.cqa1.seetacloud.com:8443
INFO 08-14 23:35:34 shared.py:299] Adding task for request 29 to replica 1,session_id=29
DEBUG 08-14 23:35:34 replica.py:226] add_request - replica_id=[1], request=29,self.replica_slo_budget-sum_pending_tokens==current_budget:True,1048576-347==1048229
INFO 08-14 23:35:34 open_ai.py:115] async_send_request:request._id=29,session=29,127.0.0.1:8001
INFO 08-14 23:35:34 shared.py:299] Adding task for request 30 to replica 4,session_id=30
DEBUG 08-14 23:35:34 replica.py:226] add_request - replica_id=[4], request=30,self.replica_slo_budget-sum_pending_tokens==current_budget:True,1048576-295==1048281
INFO 08-14 23:35:34 shared.py:299] Adding task for request 31 to replica 1,session_id=31
DEBUG 08-14 23:35:34 replica.py:226] add_request - replica_id=[1], request=31,self.replica_slo_budget-sum_pending_tokens==current_budget:True,1048576-1574==1047002
INFO 08-14 23:35:34 open_ai.py:115] async_send_request:request._id=30,session=30,https://u722127-8cb5-f6dc13db.nmb1.seetacloud.com:8443
INFO 08-14 23:35:34 open_ai.py:115] async_send_request:request._id=31,session=31,127.0.0.1:8001
INFO 08-14 23:35:34 shared.py:299] Adding task for request 33 to replica 0,session_id=33
DEBUG 08-14 23:35:34 replica.py:226] add_request - replica_id=[0], request=33,self.replica_slo_budget-sum_pending_tokens==current_budget:True,1048576-56==1048520
INFO 08-14 23:35:34 open_ai.py:115] async_send_request:request._id=33,session=33,127.0.0.1:8000
INFO 08-14 23:35:34 shared.py:299] Adding task for request 32 to replica 0,session_id=32
DEBUG 08-14 23:35:34 replica.py:226] add_request - replica_id=[0], request=32,self.replica_slo_budget-sum_pending_tokens==current_budget:True,1048576-100==1048476
INFO 08-14 23:35:34 open_ai.py:115] async_send_request:request._id=32,session=32,127.0.0.1:8000
INFO 08-14 23:35:34 shared.py:299] Adding task for request 35 to replica 4,session_id=35
DEBUG 08-14 23:35:34 replica.py:226] add_request - replica_id=[4], request=35,self.replica_slo_budget-sum_pending_tokens==current_budget:True,1048576-340==1048236
INFO 08-14 23:35:34 open_ai.py:115] async_send_request:request._id=35,session=35,https://u722127-8cb5-f6dc13db.nmb1.seetacloud.com:8443
INFO 08-14 23:35:34 shared.py:299] Adding task for request 34 to replica 2,session_id=34
DEBUG 08-14 23:35:34 replica.py:226] add_request - replica_id=[2], request=34,self.replica_slo_budget-sum_pending_tokens==current_budget:True,1048576-955==1047621
INFO 08-14 23:35:34 open_ai.py:115] async_send_request:request._id=34,session=34,https://u722127-b80a-4e3f9d5d.cqa1.seetacloud.com:8443
DEBUG 08-14 23:35:34 open_ai.py:335] async_send_request: request finish prefill, 26
INFO 08-14 23:35:34 open_ai.py:352] async_send_request: prefill completed: req=26,replica_id=0
DEBUG 08-14 23:35:34 replica.py:146] complete_request_prefill: replica_id=[0], request=26, current_budget=44,last_prefill_completed_at=30615743.044534817,last_ttft=0.07
DEBUG 08-14 23:35:34 replica.py:153] complete_request_prefill - replica_id=[0], request=26,self.replica_slo_budget-sum_pending_tokens==current_budget:True,1048576-56==1048520
INFO 08-14 23:35:34 shared.py:299] Adding task for request 37 to replica 1,session_id=37
DEBUG 08-14 23:35:34 replica.py:226] add_request - replica_id=[1], request=37,self.replica_slo_budget-sum_pending_tokens==current_budget:True,1048576-2016==1046560
INFO 08-14 23:35:34 open_ai.py:115] async_send_request:request._id=37,session=37,127.0.0.1:8001
INFO 08-14 23:35:34 shared.py:299] Adding task for request 36 to replica 4,session_id=36
DEBUG 08-14 23:35:34 replica.py:226] add_request - replica_id=[4], request=36,self.replica_slo_budget-sum_pending_tokens==current_budget:True,1048576-349==1048227
INFO 08-14 23:35:34 open_ai.py:115] async_send_request:request._id=36,session=36,https://u722127-8cb5-f6dc13db.nmb1.seetacloud.com:8443
DEBUG 08-14 23:35:34 open_ai.py:335] async_send_request: request finish prefill, 29
INFO 08-14 23:35:34 open_ai.py:352] async_send_request: prefill completed: req=29,replica_id=1
DEBUG 08-14 23:35:34 replica.py:146] complete_request_prefill: replica_id=[1], request=29, current_budget=347,last_prefill_completed_at=30615743.06287122,last_ttft=0.0743
DEBUG 08-14 23:35:34 replica.py:153] complete_request_prefill - replica_id=[1], request=29,self.replica_slo_budget-sum_pending_tokens==current_budget:True,1048576-1669==1046907
DEBUG 08-14 23:35:34 open_ai.py:335] async_send_request: request finish prefill, 15
INFO 08-14 23:35:34 open_ai.py:352] async_send_request: prefill completed: req=15,replica_id=4
DEBUG 08-14 23:35:34 replica.py:146] complete_request_prefill: replica_id=[4], request=15, current_budget=10,last_prefill_completed_at=30615743.064920224,last_ttft=0.1684
DEBUG 08-14 23:35:34 replica.py:153] complete_request_prefill - replica_id=[4], request=15,self.replica_slo_budget-sum_pending_tokens==current_budget:True,1048576-339==1048237
DEBUG 08-14 23:35:34 open_ai.py:335] async_send_request: request finish prefill, 33
INFO 08-14 23:35:34 open_ai.py:352] async_send_request: prefill completed: req=33,replica_id=0
DEBUG 08-14 23:35:34 replica.py:146] complete_request_prefill: replica_id=[0], request=33, current_budget=12,last_prefill_completed_at=30615743.066108573,last_ttft=0.0532
DEBUG 08-14 23:35:34 replica.py:153] complete_request_prefill - replica_id=[0], request=33,self.replica_slo_budget-sum_pending_tokens==current_budget:True,1048576-44==1048532
DEBUG 08-14 23:35:34 open_ai.py:335] async_send_request: request finish prefill, 32
INFO 08-14 23:35:34 open_ai.py:352] async_send_request: prefill completed: req=32,replica_id=0
DEBUG 08-14 23:35:34 replica.py:146] complete_request_prefill: replica_id=[0], request=32, current_budget=44,last_prefill_completed_at=30615743.06634886,last_ttft=0.0582
DEBUG 08-14 23:35:34 replica.py:153] complete_request_prefill - replica_id=[0], request=32,self.replica_slo_budget-sum_pending_tokens==current_budget:True,1048576-0==1048576
DEBUG 08-14 23:35:34 replica.py:171] complete_request_decode:num_saved_toekens=0
DEBUG 08-14 23:35:34 open_ai.py:452] good request:127.0.0.1:8000:good,request._id=8,input=550,output=8
DEBUG 08-14 23:35:34 metrics_store.py:131] update_metrics:request_id=8
DEBUG 08-14 23:35:34 open_ai.py:335] async_send_request: request finish prefill, 10
INFO 08-14 23:35:34 open_ai.py:352] async_send_request: prefill completed: req=10,replica_id=4
DEBUG 08-14 23:35:34 replica.py:146] complete_request_prefill: replica_id=[4], request=10, current_budget=170,last_prefill_completed_at=30615743.067262035,last_ttft=0.1871
DEBUG 08-14 23:35:34 replica.py:153] complete_request_prefill - replica_id=[4], request=10,self.replica_slo_budget-sum_pending_tokens==current_budget:True,1048576-169==1048407
DEBUG 08-14 23:35:34 shared.py:180] Removed task for request 8 on 127.0.0.1:8000
DEBUG 08-14 23:35:34 open_ai.py:335] async_send_request: request finish prefill, 31
INFO 08-14 23:35:34 open_ai.py:352] async_send_request: prefill completed: req=31,replica_id=1
DEBUG 08-14 23:35:34 replica.py:146] complete_request_prefill: replica_id=[1], request=31, current_budget=1227,last_prefill_completed_at=30615743.099428482,last_ttft=0.0924
DEBUG 08-14 23:35:34 replica.py:153] complete_request_prefill - replica_id=[1], request=31,self.replica_slo_budget-sum_pending_tokens==current_budget:True,1048576-442==1048134
DEBUG 08-14 23:35:34 open_ai.py:335] async_send_request: request finish prefill, 23
INFO 08-14 23:35:34 open_ai.py:352] async_send_request: prefill completed: req=23,replica_id=4
DEBUG 08-14 23:35:34 replica.py:146] complete_request_prefill: replica_id=[4], request=23, current_budget=35,last_prefill_completed_at=30615743.10224777,last_ttft=0.1665
DEBUG 08-14 23:35:34 replica.py:153] complete_request_prefill - replica_id=[4], request=23,self.replica_slo_budget-sum_pending_tokens==current_budget:True,1048576-134==1048442
DEBUG 08-14 23:35:34 open_ai.py:335] async_send_request: request finish prefill, 5
INFO 08-14 23:35:34 open_ai.py:352] async_send_request: prefill completed: req=5,replica_id=3
DEBUG 08-14 23:35:34 replica.py:146] complete_request_prefill: replica_id=[3], request=5, current_budget=36,last_prefill_completed_at=30615743.12343865,last_ttft=0.2636
DEBUG 08-14 23:35:34 replica.py:153] complete_request_prefill - replica_id=[3], request=5,self.replica_slo_budget-sum_pending_tokens==current_budget:True,1048576-746==1047830
DEBUG 08-14 23:35:34 open_ai.py:335] async_send_request: request finish prefill, 37
INFO 08-14 23:35:34 open_ai.py:352] async_send_request: prefill completed: req=37,replica_id=1
DEBUG 08-14 23:35:34 replica.py:146] complete_request_prefill: replica_id=[1], request=37, current_budget=442,last_prefill_completed_at=30615743.12377313,last_ttft=0.0765
DEBUG 08-14 23:35:34 replica.py:153] complete_request_prefill - replica_id=[1], request=37,self.replica_slo_budget-sum_pending_tokens==current_budget:True,1048576-0==1048576
DEBUG 08-14 23:35:34 open_ai.py:335] async_send_request: request finish prefill, 1
INFO 08-14 23:35:34 open_ai.py:352] async_send_request: prefill completed: req=1,replica_id=2
DEBUG 08-14 23:35:34 replica.py:146] complete_request_prefill: replica_id=[2], request=1, current_budget=203,last_prefill_completed_at=30615743.12723086,last_ttft=0.2792
DEBUG 08-14 23:35:34 replica.py:153] complete_request_prefill - replica_id=[2], request=1,self.replica_slo_budget-sum_pending_tokens==current_budget:True,1048576-752==1047824
DEBUG 08-14 23:35:34 open_ai.py:335] async_send_request: request finish prefill, 0
INFO 08-14 23:35:34 open_ai.py:352] async_send_request: prefill completed: req=0,replica_id=2
DEBUG 08-14 23:35:34 replica.py:146] complete_request_prefill: replica_id=[2], request=0, current_budget=18,last_prefill_completed_at=30615743.128629215,last_ttft=0.2831
DEBUG 08-14 23:35:34 replica.py:153] complete_request_prefill - replica_id=[2], request=0,self.replica_slo_budget-sum_pending_tokens==current_budget:True,1048576-734==1047842
INFO 08-14 23:35:34 shared.py:299] Adding task for request 38 to replica 3,session_id=38
DEBUG 08-14 23:35:34 replica.py:226] add_request - replica_id=[3], request=38,self.replica_slo_budget-sum_pending_tokens==current_budget:True,1048576-1296==1047280
INFO 08-14 23:35:34 open_ai.py:115] async_send_request:request._id=38,session=38,https://uu722127-b80a-4e3f9d5d.cqa1.seetacloud.com:8443
INFO 08-14 23:35:34 shared.py:299] Adding task for request 39 to replica 3,session_id=39
DEBUG 08-14 23:35:34 replica.py:226] add_request - replica_id=[3], request=39,self.replica_slo_budget-sum_pending_tokens==current_budget:True,1048576-1452==1047124
INFO 08-14 23:35:34 open_ai.py:115] async_send_request:request._id=39,session=39,https://uu722127-b80a-4e3f9d5d.cqa1.seetacloud.com:8443
INFO 08-14 23:35:34 shared.py:299] Adding task for request 42 to replica 4,session_id=42
DEBUG 08-14 23:35:34 replica.py:226] add_request - replica_id=[4], request=42,self.replica_slo_budget-sum_pending_tokens==current_budget:True,1048576-186==1048390
INFO 08-14 23:35:34 open_ai.py:115] async_send_request:request._id=42,session=42,https://u722127-8cb5-f6dc13db.nmb1.seetacloud.com:8443
DEBUG 08-14 23:35:35 open_ai.py:335] async_send_request: request finish prefill, 30
INFO 08-14 23:35:35 open_ai.py:352] async_send_request: prefill completed: req=30,replica_id=4
DEBUG 08-14 23:35:35 replica.py:146] complete_request_prefill: replica_id=[4], request=30, current_budget=80,last_prefill_completed_at=30615743.148227107,last_ttft=0.1418
DEBUG 08-14 23:35:35 replica.py:153] complete_request_prefill - replica_id=[4], request=30,self.replica_slo_budget-sum_pending_tokens==current_budget:True,1048576-106==1048470
DEBUG 08-14 23:35:35 open_ai.py:335] async_send_request: request finish prefill, 35
INFO 08-14 23:35:35 open_ai.py:352] async_send_request: prefill completed: req=35,replica_id=4
DEBUG 08-14 23:35:35 replica.py:146] complete_request_prefill: replica_id=[4], request=35, current_budget=45,last_prefill_completed_at=30615743.149043135,last_ttft=0.1158
DEBUG 08-14 23:35:35 replica.py:153] complete_request_prefill - replica_id=[4], request=35,self.replica_slo_budget-sum_pending_tokens==current_budget:True,1048576-61==1048515
DEBUG 08-14 23:35:35 open_ai.py:335] async_send_request: request finish prefill, 17
INFO 08-14 23:35:35 open_ai.py:352] async_send_request: prefill completed: req=17,replica_id=2
DEBUG 08-14 23:35:35 replica.py:146] complete_request_prefill: replica_id=[2], request=17, current_budget=41,last_prefill_completed_at=30615743.14997516,last_ttft=0.2439
DEBUG 08-14 23:35:35 replica.py:153] complete_request_prefill - replica_id=[2], request=17,self.replica_slo_budget-sum_pending_tokens==current_budget:True,1048576-693==1047883
DEBUG 08-14 23:35:35 open_ai.py:335] async_send_request: request finish prefill, 13
INFO 08-14 23:35:35 open_ai.py:352] async_send_request: prefill completed: req=13,replica_id=2
DEBUG 08-14 23:35:35 replica.py:146] complete_request_prefill: replica_id=[2], request=13, current_budget=354,last_prefill_completed_at=30615743.150883798,last_ttft=0.2593
DEBUG 08-14 23:35:35 replica.py:153] complete_request_prefill - replica_id=[2], request=13,self.replica_slo_budget-sum_pending_tokens==current_budget:True,1048576-339==1048237
INFO 08-14 23:35:35 shared.py:299] Adding task for request 40 to replica 1,session_id=40
DEBUG 08-14 23:35:35 replica.py:226] add_request - replica_id=[1], request=40,self.replica_slo_budget-sum_pending_tokens==current_budget:True,1048576-30==1048546
INFO 08-14 23:35:35 open_ai.py:115] async_send_request:request._id=40,session=40,127.0.0.1:8001
INFO 08-14 23:35:35 shared.py:299] Adding task for request 41 to replica 0,session_id=41
DEBUG 08-14 23:35:35 replica.py:226] add_request - replica_id=[0], request=41,self.replica_slo_budget-sum_pending_tokens==current_budget:True,1048576-12==1048564
INFO 08-14 23:35:35 open_ai.py:115] async_send_request:request._id=41,session=41,127.0.0.1:8000
DEBUG 08-14 23:35:35 open_ai.py:335] async_send_request: request finish prefill, 2
INFO 08-14 23:35:35 open_ai.py:352] async_send_request: prefill completed: req=2,replica_id=3
DEBUG 08-14 23:35:35 replica.py:146] complete_request_prefill: replica_id=[3], request=2, current_budget=60,last_prefill_completed_at=30615743.16813997,last_ttft=0.3155
DEBUG 08-14 23:35:35 replica.py:153] complete_request_prefill - replica_id=[3], request=2,self.replica_slo_budget-sum_pending_tokens==current_budget:True,1048576-1392==1047184
DEBUG 08-14 23:35:35 open_ai.py:335] async_send_request: request finish prefill, 12
INFO 08-14 23:35:35 open_ai.py:352] async_send_request: prefill completed: req=12,replica_id=3
DEBUG 08-14 23:35:35 replica.py:146] complete_request_prefill: replica_id=[3], request=12, current_budget=9,last_prefill_completed_at=30615743.16945524,last_ttft=0.2814
DEBUG 08-14 23:35:35 replica.py:153] complete_request_prefill - replica_id=[3], request=12,self.replica_slo_budget-sum_pending_tokens==current_budget:True,1048576-1383==1047193
DEBUG 08-14 23:35:35 replica.py:171] complete_request_decode:num_saved_toekens=16
DEBUG 08-14 23:35:35 open_ai.py:452] good request:127.0.0.1:8000:good,request._id=26,input=44,output=8
DEBUG 08-14 23:35:35 metrics_store.py:131] update_metrics:request_id=26
DEBUG 08-14 23:35:35 shared.py:180] Removed task for request 26 on 127.0.0.1:8000
DEBUG 08-14 23:35:35 open_ai.py:335] async_send_request: request finish prefill, 6
INFO 08-14 23:35:35 open_ai.py:352] async_send_request: prefill completed: req=6,replica_id=3
DEBUG 08-14 23:35:35 replica.py:146] complete_request_prefill: replica_id=[3], request=6, current_budget=14,last_prefill_completed_at=30615743.17266452,last_ttft=0.3111
DEBUG 08-14 23:35:35 replica.py:153] complete_request_prefill - replica_id=[3], request=6,self.replica_slo_budget-sum_pending_tokens==current_budget:True,1048576-1369==1047207
DEBUG 08-14 23:35:35 open_ai.py:335] async_send_request: request finish prefill, 36
INFO 08-14 23:35:35 open_ai.py:352] async_send_request: prefill completed: req=36,replica_id=4
DEBUG 08-14 23:35:35 replica.py:146] complete_request_prefill: replica_id=[4], request=36, current_budget=9,last_prefill_completed_at=30615743.177441254,last_ttft=0.139
DEBUG 08-14 23:35:35 replica.py:153] complete_request_prefill - replica_id=[4], request=36,self.replica_slo_budget-sum_pending_tokens==current_budget:True,1048576-52==1048524
DEBUG 08-14 23:35:35 open_ai.py:335] async_send_request: request finish prefill, 20
INFO 08-14 23:35:35 open_ai.py:352] async_send_request: prefill completed: req=20,replica_id=3
DEBUG 08-14 23:35:35 replica.py:146] complete_request_prefill: replica_id=[3], request=20, current_budget=485,last_prefill_completed_at=30615743.18178066,last_ttft=0.2674
DEBUG 08-14 23:35:35 replica.py:153] complete_request_prefill - replica_id=[3], request=20,self.replica_slo_budget-sum_pending_tokens==current_budget:True,1048576-884==1047692
DEBUG 08-14 23:35:35 open_ai.py:335] async_send_request: request finish prefill, 16
INFO 08-14 23:35:35 open_ai.py:352] async_send_request: prefill completed: req=16,replica_id=3
DEBUG 08-14 23:35:35 replica.py:146] complete_request_prefill: replica_id=[3], request=16, current_budget=40,last_prefill_completed_at=30615743.182703983,last_ttft=0.2771
DEBUG 08-14 23:35:35 replica.py:153] complete_request_prefill - replica_id=[3], request=16,self.replica_slo_budget-sum_pending_tokens==current_budget:True,1048576-844==1047732
DEBUG 08-14 23:35:35 open_ai.py:335] async_send_request: request finish prefill, 22
INFO 08-14 23:35:35 open_ai.py:352] async_send_request: prefill completed: req=22,replica_id=2
DEBUG 08-14 23:35:35 replica.py:146] complete_request_prefill: replica_id=[2], request=22, current_budget=183,last_prefill_completed_at=30615743.18344116,last_ttft=0.2584
DEBUG 08-14 23:35:35 replica.py:153] complete_request_prefill - replica_id=[2], request=22,self.replica_slo_budget-sum_pending_tokens==current_budget:True,1048576-156==1048420
DEBUG 08-14 23:35:35 open_ai.py:335] async_send_request: request finish prefill, 25
INFO 08-14 23:35:35 open_ai.py:352] async_send_request: prefill completed: req=25,replica_id=3
DEBUG 08-14 23:35:35 replica.py:146] complete_request_prefill: replica_id=[3], request=25, current_budget=10,last_prefill_completed_at=30615743.183708675,last_ttft=0.2273
DEBUG 08-14 23:35:35 replica.py:153] complete_request_prefill - replica_id=[3], request=25,self.replica_slo_budget-sum_pending_tokens==current_budget:True,1048576-834==1047742
DEBUG 08-14 23:35:35 open_ai.py:335] async_send_request: request finish prefill, 24
INFO 08-14 23:35:35 open_ai.py:352] async_send_request: prefill completed: req=24,replica_id=2
DEBUG 08-14 23:35:35 replica.py:146] complete_request_prefill: replica_id=[2], request=24, current_budget=93,last_prefill_completed_at=30615743.184726324,last_ttft=0.2388
DEBUG 08-14 23:35:35 replica.py:153] complete_request_prefill - replica_id=[2], request=24,self.replica_slo_budget-sum_pending_tokens==current_budget:True,1048576-63==1048513
DEBUG 08-14 23:35:35 open_ai.py:335] async_send_request: request finish prefill, 19
INFO 08-14 23:35:35 open_ai.py:352] async_send_request: prefill completed: req=19,replica_id=2
DEBUG 08-14 23:35:35 replica.py:146] complete_request_prefill: replica_id=[2], request=19, current_budget=20,last_prefill_completed_at=30615743.186109543,last_ttft=0.2739
DEBUG 08-14 23:35:35 replica.py:153] complete_request_prefill - replica_id=[2], request=19,self.replica_slo_budget-sum_pending_tokens==current_budget:True,1048576-43==1048533
DEBUG 08-14 23:35:35 open_ai.py:335] async_send_request: request finish prefill, 41
INFO 08-14 23:35:35 open_ai.py:352] async_send_request: prefill completed: req=41,replica_id=0
DEBUG 08-14 23:35:35 replica.py:146] complete_request_prefill: replica_id=[0], request=41, current_budget=12,last_prefill_completed_at=30615743.193642583,last_ttft=0.0531
DEBUG 08-14 23:35:35 replica.py:153] complete_request_prefill - replica_id=[0], request=41,self.replica_slo_budget-sum_pending_tokens==current_budget:True,1048576-0==1048576
DEBUG 08-14 23:35:35 open_ai.py:335] async_send_request: request finish prefill, 27
INFO 08-14 23:35:35 open_ai.py:352] async_send_request: prefill completed: req=27,replica_id=3
DEBUG 08-14 23:35:35 replica.py:146] complete_request_prefill: replica_id=[3], request=27, current_budget=128,last_prefill_completed_at=30615743.200405072,last_ttft=0.2194
DEBUG 08-14 23:35:35 replica.py:153] complete_request_prefill - replica_id=[3], request=27,self.replica_slo_budget-sum_pending_tokens==current_budget:True,1048576-706==1047870
DEBUG 08-14 23:35:35 open_ai.py:335] async_send_request: request finish prefill, 40
INFO 08-14 23:35:35 open_ai.py:352] async_send_request: prefill completed: req=40,replica_id=1
DEBUG 08-14 23:35:35 replica.py:146] complete_request_prefill: replica_id=[1], request=40, current_budget=30,last_prefill_completed_at=30615743.20142814,last_ttft=0.0682
DEBUG 08-14 23:35:35 replica.py:153] complete_request_prefill - replica_id=[1], request=40,self.replica_slo_budget-sum_pending_tokens==current_budget:True,1048576-0==1048576
INFO 08-14 23:35:35 shared.py:299] Adding task for request 43 to replica 3,session_id=43
DEBUG 08-14 23:35:35 replica.py:226] add_request - replica_id=[3], request=43,self.replica_slo_budget-sum_pending_tokens==current_budget:True,1048576-745==1047831
INFO 08-14 23:35:35 open_ai.py:115] async_send_request:request._id=43,session=43,https://uu722127-b80a-4e3f9d5d.cqa1.seetacloud.com:8443
DEBUG 08-14 23:35:35 open_ai.py:335] async_send_request: request finish prefill, 34
INFO 08-14 23:35:35 open_ai.py:352] async_send_request: prefill completed: req=34,replica_id=2
DEBUG 08-14 23:35:35 replica.py:146] complete_request_prefill: replica_id=[2], request=34, current_budget=12,last_prefill_completed_at=30615743.21958257,last_ttft=0.1977
DEBUG 08-14 23:35:35 replica.py:153] complete_request_prefill - replica_id=[2], request=34,self.replica_slo_budget-sum_pending_tokens==current_budget:True,1048576-31==1048545
DEBUG 08-14 23:35:35 replica.py:171] complete_request_decode:num_saved_toekens=16
DEBUG 08-14 23:35:35 open_ai.py:452] good request:https://u722127-8cb5-f6dc13db.nmb1.seetacloud.com:8443:good,request._id=10,input=170,output=6
DEBUG 08-14 23:35:35 metrics_store.py:131] update_metrics:request_id=10
DEBUG 08-14 23:35:35 shared.py:180] Removed task for request 10 on https://u722127-8cb5-f6dc13db.nmb1.seetacloud.com:8443
INFO 08-14 23:35:35 shared.py:299] Adding task for request 45 to replica 0,session_id=45
DEBUG 08-14 23:35:35 replica.py:226] add_request - replica_id=[0], request=45,self.replica_slo_budget-sum_pending_tokens==current_budget:True,1048576-91==1048485
INFO 08-14 23:35:35 open_ai.py:115] async_send_request:request._id=45,session=45,127.0.0.1:8000
INFO 08-14 23:35:35 shared.py:299] Adding task for request 44 to replica 4,session_id=44
DEBUG 08-14 23:35:35 replica.py:226] add_request - replica_id=[4], request=44,self.replica_slo_budget-sum_pending_tokens==current_budget:True,1048576-138==1048438
INFO 08-14 23:35:35 open_ai.py:115] async_send_request:request._id=44,session=44,https://u722127-8cb5-f6dc13db.nmb1.seetacloud.com:8443
INFO 08-14 23:35:35 shared.py:299] Adding task for request 46 to replica 1,session_id=46
DEBUG 08-14 23:35:35 replica.py:226] add_request - replica_id=[1], request=46,self.replica_slo_budget-sum_pending_tokens==current_budget:True,1048576-36==1048540
INFO 08-14 23:35:35 open_ai.py:115] async_send_request:request._id=46,session=46,127.0.0.1:8001
DEBUG 08-14 23:35:35 open_ai.py:335] async_send_request: request finish prefill, 45
INFO 08-14 23:35:35 open_ai.py:352] async_send_request: prefill completed: req=45,replica_id=0
DEBUG 08-14 23:35:35 replica.py:146] complete_request_prefill: replica_id=[0], request=45, current_budget=91,last_prefill_completed_at=30615743.278723545,last_ttft=0.042
DEBUG 08-14 23:35:35 replica.py:153] complete_request_prefill - replica_id=[0], request=45,self.replica_slo_budget-sum_pending_tokens==current_budget:True,1048576-0==1048576
DEBUG 08-14 23:35:35 replica.py:171] complete_request_decode:num_saved_toekens=16
DEBUG 08-14 23:35:35 open_ai.py:452] good request:127.0.0.1:8000:good,request._id=14,input=35,output=20
DEBUG 08-14 23:35:35 metrics_store.py:131] update_metrics:request_id=14
DEBUG 08-14 23:35:35 shared.py:180] Removed task for request 14 on 127.0.0.1:8000
DEBUG 08-14 23:35:35 open_ai.py:335] async_send_request: request finish prefill, 42
INFO 08-14 23:35:35 open_ai.py:352] async_send_request: prefill completed: req=42,replica_id=4
DEBUG 08-14 23:35:35 replica.py:146] complete_request_prefill: replica_id=[4], request=42, current_budget=52,last_prefill_completed_at=30615743.280747205,last_ttft=0.1357
DEBUG 08-14 23:35:35 replica.py:153] complete_request_prefill - replica_id=[4], request=42,self.replica_slo_budget-sum_pending_tokens==current_budget:True,1048576-86==1048490
INFO 08-14 23:35:35 shared.py:299] Adding task for request 48 to replica 3,session_id=48
DEBUG 08-14 23:35:35 replica.py:226] add_request - replica_id=[3], request=48,self.replica_slo_budget-sum_pending_tokens==current_budget:True,1048576-761==1047815
INFO 08-14 23:35:35 open_ai.py:115] async_send_request:request._id=48,session=48,https://uu722127-b80a-4e3f9d5d.cqa1.seetacloud.com:8443
INFO 08-14 23:35:35 shared.py:299] Adding task for request 47 to replica 0,session_id=47
DEBUG 08-14 23:35:35 replica.py:226] add_request - replica_id=[0], request=47,self.replica_slo_budget-sum_pending_tokens==current_budget:True,1048576-23==1048553
INFO 08-14 23:35:35 open_ai.py:115] async_send_request:request._id=47,session=47,127.0.0.1:8000
DEBUG 08-14 23:35:35 open_ai.py:335] async_send_request: request finish prefill, 39
INFO 08-14 23:35:35 open_ai.py:352] async_send_request: prefill completed: req=39,replica_id=3
DEBUG 08-14 23:35:35 replica.py:146] complete_request_prefill: replica_id=[3], request=39, current_budget=156,last_prefill_completed_at=30615743.294396173,last_ttft=0.1633
DEBUG 08-14 23:35:35 replica.py:153] complete_request_prefill - replica_id=[3], request=39,self.replica_slo_budget-sum_pending_tokens==current_budget:True,1048576-605==1047971
DEBUG 08-14 23:35:35 replica.py:171] complete_request_decode:num_saved_toekens=16
DEBUG 08-14 23:35:35 open_ai.py:452] good request:https://uu722127-b80a-4e3f9d5d.cqa1.seetacloud.com:8443:good,request._id=12,input=9,output=10
DEBUG 08-14 23:35:35 metrics_store.py:131] update_metrics:request_id=12
DEBUG 08-14 23:35:35 shared.py:180] Removed task for request 12 on https://uu722127-b80a-4e3f9d5d.cqa1.seetacloud.com:8443
DEBUG 08-14 23:35:35 open_ai.py:335] async_send_request: request finish prefill, 46
INFO 08-14 23:35:35 open_ai.py:352] async_send_request: prefill completed: req=46,replica_id=1
DEBUG 08-14 23:35:35 replica.py:146] complete_request_prefill: replica_id=[1], request=46, current_budget=36,last_prefill_completed_at=30615743.30350856,last_ttft=0.0521
DEBUG 08-14 23:35:35 replica.py:153] complete_request_prefill - replica_id=[1], request=46,self.replica_slo_budget-sum_pending_tokens==current_budget:True,1048576-0==1048576
DEBUG 08-14 23:35:35 replica.py:171] complete_request_decode:num_saved_toekens=32
DEBUG 08-14 23:35:35 open_ai.py:452] good request:127.0.0.1:8000:good,request._id=3,input=31,output=24
DEBUG 08-14 23:35:35 metrics_store.py:131] update_metrics:request_id=3
DEBUG 08-14 23:35:35 shared.py:180] Removed task for request 3 on 127.0.0.1:8000
INFO 08-14 23:35:35 shared.py:299] Adding task for request 49 to replica 2,session_id=49
DEBUG 08-14 23:35:35 replica.py:226] add_request - replica_id=[2], request=49,self.replica_slo_budget-sum_pending_tokens==current_budget:True,1048576-253==1048323
INFO 08-14 23:35:35 open_ai.py:115] async_send_request:request._id=49,session=49,https://u722127-b80a-4e3f9d5d.cqa1.seetacloud.com:8443
DEBUG 08-14 23:35:35 replica.py:171] complete_request_decode:num_saved_toekens=16
DEBUG 08-14 23:35:35 open_ai.py:452] good request:https://u722127-b80a-4e3f9d5d.cqa1.seetacloud.com:8443:good,request._id=22,input=183,output=9
DEBUG 08-14 23:35:35 metrics_store.py:131] update_metrics:request_id=22
DEBUG 08-14 23:35:35 open_ai.py:335] async_send_request: request finish prefill, 44
INFO 08-14 23:35:35 open_ai.py:352] async_send_request: prefill completed: req=44,replica_id=4
DEBUG 08-14 23:35:35 replica.py:146] complete_request_prefill: replica_id=[4], request=44, current_budget=86,last_prefill_completed_at=30615743.330803424,last_ttft=0.1075
DEBUG 08-14 23:35:35 replica.py:153] complete_request_prefill - replica_id=[4], request=44,self.replica_slo_budget-sum_pending_tokens==current_budget:True,1048576-0==1048576
DEBUG 08-14 23:35:35 shared.py:180] Removed task for request 22 on https://u722127-b80a-4e3f9d5d.cqa1.seetacloud.com:8443
DEBUG 08-14 23:35:35 open_ai.py:335] async_send_request: request finish prefill, 38
INFO 08-14 23:35:35 open_ai.py:352] async_send_request: prefill completed: req=38,replica_id=3
DEBUG 08-14 23:35:35 replica.py:146] complete_request_prefill: replica_id=[3], request=38, current_budget=550,last_prefill_completed_at=30615743.332698643,last_ttft=0.2046
DEBUG 08-14 23:35:35 replica.py:153] complete_request_prefill - replica_id=[3], request=38,self.replica_slo_budget-sum_pending_tokens==current_budget:True,1048576-55==1048521
DEBUG 08-14 23:35:35 open_ai.py:335] async_send_request: request finish prefill, 47
INFO 08-14 23:35:35 open_ai.py:352] async_send_request: prefill completed: req=47,replica_id=0
DEBUG 08-14 23:35:35 replica.py:146] complete_request_prefill: replica_id=[0], request=47, current_budget=23,last_prefill_completed_at=30615743.33454134,last_ttft=0.0592
DEBUG 08-14 23:35:35 replica.py:153] complete_request_prefill - replica_id=[0], request=47,self.replica_slo_budget-sum_pending_tokens==current_budget:True,1048576-0==1048576
INFO 08-14 23:35:35 shared.py:299] Adding task for request 50 to replica 1,session_id=50
DEBUG 08-14 23:35:35 replica.py:226] add_request - replica_id=[1], request=50,self.replica_slo_budget-sum_pending_tokens==current_budget:True,1048576-37==1048539
INFO 08-14 23:35:35 open_ai.py:115] async_send_request:request._id=50,session=50,127.0.0.1:8001
DEBUG 08-14 23:35:35 replica.py:171] complete_request_decode:num_saved_toekens=16
INFO 08-14 23:35:35 shared.py:299] Adding task for request 51 to replica 4,session_id=51
DEBUG 08-14 23:35:35 replica.py:226] add_request - replica_id=[4], request=51,self.replica_slo_budget-sum_pending_tokens==current_budget:True,1048576-39==1048537
INFO 08-14 23:35:35 open_ai.py:115] async_send_request:request._id=51,session=51,https://u722127-8cb5-f6dc13db.nmb1.seetacloud.com:8443
DEBUG 08-14 23:35:35 open_ai.py:452] good request:https://u722127-8cb5-f6dc13db.nmb1.seetacloud.com:8443:good,request._id=15,input=10,output=12
DEBUG 08-14 23:35:35 metrics_store.py:131] update_metrics:request_id=15
DEBUG 08-14 23:35:35 shared.py:180] Removed task for request 15 on https://u722127-8cb5-f6dc13db.nmb1.seetacloud.com:8443
INFO 08-14 23:35:35 shared.py:299] Adding task for request 54 to replica 0,session_id=54
DEBUG 08-14 23:35:35 replica.py:226] add_request - replica_id=[0], request=54,self.replica_slo_budget-sum_pending_tokens==current_budget:True,1048576-21==1048555
INFO 08-14 23:35:35 open_ai.py:115] async_send_request:request._id=54,session=54,127.0.0.1:8000
DEBUG 08-14 23:35:35 replica.py:171] complete_request_decode:num_saved_toekens=16
DEBUG 08-14 23:35:35 open_ai.py:452] good request:127.0.0.1:8001:good,request._id=4,input=18,output=22
DEBUG 08-14 23:35:35 metrics_store.py:131] update_metrics:request_id=4
DEBUG 08-14 23:35:35 replica.py:171] complete_request_decode:num_saved_toekens=16
DEBUG 08-14 23:35:35 open_ai.py:452] good request:127.0.0.1:8001:good,request._id=31,input=1227,output=14
DEBUG 08-14 23:35:35 metrics_store.py:131] update_metrics:request_id=31
DEBUG 08-14 23:35:35 shared.py:180] Removed task for request 4 on 127.0.0.1:8001
DEBUG 08-14 23:35:35 shared.py:180] Removed task for request 31 on 127.0.0.1:8001
INFO 08-14 23:35:35 shared.py:299] Adding task for request 52 to replica 2,session_id=52
DEBUG 08-14 23:35:35 replica.py:226] add_request - replica_id=[2], request=52,self.replica_slo_budget-sum_pending_tokens==current_budget:True,1048576-297==1048279
INFO 08-14 23:35:35 open_ai.py:115] async_send_request:request._id=52,session=52,https://u722127-b80a-4e3f9d5d.cqa1.seetacloud.com:8443
INFO 08-14 23:35:35 shared.py:299] Adding task for request 53 to replica 0,session_id=53
DEBUG 08-14 23:35:35 replica.py:226] add_request - replica_id=[0], request=53,self.replica_slo_budget-sum_pending_tokens==current_budget:True,1048576-30==1048546
INFO 08-14 23:35:35 open_ai.py:115] async_send_request:request._id=53,session=53,127.0.0.1:8000
INFO 08-14 23:35:35 shared.py:299] Adding task for request 55 to replica 2,session_id=55
DEBUG 08-14 23:35:35 replica.py:226] add_request - replica_id=[2], request=55,self.replica_slo_budget-sum_pending_tokens==current_budget:True,1048576-340==1048236
INFO 08-14 23:35:35 open_ai.py:115] async_send_request:request._id=55,session=55,https://u722127-b80a-4e3f9d5d.cqa1.seetacloud.com:8443
DEBUG 08-14 23:35:35 replica.py:171] complete_request_decode:num_saved_toekens=16
DEBUG 08-14 23:35:35 open_ai.py:452] good request:https://u722127-b80a-4e3f9d5d.cqa1.seetacloud.com:8443:good,request._id=0,input=18,output=17
DEBUG 08-14 23:35:35 metrics_store.py:131] update_metrics:request_id=0
DEBUG 08-14 23:35:35 shared.py:180] Removed task for request 0 on https://u722127-b80a-4e3f9d5d.cqa1.seetacloud.com:8443
DEBUG 08-14 23:35:35 open_ai.py:335] async_send_request: request finish prefill, 50
INFO 08-14 23:35:35 open_ai.py:352] async_send_request: prefill completed: req=50,replica_id=1
DEBUG 08-14 23:35:35 replica.py:146] complete_request_prefill: replica_id=[1], request=50, current_budget=37,last_prefill_completed_at=30615743.390769623,last_ttft=0.0467
DEBUG 08-14 23:35:35 replica.py:153] complete_request_prefill - replica_id=[1], request=50,self.replica_slo_budget-sum_pending_tokens==current_budget:True,1048576-0==1048576
DEBUG 08-14 23:35:35 replica.py:171] complete_request_decode:num_saved_toekens=16
DEBUG 08-14 23:35:35 open_ai.py:335] async_send_request: request finish prefill, 43
INFO 08-14 23:35:35 open_ai.py:352] async_send_request: prefill completed: req=43,replica_id=3
DEBUG 08-14 23:35:35 replica.py:146] complete_request_prefill: replica_id=[3], request=43, current_budget=39,last_prefill_completed_at=30615743.39205119,last_ttft=0.1836
DEBUG 08-14 23:35:35 replica.py:153] complete_request_prefill - replica_id=[3], request=43,self.replica_slo_budget-sum_pending_tokens==current_budget:True,1048576-16==1048560
DEBUG 08-14 23:35:35 open_ai.py:452] good request:https://uu722127-b80a-4e3f9d5d.cqa1.seetacloud.com:8443:good,request._id=5,input=36,output=18
DEBUG 08-14 23:35:35 metrics_store.py:131] update_metrics:request_id=5
DEBUG 08-14 23:35:35 shared.py:180] Removed task for request 5 on https://uu722127-b80a-4e3f9d5d.cqa1.seetacloud.com:8443
INFO 08-14 23:35:35 shared.py:299] Adding task for request 57 to replica 2,session_id=57
DEBUG 08-14 23:35:35 replica.py:226] add_request - replica_id=[2], request=57,self.replica_slo_budget-sum_pending_tokens==current_budget:True,1048576-571==1048005
INFO 08-14 23:35:35 open_ai.py:115] async_send_request:request._id=57,session=57,https://u722127-b80a-4e3f9d5d.cqa1.seetacloud.com:8443
INFO 08-14 23:35:35 shared.py:299] Adding task for request 56 to replica 3,session_id=56
DEBUG 08-14 23:35:35 replica.py:226] add_request - replica_id=[3], request=56,self.replica_slo_budget-sum_pending_tokens==current_budget:True,1048576-72==1048504
INFO 08-14 23:35:35 open_ai.py:115] async_send_request:request._id=56,session=56,https://uu722127-b80a-4e3f9d5d.cqa1.seetacloud.com:8443
DEBUG 08-14 23:35:35 open_ai.py:335] async_send_request: request finish prefill, 54
INFO 08-14 23:35:35 open_ai.py:352] async_send_request: prefill completed: req=54,replica_id=0
DEBUG 08-14 23:35:35 replica.py:146] complete_request_prefill: replica_id=[0], request=54, current_budget=21,last_prefill_completed_at=30615743.405545745,last_ttft=0.0471
DEBUG 08-14 23:35:35 replica.py:153] complete_request_prefill - replica_id=[0], request=54,self.replica_slo_budget-sum_pending_tokens==current_budget:True,1048576-9==1048567
INFO 08-14 23:35:35 shared.py:299] Adding task for request 58 to replica 1,session_id=58
DEBUG 08-14 23:35:35 replica.py:226] add_request - replica_id=[1], request=58,self.replica_slo_budget-sum_pending_tokens==current_budget:True,1048576-16==1048560
INFO 08-14 23:35:35 open_ai.py:115] async_send_request:request._id=58,session=58,127.0.0.1:8001
DEBUG 08-14 23:35:35 open_ai.py:335] async_send_request: request finish prefill, 53
INFO 08-14 23:35:35 open_ai.py:352] async_send_request: prefill completed: req=53,replica_id=0
DEBUG 08-14 23:35:35 replica.py:146] complete_request_prefill: replica_id=[0], request=53, current_budget=9,last_prefill_completed_at=30615743.424239278,last_ttft=0.066
DEBUG 08-14 23:35:35 replica.py:153] complete_request_prefill - replica_id=[0], request=53,self.replica_slo_budget-sum_pending_tokens==current_budget:True,1048576-0==1048576
INFO 08-14 23:35:35 shared.py:299] Adding task for request 59 to replica 1,session_id=59
DEBUG 08-14 23:35:35 replica.py:226] add_request - replica_id=[1], request=59,self.replica_slo_budget-sum_pending_tokens==current_budget:True,1048576-268==1048308
INFO 08-14 23:35:35 open_ai.py:115] async_send_request:request._id=59,session=59,127.0.0.1:8001
DEBUG 08-14 23:35:35 replica.py:171] complete_request_decode:num_saved_toekens=16
DEBUG 08-14 23:35:35 open_ai.py:452] good request:https://u722127-8cb5-f6dc13db.nmb1.seetacloud.com:8443:good,request._id=36,input=9,output=10
DEBUG 08-14 23:35:35 metrics_store.py:131] update_metrics:request_id=36
DEBUG 08-14 23:35:35 shared.py:180] Removed task for request 36 on https://u722127-8cb5-f6dc13db.nmb1.seetacloud.com:8443
INFO 08-14 23:35:35 shared.py:299] Adding task for request 60 to replica 3,session_id=60
DEBUG 08-14 23:35:35 replica.py:226] add_request - replica_id=[3], request=60,self.replica_slo_budget-sum_pending_tokens==current_budget:True,1048576-143==1048433
INFO 08-14 23:35:35 open_ai.py:115] async_send_request:request._id=60,session=60,https://uu722127-b80a-4e3f9d5d.cqa1.seetacloud.com:8443
DEBUG 08-14 23:35:35 open_ai.py:335] async_send_request: request finish prefill, 58
INFO 08-14 23:35:35 open_ai.py:352] async_send_request: prefill completed: req=58,replica_id=1
DEBUG 08-14 23:35:35 replica.py:146] complete_request_prefill: replica_id=[1], request=58, current_budget=16,last_prefill_completed_at=30615743.451805636,last_ttft=0.0448
DEBUG 08-14 23:35:35 replica.py:153] complete_request_prefill - replica_id=[1], request=58,self.replica_slo_budget-sum_pending_tokens==current_budget:True,1048576-252==1048324
DEBUG 08-14 23:35:35 open_ai.py:335] async_send_request: request finish prefill, 48
INFO 08-14 23:35:35 open_ai.py:352] async_send_request: prefill completed: req=48,replica_id=3
DEBUG 08-14 23:35:35 replica.py:146] complete_request_prefill: replica_id=[3], request=48, current_budget=16,last_prefill_completed_at=30615743.469847,last_ttft=0.1872
DEBUG 08-14 23:35:35 replica.py:153] complete_request_prefill - replica_id=[3], request=48,self.replica_slo_budget-sum_pending_tokens==current_budget:True,1048576-127==1048449
DEBUG 08-14 23:35:35 replica.py:171] complete_request_decode:num_saved_toekens=0
DEBUG 08-14 23:35:35 open_ai.py:452] good request:https://uu722127-b80a-4e3f9d5d.cqa1.seetacloud.com:8443:good,request._id=38,input=550,output=8
DEBUG 08-14 23:35:35 metrics_store.py:131] update_metrics:request_id=38
DEBUG 08-14 23:35:35 shared.py:180] Removed task for request 38 on https://uu722127-b80a-4e3f9d5d.cqa1.seetacloud.com:8443
DEBUG 08-14 23:35:35 open_ai.py:335] async_send_request: request finish prefill, 51
INFO 08-14 23:35:35 open_ai.py:352] async_send_request: prefill completed: req=51,replica_id=4
DEBUG 08-14 23:35:35 replica.py:146] complete_request_prefill: replica_id=[4], request=51, current_budget=39,last_prefill_completed_at=30615743.47214796,last_ttft=0.1237
DEBUG 08-14 23:35:35 replica.py:153] complete_request_prefill - replica_id=[4], request=51,self.replica_slo_budget-sum_pending_tokens==current_budget:True,1048576-0==1048576
DEBUG 08-14 23:35:35 open_ai.py:335] async_send_request: request finish prefill, 59
INFO 08-14 23:35:35 open_ai.py:352] async_send_request: prefill completed: req=59,replica_id=1
DEBUG 08-14 23:35:35 replica.py:146] complete_request_prefill: replica_id=[1], request=59, current_budget=252,last_prefill_completed_at=30615743.476264887,last_ttft=0.0676
DEBUG 08-14 23:35:35 replica.py:153] complete_request_prefill - replica_id=[1], request=59,self.replica_slo_budget-sum_pending_tokens==current_budget:True,1048576-0==1048576
INFO 08-14 23:35:35 shared.py:299] Adding task for request 61 to replica 4,session_id=61
DEBUG 08-14 23:35:35 replica.py:226] add_request - replica_id=[4], request=61,self.replica_slo_budget-sum_pending_tokens==current_budget:True,1048576-459==1048117
INFO 08-14 23:35:35 open_ai.py:115] async_send_request:request._id=61,session=61,https://u722127-8cb5-f6dc13db.nmb1.seetacloud.com:8443
DEBUG 08-14 23:35:35 replica.py:171] complete_request_decode:num_saved_toekens=16
DEBUG 08-14 23:35:35 open_ai.py:452] good request:127.0.0.1:8000:good,request._id=41,input=12,output=18
DEBUG 08-14 23:35:35 metrics_store.py:131] update_metrics:request_id=41
DEBUG 08-14 23:35:35 shared.py:180] Removed task for request 41 on 127.0.0.1:8000
DEBUG 08-14 23:35:35 open_ai.py:335] async_send_request: request finish prefill, 52
INFO 08-14 23:35:35 open_ai.py:352] async_send_request: prefill completed: req=52,replica_id=2
DEBUG 08-14 23:35:35 replica.py:146] complete_request_prefill: replica_id=[2], request=52, current_budget=44,last_prefill_completed_at=30615743.494664636,last_ttft=0.1416
DEBUG 08-14 23:35:35 replica.py:153] complete_request_prefill - replica_id=[2], request=52,self.replica_slo_budget-sum_pending_tokens==current_budget:True,1048576-527==1048049
DEBUG 08-14 23:35:35 replica.py:171] complete_request_decode:num_saved_toekens=16
DEBUG 08-14 23:35:35 open_ai.py:452] good request:127.0.0.1:8001:good,request._id=37,input=442,output=19
DEBUG 08-14 23:35:35 metrics_store.py:131] update_metrics:request_id=37
DEBUG 08-14 23:35:35 shared.py:180] Removed task for request 37 on 127.0.0.1:8001
INFO 08-14 23:35:35 shared.py:299] Adding task for request 62 to replica 4,session_id=62
DEBUG 08-14 23:35:35 replica.py:226] add_request - replica_id=[4], request=62,self.replica_slo_budget-sum_pending_tokens==current_budget:True,1048576-545==1048031
INFO 08-14 23:35:35 open_ai.py:115] async_send_request:request._id=62,session=62,https://u722127-8cb5-f6dc13db.nmb1.seetacloud.com:8443
INFO 08-14 23:35:35 shared.py:299] Adding task for request 63 to replica 0,session_id=63
DEBUG 08-14 23:35:35 replica.py:226] add_request - replica_id=[0], request=63,self.replica_slo_budget-sum_pending_tokens==current_budget:True,1048576-34==1048542
INFO 08-14 23:35:35 open_ai.py:115] async_send_request:request._id=63,session=63,127.0.0.1:8000
DEBUG 08-14 23:35:35 replica.py:171] complete_request_decode:num_saved_toekens=32
DEBUG 08-14 23:35:35 open_ai.py:452] good request:https://u722127-b80a-4e3f9d5d.cqa1.seetacloud.com:8443:good,request._id=1,input=203,output=22
DEBUG 08-14 23:35:35 metrics_store.py:131] update_metrics:request_id=1
DEBUG 08-14 23:35:35 open_ai.py:335] async_send_request: request finish prefill, 56
INFO 08-14 23:35:35 open_ai.py:352] async_send_request: prefill completed: req=56,replica_id=3
DEBUG 08-14 23:35:35 replica.py:146] complete_request_prefill: replica_id=[3], request=56, current_budget=56,last_prefill_completed_at=30615743.500989582,last_ttft=0.1132
DEBUG 08-14 23:35:35 replica.py:153] complete_request_prefill - replica_id=[3], request=56,self.replica_slo_budget-sum_pending_tokens==current_budget:True,1048576-71==1048505
DEBUG 08-14 23:35:35 shared.py:180] Removed task for request 1 on https://u722127-b80a-4e3f9d5d.cqa1.seetacloud.com:8443
INFO 08-14 23:35:35 shared.py:299] Adding task for request 64 to replica 2,session_id=64
DEBUG 08-14 23:35:35 replica.py:226] add_request - replica_id=[2], request=64,self.replica_slo_budget-sum_pending_tokens==current_budget:True,1048576-555==1048021
INFO 08-14 23:35:35 open_ai.py:115] async_send_request:request._id=64,session=64,https://u722127-b80a-4e3f9d5d.cqa1.seetacloud.com:8443
INFO 08-14 23:35:35 shared.py:299] Adding task for request 65 to replica 1,session_id=65
DEBUG 08-14 23:35:35 replica.py:226] add_request - replica_id=[1], request=65,self.replica_slo_budget-sum_pending_tokens==current_budget:True,1048576-36==1048540
INFO 08-14 23:35:35 open_ai.py:115] async_send_request:request._id=65,session=65,127.0.0.1:8001
INFO 08-14 23:35:35 shared.py:299] Adding task for request 70 to replica 0,session_id=70
DEBUG 08-14 23:35:35 replica.py:226] add_request - replica_id=[0], request=70,self.replica_slo_budget-sum_pending_tokens==current_budget:True,1048576-153==1048423
INFO 08-14 23:35:35 open_ai.py:115] async_send_request:request._id=70,session=70,127.0.0.1:8000
INFO 08-14 23:35:35 shared.py:299] Adding task for request 68 to replica 0,session_id=68
DEBUG 08-14 23:35:35 replica.py:226] add_request - replica_id=[0], request=68,self.replica_slo_budget-sum_pending_tokens==current_budget:True,1048576-172==1048404
INFO 08-14 23:35:35 shared.py:299] Adding task for request 67 to replica 3,session_id=67
DEBUG 08-14 23:35:35 replica.py:226] add_request - replica_id=[3], request=67,self.replica_slo_budget-sum_pending_tokens==current_budget:True,1048576-138==1048438
INFO 08-14 23:35:35 shared.py:299] Adding task for request 66 to replica 4,session_id=66
DEBUG 08-14 23:35:35 replica.py:226] add_request - replica_id=[4], request=66,self.replica_slo_budget-sum_pending_tokens==current_budget:True,1048576-585==1047991
INFO 08-14 23:35:35 open_ai.py:115] async_send_request:request._id=68,session=68,127.0.0.1:8000
INFO 08-14 23:35:35 open_ai.py:115] async_send_request:request._id=67,session=67,https://uu722127-b80a-4e3f9d5d.cqa1.seetacloud.com:8443
INFO 08-14 23:35:35 open_ai.py:115] async_send_request:request._id=66,session=66,https://u722127-8cb5-f6dc13db.nmb1.seetacloud.com:8443
DEBUG 08-14 23:35:35 replica.py:171] complete_request_decode:num_saved_toekens=16
DEBUG 08-14 23:35:35 open_ai.py:452] good request:https://u722127-b80a-4e3f9d5d.cqa1.seetacloud.com:8443:good,request._id=24,input=93,output=18
DEBUG 08-14 23:35:35 metrics_store.py:131] update_metrics:request_id=24
DEBUG 08-14 23:35:35 shared.py:180] Removed task for request 24 on https://u722127-b80a-4e3f9d5d.cqa1.seetacloud.com:8443
INFO 08-14 23:35:35 shared.py:299] Adding task for request 69 to replica 0,session_id=69
DEBUG 08-14 23:35:35 replica.py:226] add_request - replica_id=[0], request=69,self.replica_slo_budget-sum_pending_tokens==current_budget:True,1048576-647==1047929
INFO 08-14 23:35:35 open_ai.py:115] async_send_request:request._id=69,session=69,127.0.0.1:8000
DEBUG 08-14 23:35:35 open_ai.py:335] async_send_request: request finish prefill, 49
INFO 08-14 23:35:35 open_ai.py:352] async_send_request: prefill completed: req=49,replica_id=2
DEBUG 08-14 23:35:35 replica.py:146] complete_request_prefill: replica_id=[2], request=49, current_budget=222,last_prefill_completed_at=30615743.53972364,last_ttft=0.2293
DEBUG 08-14 23:35:35 replica.py:153] complete_request_prefill - replica_id=[2], request=49,self.replica_slo_budget-sum_pending_tokens==current_budget:True,1048576-333==1048243
INFO 08-14 23:35:35 shared.py:299] Adding task for request 72 to replica 2,session_id=72
DEBUG 08-14 23:35:35 replica.py:226] add_request - replica_id=[2], request=72,self.replica_slo_budget-sum_pending_tokens==current_budget:True,1048576-420==1048156
INFO 08-14 23:35:35 shared.py:299] Adding task for request 73 to replica 2,session_id=73
DEBUG 08-14 23:35:35 replica.py:226] add_request - replica_id=[2], request=73,self.replica_slo_budget-sum_pending_tokens==current_budget:True,1048576-493==1048083
INFO 08-14 23:35:35 shared.py:299] Adding task for request 71 to replica 3,session_id=71
DEBUG 08-14 23:35:35 replica.py:226] add_request - replica_id=[3], request=71,self.replica_slo_budget-sum_pending_tokens==current_budget:True,1048576-147==1048429
INFO 08-14 23:35:35 open_ai.py:115] async_send_request:request._id=72,session=72,https://u722127-b80a-4e3f9d5d.cqa1.seetacloud.com:8443
INFO 08-14 23:35:35 open_ai.py:115] async_send_request:request._id=73,session=73,https://u722127-b80a-4e3f9d5d.cqa1.seetacloud.com:8443
INFO 08-14 23:35:35 open_ai.py:115] async_send_request:request._id=71,session=71,https://uu722127-b80a-4e3f9d5d.cqa1.seetacloud.com:8443
DEBUG 08-14 23:35:35 open_ai.py:335] async_send_request: request finish prefill, 57
INFO 08-14 23:35:35 open_ai.py:352] async_send_request: prefill completed: req=57,replica_id=2
DEBUG 08-14 23:35:35 replica.py:146] complete_request_prefill: replica_id=[2], request=57, current_budget=231,last_prefill_completed_at=30615743.542566665,last_ttft=0.1485
DEBUG 08-14 23:35:35 replica.py:153] complete_request_prefill - replica_id=[2], request=57,self.replica_slo_budget-sum_pending_tokens==current_budget:True,1048576-262==1048314
DEBUG 08-14 23:35:35 replica.py:171] complete_request_decode:num_saved_toekens=16
DEBUG 08-14 23:35:35 open_ai.py:452] good request:https://uu722127-b80a-4e3f9d5d.cqa1.seetacloud.com:8443:good,request._id=43,input=39,output=9
DEBUG 08-14 23:35:35 metrics_store.py:131] update_metrics:request_id=43
DEBUG 08-14 23:35:35 open_ai.py:335] async_send_request: request finish prefill, 60
INFO 08-14 23:35:35 open_ai.py:352] async_send_request: prefill completed: req=60,replica_id=3
DEBUG 08-14 23:35:35 replica.py:146] complete_request_prefill: replica_id=[3], request=60, current_budget=71,last_prefill_completed_at=30615743.544342805,last_ttft=0.1105
DEBUG 08-14 23:35:35 replica.py:153] complete_request_prefill - replica_id=[3], request=60,self.replica_slo_budget-sum_pending_tokens==current_budget:True,1048576-76==1048500
INFO 08-14 23:35:35 shared.py:299] Adding task for request 74 to replica 3,session_id=74
DEBUG 08-14 23:35:35 replica.py:226] add_request - replica_id=[3], request=74,self.replica_slo_budget-sum_pending_tokens==current_budget:True,1048576-87==1048489
INFO 08-14 23:35:35 open_ai.py:115] async_send_request:request._id=74,session=74,https://uu722127-b80a-4e3f9d5d.cqa1.seetacloud.com:8443
DEBUG 08-14 23:35:35 shared.py:180] Removed task for request 43 on https://uu722127-b80a-4e3f9d5d.cqa1.seetacloud.com:8443
DEBUG 08-14 23:35:35 replica.py:171] complete_request_decode:num_saved_toekens=16
DEBUG 08-14 23:35:35 open_ai.py:452] good request:https://u722127-8cb5-f6dc13db.nmb1.seetacloud.com:8443:good,request._id=23,input=35,output=18
DEBUG 08-14 23:35:35 metrics_store.py:131] update_metrics:request_id=23
DEBUG 08-14 23:35:35 shared.py:180] Removed task for request 23 on https://u722127-8cb5-f6dc13db.nmb1.seetacloud.com:8443
INFO 08-14 23:35:35 shared.py:299] Adding task for request 75 to replica 1,session_id=75
DEBUG 08-14 23:35:35 replica.py:226] add_request - replica_id=[1], request=75,self.replica_slo_budget-sum_pending_tokens==current_budget:True,1048576-435==1048141
INFO 08-14 23:35:35 open_ai.py:115] async_send_request:request._id=75,session=75,127.0.0.1:8001
INFO 08-14 23:35:35 shared.py:299] Adding task for request 76 to replica 4,session_id=76
DEBUG 08-14 23:35:35 replica.py:226] add_request - replica_id=[4], request=76,self.replica_slo_budget-sum_pending_tokens==current_budget:True,1048576-608==1047968
INFO 08-14 23:35:35 open_ai.py:115] async_send_request:request._id=76,session=76,https://u722127-8cb5-f6dc13db.nmb1.seetacloud.com:8443
DEBUG 08-14 23:35:35 replica.py:171] complete_request_decode:num_saved_toekens=32
DEBUG 08-14 23:35:35 open_ai.py:452] good request:https://uu722127-b80a-4e3f9d5d.cqa1.seetacloud.com:8443:good,request._id=2,input=60,output=24
DEBUG 08-14 23:35:35 metrics_store.py:131] update_metrics:request_id=2
DEBUG 08-14 23:35:35 shared.py:180] Removed task for request 2 on https://uu722127-b80a-4e3f9d5d.cqa1.seetacloud.com:8443
INFO 08-14 23:35:35 shared.py:299] Adding task for request 79 to replica 4,session_id=79
DEBUG 08-14 23:35:35 replica.py:226] add_request - replica_id=[4], request=79,self.replica_slo_budget-sum_pending_tokens==current_budget:True,1048576-719==1047857
INFO 08-14 23:35:35 open_ai.py:115] async_send_request:request._id=79,session=79,https://u722127-8cb5-f6dc13db.nmb1.seetacloud.com:8443
DEBUG 08-14 23:35:35 open_ai.py:335] async_send_request: request finish prefill, 63
INFO 08-14 23:35:35 open_ai.py:352] async_send_request: prefill completed: req=63,replica_id=0
DEBUG 08-14 23:35:35 replica.py:146] complete_request_prefill: replica_id=[0], request=63, current_budget=34,last_prefill_completed_at=30615743.56891174,last_ttft=0.071
DEBUG 08-14 23:35:35 replica.py:153] complete_request_prefill - replica_id=[0], request=63,self.replica_slo_budget-sum_pending_tokens==current_budget:True,1048576-613==1047963
DEBUG 08-14 23:35:35 open_ai.py:335] async_send_request: request finish prefill, 65
INFO 08-14 23:35:35 open_ai.py:352] async_send_request: prefill completed: req=65,replica_id=1
DEBUG 08-14 23:35:35 replica.py:146] complete_request_prefill: replica_id=[1], request=65, current_budget=36,last_prefill_completed_at=30615743.569915596,last_ttft=0.0622
DEBUG 08-14 23:35:35 replica.py:153] complete_request_prefill - replica_id=[1], request=65,self.replica_slo_budget-sum_pending_tokens==current_budget:True,1048576-399==1048177
DEBUG 08-14 23:35:35 open_ai.py:335] async_send_request: request finish prefill, 28
INFO 08-14 23:35:35 open_ai.py:352] async_send_request: prefill completed: req=28,replica_id=2
DEBUG 08-14 23:35:35 replica.py:146] complete_request_prefill: replica_id=[2], request=28, current_budget=31,last_prefill_completed_at=30615743.57084558,last_ttft=0.5836
DEBUG 08-14 23:35:35 replica.py:153] complete_request_prefill - replica_id=[2], request=28,self.replica_slo_budget-sum_pending_tokens==current_budget:True,1048576-231==1048345
DEBUG 08-14 23:35:35 open_ai.py:335] async_send_request: request finish prefill, 55
INFO 08-14 23:35:35 open_ai.py:352] async_send_request: prefill completed: req=55,replica_id=2
DEBUG 08-14 23:35:35 replica.py:146] complete_request_prefill: replica_id=[2], request=55, current_budget=43,last_prefill_completed_at=30615743.572087854,last_ttft=0.2107
DEBUG 08-14 23:35:35 replica.py:153] complete_request_prefill - replica_id=[2], request=55,self.replica_slo_budget-sum_pending_tokens==current_budget:True,1048576-188==1048388
DEBUG 08-14 23:35:35 replica.py:171] complete_request_decode:num_saved_toekens=16
INFO 08-14 23:35:35 shared.py:299] Adding task for request 77 to replica 0,session_id=77
DEBUG 08-14 23:35:35 replica.py:226] add_request - replica_id=[0], request=77,self.replica_slo_budget-sum_pending_tokens==current_budget:True,1048576-658==1047918
INFO 08-14 23:35:35 open_ai.py:115] async_send_request:request._id=77,session=77,127.0.0.1:8000
INFO 08-14 23:35:35 shared.py:299] Adding task for request 78 to replica 2,session_id=78
DEBUG 08-14 23:35:35 replica.py:226] add_request - replica_id=[2], request=78,self.replica_slo_budget-sum_pending_tokens==current_budget:True,1048576-294==1048282
INFO 08-14 23:35:35 open_ai.py:115] async_send_request:request._id=78,session=78,https://u722127-b80a-4e3f9d5d.cqa1.seetacloud.com:8443
DEBUG 08-14 23:35:35 open_ai.py:452] good request:https://u722127-8cb5-f6dc13db.nmb1.seetacloud.com:8443:good,request._id=30,input=80,output=18
DEBUG 08-14 23:35:35 replica.py:171] complete_request_decode:num_saved_toekens=0
DEBUG 08-14 23:35:35 open_ai.py:452] good request:https://u722127-b80a-4e3f9d5d.cqa1.seetacloud.com:8443:good,request._id=57,input=231,output=4
DEBUG 08-14 23:35:35 open_ai.py:335] async_send_request: request finish prefill, 70
INFO 08-14 23:35:35 open_ai.py:352] async_send_request: prefill completed: req=70,replica_id=0
DEBUG 08-14 23:35:35 replica.py:146] complete_request_prefill: replica_id=[0], request=70, current_budget=119,last_prefill_completed_at=30615743.582295187,last_ttft=0.0646
DEBUG 08-14 23:35:35 replica.py:153] complete_request_prefill - replica_id=[0], request=70,self.replica_slo_budget-sum_pending_tokens==current_budget:True,1048576-539==1048037
DEBUG 08-14 23:35:35 replica.py:171] complete_request_decode:num_saved_toekens=16
DEBUG 08-14 23:35:35 open_ai.py:452] good request:127.0.0.1:8000:good,request._id=53,input=9,output=10
DEBUG 08-14 23:35:35 replica.py:171] complete_request_decode:num_saved_toekens=16
DEBUG 08-14 23:35:35 open_ai.py:452] good request:127.0.0.1:8000:good,request._id=45,input=91,output=18
DEBUG 08-14 23:35:35 open_ai.py:335] async_send_request: request finish prefill, 68
INFO 08-14 23:35:35 open_ai.py:352] async_send_request: prefill completed: req=68,replica_id=0
DEBUG 08-14 23:35:35 replica.py:146] complete_request_prefill: replica_id=[0], request=68, current_budget=19,last_prefill_completed_at=30615743.601628445,last_ttft=0.0896
DEBUG 08-14 23:35:35 replica.py:153] complete_request_prefill - replica_id=[0], request=68,self.replica_slo_budget-sum_pending_tokens==current_budget:True,1048576-520==1048056
DEBUG 08-14 23:35:35 open_ai.py:335] async_send_request: request finish prefill, 69
INFO 08-14 23:35:35 open_ai.py:352] async_send_request: prefill completed: req=69,replica_id=0
DEBUG 08-14 23:35:35 replica.py:146] complete_request_prefill: replica_id=[0], request=69, current_budget=475,last_prefill_completed_at=30615743.601940207,last_ttft=0.0854
DEBUG 08-14 23:35:35 replica.py:153] complete_request_prefill - replica_id=[0], request=69,self.replica_slo_budget-sum_pending_tokens==current_budget:True,1048576-45==1048531
DEBUG 08-14 23:35:35 open_ai.py:335] async_send_request: request finish prefill, 64
INFO 08-14 23:35:35 open_ai.py:352] async_send_request: prefill completed: req=64,replica_id=2
DEBUG 08-14 23:35:35 replica.py:146] complete_request_prefill: replica_id=[2], request=64, current_budget=28,last_prefill_completed_at=30615743.60265608,last_ttft=0.0964
DEBUG 08-14 23:35:35 replica.py:153] complete_request_prefill - replica_id=[2], request=64,self.replica_slo_budget-sum_pending_tokens==current_budget:True,1048576-266==1048310
DEBUG 08-14 23:35:35 open_ai.py:335] async_send_request: request finish prefill, 75
INFO 08-14 23:35:35 open_ai.py:352] async_send_request: prefill completed: req=75,replica_id=1
DEBUG 08-14 23:35:35 replica.py:146] complete_request_prefill: replica_id=[1], request=75, current_budget=399,last_prefill_completed_at=30615743.60494905,last_ttft=0.0725
DEBUG 08-14 23:35:35 replica.py:153] complete_request_prefill - replica_id=[1], request=75,self.replica_slo_budget-sum_pending_tokens==current_budget:True,1048576-0==1048576
DEBUG 08-14 23:35:35 open_ai.py:335] async_send_request: request finish prefill, 61
INFO 08-14 23:35:35 open_ai.py:352] async_send_request: prefill completed: req=61,replica_id=4
DEBUG 08-14 23:35:35 replica.py:146] complete_request_prefill: replica_id=[4], request=61, current_budget=459,last_prefill_completed_at=30615743.608061425,last_ttft=0.125
DEBUG 08-14 23:35:35 replica.py:153] complete_request_prefill - replica_id=[4], request=61,self.replica_slo_budget-sum_pending_tokens==current_budget:True,1048576-260==1048316
DEBUG 08-14 23:35:35 open_ai.py:335] async_send_request: request finish prefill, 62
INFO 08-14 23:35:35 open_ai.py:352] async_send_request: prefill completed: req=62,replica_id=4
DEBUG 08-14 23:35:35 replica.py:146] complete_request_prefill: replica_id=[4], request=62, current_budget=86,last_prefill_completed_at=30615743.610997487,last_ttft=0.1149
DEBUG 08-14 23:35:35 replica.py:153] complete_request_prefill - replica_id=[4], request=62,self.replica_slo_budget-sum_pending_tokens==current_budget:True,1048576-174==1048402
DEBUG 08-14 23:35:35 replica.py:171] complete_request_decode:num_saved_toekens=32
DEBUG 08-14 23:35:35 open_ai.py:452] good request:https://u722127-8cb5-f6dc13db.nmb1.seetacloud.com:8443:good,request._id=35,input=45,output=19
DEBUG 08-14 23:35:35 open_ai.py:335] async_send_request: request finish prefill, 67
INFO 08-14 23:35:35 open_ai.py:352] async_send_request: prefill completed: req=67,replica_id=3
DEBUG 08-14 23:35:35 replica.py:146] complete_request_prefill: replica_id=[3], request=67, current_budget=67,last_prefill_completed_at=30615743.628569447,last_ttft=0.1186
DEBUG 08-14 23:35:35 replica.py:153] complete_request_prefill - replica_id=[3], request=67,self.replica_slo_budget-sum_pending_tokens==current_budget:True,1048576-20==1048556
DEBUG 08-14 23:35:35 open_ai.py:335] async_send_request: request finish prefill, 77
INFO 08-14 23:35:35 open_ai.py:352] async_send_request: prefill completed: req=77,replica_id=0
DEBUG 08-14 23:35:35 replica.py:146] complete_request_prefill: replica_id=[0], request=77, current_budget=45,last_prefill_completed_at=30615743.637076247,last_ttft=0.0786
DEBUG 08-14 23:35:35 replica.py:153] complete_request_prefill - replica_id=[0], request=77,self.replica_slo_budget-sum_pending_tokens==current_budget:True,1048576-0==1048576
DEBUG 08-14 23:35:35 open_ai.py:335] async_send_request: request finish prefill, 72
INFO 08-14 23:35:35 open_ai.py:352] async_send_request: prefill completed: req=72,replica_id=2
DEBUG 08-14 23:35:35 replica.py:146] complete_request_prefill: replica_id=[2], request=72, current_budget=87,last_prefill_completed_at=30615743.63759708,last_ttft=0.1166
DEBUG 08-14 23:35:35 replica.py:153] complete_request_prefill - replica_id=[2], request=72,self.replica_slo_budget-sum_pending_tokens==current_budget:True,1048576-179==1048397
INFO 08-14 23:35:35 shared.py:299] Adding task for request 80 to replica 0,session_id=80
DEBUG 08-14 23:35:35 replica.py:226] add_request - replica_id=[0], request=80,self.replica_slo_budget-sum_pending_tokens==current_budget:True,1048576-65==1048511
INFO 08-14 23:35:35 shared.py:299] Adding task for request 81 to replica 1,session_id=81
DEBUG 08-14 23:35:35 replica.py:226] add_request - replica_id=[1], request=81,self.replica_slo_budget-sum_pending_tokens==current_budget:True,1048576-272==1048304
INFO 08-14 23:35:35 open_ai.py:115] async_send_request:request._id=80,session=80,127.0.0.1:8000
INFO 08-14 23:35:35 open_ai.py:115] async_send_request:request._id=81,session=81,127.0.0.1:8001
DEBUG 08-14 23:35:35 metrics_store.py:131] update_metrics:request_id=30
DEBUG 08-14 23:35:35 metrics_store.py:131] update_metrics:request_id=57
DEBUG 08-14 23:35:35 metrics_store.py:131] update_metrics:request_id=53
DEBUG 08-14 23:35:35 shared.py:180] Removed task for request 30 on https://u722127-8cb5-f6dc13db.nmb1.seetacloud.com:8443
DEBUG 08-14 23:35:35 metrics_store.py:131] update_metrics:request_id=45
DEBUG 08-14 23:35:35 shared.py:180] Removed task for request 57 on https://u722127-b80a-4e3f9d5d.cqa1.seetacloud.com:8443
DEBUG 08-14 23:35:35 metrics_store.py:131] update_metrics:request_id=35
DEBUG 08-14 23:35:35 shared.py:180] Removed task for request 53 on 127.0.0.1:8000
DEBUG 08-14 23:35:35 shared.py:180] Removed task for request 45 on 127.0.0.1:8000
DEBUG 08-14 23:35:35 shared.py:180] Removed task for request 35 on https://u722127-8cb5-f6dc13db.nmb1.seetacloud.com:8443
DEBUG 08-14 23:35:35 open_ai.py:335] async_send_request: request finish prefill, 74
INFO 08-14 23:35:35 open_ai.py:352] async_send_request: prefill completed: req=74,replica_id=3
DEBUG 08-14 23:35:35 replica.py:146] complete_request_prefill: replica_id=[3], request=74, current_budget=11,last_prefill_completed_at=30615743.6526913,last_ttft=0.1232
DEBUG 08-14 23:35:35 replica.py:153] complete_request_prefill - replica_id=[3], request=74,self.replica_slo_budget-sum_pending_tokens==current_budget:True,1048576-9==1048567
INFO 08-14 23:35:35 shared.py:299] Adding task for request 84 to replica 0,session_id=84
DEBUG 08-14 23:35:35 replica.py:226] add_request - replica_id=[0], request=84,self.replica_slo_budget-sum_pending_tokens==current_budget:True,1048576-91==1048485
INFO 08-14 23:35:35 shared.py:299] Adding task for request 83 to replica 3,session_id=83
DEBUG 08-14 23:35:35 replica.py:226] add_request - replica_id=[3], request=83,self.replica_slo_budget-sum_pending_tokens==current_budget:True,1048576-268==1048308
INFO 08-14 23:35:35 shared.py:299] Adding task for request 82 to replica 4,session_id=82
DEBUG 08-14 23:35:35 replica.py:226] add_request - replica_id=[4], request=82,self.replica_slo_budget-sum_pending_tokens==current_budget:True,1048576-237==1048339
INFO 08-14 23:35:35 open_ai.py:115] async_send_request:request._id=84,session=84,127.0.0.1:8000
INFO 08-14 23:35:35 open_ai.py:115] async_send_request:request._id=83,session=83,https://uu722127-b80a-4e3f9d5d.cqa1.seetacloud.com:8443
INFO 08-14 23:35:35 open_ai.py:115] async_send_request:request._id=82,session=82,https://u722127-8cb5-f6dc13db.nmb1.seetacloud.com:8443
DEBUG 08-14 23:35:35 open_ai.py:335] async_send_request: request finish prefill, 76
INFO 08-14 23:35:35 open_ai.py:352] async_send_request: prefill completed: req=76,replica_id=4
DEBUG 08-14 23:35:35 replica.py:146] complete_request_prefill: replica_id=[4], request=76, current_budget=23,last_prefill_completed_at=30615743.665489953,last_ttft=0.1268
DEBUG 08-14 23:35:35 replica.py:153] complete_request_prefill - replica_id=[4], request=76,self.replica_slo_budget-sum_pending_tokens==current_budget:True,1048576-214==1048362
DEBUG 08-14 23:35:35 open_ai.py:335] async_send_request: request finish prefill, 66
INFO 08-14 23:35:35 open_ai.py:352] async_send_request: prefill completed: req=66,replica_id=4
DEBUG 08-14 23:35:35 replica.py:146] complete_request_prefill: replica_id=[4], request=66, current_budget=40,last_prefill_completed_at=30615743.66578814,last_ttft=0.1579
DEBUG 08-14 23:35:35 replica.py:153] complete_request_prefill - replica_id=[4], request=66,self.replica_slo_budget-sum_pending_tokens==current_budget:True,1048576-174==1048402
DEBUG 08-14 23:35:35 replica.py:171] complete_request_decode:num_saved_toekens=16
DEBUG 08-14 23:35:35 open_ai.py:452] good request:https://u722127-b80a-4e3f9d5d.cqa1.seetacloud.com:8443:good,request._id=28,input=31,output=7
DEBUG 08-14 23:35:35 metrics_store.py:131] update_metrics:request_id=28
DEBUG 08-14 23:35:35 shared.py:180] Removed task for request 28 on https://u722127-b80a-4e3f9d5d.cqa1.seetacloud.com:8443
DEBUG 08-14 23:35:35 open_ai.py:335] async_send_request: request finish prefill, 80
INFO 08-14 23:35:35 open_ai.py:352] async_send_request: prefill completed: req=80,replica_id=0
DEBUG 08-14 23:35:35 replica.py:146] complete_request_prefill: replica_id=[0], request=80, current_budget=65,last_prefill_completed_at=30615743.700072546,last_ttft=0.1272
DEBUG 08-14 23:35:35 replica.py:153] complete_request_prefill - replica_id=[0], request=80,self.replica_slo_budget-sum_pending_tokens==current_budget:True,1048576-26==1048550
DEBUG 08-14 23:35:35 open_ai.py:335] async_send_request: request finish prefill, 73
INFO 08-14 23:35:35 open_ai.py:352] async_send_request: prefill completed: req=73,replica_id=2
DEBUG 08-14 23:35:35 replica.py:146] complete_request_prefill: replica_id=[2], request=73, current_budget=73,last_prefill_completed_at=30615743.711090103,last_ttft=0.1893
DEBUG 08-14 23:35:35 replica.py:153] complete_request_prefill - replica_id=[2], request=73,self.replica_slo_budget-sum_pending_tokens==current_budget:True,1048576-106==1048470
DEBUG 08-14 23:35:35 open_ai.py:335] async_send_request: request finish prefill, 81
INFO 08-14 23:35:35 open_ai.py:352] async_send_request: prefill completed: req=81,replica_id=1
DEBUG 08-14 23:35:35 replica.py:146] complete_request_prefill: replica_id=[1], request=81, current_budget=272,last_prefill_completed_at=30615743.71152235,last_ttft=0.1326
DEBUG 08-14 23:35:35 replica.py:153] complete_request_prefill - replica_id=[1], request=81,self.replica_slo_budget-sum_pending_tokens==current_budget:True,1048576-0==1048576
DEBUG 08-14 23:35:35 open_ai.py:335] async_send_request: request finish prefill, 79
INFO 08-14 23:35:35 open_ai.py:352] async_send_request: prefill completed: req=79,replica_id=4
DEBUG 08-14 23:35:35 replica.py:146] complete_request_prefill: replica_id=[4], request=79, current_budget=111,last_prefill_completed_at=30615743.716251247,last_ttft=0.1498
DEBUG 08-14 23:35:35 replica.py:153] complete_request_prefill - replica_id=[4], request=79,self.replica_slo_budget-sum_pending_tokens==current_budget:True,1048576-63==1048513
DEBUG 08-14 23:35:35 open_ai.py:335] async_send_request: request finish prefill, 84
INFO 08-14 23:35:35 open_ai.py:352] async_send_request: prefill completed: req=84,replica_id=0
DEBUG 08-14 23:35:35 replica.py:146] complete_request_prefill: replica_id=[0], request=84, current_budget=26,last_prefill_completed_at=30615743.720660426,last_ttft=0.0905
DEBUG 08-14 23:35:35 replica.py:153] complete_request_prefill - replica_id=[0], request=84,self.replica_slo_budget-sum_pending_tokens==current_budget:True,1048576-0==1048576
DEBUG 08-14 23:35:35 replica.py:171] complete_request_decode:num_saved_toekens=32
DEBUG 08-14 23:35:35 open_ai.py:452] good request:127.0.0.1:8001:good,request._id=18,input=39,output=36
DEBUG 08-14 23:35:35 metrics_store.py:131] update_metrics:request_id=18
DEBUG 08-14 23:35:35 shared.py:180] Removed task for request 18 on 127.0.0.1:8001
DEBUG 08-14 23:35:35 open_ai.py:335] async_send_request: request finish prefill, 71
INFO 08-14 23:35:35 open_ai.py:352] async_send_request: prefill completed: req=71,replica_id=3
DEBUG 08-14 23:35:35 replica.py:146] complete_request_prefill: replica_id=[3], request=71, current_budget=9,last_prefill_completed_at=30615743.732495967,last_ttft=0.2148
DEBUG 08-14 23:35:35 replica.py:153] complete_request_prefill - replica_id=[3], request=71,self.replica_slo_budget-sum_pending_tokens==current_budget:True,1048576-259==1048317
DEBUG 08-14 23:35:35 open_ai.py:335] async_send_request: request finish prefill, 78
INFO 08-14 23:35:35 open_ai.py:352] async_send_request: prefill completed: req=78,replica_id=2
DEBUG 08-14 23:35:35 replica.py:146] complete_request_prefill: replica_id=[2], request=78, current_budget=106,last_prefill_completed_at=30615743.735497795,last_ttft=0.1704
DEBUG 08-14 23:35:35 replica.py:153] complete_request_prefill - replica_id=[2], request=78,self.replica_slo_budget-sum_pending_tokens==current_budget:True,1048576-0==1048576
DEBUG 08-14 23:35:35 replica.py:171] complete_request_decode:num_saved_toekens=32
DEBUG 08-14 23:35:35 open_ai.py:452] good request:https://uu722127-b80a-4e3f9d5d.cqa1.seetacloud.com:8443:good,request._id=25,input=10,output=31
DEBUG 08-14 23:35:35 metrics_store.py:131] update_metrics:request_id=25
DEBUG 08-14 23:35:35 shared.py:180] Removed task for request 25 on https://uu722127-b80a-4e3f9d5d.cqa1.seetacloud.com:8443
DEBUG 08-14 23:35:35 open_ai.py:335] async_send_request: request finish prefill, 82
INFO 08-14 23:35:35 open_ai.py:352] async_send_request: prefill completed: req=82,replica_id=4
DEBUG 08-14 23:35:35 replica.py:146] complete_request_prefill: replica_id=[4], request=82, current_budget=63,last_prefill_completed_at=30615743.751177747,last_ttft=0.1674
DEBUG 08-14 23:35:35 replica.py:153] complete_request_prefill - replica_id=[4], request=82,self.replica_slo_budget-sum_pending_tokens==current_budget:True,1048576-0==1048576
DEBUG 08-14 23:35:35 replica.py:171] complete_request_decode:num_saved_toekens=32
DEBUG 08-14 23:35:35 open_ai.py:452] good request:https://u722127-b80a-4e3f9d5d.cqa1.seetacloud.com:8443:good,request._id=19,input=20,output=32
DEBUG 08-14 23:35:35 metrics_store.py:131] update_metrics:request_id=19
DEBUG 08-14 23:35:35 shared.py:180] Removed task for request 19 on https://u722127-b80a-4e3f9d5d.cqa1.seetacloud.com:8443
INFO 08-14 23:35:35 shared.py:299] Adding task for request 85 to replica 2,session_id=85
DEBUG 08-14 23:35:35 replica.py:226] add_request - replica_id=[2], request=85,self.replica_slo_budget-sum_pending_tokens==current_budget:True,1048576-102==1048474
INFO 08-14 23:35:35 open_ai.py:115] async_send_request:request._id=85,session=85,https://u722127-b80a-4e3f9d5d.cqa1.seetacloud.com:8443
DEBUG 08-14 23:35:35 open_ai.py:335] async_send_request: request finish prefill, 83
INFO 08-14 23:35:35 open_ai.py:352] async_send_request: prefill completed: req=83,replica_id=3
DEBUG 08-14 23:35:35 replica.py:146] complete_request_prefill: replica_id=[3], request=83, current_budget=259,last_prefill_completed_at=30615743.76160632,last_ttft=0.1755
DEBUG 08-14 23:35:35 replica.py:153] complete_request_prefill - replica_id=[3], request=83,self.replica_slo_budget-sum_pending_tokens==current_budget:True,1048576-0==1048576
DEBUG 08-14 23:35:35 replica.py:171] complete_request_decode:num_saved_toekens=16
DEBUG 08-14 23:35:35 open_ai.py:452] good request:https://uu722127-b80a-4e3f9d5d.cqa1.seetacloud.com:8443:good,request._id=56,input=56,output=18
DEBUG 08-14 23:35:35 metrics_store.py:131] update_metrics:request_id=56
DEBUG 08-14 23:35:35 shared.py:180] Removed task for request 56 on https://uu722127-b80a-4e3f9d5d.cqa1.seetacloud.com:8443
DEBUG 08-14 23:35:35 replica.py:171] complete_request_decode:num_saved_toekens=16
DEBUG 08-14 23:35:35 open_ai.py:452] good request:https://u722127-b80a-4e3f9d5d.cqa1.seetacloud.com:8443:good,request._id=73,input=73,output=7
DEBUG 08-14 23:35:35 metrics_store.py:131] update_metrics:request_id=73
DEBUG 08-14 23:35:35 shared.py:180] Removed task for request 73 on https://u722127-b80a-4e3f9d5d.cqa1.seetacloud.com:8443
DEBUG 08-14 23:35:35 open_ai.py:335] async_send_request: request finish prefill, 85
INFO 08-14 23:35:35 open_ai.py:352] async_send_request: prefill completed: req=85,replica_id=2
DEBUG 08-14 23:35:35 replica.py:146] complete_request_prefill: replica_id=[2], request=85, current_budget=102,last_prefill_completed_at=30615743.85769596,last_ttft=0.0988
DEBUG 08-14 23:35:35 replica.py:153] complete_request_prefill - replica_id=[2], request=85,self.replica_slo_budget-sum_pending_tokens==current_budget:True,1048576-0==1048576
DEBUG 08-14 23:35:35 replica.py:171] complete_request_decode:num_saved_toekens=48
DEBUG 08-14 23:35:35 open_ai.py:452] good request:https://uu722127-b80a-4e3f9d5d.cqa1.seetacloud.com:8443:good,request._id=6,input=14,output=41
DEBUG 08-14 23:35:35 metrics_store.py:131] update_metrics:request_id=6
DEBUG 08-14 23:35:35 shared.py:180] Removed task for request 6 on https://uu722127-b80a-4e3f9d5d.cqa1.seetacloud.com:8443
DEBUG 08-14 23:35:35 replica.py:171] complete_request_decode:num_saved_toekens=16
DEBUG 08-14 23:35:35 open_ai.py:452] good request:https://u722127-b80a-4e3f9d5d.cqa1.seetacloud.com:8443:good,request._id=55,input=43,output=18
DEBUG 08-14 23:35:35 metrics_store.py:131] update_metrics:request_id=55
DEBUG 08-14 23:35:35 shared.py:180] Removed task for request 55 on https://u722127-b80a-4e3f9d5d.cqa1.seetacloud.com:8443
DEBUG 08-14 23:35:35 replica.py:171] complete_request_decode:num_saved_toekens=32
DEBUG 08-14 23:35:35 replica.py:171] complete_request_decode:num_saved_toekens=16
DEBUG 08-14 23:35:35 open_ai.py:452] good request:https://uu722127-b80a-4e3f9d5d.cqa1.seetacloud.com:8443:good,request._id=27,input=128,output=38
DEBUG 08-14 23:35:35 metrics_store.py:131] update_metrics:request_id=27
DEBUG 08-14 23:35:35 shared.py:180] Removed task for request 27 on https://uu722127-b80a-4e3f9d5d.cqa1.seetacloud.com:8443
DEBUG 08-14 23:35:35 open_ai.py:452] good request:https://uu722127-b80a-4e3f9d5d.cqa1.seetacloud.com:8443:good,request._id=71,input=9,output=10
DEBUG 08-14 23:35:35 metrics_store.py:131] update_metrics:request_id=71
DEBUG 08-14 23:35:35 shared.py:180] Removed task for request 71 on https://uu722127-b80a-4e3f9d5d.cqa1.seetacloud.com:8443
DEBUG 08-14 23:35:35 replica.py:171] complete_request_decode:num_saved_toekens=16
DEBUG 08-14 23:35:35 open_ai.py:452] good request:https://uu722127-b80a-4e3f9d5d.cqa1.seetacloud.com:8443:good,request._id=74,input=11,output=19
DEBUG 08-14 23:35:35 metrics_store.py:131] update_metrics:request_id=74
DEBUG 08-14 23:35:35 shared.py:180] Removed task for request 74 on https://uu722127-b80a-4e3f9d5d.cqa1.seetacloud.com:8443
DEBUG 08-14 23:35:35 replica.py:171] complete_request_decode:num_saved_toekens=16
DEBUG 08-14 23:35:35 replica.py:171] complete_request_decode:num_saved_toekens=16
DEBUG 08-14 23:35:35 open_ai.py:452] good request:127.0.0.1:8000:good,request._id=84,input=26,output=17
DEBUG 08-14 23:35:35 open_ai.py:452] good request:127.0.0.1:8000:good,request._id=80,input=65,output=18
DEBUG 08-14 23:35:35 metrics_store.py:131] update_metrics:request_id=84
DEBUG 08-14 23:35:35 metrics_store.py:131] update_metrics:request_id=80
DEBUG 08-14 23:35:35 shared.py:180] Removed task for request 84 on 127.0.0.1:8000
DEBUG 08-14 23:35:35 shared.py:180] Removed task for request 80 on 127.0.0.1:8000
DEBUG 08-14 23:35:35 replica.py:171] complete_request_decode:num_saved_toekens=16
DEBUG 08-14 23:35:35 open_ai.py:452] good request:https://uu722127-b80a-4e3f9d5d.cqa1.seetacloud.com:8443:good,request._id=67,input=67,output=22
DEBUG 08-14 23:35:35 metrics_store.py:131] update_metrics:request_id=67
DEBUG 08-14 23:35:35 shared.py:180] Removed task for request 67 on https://uu722127-b80a-4e3f9d5d.cqa1.seetacloud.com:8443
INFO 08-14 23:35:35 shared.py:299] Adding task for request 86 to replica 3,session_id=86
DEBUG 08-14 23:35:35 replica.py:226] add_request - replica_id=[3], request=86,self.replica_slo_budget-sum_pending_tokens==current_budget:True,1048576-363==1048213
INFO 08-14 23:35:35 open_ai.py:115] async_send_request:request._id=86,session=86,https://uu722127-b80a-4e3f9d5d.cqa1.seetacloud.com:8443
INFO 08-14 23:35:35 shared.py:299] Adding task for request 87 to replica 4,session_id=87
DEBUG 08-14 23:35:35 replica.py:226] add_request - replica_id=[4], request=87,self.replica_slo_budget-sum_pending_tokens==current_budget:True,1048576-347==1048229
INFO 08-14 23:35:35 open_ai.py:115] async_send_request:request._id=87,session=87,https://u722127-8cb5-f6dc13db.nmb1.seetacloud.com:8443
INFO 08-14 23:35:35 shared.py:299] Adding task for request 89 to replica 3,session_id=89
DEBUG 08-14 23:35:35 replica.py:226] add_request - replica_id=[3], request=89,self.replica_slo_budget-sum_pending_tokens==current_budget:True,1048576-376==1048200
INFO 08-14 23:35:35 open_ai.py:115] async_send_request:request._id=89,session=89,https://uu722127-b80a-4e3f9d5d.cqa1.seetacloud.com:8443
INFO 08-14 23:35:35 shared.py:299] Adding task for request 88 to replica 3,session_id=88
DEBUG 08-14 23:35:35 replica.py:226] add_request - replica_id=[3], request=88,self.replica_slo_budget-sum_pending_tokens==current_budget:True,1048576-461==1048115
INFO 08-14 23:35:35 open_ai.py:115] async_send_request:request._id=88,session=88,https://uu722127-b80a-4e3f9d5d.cqa1.seetacloud.com:8443
DEBUG 08-14 23:35:35 replica.py:171] complete_request_decode:num_saved_toekens=16
DEBUG 08-14 23:35:35 open_ai.py:452] good request:https://u722127-b80a-4e3f9d5d.cqa1.seetacloud.com:8443:good,request._id=78,input=106,output=21
DEBUG 08-14 23:35:35 metrics_store.py:131] update_metrics:request_id=78
DEBUG 08-14 23:35:35 shared.py:180] Removed task for request 78 on https://u722127-b80a-4e3f9d5d.cqa1.seetacloud.com:8443
INFO 08-14 23:35:35 shared.py:299] Adding task for request 90 to replica 2,session_id=90
DEBUG 08-14 23:35:35 replica.py:226] add_request - replica_id=[2], request=90,self.replica_slo_budget-sum_pending_tokens==current_budget:True,1048576-15==1048561
INFO 08-14 23:35:35 open_ai.py:115] async_send_request:request._id=90,session=90,https://u722127-b80a-4e3f9d5d.cqa1.seetacloud.com:8443
DEBUG 08-14 23:35:35 replica.py:171] complete_request_decode:num_saved_toekens=16
DEBUG 08-14 23:35:35 open_ai.py:335] async_send_request: request finish prefill, 87
INFO 08-14 23:35:35 open_ai.py:352] async_send_request: prefill completed: req=87,replica_id=4
DEBUG 08-14 23:35:35 replica.py:146] complete_request_prefill: replica_id=[4], request=87, current_budget=347,last_prefill_completed_at=30615744.141993742,last_ttft=0.1024
DEBUG 08-14 23:35:35 replica.py:153] complete_request_prefill - replica_id=[4], request=87,self.replica_slo_budget-sum_pending_tokens==current_budget:True,1048576-0==1048576
DEBUG 08-14 23:35:35 open_ai.py:452] good request:https://u722127-8cb5-f6dc13db.nmb1.seetacloud.com:8443:good,request._id=66,input=40,output=19
DEBUG 08-14 23:35:35 metrics_store.py:131] update_metrics:request_id=66
DEBUG 08-14 23:35:35 shared.py:180] Removed task for request 66 on https://u722127-8cb5-f6dc13db.nmb1.seetacloud.com:8443
DEBUG 08-14 23:35:36 open_ai.py:335] async_send_request: request finish prefill, 86
INFO 08-14 23:35:36 open_ai.py:352] async_send_request: prefill completed: req=86,replica_id=3
DEBUG 08-14 23:35:36 replica.py:146] complete_request_prefill: replica_id=[3], request=86, current_budget=363,last_prefill_completed_at=30615744.17102863,last_ttft=0.1369
DEBUG 08-14 23:35:36 replica.py:153] complete_request_prefill - replica_id=[3], request=86,self.replica_slo_budget-sum_pending_tokens==current_budget:True,1048576-98==1048478
DEBUG 08-14 23:35:36 open_ai.py:335] async_send_request: request finish prefill, 89
INFO 08-14 23:35:36 open_ai.py:352] async_send_request: prefill completed: req=89,replica_id=3
DEBUG 08-14 23:35:36 replica.py:146] complete_request_prefill: replica_id=[3], request=89, current_budget=13,last_prefill_completed_at=30615744.18351563,last_ttft=0.1131
DEBUG 08-14 23:35:36 replica.py:153] complete_request_prefill - replica_id=[3], request=89,self.replica_slo_budget-sum_pending_tokens==current_budget:True,1048576-85==1048491
DEBUG 08-14 23:35:36 replica.py:171] complete_request_decode:num_saved_toekens=48
DEBUG 08-14 23:35:36 open_ai.py:452] good request:127.0.0.1:8001:good,request._id=46,input=36,output=44
DEBUG 08-14 23:35:36 metrics_store.py:131] update_metrics:request_id=46
DEBUG 08-14 23:35:36 shared.py:180] Removed task for request 46 on 127.0.0.1:8001
DEBUG 08-14 23:35:36 open_ai.py:335] async_send_request: request finish prefill, 88
INFO 08-14 23:35:36 open_ai.py:352] async_send_request: prefill completed: req=88,replica_id=3
DEBUG 08-14 23:35:36 replica.py:146] complete_request_prefill: replica_id=[3], request=88, current_budget=85,last_prefill_completed_at=30615744.205111936,last_ttft=0.1412
DEBUG 08-14 23:35:36 replica.py:153] complete_request_prefill - replica_id=[3], request=88,self.replica_slo_budget-sum_pending_tokens==current_budget:True,1048576-0==1048576
DEBUG 08-14 23:35:36 open_ai.py:335] async_send_request: request finish prefill, 90
INFO 08-14 23:35:36 open_ai.py:352] async_send_request: prefill completed: req=90,replica_id=2
DEBUG 08-14 23:35:36 replica.py:146] complete_request_prefill: replica_id=[2], request=90, current_budget=15,last_prefill_completed_at=30615744.224447615,last_ttft=0.1111
DEBUG 08-14 23:35:36 replica.py:153] complete_request_prefill - replica_id=[2], request=90,self.replica_slo_budget-sum_pending_tokens==current_budget:True,1048576-0==1048576
DEBUG 08-14 23:35:36 replica.py:171] complete_request_decode:num_saved_toekens=32
DEBUG 08-14 23:35:36 open_ai.py:452] good request:https://u722127-8cb5-f6dc13db.nmb1.seetacloud.com:8443:good,request._id=79,input=111,output=24
DEBUG 08-14 23:35:36 metrics_store.py:131] update_metrics:request_id=79
DEBUG 08-14 23:35:36 shared.py:180] Removed task for request 79 on https://u722127-8cb5-f6dc13db.nmb1.seetacloud.com:8443
DEBUG 08-14 23:35:36 replica.py:171] complete_request_decode:num_saved_toekens=48
DEBUG 08-14 23:35:36 open_ai.py:452] good request:127.0.0.1:8000:good,request._id=77,input=45,output=40
DEBUG 08-14 23:35:36 metrics_store.py:131] update_metrics:request_id=77
DEBUG 08-14 23:35:36 shared.py:180] Removed task for request 77 on 127.0.0.1:8000
DEBUG 08-14 23:35:36 replica.py:171] complete_request_decode:num_saved_toekens=32
DEBUG 08-14 23:35:36 open_ai.py:452] good request:https://u722127-8cb5-f6dc13db.nmb1.seetacloud.com:8443:good,request._id=76,input=23,output=29
DEBUG 08-14 23:35:36 metrics_store.py:131] update_metrics:request_id=76
DEBUG 08-14 23:35:36 shared.py:180] Removed task for request 76 on https://u722127-8cb5-f6dc13db.nmb1.seetacloud.com:8443
DEBUG 08-14 23:35:36 replica.py:171] complete_request_decode:num_saved_toekens=64
DEBUG 08-14 23:35:36 open_ai.py:452] good request:https://uu722127-b80a-4e3f9d5d.cqa1.seetacloud.com:8443:good,request._id=16,input=40,output=66
DEBUG 08-14 23:35:36 metrics_store.py:131] update_metrics:request_id=16
DEBUG 08-14 23:35:36 shared.py:180] Removed task for request 16 on https://uu722127-b80a-4e3f9d5d.cqa1.seetacloud.com:8443
DEBUG 08-14 23:35:36 replica.py:171] complete_request_decode:num_saved_toekens=80
DEBUG 08-14 23:35:36 open_ai.py:452] good request:127.0.0.1:8000:good,request._id=32,input=44,output=78
DEBUG 08-14 23:35:36 metrics_store.py:131] update_metrics:request_id=32
DEBUG 08-14 23:35:36 shared.py:180] Removed task for request 32 on 127.0.0.1:8000
DEBUG 08-14 23:35:36 replica.py:171] complete_request_decode:num_saved_toekens=32
DEBUG 08-14 23:35:36 open_ai.py:452] good request:127.0.0.1:8001:good,request._id=65,input=36,output=43
DEBUG 08-14 23:35:36 metrics_store.py:131] update_metrics:request_id=65
DEBUG 08-14 23:35:36 shared.py:180] Removed task for request 65 on 127.0.0.1:8001
INFO 08-14 23:35:36 shared.py:299] Adding task for request 91 to replica 3,session_id=91
DEBUG 08-14 23:35:36 replica.py:226] add_request - replica_id=[3], request=91,self.replica_slo_budget-sum_pending_tokens==current_budget:True,1048576-17==1048559
INFO 08-14 23:35:36 open_ai.py:115] async_send_request:request._id=91,session=91,https://uu722127-b80a-4e3f9d5d.cqa1.seetacloud.com:8443
DEBUG 08-14 23:35:36 replica.py:171] complete_request_decode:num_saved_toekens=32
DEBUG 08-14 23:35:36 open_ai.py:452] good request:127.0.0.1:8001:good,request._id=81,input=272,output=42
DEBUG 08-14 23:35:36 metrics_store.py:131] update_metrics:request_id=81
DEBUG 08-14 23:35:36 shared.py:180] Removed task for request 81 on 127.0.0.1:8001
INFO 08-14 23:35:36 shared.py:299] Adding task for request 92 to replica 2,session_id=92
DEBUG 08-14 23:35:36 replica.py:226] add_request - replica_id=[2], request=92,self.replica_slo_budget-sum_pending_tokens==current_budget:True,1048576-584==1047992
INFO 08-14 23:35:36 open_ai.py:115] async_send_request:request._id=92,session=92,https://u722127-b80a-4e3f9d5d.cqa1.seetacloud.com:8443
INFO 08-14 23:35:36 shared.py:299] Adding task for request 93 to replica 3,session_id=93
DEBUG 08-14 23:35:36 replica.py:226] add_request - replica_id=[3], request=93,self.replica_slo_budget-sum_pending_tokens==current_budget:True,1048576-27==1048549
INFO 08-14 23:35:36 open_ai.py:115] async_send_request:request._id=93,session=93,https://uu722127-b80a-4e3f9d5d.cqa1.seetacloud.com:8443
INFO 08-14 23:35:36 shared.py:299] Adding task for request 94 to replica 0,session_id=94
DEBUG 08-14 23:35:36 replica.py:226] add_request - replica_id=[0], request=94,self.replica_slo_budget-sum_pending_tokens==current_budget:True,1048576-87==1048489
INFO 08-14 23:35:36 open_ai.py:115] async_send_request:request._id=94,session=94,127.0.0.1:8000
INFO 08-14 23:35:36 shared.py:299] Adding task for request 95 to replica 1,session_id=95
DEBUG 08-14 23:35:36 replica.py:226] add_request - replica_id=[1], request=95,self.replica_slo_budget-sum_pending_tokens==current_budget:True,1048576-363==1048213
INFO 08-14 23:35:36 open_ai.py:115] async_send_request:request._id=95,session=95,127.0.0.1:8001
INFO 08-14 23:35:36 shared.py:299] Adding task for request 96 to replica 3,session_id=96
DEBUG 08-14 23:35:36 replica.py:226] add_request - replica_id=[3], request=96,self.replica_slo_budget-sum_pending_tokens==current_budget:True,1048576-2342==1046234
INFO 08-14 23:35:36 open_ai.py:115] async_send_request:request._id=96,session=96,https://uu722127-b80a-4e3f9d5d.cqa1.seetacloud.com:8443
DEBUG 08-14 23:35:36 open_ai.py:335] async_send_request: request finish prefill, 94
INFO 08-14 23:35:36 open_ai.py:352] async_send_request: prefill completed: req=94,replica_id=0
DEBUG 08-14 23:35:36 replica.py:146] complete_request_prefill: replica_id=[0], request=94, current_budget=87,last_prefill_completed_at=30615744.616140477,last_ttft=0.0642
DEBUG 08-14 23:35:36 replica.py:153] complete_request_prefill - replica_id=[0], request=94,self.replica_slo_budget-sum_pending_tokens==current_budget:True,1048576-0==1048576
DEBUG 08-14 23:35:36 replica.py:171] complete_request_decode:num_saved_toekens=64
DEBUG 08-14 23:35:36 open_ai.py:452] good request:127.0.0.1:8000:good,request._id=63,input=34,output=62
DEBUG 08-14 23:35:36 metrics_store.py:131] update_metrics:request_id=63
DEBUG 08-14 23:35:36 shared.py:180] Removed task for request 63 on 127.0.0.1:8000
DEBUG 08-14 23:35:36 replica.py:171] complete_request_decode:num_saved_toekens=0
DEBUG 08-14 23:35:36 open_ai.py:452] good request:127.0.0.1:8000:good,request._id=94,input=87,output=2
DEBUG 08-14 23:35:36 metrics_store.py:131] update_metrics:request_id=94
DEBUG 08-14 23:35:36 open_ai.py:335] async_send_request: request finish prefill, 91
INFO 08-14 23:35:36 open_ai.py:352] async_send_request: prefill completed: req=91,replica_id=3
DEBUG 08-14 23:35:36 replica.py:146] complete_request_prefill: replica_id=[3], request=91, current_budget=17,last_prefill_completed_at=30615744.631598733,last_ttft=0.1027
DEBUG 08-14 23:35:36 replica.py:153] complete_request_prefill - replica_id=[3], request=91,self.replica_slo_budget-sum_pending_tokens==current_budget:True,1048576-2325==1046251
DEBUG 08-14 23:35:36 shared.py:180] Removed task for request 94 on 127.0.0.1:8000
INFO 08-14 23:35:36 shared.py:299] Adding task for request 99 to replica 4,session_id=99
DEBUG 08-14 23:35:36 replica.py:226] add_request - replica_id=[4], request=99,self.replica_slo_budget-sum_pending_tokens==current_budget:True,1048576-32==1048544
INFO 08-14 23:35:36 shared.py:299] Adding task for request 97 to replica 0,session_id=97
DEBUG 08-14 23:35:36 replica.py:226] add_request - replica_id=[0], request=97,self.replica_slo_budget-sum_pending_tokens==current_budget:True,1048576-38==1048538
INFO 08-14 23:35:36 open_ai.py:115] async_send_request:request._id=99,session=99,https://u722127-8cb5-f6dc13db.nmb1.seetacloud.com:8443
INFO 08-14 23:35:36 open_ai.py:115] async_send_request:request._id=97,session=97,127.0.0.1:8000
INFO 08-14 23:35:36 shared.py:299] Adding task for request 98 to replica 2,session_id=98
DEBUG 08-14 23:35:36 replica.py:226] add_request - replica_id=[2], request=98,self.replica_slo_budget-sum_pending_tokens==current_budget:True,1048576-656==1047920
INFO 08-14 23:35:36 open_ai.py:115] async_send_request:request._id=98,session=98,https://u722127-b80a-4e3f9d5d.cqa1.seetacloud.com:8443
DEBUG 08-14 23:35:36 open_ai.py:335] async_send_request: request finish prefill, 95
INFO 08-14 23:35:36 open_ai.py:352] async_send_request: prefill completed: req=95,replica_id=1
DEBUG 08-14 23:35:36 replica.py:146] complete_request_prefill: replica_id=[1], request=95, current_budget=363,last_prefill_completed_at=30615744.64304765,last_ttft=0.0544
DEBUG 08-14 23:35:36 replica.py:153] complete_request_prefill - replica_id=[1], request=95,self.replica_slo_budget-sum_pending_tokens==current_budget:True,1048576-0==1048576
DEBUG 08-14 23:35:36 replica.py:171] complete_request_decode:num_saved_toekens=48
DEBUG 08-14 23:35:36 open_ai.py:452] good request:https://u722127-8cb5-f6dc13db.nmb1.seetacloud.com:8443:good,request._id=82,input=63,output=36
DEBUG 08-14 23:35:36 metrics_store.py:131] update_metrics:request_id=82
DEBUG 08-14 23:35:36 shared.py:180] Removed task for request 82 on https://u722127-8cb5-f6dc13db.nmb1.seetacloud.com:8443
DEBUG 08-14 23:35:36 open_ai.py:335] async_send_request: request finish prefill, 92
INFO 08-14 23:35:36 open_ai.py:352] async_send_request: prefill completed: req=92,replica_id=2
DEBUG 08-14 23:35:36 replica.py:146] complete_request_prefill: replica_id=[2], request=92, current_budget=584,last_prefill_completed_at=30615744.65503067,last_ttft=0.1198
DEBUG 08-14 23:35:36 replica.py:153] complete_request_prefill - replica_id=[2], request=92,self.replica_slo_budget-sum_pending_tokens==current_budget:True,1048576-72==1048504
DEBUG 08-14 23:35:36 open_ai.py:335] async_send_request: request finish prefill, 93
INFO 08-14 23:35:36 open_ai.py:352] async_send_request: prefill completed: req=93,replica_id=3
DEBUG 08-14 23:35:36 replica.py:146] complete_request_prefill: replica_id=[3], request=93, current_budget=10,last_prefill_completed_at=30615744.663715553,last_ttft=0.1208
DEBUG 08-14 23:35:36 replica.py:153] complete_request_prefill - replica_id=[3], request=93,self.replica_slo_budget-sum_pending_tokens==current_budget:True,1048576-2315==1046261
INFO 08-14 23:35:36 shared.py:299] Adding task for request 101 to replica 3,session_id=101
DEBUG 08-14 23:35:36 replica.py:226] add_request - replica_id=[3], request=101,self.replica_slo_budget-sum_pending_tokens==current_budget:True,1048576-2556==1046020
INFO 08-14 23:35:36 shared.py:299] Adding task for request 100 to replica 4,session_id=100
DEBUG 08-14 23:35:36 replica.py:226] add_request - replica_id=[4], request=100,self.replica_slo_budget-sum_pending_tokens==current_budget:True,1048576-119==1048457
INFO 08-14 23:35:36 open_ai.py:115] async_send_request:request._id=101,session=101,https://uu722127-b80a-4e3f9d5d.cqa1.seetacloud.com:8443
INFO 08-14 23:35:36 open_ai.py:115] async_send_request:request._id=100,session=100,https://u722127-8cb5-f6dc13db.nmb1.seetacloud.com:8443
DEBUG 08-14 23:35:36 open_ai.py:335] async_send_request: request finish prefill, 97
INFO 08-14 23:35:36 open_ai.py:352] async_send_request: prefill completed: req=97,replica_id=0
DEBUG 08-14 23:35:36 replica.py:146] complete_request_prefill: replica_id=[0], request=97, current_budget=38,last_prefill_completed_at=30615744.691809937,last_ttft=0.0722
DEBUG 08-14 23:35:36 replica.py:153] complete_request_prefill - replica_id=[0], request=97,self.replica_slo_budget-sum_pending_tokens==current_budget:True,1048576-0==1048576
DEBUG 08-14 23:35:36 replica.py:171] complete_request_decode:num_saved_toekens=64
DEBUG 08-14 23:35:36 open_ai.py:452] good request:127.0.0.1:8000:good,request._id=54,input=21,output=74
DEBUG 08-14 23:35:36 metrics_store.py:131] update_metrics:request_id=54
DEBUG 08-14 23:35:36 shared.py:180] Removed task for request 54 on 127.0.0.1:8000
INFO 08-14 23:35:36 shared.py:299] Adding task for request 104 to replica 2,session_id=104
DEBUG 08-14 23:35:36 replica.py:226] add_request - replica_id=[2], request=104,self.replica_slo_budget-sum_pending_tokens==current_budget:True,1048576-93==1048483
INFO 08-14 23:35:36 open_ai.py:115] async_send_request:request._id=104,session=104,https://u722127-b80a-4e3f9d5d.cqa1.seetacloud.com:8443
INFO 08-14 23:35:36 shared.py:299] Adding task for request 102 to replica 4,session_id=102
DEBUG 08-14 23:35:36 replica.py:226] add_request - replica_id=[4], request=102,self.replica_slo_budget-sum_pending_tokens==current_budget:True,1048576-468==1048108
INFO 08-14 23:35:36 open_ai.py:115] async_send_request:request._id=102,session=102,https://u722127-8cb5-f6dc13db.nmb1.seetacloud.com:8443
INFO 08-14 23:35:36 shared.py:299] Adding task for request 103 to replica 2,session_id=103
DEBUG 08-14 23:35:36 replica.py:226] add_request - replica_id=[2], request=103,self.replica_slo_budget-sum_pending_tokens==current_budget:True,1048576-173==1048403
INFO 08-14 23:35:36 open_ai.py:115] async_send_request:request._id=103,session=103,https://u722127-b80a-4e3f9d5d.cqa1.seetacloud.com:8443
INFO 08-14 23:35:36 shared.py:299] Adding task for request 106 to replica 1,session_id=106
DEBUG 08-14 23:35:36 replica.py:226] add_request - replica_id=[1], request=106,self.replica_slo_budget-sum_pending_tokens==current_budget:True,1048576-9==1048567
INFO 08-14 23:35:36 open_ai.py:115] async_send_request:request._id=106,session=106,127.0.0.1:8001
INFO 08-14 23:35:36 shared.py:299] Adding task for request 108 to replica 0,session_id=108
DEBUG 08-14 23:35:36 replica.py:226] add_request - replica_id=[0], request=108,self.replica_slo_budget-sum_pending_tokens==current_budget:True,1048576-61==1048515
INFO 08-14 23:35:36 shared.py:299] Adding task for request 105 to replica 0,session_id=105
DEBUG 08-14 23:35:36 replica.py:226] add_request - replica_id=[0], request=105,self.replica_slo_budget-sum_pending_tokens==current_budget:True,1048576-78==1048498
INFO 08-14 23:35:36 open_ai.py:115] async_send_request:request._id=108,session=108,127.0.0.1:8000
INFO 08-14 23:35:36 open_ai.py:115] async_send_request:request._id=105,session=105,127.0.0.1:8000
INFO 08-14 23:35:36 shared.py:299] Adding task for request 107 to replica 1,session_id=107
DEBUG 08-14 23:35:36 replica.py:226] add_request - replica_id=[1], request=107,self.replica_slo_budget-sum_pending_tokens==current_budget:True,1048576-80==1048496
INFO 08-14 23:35:36 shared.py:299] Adding task for request 110 to replica 4,session_id=110
DEBUG 08-14 23:35:36 replica.py:226] add_request - replica_id=[4], request=110,self.replica_slo_budget-sum_pending_tokens==current_budget:True,1048576-516==1048060
INFO 08-14 23:35:36 shared.py:299] Adding task for request 112 to replica 1,session_id=112
DEBUG 08-14 23:35:36 replica.py:226] add_request - replica_id=[1], request=112,self.replica_slo_budget-sum_pending_tokens==current_budget:True,1048576-126==1048450
INFO 08-14 23:35:36 shared.py:299] Adding task for request 113 to replica 3,session_id=113
DEBUG 08-14 23:35:36 replica.py:226] add_request - replica_id=[3], request=113,self.replica_slo_budget-sum_pending_tokens==current_budget:True,1048576-2581==1045995
INFO 08-14 23:35:36 shared.py:299] Adding task for request 109 to replica 3,session_id=109
DEBUG 08-14 23:35:36 replica.py:226] add_request - replica_id=[3], request=109,self.replica_slo_budget-sum_pending_tokens==current_budget:True,1048576-2667==1045909
INFO 08-14 23:35:36 open_ai.py:115] async_send_request:request._id=107,session=107,127.0.0.1:8001
INFO 08-14 23:35:36 open_ai.py:115] async_send_request:request._id=110,session=110,https://u722127-8cb5-f6dc13db.nmb1.seetacloud.com:8443
INFO 08-14 23:35:36 open_ai.py:115] async_send_request:request._id=112,session=112,127.0.0.1:8001
INFO 08-14 23:35:36 open_ai.py:115] async_send_request:request._id=113,session=113,https://uu722127-b80a-4e3f9d5d.cqa1.seetacloud.com:8443
INFO 08-14 23:35:36 open_ai.py:115] async_send_request:request._id=109,session=109,https://uu722127-b80a-4e3f9d5d.cqa1.seetacloud.com:8443
INFO 08-14 23:35:36 shared.py:299] Adding task for request 117 to replica 2,session_id=117
DEBUG 08-14 23:35:36 replica.py:226] add_request - replica_id=[2], request=117,self.replica_slo_budget-sum_pending_tokens==current_budget:True,1048576-234==1048342
INFO 08-14 23:35:36 shared.py:299] Adding task for request 111 to replica 3,session_id=111
DEBUG 08-14 23:35:36 replica.py:226] add_request - replica_id=[3], request=111,self.replica_slo_budget-sum_pending_tokens==current_budget:True,1048576-2702==1045874
INFO 08-14 23:35:36 open_ai.py:115] async_send_request:request._id=117,session=117,https://u722127-b80a-4e3f9d5d.cqa1.seetacloud.com:8443
INFO 08-14 23:35:36 open_ai.py:115] async_send_request:request._id=111,session=111,https://uu722127-b80a-4e3f9d5d.cqa1.seetacloud.com:8443
DEBUG 08-14 23:35:36 open_ai.py:335] async_send_request: request finish prefill, 100
INFO 08-14 23:35:36 open_ai.py:352] async_send_request: prefill completed: req=100,replica_id=4
DEBUG 08-14 23:35:36 replica.py:146] complete_request_prefill: replica_id=[4], request=100, current_budget=87,last_prefill_completed_at=30615744.7466123,last_ttft=0.1035
DEBUG 08-14 23:35:36 replica.py:153] complete_request_prefill - replica_id=[4], request=100,self.replica_slo_budget-sum_pending_tokens==current_budget:True,1048576-429==1048147
INFO 08-14 23:35:36 shared.py:299] Adding task for request 114 to replica 2,session_id=114
DEBUG 08-14 23:35:36 replica.py:226] add_request - replica_id=[2], request=114,self.replica_slo_budget-sum_pending_tokens==current_budget:True,1048576-275==1048301
INFO 08-14 23:35:36 shared.py:299] Adding task for request 118 to replica 4,session_id=118
DEBUG 08-14 23:35:36 replica.py:226] add_request - replica_id=[4], request=118,self.replica_slo_budget-sum_pending_tokens==current_budget:True,1048576-1025==1047551
DEBUG 08-14 23:35:36 open_ai.py:335] async_send_request: request finish prefill, 99
INFO 08-14 23:35:36 open_ai.py:352] async_send_request: prefill completed: req=99,replica_id=4
DEBUG 08-14 23:35:36 replica.py:146] complete_request_prefill: replica_id=[4], request=99, current_budget=32,last_prefill_completed_at=30615744.758801296,last_ttft=0.1278
DEBUG 08-14 23:35:36 replica.py:153] complete_request_prefill - replica_id=[4], request=99,self.replica_slo_budget-sum_pending_tokens==current_budget:True,1048576-993==1047583
INFO 08-14 23:35:36 shared.py:299] Adding task for request 116 to replica 0,session_id=116
DEBUG 08-14 23:35:36 replica.py:226] add_request - replica_id=[0], request=116,self.replica_slo_budget-sum_pending_tokens==current_budget:True,1048576-162==1048414
INFO 08-14 23:35:36 shared.py:299] Adding task for request 115 to replica 4,session_id=115
DEBUG 08-14 23:35:36 replica.py:226] add_request - replica_id=[4], request=115,self.replica_slo_budget-sum_pending_tokens==current_budget:True,1048576-1017==1047559
INFO 08-14 23:35:36 open_ai.py:115] async_send_request:request._id=114,session=114,https://u722127-b80a-4e3f9d5d.cqa1.seetacloud.com:8443
INFO 08-14 23:35:36 open_ai.py:115] async_send_request:request._id=118,session=118,https://u722127-8cb5-f6dc13db.nmb1.seetacloud.com:8443
INFO 08-14 23:35:36 open_ai.py:115] async_send_request:request._id=116,session=116,127.0.0.1:8000
INFO 08-14 23:35:36 open_ai.py:115] async_send_request:request._id=115,session=115,https://u722127-8cb5-f6dc13db.nmb1.seetacloud.com:8443
DEBUG 08-14 23:35:36 open_ai.py:335] async_send_request: request finish prefill, 96
INFO 08-14 23:35:36 open_ai.py:352] async_send_request: prefill completed: req=96,replica_id=3
DEBUG 08-14 23:35:36 replica.py:146] complete_request_prefill: replica_id=[3], request=96, current_budget=2315,last_prefill_completed_at=30615744.763318367,last_ttft=0.1709
DEBUG 08-14 23:35:36 replica.py:153] complete_request_prefill - replica_id=[3], request=96,self.replica_slo_budget-sum_pending_tokens==current_budget:True,1048576-387==1048189
INFO 08-14 23:35:36 shared.py:299] Adding task for request 120 to replica 2,session_id=120
DEBUG 08-14 23:35:36 replica.py:226] add_request - replica_id=[2], request=120,self.replica_slo_budget-sum_pending_tokens==current_budget:True,1048576-329==1048247
INFO 08-14 23:35:36 shared.py:299] Adding task for request 119 to replica 2,session_id=119
DEBUG 08-14 23:35:36 replica.py:226] add_request - replica_id=[2], request=119,self.replica_slo_budget-sum_pending_tokens==current_budget:True,1048576-351==1048225
INFO 08-14 23:35:36 shared.py:299] Adding task for request 128 to replica 3,session_id=128
DEBUG 08-14 23:35:36 replica.py:226] add_request - replica_id=[3], request=128,self.replica_slo_budget-sum_pending_tokens==current_budget:True,1048576-432==1048144
INFO 08-14 23:35:36 open_ai.py:115] async_send_request:request._id=120,session=120,https://u722127-b80a-4e3f9d5d.cqa1.seetacloud.com:8443
INFO 08-14 23:35:36 open_ai.py:115] async_send_request:request._id=119,session=119,https://u722127-b80a-4e3f9d5d.cqa1.seetacloud.com:8443
INFO 08-14 23:35:36 open_ai.py:115] async_send_request:request._id=128,session=128,https://uu722127-b80a-4e3f9d5d.cqa1.seetacloud.com:8443
DEBUG 08-14 23:35:36 open_ai.py:335] async_send_request: request finish prefill, 106
INFO 08-14 23:35:36 open_ai.py:352] async_send_request: prefill completed: req=106,replica_id=1
DEBUG 08-14 23:35:36 replica.py:146] complete_request_prefill: replica_id=[1], request=106, current_budget=9,last_prefill_completed_at=30615744.778354537,last_ttft=0.0692
DEBUG 08-14 23:35:36 replica.py:153] complete_request_prefill - replica_id=[1], request=106,self.replica_slo_budget-sum_pending_tokens==current_budget:True,1048576-117==1048459
DEBUG 08-14 23:35:36 open_ai.py:335] async_send_request: request finish prefill, 98
INFO 08-14 23:35:36 open_ai.py:352] async_send_request: prefill completed: req=98,replica_id=2
DEBUG 08-14 23:35:36 replica.py:146] complete_request_prefill: replica_id=[2], request=98, current_budget=72,last_prefill_completed_at=30615744.781287353,last_ttft=0.1588
DEBUG 08-14 23:35:36 replica.py:153] complete_request_prefill - replica_id=[2], request=98,self.replica_slo_budget-sum_pending_tokens==current_budget:True,1048576-279==1048297
INFO 08-14 23:35:36 shared.py:299] Adding task for request 123 to replica 0,session_id=123
DEBUG 08-14 23:35:36 replica.py:226] add_request - replica_id=[0], request=123,self.replica_slo_budget-sum_pending_tokens==current_budget:True,1048576-182==1048394
INFO 08-14 23:35:36 shared.py:299] Adding task for request 121 to replica 3,session_id=121
DEBUG 08-14 23:35:36 replica.py:226] add_request - replica_id=[3], request=121,self.replica_slo_budget-sum_pending_tokens==current_budget:True,1048576-671==1047905
INFO 08-14 23:35:36 shared.py:299] Adding task for request 122 to replica 3,session_id=122
DEBUG 08-14 23:35:36 replica.py:226] add_request - replica_id=[3], request=122,self.replica_slo_budget-sum_pending_tokens==current_budget:True,1048576-1032==1047544
DEBUG 08-14 23:35:36 replica.py:171] complete_request_decode:num_saved_toekens=0
INFO 08-14 23:35:36 shared.py:299] Adding task for request 126 to replica 0,session_id=126
DEBUG 08-14 23:35:36 replica.py:226] add_request - replica_id=[0], request=126,self.replica_slo_budget-sum_pending_tokens==current_budget:True,1048576-561==1048015
INFO 08-14 23:35:36 shared.py:299] Adding task for request 124 to replica 1,session_id=124
DEBUG 08-14 23:35:36 replica.py:226] add_request - replica_id=[1], request=124,self.replica_slo_budget-sum_pending_tokens==current_budget:True,1048576-184==1048392
INFO 08-14 23:35:36 shared.py:299] Adding task for request 125 to replica 2,session_id=125
DEBUG 08-14 23:35:36 replica.py:226] add_request - replica_id=[2], request=125,self.replica_slo_budget-sum_pending_tokens==current_budget:True,1048576-362==1048214
INFO 08-14 23:35:36 shared.py:299] Adding task for request 127 to replica 4,session_id=127
DEBUG 08-14 23:35:36 replica.py:226] add_request - replica_id=[4], request=127,self.replica_slo_budget-sum_pending_tokens==current_budget:True,1048576-1387==1047189
INFO 08-14 23:35:36 open_ai.py:115] async_send_request:request._id=123,session=123,127.0.0.1:8000
INFO 08-14 23:35:36 open_ai.py:115] async_send_request:request._id=121,session=121,https://uu722127-b80a-4e3f9d5d.cqa1.seetacloud.com:8443
INFO 08-14 23:35:36 open_ai.py:115] async_send_request:request._id=122,session=122,https://uu722127-b80a-4e3f9d5d.cqa1.seetacloud.com:8443
INFO 08-14 23:35:36 open_ai.py:115] async_send_request:request._id=126,session=126,127.0.0.1:8000
INFO 08-14 23:35:36 open_ai.py:115] async_send_request:request._id=124,session=124,127.0.0.1:8001
INFO 08-14 23:35:36 open_ai.py:115] async_send_request:request._id=125,session=125,https://u722127-b80a-4e3f9d5d.cqa1.seetacloud.com:8443
INFO 08-14 23:35:36 open_ai.py:115] async_send_request:request._id=127,session=127,https://u722127-8cb5-f6dc13db.nmb1.seetacloud.com:8443
DEBUG 08-14 23:35:36 open_ai.py:335] async_send_request: request finish prefill, 105
INFO 08-14 23:35:36 open_ai.py:352] async_send_request: prefill completed: req=105,replica_id=0
DEBUG 08-14 23:35:36 replica.py:146] complete_request_prefill: replica_id=[0], request=105, current_budget=17,last_prefill_completed_at=30615744.78950298,last_ttft=0.0913
DEBUG 08-14 23:35:36 replica.py:153] complete_request_prefill - replica_id=[0], request=105,self.replica_slo_budget-sum_pending_tokens==current_budget:True,1048576-544==1048032
DEBUG 08-14 23:35:36 open_ai.py:335] async_send_request: request finish prefill, 108
INFO 08-14 23:35:36 open_ai.py:352] async_send_request: prefill completed: req=108,replica_id=0
DEBUG 08-14 23:35:36 replica.py:146] complete_request_prefill: replica_id=[0], request=108, current_budget=61,last_prefill_completed_at=30615744.78987903,last_ttft=0.0792
DEBUG 08-14 23:35:36 replica.py:153] complete_request_prefill - replica_id=[0], request=108,self.replica_slo_budget-sum_pending_tokens==current_budget:True,1048576-483==1048093
DEBUG 08-14 23:35:36 open_ai.py:335] async_send_request: request finish prefill, 102
INFO 08-14 23:35:36 open_ai.py:352] async_send_request: prefill completed: req=102,replica_id=4
DEBUG 08-14 23:35:36 replica.py:146] complete_request_prefill: replica_id=[4], request=102, current_budget=349,last_prefill_completed_at=30615744.791198913,last_ttft=0.1053
DEBUG 08-14 23:35:36 replica.py:153] complete_request_prefill - replica_id=[4], request=102,self.replica_slo_budget-sum_pending_tokens==current_budget:True,1048576-1038==1047538
INFO 08-14 23:35:36 shared.py:299] Adding task for request 129 to replica 1,session_id=129
DEBUG 08-14 23:35:36 replica.py:226] add_request - replica_id=[1], request=129,self.replica_slo_budget-sum_pending_tokens==current_budget:True,1048576-471==1048105
INFO 08-14 23:35:36 open_ai.py:115] async_send_request:request._id=129,session=129,127.0.0.1:8001
DEBUG 08-14 23:35:36 open_ai.py:335] async_send_request: request finish prefill, 112
INFO 08-14 23:35:36 open_ai.py:352] async_send_request: prefill completed: req=112,replica_id=1
DEBUG 08-14 23:35:36 replica.py:146] complete_request_prefill: replica_id=[1], request=112, current_budget=46,last_prefill_completed_at=30615744.798766527,last_ttft=0.079
DEBUG 08-14 23:35:36 replica.py:153] complete_request_prefill - replica_id=[1], request=112,self.replica_slo_budget-sum_pending_tokens==current_budget:True,1048576-425==1048151
DEBUG 08-14 23:35:36 open_ai.py:335] async_send_request: request finish prefill, 107
INFO 08-14 23:35:36 open_ai.py:352] async_send_request: prefill completed: req=107,replica_id=1
DEBUG 08-14 23:35:36 replica.py:146] complete_request_prefill: replica_id=[1], request=107, current_budget=71,last_prefill_completed_at=30615744.79923388,last_ttft=0.0895
DEBUG 08-14 23:35:36 replica.py:153] complete_request_prefill - replica_id=[1], request=107,self.replica_slo_budget-sum_pending_tokens==current_budget:True,1048576-354==1048222
INFO 08-14 23:35:36 shared.py:299] Adding task for request 131 to replica 0,session_id=131
DEBUG 08-14 23:35:36 replica.py:226] add_request - replica_id=[0], request=131,self.replica_slo_budget-sum_pending_tokens==current_budget:True,1048576-495==1048081
INFO 08-14 23:35:36 shared.py:299] Adding task for request 132 to replica 1,session_id=132
DEBUG 08-14 23:35:36 replica.py:226] add_request - replica_id=[1], request=132,self.replica_slo_budget-sum_pending_tokens==current_budget:True,1048576-368==1048208
INFO 08-14 23:35:36 shared.py:299] Adding task for request 135 to replica 4,session_id=135
DEBUG 08-14 23:35:36 replica.py:226] add_request - replica_id=[4], request=135,self.replica_slo_budget-sum_pending_tokens==current_budget:True,1048576-1061==1047515
INFO 08-14 23:35:36 open_ai.py:115] async_send_request:request._id=131,session=131,127.0.0.1:8000
INFO 08-14 23:35:36 open_ai.py:115] async_send_request:request._id=132,session=132,127.0.0.1:8001
INFO 08-14 23:35:36 open_ai.py:115] async_send_request:request._id=135,session=135,https://u722127-8cb5-f6dc13db.nmb1.seetacloud.com:8443
INFO 08-14 23:35:36 shared.py:299] Adding task for request 130 to replica 0,session_id=130
DEBUG 08-14 23:35:36 replica.py:226] add_request - replica_id=[0], request=130,self.replica_slo_budget-sum_pending_tokens==current_budget:True,1048576-568==1048008
DEBUG 08-14 23:35:36 replica.py:171] complete_request_decode:num_saved_toekens=0
DEBUG 08-14 23:35:36 open_ai.py:452] good request:https://uu722127-b80a-4e3f9d5d.cqa1.seetacloud.com:8443:good,request._id=91,input=17,output=9
DEBUG 08-14 23:35:36 open_ai.py:335] async_send_request: request finish prefill, 101
INFO 08-14 23:35:36 open_ai.py:352] async_send_request: prefill completed: req=101,replica_id=3
DEBUG 08-14 23:35:36 replica.py:146] complete_request_prefill: replica_id=[3], request=101, current_budget=241,last_prefill_completed_at=30615744.824435953,last_ttft=0.1773
DEBUG 08-14 23:35:36 replica.py:153] complete_request_prefill - replica_id=[3], request=101,self.replica_slo_budget-sum_pending_tokens==current_budget:True,1048576-791==1047785
DEBUG 08-14 23:35:36 open_ai.py:335] async_send_request: request finish prefill, 104
INFO 08-14 23:35:36 open_ai.py:352] async_send_request: prefill completed: req=104,replica_id=2
DEBUG 08-14 23:35:36 replica.py:146] complete_request_prefill: replica_id=[2], request=104, current_budget=21,last_prefill_completed_at=30615744.82634003,last_ttft=0.1331
DEBUG 08-14 23:35:36 replica.py:153] complete_request_prefill - replica_id=[2], request=104,self.replica_slo_budget-sum_pending_tokens==current_budget:True,1048576-341==1048235
INFO 08-14 23:35:36 shared.py:299] Adding task for request 134 to replica 2,session_id=134
DEBUG 08-14 23:35:36 replica.py:226] add_request - replica_id=[2], request=134,self.replica_slo_budget-sum_pending_tokens==current_budget:True,1048576-633==1047943
INFO 08-14 23:35:36 shared.py:299] Adding task for request 133 to replica 3,session_id=133
DEBUG 08-14 23:35:36 replica.py:226] add_request - replica_id=[3], request=133,self.replica_slo_budget-sum_pending_tokens==current_budget:True,1048576-1096==1047480
DEBUG 08-14 23:35:36 open_ai.py:335] async_send_request: request finish prefill, 110
INFO 08-14 23:35:36 open_ai.py:352] async_send_request: prefill completed: req=110,replica_id=4
DEBUG 08-14 23:35:36 replica.py:146] complete_request_prefill: replica_id=[4], request=110, current_budget=48,last_prefill_completed_at=30615744.828859545,last_ttft=0.1145
DEBUG 08-14 23:35:36 replica.py:153] complete_request_prefill - replica_id=[4], request=110,self.replica_slo_budget-sum_pending_tokens==current_budget:True,1048576-1013==1047563
INFO 08-14 23:35:36 open_ai.py:115] async_send_request:request._id=130,session=130,127.0.0.1:8000
INFO 08-14 23:35:36 shared.py:299] Adding task for request 136 to replica 1,session_id=136
DEBUG 08-14 23:35:36 replica.py:226] add_request - replica_id=[1], request=136,self.replica_slo_budget-sum_pending_tokens==current_budget:True,1048576-478==1048098
INFO 08-14 23:35:36 shared.py:299] Adding task for request 137 to replica 2,session_id=137
DEBUG 08-14 23:35:36 replica.py:226] add_request - replica_id=[2], request=137,self.replica_slo_budget-sum_pending_tokens==current_budget:True,1048576-866==1047710
INFO 08-14 23:35:36 shared.py:299] Adding task for request 138 to replica 3,session_id=138
DEBUG 08-14 23:35:36 replica.py:226] add_request - replica_id=[3], request=138,self.replica_slo_budget-sum_pending_tokens==current_budget:True,1048576-1117==1047459
INFO 08-14 23:35:36 open_ai.py:115] async_send_request:request._id=134,session=134,https://u722127-b80a-4e3f9d5d.cqa1.seetacloud.com:8443
INFO 08-14 23:35:36 open_ai.py:115] async_send_request:request._id=133,session=133,https://uu722127-b80a-4e3f9d5d.cqa1.seetacloud.com:8443
INFO 08-14 23:35:36 open_ai.py:115] async_send_request:request._id=136,session=136,127.0.0.1:8001
INFO 08-14 23:35:36 open_ai.py:115] async_send_request:request._id=137,session=137,https://u722127-b80a-4e3f9d5d.cqa1.seetacloud.com:8443
INFO 08-14 23:35:36 open_ai.py:115] async_send_request:request._id=138,session=138,https://uu722127-b80a-4e3f9d5d.cqa1.seetacloud.com:8443
DEBUG 08-14 23:35:36 open_ai.py:335] async_send_request: request finish prefill, 113
INFO 08-14 23:35:36 open_ai.py:352] async_send_request: prefill completed: req=113,replica_id=3
DEBUG 08-14 23:35:36 replica.py:146] complete_request_prefill: replica_id=[3], request=113, current_budget=25,last_prefill_completed_at=30615744.845855,last_ttft=0.124
DEBUG 08-14 23:35:36 replica.py:153] complete_request_prefill - replica_id=[3], request=113,self.replica_slo_budget-sum_pending_tokens==current_budget:True,1048576-1092==1047484
DEBUG 08-14 23:35:36 open_ai.py:452] good request:https://u722127-8cb5-f6dc13db.nmb1.seetacloud.com:8443:good,request._id=100,input=87,output=2
INFO 08-14 23:35:36 shared.py:299] Adding task for request 139 to replica 4,session_id=139
DEBUG 08-14 23:35:36 replica.py:226] add_request - replica_id=[4], request=139,self.replica_slo_budget-sum_pending_tokens==current_budget:True,1048576-1047==1047529
INFO 08-14 23:35:36 open_ai.py:115] async_send_request:request._id=139,session=139,https://u722127-8cb5-f6dc13db.nmb1.seetacloud.com:8443
DEBUG 08-14 23:35:36 open_ai.py:335] async_send_request: request finish prefill, 116
INFO 08-14 23:35:36 open_ai.py:352] async_send_request: prefill completed: req=116,replica_id=0
DEBUG 08-14 23:35:36 replica.py:146] complete_request_prefill: replica_id=[0], request=116, current_budget=84,last_prefill_completed_at=30615744.851609524,last_ttft=0.11
DEBUG 08-14 23:35:36 replica.py:153] complete_request_prefill - replica_id=[0], request=116,self.replica_slo_budget-sum_pending_tokens==current_budget:True,1048576-484==1048092
DEBUG 08-14 23:35:36 metrics_store.py:131] update_metrics:request_id=91
DEBUG 08-14 23:35:36 shared.py:180] Removed task for request 91 on https://uu722127-b80a-4e3f9d5d.cqa1.seetacloud.com:8443
DEBUG 08-14 23:35:36 replica.py:171] complete_request_decode:num_saved_toekens=0
DEBUG 08-14 23:35:36 open_ai.py:452] good request:https://uu722127-b80a-4e3f9d5d.cqa1.seetacloud.com:8443:good,request._id=101,input=241,output=5
INFO 08-14 23:35:36 shared.py:299] Adding task for request 140 to replica 0,session_id=140
DEBUG 08-14 23:35:36 replica.py:226] add_request - replica_id=[0], request=140,self.replica_slo_budget-sum_pending_tokens==current_budget:True,1048576-551==1048025
INFO 08-14 23:35:36 shared.py:299] Adding task for request 142 to replica 4,session_id=142
DEBUG 08-14 23:35:36 replica.py:226] add_request - replica_id=[4], request=142,self.replica_slo_budget-sum_pending_tokens==current_budget:True,1048576-1140==1047436
INFO 08-14 23:35:36 shared.py:299] Adding task for request 143 to replica 3,session_id=143
DEBUG 08-14 23:35:36 replica.py:226] add_request - replica_id=[3], request=143,self.replica_slo_budget-sum_pending_tokens==current_budget:True,1048576-1611==1046965
INFO 08-14 23:35:36 shared.py:299] Adding task for request 144 to replica 2,session_id=144
DEBUG 08-14 23:35:36 replica.py:226] add_request - replica_id=[2], request=144,self.replica_slo_budget-sum_pending_tokens==current_budget:True,1048576-882==1047694
INFO 08-14 23:35:36 shared.py:299] Adding task for request 145 to replica 3,session_id=145
DEBUG 08-14 23:35:36 replica.py:226] add_request - replica_id=[3], request=145,self.replica_slo_budget-sum_pending_tokens==current_budget:True,1048576-1658==1046918
INFO 08-14 23:35:36 open_ai.py:115] async_send_request:request._id=140,session=140,127.0.0.1:8000
INFO 08-14 23:35:36 open_ai.py:115] async_send_request:request._id=142,session=142,https://u722127-8cb5-f6dc13db.nmb1.seetacloud.com:8443
INFO 08-14 23:35:36 open_ai.py:115] async_send_request:request._id=143,session=143,https://uu722127-b80a-4e3f9d5d.cqa1.seetacloud.com:8443
INFO 08-14 23:35:36 open_ai.py:115] async_send_request:request._id=144,session=144,https://u722127-b80a-4e3f9d5d.cqa1.seetacloud.com:8443
INFO 08-14 23:35:36 open_ai.py:115] async_send_request:request._id=145,session=145,https://uu722127-b80a-4e3f9d5d.cqa1.seetacloud.com:8443
DEBUG 08-14 23:35:36 replica.py:171] complete_request_decode:num_saved_toekens=16
DEBUG 08-14 23:35:36 open_ai.py:452] good request:https://uu722127-b80a-4e3f9d5d.cqa1.seetacloud.com:8443:good,request._id=93,input=10,output=10
INFO 08-14 23:35:36 shared.py:299] Adding task for request 141 to replica 1,session_id=141
DEBUG 08-14 23:35:36 replica.py:226] add_request - replica_id=[1], request=141,self.replica_slo_budget-sum_pending_tokens==current_budget:True,1048576-536==1048040
DEBUG 08-14 23:35:36 metrics_store.py:131] update_metrics:request_id=100
INFO 08-14 23:35:36 open_ai.py:115] async_send_request:request._id=141,session=141,127.0.0.1:8001
DEBUG 08-14 23:35:36 metrics_store.py:131] update_metrics:request_id=101
DEBUG 08-14 23:35:36 shared.py:180] Removed task for request 100 on https://u722127-8cb5-f6dc13db.nmb1.seetacloud.com:8443
INFO 08-14 23:35:36 shared.py:299] Adding task for request 146 to replica 0,session_id=146
DEBUG 08-14 23:35:36 replica.py:226] add_request - replica_id=[0], request=146,self.replica_slo_budget-sum_pending_tokens==current_budget:True,1048576-582==1047994
INFO 08-14 23:35:36 shared.py:299] Adding task for request 147 to replica 2,session_id=147
DEBUG 08-14 23:35:36 replica.py:226] add_request - replica_id=[2], request=147,self.replica_slo_budget-sum_pending_tokens==current_budget:True,1048576-920==1047656
INFO 08-14 23:35:36 shared.py:299] Adding task for request 148 to replica 3,session_id=148
DEBUG 08-14 23:35:36 replica.py:226] add_request - replica_id=[3], request=148,self.replica_slo_budget-sum_pending_tokens==current_budget:True,1048576-1708==1046868
INFO 08-14 23:35:36 shared.py:299] Adding task for request 149 to replica 4,session_id=149
DEBUG 08-14 23:35:36 replica.py:226] add_request - replica_id=[4], request=149,self.replica_slo_budget-sum_pending_tokens==current_budget:True,1048576-1435==1047141
DEBUG 08-14 23:35:36 shared.py:180] Removed task for request 101 on https://uu722127-b80a-4e3f9d5d.cqa1.seetacloud.com:8443
INFO 08-14 23:35:36 open_ai.py:115] async_send_request:request._id=146,session=146,127.0.0.1:8000
INFO 08-14 23:35:36 open_ai.py:115] async_send_request:request._id=147,session=147,https://u722127-b80a-4e3f9d5d.cqa1.seetacloud.com:8443
INFO 08-14 23:35:36 open_ai.py:115] async_send_request:request._id=148,session=148,https://uu722127-b80a-4e3f9d5d.cqa1.seetacloud.com:8443
INFO 08-14 23:35:36 open_ai.py:115] async_send_request:request._id=149,session=149,https://u722127-8cb5-f6dc13db.nmb1.seetacloud.com:8443
INFO 08-14 23:35:36 shared.py:299] Adding task for request 151 to replica 4,session_id=151
DEBUG 08-14 23:35:36 replica.py:226] add_request - replica_id=[4], request=151,self.replica_slo_budget-sum_pending_tokens==current_budget:True,1048576-1518==1047058
INFO 08-14 23:35:36 shared.py:299] Adding task for request 157 to replica 1,session_id=157
DEBUG 08-14 23:35:36 replica.py:226] add_request - replica_id=[1], request=157,self.replica_slo_budget-sum_pending_tokens==current_budget:True,1048576-599==1047977
INFO 08-14 23:35:36 shared.py:299] Adding task for request 159 to replica 3,session_id=159
DEBUG 08-14 23:35:36 replica.py:226] add_request - replica_id=[3], request=159,self.replica_slo_budget-sum_pending_tokens==current_budget:True,1048576-1793==1046783
INFO 08-14 23:35:36 open_ai.py:115] async_send_request:request._id=151,session=151,https://u722127-8cb5-f6dc13db.nmb1.seetacloud.com:8443
INFO 08-14 23:35:36 open_ai.py:115] async_send_request:request._id=157,session=157,127.0.0.1:8001
INFO 08-14 23:35:36 open_ai.py:115] async_send_request:request._id=159,session=159,https://uu722127-b80a-4e3f9d5d.cqa1.seetacloud.com:8443
DEBUG 08-14 23:35:36 open_ai.py:335] async_send_request: request finish prefill, 123
INFO 08-14 23:35:36 open_ai.py:352] async_send_request: prefill completed: req=123,replica_id=0
DEBUG 08-14 23:35:36 replica.py:146] complete_request_prefill: replica_id=[0], request=123, current_budget=20,last_prefill_completed_at=30615744.919751767,last_ttft=0.1734
DEBUG 08-14 23:35:36 replica.py:153] complete_request_prefill - replica_id=[0], request=123,self.replica_slo_budget-sum_pending_tokens==current_budget:True,1048576-562==1048014
INFO 08-14 23:35:36 shared.py:299] Adding task for request 154 to replica 0,session_id=154
DEBUG 08-14 23:35:36 replica.py:226] add_request - replica_id=[0], request=154,self.replica_slo_budget-sum_pending_tokens==current_budget:True,1048576-585==1047991
INFO 08-14 23:35:36 shared.py:299] Adding task for request 150 to replica 1,session_id=150
DEBUG 08-14 23:35:36 replica.py:226] add_request - replica_id=[1], request=150,self.replica_slo_budget-sum_pending_tokens==current_budget:True,1048576-678==1047898
INFO 08-14 23:35:36 shared.py:299] Adding task for request 153 to replica 2,session_id=153
DEBUG 08-14 23:35:36 replica.py:226] add_request - replica_id=[2], request=153,self.replica_slo_budget-sum_pending_tokens==current_budget:True,1048576-1499==1047077
INFO 08-14 23:35:36 shared.py:299] Adding task for request 152 to replica 3,session_id=152
DEBUG 08-14 23:35:36 replica.py:226] add_request - replica_id=[3], request=152,self.replica_slo_budget-sum_pending_tokens==current_budget:True,1048576-2071==1046505
INFO 08-14 23:35:36 shared.py:299] Adding task for request 156 to replica 3,session_id=156
DEBUG 08-14 23:35:36 replica.py:226] add_request - replica_id=[3], request=156,self.replica_slo_budget-sum_pending_tokens==current_budget:True,1048576-2212==1046364
INFO 08-14 23:35:36 shared.py:299] Adding task for request 155 to replica 4,session_id=155
DEBUG 08-14 23:35:36 replica.py:226] add_request - replica_id=[4], request=155,self.replica_slo_budget-sum_pending_tokens==current_budget:True,1048576-1563==1047013
INFO 08-14 23:35:36 open_ai.py:115] async_send_request:request._id=154,session=154,127.0.0.1:8000
INFO 08-14 23:35:36 open_ai.py:115] async_send_request:request._id=150,session=150,127.0.0.1:8001
INFO 08-14 23:35:36 open_ai.py:115] async_send_request:request._id=153,session=153,https://u722127-b80a-4e3f9d5d.cqa1.seetacloud.com:8443
INFO 08-14 23:35:36 open_ai.py:115] async_send_request:request._id=152,session=152,https://uu722127-b80a-4e3f9d5d.cqa1.seetacloud.com:8443
INFO 08-14 23:35:36 open_ai.py:115] async_send_request:request._id=156,session=156,https://uu722127-b80a-4e3f9d5d.cqa1.seetacloud.com:8443
INFO 08-14 23:35:36 open_ai.py:115] async_send_request:request._id=155,session=155,https://u722127-8cb5-f6dc13db.nmb1.seetacloud.com:8443
DEBUG 08-14 23:35:36 open_ai.py:335] async_send_request: request finish prefill, 118
INFO 08-14 23:35:36 open_ai.py:352] async_send_request: prefill completed: req=118,replica_id=4
DEBUG 08-14 23:35:36 replica.py:146] complete_request_prefill: replica_id=[4], request=118, current_budget=596,last_prefill_completed_at=30615744.926689494,last_ttft=0.1833
DEBUG 08-14 23:35:36 replica.py:153] complete_request_prefill - replica_id=[4], request=118,self.replica_slo_budget-sum_pending_tokens==current_budget:True,1048576-967==1047609
INFO 08-14 23:35:36 shared.py:299] Adding task for request 158 to replica 3,session_id=158
DEBUG 08-14 23:35:36 replica.py:226] add_request - replica_id=[3], request=158,self.replica_slo_budget-sum_pending_tokens==current_budget:True,1048576-2253==1046323
INFO 08-14 23:35:36 open_ai.py:115] async_send_request:request._id=158,session=158,https://uu722127-b80a-4e3f9d5d.cqa1.seetacloud.com:8443
DEBUG 08-14 23:35:36 open_ai.py:335] async_send_request: request finish prefill, 124
INFO 08-14 23:35:36 open_ai.py:352] async_send_request: prefill completed: req=124,replica_id=1
DEBUG 08-14 23:35:36 replica.py:146] complete_request_prefill: replica_id=[1], request=124, current_budget=67,last_prefill_completed_at=30615744.92956629,last_ttft=0.1829
DEBUG 08-14 23:35:36 replica.py:153] complete_request_prefill - replica_id=[1], request=124,self.replica_slo_budget-sum_pending_tokens==current_budget:True,1048576-611==1047965
DEBUG 08-14 23:35:36 replica.py:171] complete_request_decode:num_saved_toekens=16
DEBUG 08-14 23:35:36 open_ai.py:452] good request:127.0.0.1:8001:good,request._id=106,input=9,output=10
DEBUG 08-14 23:35:36 open_ai.py:335] async_send_request: request finish prefill, 126
INFO 08-14 23:35:36 open_ai.py:352] async_send_request: prefill completed: req=126,replica_id=0
DEBUG 08-14 23:35:36 replica.py:146] complete_request_prefill: replica_id=[0], request=126, current_budget=379,last_prefill_completed_at=30615744.93078518,last_ttft=0.1807
DEBUG 08-14 23:35:36 replica.py:153] complete_request_prefill - replica_id=[0], request=126,self.replica_slo_budget-sum_pending_tokens==current_budget:True,1048576-206==1048370
DEBUG 08-14 23:35:36 metrics_store.py:131] update_metrics:request_id=93
DEBUG 08-14 23:35:36 shared.py:180] Removed task for request 93 on https://uu722127-b80a-4e3f9d5d.cqa1.seetacloud.com:8443
DEBUG 08-14 23:35:36 open_ai.py:335] async_send_request: request finish prefill, 129
INFO 08-14 23:35:36 open_ai.py:352] async_send_request: prefill completed: req=129,replica_id=1
DEBUG 08-14 23:35:36 replica.py:146] complete_request_prefill: replica_id=[1], request=129, current_budget=287,last_prefill_completed_at=30615744.936348382,last_ttft=0.1778
DEBUG 08-14 23:35:36 replica.py:153] complete_request_prefill - replica_id=[1], request=129,self.replica_slo_budget-sum_pending_tokens==current_budget:True,1048576-324==1048252
DEBUG 08-14 23:35:36 open_ai.py:335] async_send_request: request finish prefill, 132
INFO 08-14 23:35:36 open_ai.py:352] async_send_request: prefill completed: req=132,replica_id=1
DEBUG 08-14 23:35:36 replica.py:146] complete_request_prefill: replica_id=[1], request=132, current_budget=14,last_prefill_completed_at=30615744.936859913,last_ttft=0.1743
DEBUG 08-14 23:35:36 replica.py:153] complete_request_prefill - replica_id=[1], request=132,self.replica_slo_budget-sum_pending_tokens==current_budget:True,1048576-310==1048266
DEBUG 08-14 23:35:36 open_ai.py:335] async_send_request: request finish prefill, 103
INFO 08-14 23:35:36 open_ai.py:352] async_send_request: prefill completed: req=103,replica_id=2
DEBUG 08-14 23:35:36 replica.py:146] complete_request_prefill: replica_id=[2], request=103, current_budget=80,last_prefill_completed_at=30615744.95047431,last_ttft=0.2584
DEBUG 08-14 23:35:36 replica.py:153] complete_request_prefill - replica_id=[2], request=103,self.replica_slo_budget-sum_pending_tokens==current_budget:True,1048576-1419==1047157
DEBUG 08-14 23:35:36 replica.py:171] complete_request_decode:num_saved_toekens=16
DEBUG 08-14 23:35:36 open_ai.py:452] good request:https://u722127-b80a-4e3f9d5d.cqa1.seetacloud.com:8443:good,request._id=92,input=584,output=17
DEBUG 08-14 23:35:36 open_ai.py:335] async_send_request: request finish prefill, 117
INFO 08-14 23:35:36 open_ai.py:352] async_send_request: prefill completed: req=117,replica_id=2
DEBUG 08-14 23:35:36 replica.py:146] complete_request_prefill: replica_id=[2], request=117, current_budget=61,last_prefill_completed_at=30615744.953151528,last_ttft=0.2111
DEBUG 08-14 23:35:36 replica.py:153] complete_request_prefill - replica_id=[2], request=117,self.replica_slo_budget-sum_pending_tokens==current_budget:True,1048576-1358==1047218
INFO 08-14 23:35:36 shared.py:299] Adding task for request 160 to replica 0,session_id=160
DEBUG 08-14 23:35:36 replica.py:226] add_request - replica_id=[0], request=160,self.replica_slo_budget-sum_pending_tokens==current_budget:True,1048576-573==1048003
INFO 08-14 23:35:36 shared.py:299] Adding task for request 166 to replica 3,session_id=166
DEBUG 08-14 23:35:36 replica.py:226] add_request - replica_id=[3], request=166,self.replica_slo_budget-sum_pending_tokens==current_budget:True,1048576-2505==1046071
INFO 08-14 23:35:36 open_ai.py:115] async_send_request:request._id=160,session=160,127.0.0.1:8000
INFO 08-14 23:35:36 open_ai.py:115] async_send_request:request._id=166,session=166,https://uu722127-b80a-4e3f9d5d.cqa1.seetacloud.com:8443
DEBUG 08-14 23:35:36 open_ai.py:335] async_send_request: request finish prefill, 130
INFO 08-14 23:35:36 open_ai.py:352] async_send_request: prefill completed: req=130,replica_id=0
DEBUG 08-14 23:35:36 replica.py:146] complete_request_prefill: replica_id=[0], request=130, current_budget=73,last_prefill_completed_at=30615744.966372687,last_ttft=0.2056
DEBUG 08-14 23:35:36 replica.py:153] complete_request_prefill - replica_id=[0], request=130,self.replica_slo_budget-sum_pending_tokens==current_budget:True,1048576-500==1048076
DEBUG 08-14 23:35:36 open_ai.py:335] async_send_request: request finish prefill, 131
INFO 08-14 23:35:36 open_ai.py:352] async_send_request: prefill completed: req=131,replica_id=0
DEBUG 08-14 23:35:36 replica.py:146] complete_request_prefill: replica_id=[0], request=131, current_budget=12,last_prefill_completed_at=30615744.972108323,last_ttft=0.211
DEBUG 08-14 23:35:36 replica.py:153] complete_request_prefill - replica_id=[0], request=131,self.replica_slo_budget-sum_pending_tokens==current_budget:True,1048576-488==1048088
INFO 08-14 23:35:36 shared.py:299] Adding task for request 161 to replica 1,session_id=161
DEBUG 08-14 23:35:36 replica.py:226] add_request - replica_id=[1], request=161,self.replica_slo_budget-sum_pending_tokens==current_budget:True,1048576-352==1048224
INFO 08-14 23:35:36 shared.py:299] Adding task for request 162 to replica 2,session_id=162
DEBUG 08-14 23:35:36 replica.py:226] add_request - replica_id=[2], request=162,self.replica_slo_budget-sum_pending_tokens==current_budget:True,1048576-1721==1046855
INFO 08-14 23:35:36 shared.py:299] Adding task for request 164 to replica 3,session_id=164
DEBUG 08-14 23:35:36 replica.py:226] add_request - replica_id=[3], request=164,self.replica_slo_budget-sum_pending_tokens==current_budget:True,1048576-2910==1045666
INFO 08-14 23:35:36 shared.py:299] Adding task for request 165 to replica 3,session_id=165
DEBUG 08-14 23:35:36 replica.py:226] add_request - replica_id=[3], request=165,self.replica_slo_budget-sum_pending_tokens==current_budget:True,1048576-2937==1045639
INFO 08-14 23:35:36 shared.py:299] Adding task for request 163 to replica 3,session_id=163
DEBUG 08-14 23:35:36 replica.py:226] add_request - replica_id=[3], request=163,self.replica_slo_budget-sum_pending_tokens==current_budget:True,1048576-3196==1045380
DEBUG 08-14 23:35:36 open_ai.py:335] async_send_request: request finish prefill, 136
INFO 08-14 23:35:36 open_ai.py:352] async_send_request: prefill completed: req=136,replica_id=1
DEBUG 08-14 23:35:36 replica.py:146] complete_request_prefill: replica_id=[1], request=136, current_budget=110,last_prefill_completed_at=30615744.976629805,last_ttft=0.2002
DEBUG 08-14 23:35:36 replica.py:153] complete_request_prefill - replica_id=[1], request=136,self.replica_slo_budget-sum_pending_tokens==current_budget:True,1048576-242==1048334
INFO 08-14 23:35:36 shared.py:299] Adding task for request 167 to replica 4,session_id=167
DEBUG 08-14 23:35:36 replica.py:226] add_request - replica_id=[4], request=167,self.replica_slo_budget-sum_pending_tokens==current_budget:True,1048576-982==1047594
INFO 08-14 23:35:36 open_ai.py:115] async_send_request:request._id=161,session=161,127.0.0.1:8001
INFO 08-14 23:35:36 open_ai.py:115] async_send_request:request._id=162,session=162,https://u722127-b80a-4e3f9d5d.cqa1.seetacloud.com:8443
INFO 08-14 23:35:36 open_ai.py:115] async_send_request:request._id=164,session=164,https://uu722127-b80a-4e3f9d5d.cqa1.seetacloud.com:8443
INFO 08-14 23:35:36 open_ai.py:115] async_send_request:request._id=165,session=165,https://uu722127-b80a-4e3f9d5d.cqa1.seetacloud.com:8443
INFO 08-14 23:35:36 open_ai.py:115] async_send_request:request._id=163,session=163,https://uu722127-b80a-4e3f9d5d.cqa1.seetacloud.com:8443
INFO 08-14 23:35:36 open_ai.py:115] async_send_request:request._id=167,session=167,https://u722127-8cb5-f6dc13db.nmb1.seetacloud.com:8443
INFO 08-14 23:35:36 shared.py:299] Adding task for request 168 to replica 0,session_id=168
DEBUG 08-14 23:35:36 replica.py:226] add_request - replica_id=[0], request=168,self.replica_slo_budget-sum_pending_tokens==current_budget:True,1048576-534==1048042
INFO 08-14 23:35:36 shared.py:299] Adding task for request 169 to replica 2,session_id=169
DEBUG 08-14 23:35:36 replica.py:226] add_request - replica_id=[2], request=169,self.replica_slo_budget-sum_pending_tokens==current_budget:True,1048576-2089==1046487
INFO 08-14 23:35:36 open_ai.py:115] async_send_request:request._id=168,session=168,127.0.0.1:8000
INFO 08-14 23:35:36 open_ai.py:115] async_send_request:request._id=169,session=169,https://u722127-b80a-4e3f9d5d.cqa1.seetacloud.com:8443
DEBUG 08-14 23:35:36 open_ai.py:335] async_send_request: request finish prefill, 141
INFO 08-14 23:35:36 open_ai.py:352] async_send_request: prefill completed: req=141,replica_id=1
DEBUG 08-14 23:35:36 replica.py:146] complete_request_prefill: replica_id=[1], request=141, current_budget=58,last_prefill_completed_at=30615744.98838143,last_ttft=0.177
DEBUG 08-14 23:35:36 replica.py:153] complete_request_prefill - replica_id=[1], request=141,self.replica_slo_budget-sum_pending_tokens==current_budget:True,1048576-184==1048392
DEBUG 08-14 23:35:36 open_ai.py:335] async_send_request: request finish prefill, 140
INFO 08-14 23:35:36 open_ai.py:352] async_send_request: prefill completed: req=140,replica_id=0
DEBUG 08-14 23:35:36 replica.py:146] complete_request_prefill: replica_id=[0], request=140, current_budget=67,last_prefill_completed_at=30615744.989210013,last_ttft=0.1821
DEBUG 08-14 23:35:36 replica.py:153] complete_request_prefill - replica_id=[0], request=140,self.replica_slo_budget-sum_pending_tokens==current_budget:True,1048576-467==1048109
DEBUG 08-14 23:35:36 open_ai.py:335] async_send_request: request finish prefill, 115
INFO 08-14 23:35:36 open_ai.py:352] async_send_request: prefill completed: req=115,replica_id=4
DEBUG 08-14 23:35:36 replica.py:146] complete_request_prefill: replica_id=[4], request=115, current_budget=24,last_prefill_completed_at=30615744.99360073,last_ttft=0.2531
DEBUG 08-14 23:35:36 replica.py:153] complete_request_prefill - replica_id=[4], request=115,self.replica_slo_budget-sum_pending_tokens==current_budget:True,1048576-958==1047618
DEBUG 08-14 23:35:36 metrics_store.py:131] update_metrics:request_id=106
DEBUG 08-14 23:35:36 metrics_store.py:131] update_metrics:request_id=92
DEBUG 08-14 23:35:36 shared.py:180] Removed task for request 106 on 127.0.0.1:8001
DEBUG 08-14 23:35:36 shared.py:180] Removed task for request 92 on https://u722127-b80a-4e3f9d5d.cqa1.seetacloud.com:8443
DEBUG 08-14 23:35:36 open_ai.py:335] async_send_request: request finish prefill, 128
INFO 08-14 23:35:36 open_ai.py:352] async_send_request: prefill completed: req=128,replica_id=3
DEBUG 08-14 23:35:36 replica.py:146] complete_request_prefill: replica_id=[3], request=128, current_budget=45,last_prefill_completed_at=30615745.004373576,last_ttft=0.2466
DEBUG 08-14 23:35:36 replica.py:153] complete_request_prefill - replica_id=[3], request=128,self.replica_slo_budget-sum_pending_tokens==current_budget:True,1048576-3151==1045425
DEBUG 08-14 23:35:36 open_ai.py:335] async_send_request: request finish prefill, 135
INFO 08-14 23:35:36 open_ai.py:352] async_send_request: prefill completed: req=135,replica_id=4
DEBUG 08-14 23:35:36 replica.py:146] complete_request_prefill: replica_id=[4], request=135, current_budget=23,last_prefill_completed_at=30615745.00473125,last_ttft=0.2296
DEBUG 08-14 23:35:36 replica.py:153] complete_request_prefill - replica_id=[4], request=135,self.replica_slo_budget-sum_pending_tokens==current_budget:True,1048576-935==1047641
DEBUG 08-14 23:35:36 open_ai.py:335] async_send_request: request finish prefill, 114
INFO 08-14 23:35:36 open_ai.py:352] async_send_request: prefill completed: req=114,replica_id=2
DEBUG 08-14 23:35:36 replica.py:146] complete_request_prefill: replica_id=[2], request=114, current_budget=41,last_prefill_completed_at=30615745.00548253,last_ttft=0.2793
DEBUG 08-14 23:35:36 replica.py:153] complete_request_prefill - replica_id=[2], request=114,self.replica_slo_budget-sum_pending_tokens==current_budget:True,1048576-2048==1046528
INFO 08-14 23:35:36 shared.py:299] Adding task for request 170 to replica 2,session_id=170
DEBUG 08-14 23:35:36 replica.py:226] add_request - replica_id=[2], request=170,self.replica_slo_budget-sum_pending_tokens==current_budget:True,1048576-2087==1046489
INFO 08-14 23:35:36 shared.py:299] Adding task for request 173 to replica 2,session_id=173
DEBUG 08-14 23:35:36 replica.py:226] add_request - replica_id=[2], request=173,self.replica_slo_budget-sum_pending_tokens==current_budget:True,1048576-2133==1046443
INFO 08-14 23:35:36 shared.py:299] Adding task for request 174 to replica 4,session_id=174
DEBUG 08-14 23:35:36 replica.py:226] add_request - replica_id=[4], request=174,self.replica_slo_budget-sum_pending_tokens==current_budget:True,1048576-1460==1047116
INFO 08-14 23:35:36 shared.py:299] Adding task for request 175 to replica 1,session_id=175
DEBUG 08-14 23:35:36 replica.py:226] add_request - replica_id=[1], request=175,self.replica_slo_budget-sum_pending_tokens==current_budget:True,1048576-271==1048305
INFO 08-14 23:35:36 shared.py:299] Adding task for request 177 to replica 3,session_id=177
DEBUG 08-14 23:35:36 replica.py:226] add_request - replica_id=[3], request=177,self.replica_slo_budget-sum_pending_tokens==current_budget:True,1048576-3213==1045363
INFO 08-14 23:35:36 open_ai.py:115] async_send_request:request._id=170,session=170,https://u722127-b80a-4e3f9d5d.cqa1.seetacloud.com:8443
INFO 08-14 23:35:36 open_ai.py:115] async_send_request:request._id=173,session=173,https://u722127-b80a-4e3f9d5d.cqa1.seetacloud.com:8443
INFO 08-14 23:35:36 open_ai.py:115] async_send_request:request._id=174,session=174,https://u722127-8cb5-f6dc13db.nmb1.seetacloud.com:8443
INFO 08-14 23:35:36 open_ai.py:115] async_send_request:request._id=175,session=175,127.0.0.1:8001
INFO 08-14 23:35:36 open_ai.py:115] async_send_request:request._id=177,session=177,https://uu722127-b80a-4e3f9d5d.cqa1.seetacloud.com:8443
DEBUG 08-14 23:35:36 replica.py:171] complete_request_decode:num_saved_toekens=112
DEBUG 08-14 23:35:36 open_ai.py:452] good request:127.0.0.1:8000:good,request._id=21,input=35,output=117
DEBUG 08-14 23:35:36 replica.py:171] complete_request_decode:num_saved_toekens=16
DEBUG 08-14 23:35:36 open_ai.py:452] good request:127.0.0.1:8000:good,request._id=97,input=38,output=18
DEBUG 08-14 23:35:36 open_ai.py:335] async_send_request: request finish prefill, 146
INFO 08-14 23:35:36 open_ai.py:352] async_send_request: prefill completed: req=146,replica_id=0
DEBUG 08-14 23:35:36 replica.py:146] complete_request_prefill: replica_id=[0], request=146, current_budget=31,last_prefill_completed_at=30615745.025430303,last_ttft=0.1861
DEBUG 08-14 23:35:36 replica.py:153] complete_request_prefill - replica_id=[0], request=146,self.replica_slo_budget-sum_pending_tokens==current_budget:True,1048576-436==1048140
INFO 08-14 23:35:36 shared.py:299] Adding task for request 172 to replica 0,session_id=172
DEBUG 08-14 23:35:36 replica.py:226] add_request - replica_id=[0], request=172,self.replica_slo_budget-sum_pending_tokens==current_budget:True,1048576-777==1047799
INFO 08-14 23:35:36 shared.py:299] Adding task for request 171 to replica 3,session_id=171
DEBUG 08-14 23:35:36 replica.py:226] add_request - replica_id=[3], request=171,self.replica_slo_budget-sum_pending_tokens==current_budget:True,1048576-3251==1045325
INFO 08-14 23:35:36 open_ai.py:115] async_send_request:request._id=172,session=172,127.0.0.1:8000
INFO 08-14 23:35:36 open_ai.py:115] async_send_request:request._id=171,session=171,https://uu722127-b80a-4e3f9d5d.cqa1.seetacloud.com:8443
DEBUG 08-14 23:35:36 open_ai.py:335] async_send_request: request finish prefill, 109
INFO 08-14 23:35:36 open_ai.py:352] async_send_request: prefill completed: req=109,replica_id=3
DEBUG 08-14 23:35:36 replica.py:146] complete_request_prefill: replica_id=[3], request=109, current_budget=86,last_prefill_completed_at=30615745.037802123,last_ttft=0.3256
DEBUG 08-14 23:35:36 replica.py:153] complete_request_prefill - replica_id=[3], request=109,self.replica_slo_budget-sum_pending_tokens==current_budget:True,1048576-3165==1045411
INFO 08-14 23:35:36 shared.py:299] Adding task for request 179 to replica 0,session_id=179
DEBUG 08-14 23:35:36 replica.py:226] add_request - replica_id=[0], request=179,self.replica_slo_budget-sum_pending_tokens==current_budget:True,1048576-908==1047668
INFO 08-14 23:35:36 shared.py:299] Adding task for request 176 to replica 1,session_id=176
DEBUG 08-14 23:35:36 replica.py:226] add_request - replica_id=[1], request=176,self.replica_slo_budget-sum_pending_tokens==current_budget:True,1048576-850==1047726
INFO 08-14 23:35:36 shared.py:299] Adding task for request 178 to replica 2,session_id=178
DEBUG 08-14 23:35:36 replica.py:226] add_request - replica_id=[2], request=178,self.replica_slo_budget-sum_pending_tokens==current_budget:True,1048576-2149==1046427
DEBUG 08-14 23:35:36 open_ai.py:335] async_send_request: request finish prefill, 139
INFO 08-14 23:35:36 open_ai.py:352] async_send_request: prefill completed: req=139,replica_id=4
DEBUG 08-14 23:35:36 replica.py:146] complete_request_prefill: replica_id=[4], request=139, current_budget=34,last_prefill_completed_at=30615745.041311298,last_ttft=0.2402
DEBUG 08-14 23:35:36 replica.py:153] complete_request_prefill - replica_id=[4], request=139,self.replica_slo_budget-sum_pending_tokens==current_budget:True,1048576-1426==1047150
INFO 08-14 23:35:36 open_ai.py:115] async_send_request:request._id=179,session=179,127.0.0.1:8000
INFO 08-14 23:35:36 open_ai.py:115] async_send_request:request._id=176,session=176,127.0.0.1:8001
INFO 08-14 23:35:36 open_ai.py:115] async_send_request:request._id=178,session=178,https://u722127-b80a-4e3f9d5d.cqa1.seetacloud.com:8443
DEBUG 08-14 23:35:36 open_ai.py:335] async_send_request: request finish prefill, 111
INFO 08-14 23:35:36 open_ai.py:352] async_send_request: prefill completed: req=111,replica_id=3
DEBUG 08-14 23:35:36 replica.py:146] complete_request_prefill: replica_id=[3], request=111, current_budget=35,last_prefill_completed_at=30615745.045727108,last_ttft=0.3263
DEBUG 08-14 23:35:36 replica.py:153] complete_request_prefill - replica_id=[3], request=111,self.replica_slo_budget-sum_pending_tokens==current_budget:True,1048576-3130==1045446
DEBUG 08-14 23:35:36 open_ai.py:335] async_send_request: request finish prefill, 127
INFO 08-14 23:35:36 open_ai.py:352] async_send_request: prefill completed: req=127,replica_id=4
DEBUG 08-14 23:35:36 replica.py:146] complete_request_prefill: replica_id=[4], request=127, current_budget=370,last_prefill_completed_at=30615745.04642046,last_ttft=0.2931
DEBUG 08-14 23:35:36 replica.py:153] complete_request_prefill - replica_id=[4], request=127,self.replica_slo_budget-sum_pending_tokens==current_budget:True,1048576-1056==1047520
DEBUG 08-14 23:35:36 open_ai.py:335] async_send_request: request finish prefill, 138
INFO 08-14 23:35:36 open_ai.py:352] async_send_request: prefill completed: req=138,replica_id=3
DEBUG 08-14 23:35:36 replica.py:146] complete_request_prefill: replica_id=[3], request=138, current_budget=21,last_prefill_completed_at=30615745.049302097,last_ttft=0.2513
DEBUG 08-14 23:35:36 replica.py:153] complete_request_prefill - replica_id=[3], request=138,self.replica_slo_budget-sum_pending_tokens==current_budget:True,1048576-3109==1045467
DEBUG 08-14 23:35:36 open_ai.py:335] async_send_request: request finish prefill, 133
INFO 08-14 23:35:36 open_ai.py:352] async_send_request: prefill completed: req=133,replica_id=3
DEBUG 08-14 23:35:36 replica.py:146] complete_request_prefill: replica_id=[3], request=133, current_budget=305,last_prefill_completed_at=30615745.04974413,last_ttft=0.2798
DEBUG 08-14 23:35:36 replica.py:153] complete_request_prefill - replica_id=[3], request=133,self.replica_slo_budget-sum_pending_tokens==current_budget:True,1048576-2804==1045772
DEBUG 08-14 23:35:36 open_ai.py:335] async_send_request: request finish prefill, 154
INFO 08-14 23:35:36 open_ai.py:352] async_send_request: prefill completed: req=154,replica_id=0
DEBUG 08-14 23:35:36 replica.py:146] complete_request_prefill: replica_id=[0], request=154, current_budget=23,last_prefill_completed_at=30615745.050322853,last_ttft=0.1857
DEBUG 08-14 23:35:36 replica.py:153] complete_request_prefill - replica_id=[0], request=154,self.replica_slo_budget-sum_pending_tokens==current_budget:True,1048576-885==1047691
INFO 08-14 23:35:36 shared.py:299] Adding task for request 180 to replica 1,session_id=180
DEBUG 08-14 23:35:36 replica.py:226] add_request - replica_id=[1], request=180,self.replica_slo_budget-sum_pending_tokens==current_budget:True,1048576-1318==1047258
INFO 08-14 23:35:36 shared.py:299] Adding task for request 181 to replica 2,session_id=181
DEBUG 08-14 23:35:36 replica.py:226] add_request - replica_id=[2], request=181,self.replica_slo_budget-sum_pending_tokens==current_budget:True,1048576-2211==1046365
INFO 08-14 23:35:36 shared.py:299] Adding task for request 185 to replica 1,session_id=185
DEBUG 08-14 23:35:36 replica.py:226] add_request - replica_id=[1], request=185,self.replica_slo_budget-sum_pending_tokens==current_budget:True,1048576-1328==1047248
INFO 08-14 23:35:36 shared.py:299] Adding task for request 186 to replica 4,session_id=186
DEBUG 08-14 23:35:36 replica.py:226] add_request - replica_id=[4], request=186,self.replica_slo_budget-sum_pending_tokens==current_budget:True,1048576-1073==1047503
INFO 08-14 23:35:36 shared.py:299] Adding task for request 188 to replica 3,session_id=188
DEBUG 08-14 23:35:36 replica.py:226] add_request - replica_id=[3], request=188,self.replica_slo_budget-sum_pending_tokens==current_budget:True,1048576-2848==1045728
INFO 08-14 23:35:36 open_ai.py:115] async_send_request:request._id=180,session=180,127.0.0.1:8001
INFO 08-14 23:35:36 open_ai.py:115] async_send_request:request._id=181,session=181,https://u722127-b80a-4e3f9d5d.cqa1.seetacloud.com:8443
INFO 08-14 23:35:36 open_ai.py:115] async_send_request:request._id=185,session=185,127.0.0.1:8001
INFO 08-14 23:35:36 open_ai.py:115] async_send_request:request._id=186,session=186,https://u722127-8cb5-f6dc13db.nmb1.seetacloud.com:8443
INFO 08-14 23:35:36 open_ai.py:115] async_send_request:request._id=188,session=188,https://uu722127-b80a-4e3f9d5d.cqa1.seetacloud.com:8443
DEBUG 08-14 23:35:36 open_ai.py:335] async_send_request: request finish prefill, 150
INFO 08-14 23:35:36 open_ai.py:352] async_send_request: prefill completed: req=150,replica_id=1
DEBUG 08-14 23:35:36 replica.py:146] complete_request_prefill: replica_id=[1], request=150, current_budget=79,last_prefill_completed_at=30615745.082290024,last_ttft=0.2349
DEBUG 08-14 23:35:36 replica.py:153] complete_request_prefill - replica_id=[1], request=150,self.replica_slo_budget-sum_pending_tokens==current_budget:True,1048576-1249==1047327
INFO 08-14 23:35:36 shared.py:299] Adding task for request 183 to replica 2,session_id=183
DEBUG 08-14 23:35:36 replica.py:226] add_request - replica_id=[2], request=183,self.replica_slo_budget-sum_pending_tokens==current_budget:True,1048576-2229==1046347
INFO 08-14 23:35:36 shared.py:299] Adding task for request 182 to replica 4,session_id=182
DEBUG 08-14 23:35:36 replica.py:226] add_request - replica_id=[4], request=182,self.replica_slo_budget-sum_pending_tokens==current_budget:True,1048576-1097==1047479
DEBUG 08-14 23:35:36 open_ai.py:335] async_send_request: request finish prefill, 157
INFO 08-14 23:35:36 open_ai.py:352] async_send_request: prefill completed: req=157,replica_id=1
DEBUG 08-14 23:35:36 replica.py:146] complete_request_prefill: replica_id=[1], request=157, current_budget=63,last_prefill_completed_at=30615745.084856756,last_ttft=0.2046
DEBUG 08-14 23:35:36 replica.py:153] complete_request_prefill - replica_id=[1], request=157,self.replica_slo_budget-sum_pending_tokens==current_budget:True,1048576-1186==1047390
INFO 08-14 23:35:36 shared.py:299] Adding task for request 184 to replica 3,session_id=184
DEBUG 08-14 23:35:36 replica.py:226] add_request - replica_id=[3], request=184,self.replica_slo_budget-sum_pending_tokens==current_budget:True,1048576-2874==1045702
DEBUG 08-14 23:35:36 replica.py:171] complete_request_decode:num_saved_toekens=16
DEBUG 08-14 23:35:36 open_ai.py:335] async_send_request: request finish prefill, 119
INFO 08-14 23:35:36 open_ai.py:352] async_send_request: prefill completed: req=119,replica_id=2
DEBUG 08-14 23:35:36 replica.py:146] complete_request_prefill: replica_id=[2], request=119, current_budget=22,last_prefill_completed_at=30615745.087853055,last_ttft=0.3444
DEBUG 08-14 23:35:36 replica.py:153] complete_request_prefill - replica_id=[2], request=119,self.replica_slo_budget-sum_pending_tokens==current_budget:True,1048576-2207==1046369
DEBUG 08-14 23:35:36 open_ai.py:335] async_send_request: request finish prefill, 120
INFO 08-14 23:35:36 open_ai.py:352] async_send_request: prefill completed: req=120,replica_id=2
DEBUG 08-14 23:35:36 replica.py:146] complete_request_prefill: replica_id=[2], request=120, current_budget=54,last_prefill_completed_at=30615745.089036975,last_ttft=0.3442
DEBUG 08-14 23:35:36 replica.py:153] complete_request_prefill - replica_id=[2], request=120,self.replica_slo_budget-sum_pending_tokens==current_budget:True,1048576-2153==1046423
INFO 08-14 23:35:36 shared.py:299] Adding task for request 187 to replica 2,session_id=187
DEBUG 08-14 23:35:36 replica.py:226] add_request - replica_id=[2], request=187,self.replica_slo_budget-sum_pending_tokens==current_budget:True,1048576-2224==1046352
DEBUG 08-14 23:35:36 open_ai.py:335] async_send_request: request finish prefill, 125
INFO 08-14 23:35:36 open_ai.py:352] async_send_request: prefill completed: req=125,replica_id=2
DEBUG 08-14 23:35:36 replica.py:146] complete_request_prefill: replica_id=[2], request=125, current_budget=83,last_prefill_completed_at=30615745.09051815,last_ttft=0.3438
DEBUG 08-14 23:35:36 replica.py:153] complete_request_prefill - replica_id=[2], request=125,self.replica_slo_budget-sum_pending_tokens==current_budget:True,1048576-2141==1046435
INFO 08-14 23:35:36 open_ai.py:115] async_send_request:request._id=183,session=183,https://u722127-b80a-4e3f9d5d.cqa1.seetacloud.com:8443
INFO 08-14 23:35:36 open_ai.py:115] async_send_request:request._id=182,session=182,https://u722127-8cb5-f6dc13db.nmb1.seetacloud.com:8443
INFO 08-14 23:35:36 open_ai.py:115] async_send_request:request._id=184,session=184,https://uu722127-b80a-4e3f9d5d.cqa1.seetacloud.com:8443
INFO 08-14 23:35:36 open_ai.py:115] async_send_request:request._id=187,session=187,https://u722127-b80a-4e3f9d5d.cqa1.seetacloud.com:8443
DEBUG 08-14 23:35:36 open_ai.py:335] async_send_request: request finish prefill, 142
INFO 08-14 23:35:36 open_ai.py:352] async_send_request: prefill completed: req=142,replica_id=4
DEBUG 08-14 23:35:36 replica.py:146] complete_request_prefill: replica_id=[4], request=142, current_budget=93,last_prefill_completed_at=30615745.096267432,last_ttft=0.2641
DEBUG 08-14 23:35:36 replica.py:153] complete_request_prefill - replica_id=[4], request=142,self.replica_slo_budget-sum_pending_tokens==current_budget:True,1048576-1004==1047572
INFO 08-14 23:35:36 shared.py:299] Adding task for request 189 to replica 0,session_id=189
DEBUG 08-14 23:35:36 replica.py:226] add_request - replica_id=[0], request=189,self.replica_slo_budget-sum_pending_tokens==current_budget:True,1048576-1231==1047345
INFO 08-14 23:35:36 open_ai.py:115] async_send_request:request._id=189,session=189,127.0.0.1:8000
DEBUG 08-14 23:35:36 open_ai.py:335] async_send_request: request finish prefill, 122
INFO 08-14 23:35:36 open_ai.py:352] async_send_request: prefill completed: req=122,replica_id=3
DEBUG 08-14 23:35:36 replica.py:146] complete_request_prefill: replica_id=[3], request=122, current_budget=361,last_prefill_completed_at=30615745.100911383,last_ttft=0.3547
DEBUG 08-14 23:35:36 replica.py:153] complete_request_prefill - replica_id=[3], request=122,self.replica_slo_budget-sum_pending_tokens==current_budget:True,1048576-2513==1046063
DEBUG 08-14 23:35:36 open_ai.py:335] async_send_request: request finish prefill, 149
INFO 08-14 23:35:36 open_ai.py:352] async_send_request: prefill completed: req=149,replica_id=4
DEBUG 08-14 23:35:36 replica.py:146] complete_request_prefill: replica_id=[4], request=149, current_budget=295,last_prefill_completed_at=30615745.101462048,last_ttft=0.256
DEBUG 08-14 23:35:36 replica.py:153] complete_request_prefill - replica_id=[4], request=149,self.replica_slo_budget-sum_pending_tokens==current_budget:True,1048576-709==1047867
DEBUG 08-14 23:35:36 replica.py:171] complete_request_decode:num_saved_toekens=0
DEBUG 08-14 23:35:36 open_ai.py:452] good request:https://u722127-8cb5-f6dc13db.nmb1.seetacloud.com:8443:good,request._id=127,input=370,output=3
DEBUG 08-14 23:35:36 open_ai.py:335] async_send_request: request finish prefill, 121
INFO 08-14 23:35:36 open_ai.py:352] async_send_request: prefill completed: req=121,replica_id=3
DEBUG 08-14 23:35:36 replica.py:146] complete_request_prefill: replica_id=[3], request=121, current_budget=239,last_prefill_completed_at=30615745.10301823,last_ttft=0.3576
DEBUG 08-14 23:35:36 replica.py:153] complete_request_prefill - replica_id=[3], request=121,self.replica_slo_budget-sum_pending_tokens==current_budget:True,1048576-2274==1046302
DEBUG 08-14 23:35:36 replica.py:171] complete_request_decode:num_saved_toekens=32
DEBUG 08-14 23:35:36 open_ai.py:452] good request:127.0.0.1:8001:good,request._id=95,input=363,output=25
DEBUG 08-14 23:35:36 replica.py:171] complete_request_decode:num_saved_toekens=16
DEBUG 08-14 23:35:36 open_ai.py:452] good request:127.0.0.1:8000:good,request._id=108,input=61,output=18
DEBUG 08-14 23:35:36 metrics_store.py:131] update_metrics:request_id=21
DEBUG 08-14 23:35:36 open_ai.py:335] async_send_request: request finish prefill, 161
INFO 08-14 23:35:36 open_ai.py:352] async_send_request: prefill completed: req=161,replica_id=1
DEBUG 08-14 23:35:36 replica.py:146] complete_request_prefill: replica_id=[1], request=161, current_budget=42,last_prefill_completed_at=30615745.111124437,last_ttft=0.2268
DEBUG 08-14 23:35:36 replica.py:153] complete_request_prefill - replica_id=[1], request=161,self.replica_slo_budget-sum_pending_tokens==current_budget:True,1048576-1144==1047432
DEBUG 08-14 23:35:36 metrics_store.py:131] update_metrics:request_id=97
DEBUG 08-14 23:35:36 shared.py:180] Removed task for request 21 on 127.0.0.1:8000
DEBUG 08-14 23:35:36 open_ai.py:335] async_send_request: request finish prefill, 151
INFO 08-14 23:35:36 open_ai.py:352] async_send_request: prefill completed: req=151,replica_id=4
DEBUG 08-14 23:35:36 replica.py:146] complete_request_prefill: replica_id=[4], request=151, current_budget=83,last_prefill_completed_at=30615745.11431194,last_ttft=0.2616
DEBUG 08-14 23:35:36 replica.py:153] complete_request_prefill - replica_id=[4], request=151,self.replica_slo_budget-sum_pending_tokens==current_budget:True,1048576-626==1047950
DEBUG 08-14 23:35:36 shared.py:180] Removed task for request 97 on 127.0.0.1:8000
DEBUG 08-14 23:35:36 open_ai.py:335] async_send_request: request finish prefill, 168
INFO 08-14 23:35:36 open_ai.py:352] async_send_request: prefill completed: req=168,replica_id=0
DEBUG 08-14 23:35:36 replica.py:146] complete_request_prefill: replica_id=[0], request=168, current_budget=46,last_prefill_completed_at=30615745.12717559,last_ttft=0.2306
DEBUG 08-14 23:35:36 replica.py:153] complete_request_prefill - replica_id=[0], request=168,self.replica_slo_budget-sum_pending_tokens==current_budget:True,1048576-1185==1047391
DEBUG 08-14 23:35:36 open_ai.py:335] async_send_request: request finish prefill, 160
INFO 08-14 23:35:36 open_ai.py:352] async_send_request: prefill completed: req=160,replica_id=0
DEBUG 08-14 23:35:36 replica.py:146] complete_request_prefill: replica_id=[0], request=160, current_budget=367,last_prefill_completed_at=30615745.127811156,last_ttft=0.245
DEBUG 08-14 23:35:36 replica.py:153] complete_request_prefill - replica_id=[0], request=160,self.replica_slo_budget-sum_pending_tokens==current_budget:True,1048576-818==1047758
DEBUG 08-14 23:35:36 open_ai.py:335] async_send_request: request finish prefill, 134
INFO 08-14 23:35:36 open_ai.py:352] async_send_request: prefill completed: req=134,replica_id=2
DEBUG 08-14 23:35:36 replica.py:146] complete_request_prefill: replica_id=[2], request=134, current_budget=292,last_prefill_completed_at=30615745.12860503,last_ttft=0.3551
DEBUG 08-14 23:35:36 replica.py:153] complete_request_prefill - replica_id=[2], request=134,self.replica_slo_budget-sum_pending_tokens==current_budget:True,1048576-1849==1046727
DEBUG 08-14 23:35:36 open_ai.py:335] async_send_request: request finish prefill, 153
INFO 08-14 23:35:36 open_ai.py:352] async_send_request: prefill completed: req=153,replica_id=2
DEBUG 08-14 23:35:36 replica.py:146] complete_request_prefill: replica_id=[2], request=153, current_budget=579,last_prefill_completed_at=30615745.129385583,last_ttft=0.2686
DEBUG 08-14 23:35:36 replica.py:153] complete_request_prefill - replica_id=[2], request=153,self.replica_slo_budget-sum_pending_tokens==current_budget:True,1048576-1270==1047306
DEBUG 08-14 23:35:36 open_ai.py:335] async_send_request: request finish prefill, 137
INFO 08-14 23:35:36 open_ai.py:352] async_send_request: prefill completed: req=137,replica_id=2
DEBUG 08-14 23:35:36 replica.py:146] complete_request_prefill: replica_id=[2], request=137, current_budget=233,last_prefill_completed_at=30615745.13025037,last_ttft=0.3373
DEBUG 08-14 23:35:36 replica.py:153] complete_request_prefill - replica_id=[2], request=137,self.replica_slo_budget-sum_pending_tokens==current_budget:True,1048576-1037==1047539
INFO 08-14 23:35:36 shared.py:299] Adding task for request 190 to replica 0,session_id=190
DEBUG 08-14 23:35:36 replica.py:226] add_request - replica_id=[0], request=190,self.replica_slo_budget-sum_pending_tokens==current_budget:True,1048576-1324==1047252
INFO 08-14 23:35:36 shared.py:299] Adding task for request 194 to replica 2,session_id=194
DEBUG 08-14 23:35:36 replica.py:226] add_request - replica_id=[2], request=194,self.replica_slo_budget-sum_pending_tokens==current_budget:True,1048576-1174==1047402
INFO 08-14 23:35:36 shared.py:299] Adding task for request 196 to replica 0,session_id=196
DEBUG 08-14 23:35:36 replica.py:226] add_request - replica_id=[0], request=196,self.replica_slo_budget-sum_pending_tokens==current_budget:True,1048576-1363==1047213
INFO 08-14 23:35:36 shared.py:299] Adding task for request 197 to replica 1,session_id=197
DEBUG 08-14 23:35:36 replica.py:226] add_request - replica_id=[1], request=197,self.replica_slo_budget-sum_pending_tokens==current_budget:True,1048576-1200==1047376
INFO 08-14 23:35:36 open_ai.py:115] async_send_request:request._id=190,session=190,127.0.0.1:8000
INFO 08-14 23:35:36 open_ai.py:115] async_send_request:request._id=194,session=194,https://u722127-b80a-4e3f9d5d.cqa1.seetacloud.com:8443
INFO 08-14 23:35:36 open_ai.py:115] async_send_request:request._id=196,session=196,127.0.0.1:8000
INFO 08-14 23:35:36 open_ai.py:115] async_send_request:request._id=197,session=197,127.0.0.1:8001
DEBUG 08-14 23:35:37 replica.py:171] complete_request_decode:num_saved_toekens=0
DEBUG 08-14 23:35:37 replica.py:171] complete_request_decode:num_saved_toekens=16
DEBUG 08-14 23:35:37 open_ai.py:452] good request:127.0.0.1:8000:good,request._id=131,input=12,output=11
INFO 08-14 23:35:37 shared.py:299] Adding task for request 193 to replica 0,session_id=193
DEBUG 08-14 23:35:37 replica.py:226] add_request - replica_id=[0], request=193,self.replica_slo_budget-sum_pending_tokens==current_budget:True,1048576-1458==1047118
INFO 08-14 23:35:37 shared.py:299] Adding task for request 192 to replica 1,session_id=192
DEBUG 08-14 23:35:37 replica.py:226] add_request - replica_id=[1], request=192,self.replica_slo_budget-sum_pending_tokens==current_budget:True,1048576-1211==1047365
INFO 08-14 23:35:37 shared.py:299] Adding task for request 191 to replica 2,session_id=191
DEBUG 08-14 23:35:37 replica.py:226] add_request - replica_id=[2], request=191,self.replica_slo_budget-sum_pending_tokens==current_budget:True,1048576-1885==1046691
INFO 08-14 23:35:37 shared.py:299] Adding task for request 195 to replica 4,session_id=195
DEBUG 08-14 23:35:37 replica.py:226] add_request - replica_id=[4], request=195,self.replica_slo_budget-sum_pending_tokens==current_budget:True,1048576-669==1047907
INFO 08-14 23:35:37 open_ai.py:115] async_send_request:request._id=193,session=193,127.0.0.1:8000
INFO 08-14 23:35:37 open_ai.py:115] async_send_request:request._id=192,session=192,127.0.0.1:8001
INFO 08-14 23:35:37 open_ai.py:115] async_send_request:request._id=191,session=191,https://u722127-b80a-4e3f9d5d.cqa1.seetacloud.com:8443
INFO 08-14 23:35:37 open_ai.py:115] async_send_request:request._id=195,session=195,https://u722127-8cb5-f6dc13db.nmb1.seetacloud.com:8443
DEBUG 08-14 23:35:37 open_ai.py:335] async_send_request: request finish prefill, 147
INFO 08-14 23:35:37 open_ai.py:352] async_send_request: prefill completed: req=147,replica_id=2
DEBUG 08-14 23:35:37 replica.py:146] complete_request_prefill: replica_id=[2], request=147, current_budget=38,last_prefill_completed_at=30615745.16202986,last_ttft=0.3177
DEBUG 08-14 23:35:37 replica.py:153] complete_request_prefill - replica_id=[2], request=147,self.replica_slo_budget-sum_pending_tokens==current_budget:True,1048576-1847==1046729
INFO 08-14 23:35:37 shared.py:299] Adding task for request 198 to replica 3,session_id=198
DEBUG 08-14 23:35:37 replica.py:226] add_request - replica_id=[3], request=198,self.replica_slo_budget-sum_pending_tokens==current_budget:True,1048576-2921==1045655
INFO 08-14 23:35:37 shared.py:299] Adding task for request 199 to replica 3,session_id=199
DEBUG 08-14 23:35:37 replica.py:226] add_request - replica_id=[3], request=199,self.replica_slo_budget-sum_pending_tokens==current_budget:True,1048576-3258==1045318
INFO 08-14 23:35:37 open_ai.py:115] async_send_request:request._id=198,session=198,https://uu722127-b80a-4e3f9d5d.cqa1.seetacloud.com:8443
INFO 08-14 23:35:37 open_ai.py:115] async_send_request:request._id=199,session=199,https://uu722127-b80a-4e3f9d5d.cqa1.seetacloud.com:8443
DEBUG 08-14 23:35:37 open_ai.py:335] async_send_request: request finish prefill, 145
INFO 08-14 23:35:37 open_ai.py:352] async_send_request: prefill completed: req=145,replica_id=3
DEBUG 08-14 23:35:37 replica.py:146] complete_request_prefill: replica_id=[3], request=145, current_budget=47,last_prefill_completed_at=30615745.16547785,last_ttft=0.3302
DEBUG 08-14 23:35:37 replica.py:153] complete_request_prefill - replica_id=[3], request=145,self.replica_slo_budget-sum_pending_tokens==current_budget:True,1048576-3211==1045365
DEBUG 08-14 23:35:37 open_ai.py:335] async_send_request: request finish prefill, 144
INFO 08-14 23:35:37 open_ai.py:352] async_send_request: prefill completed: req=144,replica_id=2
DEBUG 08-14 23:35:37 replica.py:146] complete_request_prefill: replica_id=[2], request=144, current_budget=16,last_prefill_completed_at=30615745.166313905,last_ttft=0.332
DEBUG 08-14 23:35:37 replica.py:153] complete_request_prefill - replica_id=[2], request=144,self.replica_slo_budget-sum_pending_tokens==current_budget:True,1048576-1831==1046745
DEBUG 08-14 23:35:37 open_ai.py:335] async_send_request: request finish prefill, 155
INFO 08-14 23:35:37 open_ai.py:352] async_send_request: prefill completed: req=155,replica_id=4
DEBUG 08-14 23:35:37 replica.py:146] complete_request_prefill: replica_id=[4], request=155, current_budget=45,last_prefill_completed_at=30615745.167499725,last_ttft=0.2981
DEBUG 08-14 23:35:37 replica.py:153] complete_request_prefill - replica_id=[4], request=155,self.replica_slo_budget-sum_pending_tokens==current_budget:True,1048576-624==1047952
DEBUG 08-14 23:35:37 open_ai.py:335] async_send_request: request finish prefill, 175
INFO 08-14 23:35:37 open_ai.py:352] async_send_request: prefill completed: req=175,replica_id=1
DEBUG 08-14 23:35:37 replica.py:146] complete_request_prefill: replica_id=[1], request=175, current_budget=87,last_prefill_completed_at=30615745.17902183,last_ttft=0.2667
DEBUG 08-14 23:35:37 replica.py:153] complete_request_prefill - replica_id=[1], request=175,self.replica_slo_budget-sum_pending_tokens==current_budget:True,1048576-1124==1047452
DEBUG 08-14 23:35:37 open_ai.py:335] async_send_request: request finish prefill, 179
INFO 08-14 23:35:37 open_ai.py:352] async_send_request: prefill completed: req=179,replica_id=0
DEBUG 08-14 23:35:37 replica.py:146] complete_request_prefill: replica_id=[0], request=179, current_budget=131,last_prefill_completed_at=30615745.183330867,last_ttft=0.2559
DEBUG 08-14 23:35:37 replica.py:153] complete_request_prefill - replica_id=[0], request=179,self.replica_slo_budget-sum_pending_tokens==current_budget:True,1048576-1327==1047249
DEBUG 08-14 23:35:37 open_ai.py:335] async_send_request: request finish prefill, 172
INFO 08-14 23:35:37 open_ai.py:352] async_send_request: prefill completed: req=172,replica_id=0
DEBUG 08-14 23:35:37 replica.py:146] complete_request_prefill: replica_id=[0], request=172, current_budget=341,last_prefill_completed_at=30615745.18405828,last_ttft=0.2741
DEBUG 08-14 23:35:37 replica.py:153] complete_request_prefill - replica_id=[0], request=172,self.replica_slo_budget-sum_pending_tokens==current_budget:True,1048576-986==1047590
DEBUG 08-14 23:35:37 open_ai.py:452] good request:127.0.0.1:8000:good,request._id=130,input=73,output=7
DEBUG 08-14 23:35:37 replica.py:171] complete_request_decode:num_saved_toekens=64
DEBUG 08-14 23:35:37 metrics_store.py:131] update_metrics:request_id=127
DEBUG 08-14 23:35:37 open_ai.py:335] async_send_request: request finish prefill, 176
INFO 08-14 23:35:37 open_ai.py:352] async_send_request: prefill completed: req=176,replica_id=1
DEBUG 08-14 23:35:37 replica.py:146] complete_request_prefill: replica_id=[1], request=176, current_budget=579,last_prefill_completed_at=30615745.267781105,last_ttft=0.3537
DEBUG 08-14 23:35:37 replica.py:153] complete_request_prefill - replica_id=[1], request=176,self.replica_slo_budget-sum_pending_tokens==current_budget:True,1048576-545==1048031
DEBUG 08-14 23:35:37 open_ai.py:335] async_send_request: request finish prefill, 167
INFO 08-14 23:35:37 open_ai.py:352] async_send_request: prefill completed: req=167,replica_id=4
DEBUG 08-14 23:35:37 replica.py:146] complete_request_prefill: replica_id=[4], request=167, current_budget=15,last_prefill_completed_at=30615745.269824047,last_ttft=0.381
DEBUG 08-14 23:35:37 replica.py:153] complete_request_prefill - replica_id=[4], request=167,self.replica_slo_budget-sum_pending_tokens==current_budget:True,1048576-609==1047967
DEBUG 08-14 23:35:37 open_ai.py:335] async_send_request: request finish prefill, 174
INFO 08-14 23:35:37 open_ai.py:352] async_send_request: prefill completed: req=174,replica_id=4
DEBUG 08-14 23:35:37 replica.py:146] complete_request_prefill: replica_id=[4], request=174, current_budget=525,last_prefill_completed_at=30615745.271842808,last_ttft=0.3598
DEBUG 08-14 23:35:37 replica.py:153] complete_request_prefill - replica_id=[4], request=174,self.replica_slo_budget-sum_pending_tokens==current_budget:True,1048576-84==1048492
DEBUG 08-14 23:35:37 open_ai.py:335] async_send_request: request finish prefill, 180
INFO 08-14 23:35:37 open_ai.py:352] async_send_request: prefill completed: req=180,replica_id=1
DEBUG 08-14 23:35:37 replica.py:146] complete_request_prefill: replica_id=[1], request=180, current_budget=468,last_prefill_completed_at=30615745.27329417,last_ttft=0.3459
DEBUG 08-14 23:35:37 replica.py:153] complete_request_prefill - replica_id=[1], request=180,self.replica_slo_budget-sum_pending_tokens==current_budget:True,1048576-77==1048499
DEBUG 08-14 23:35:37 open_ai.py:335] async_send_request: request finish prefill, 186
INFO 08-14 23:35:37 open_ai.py:352] async_send_request: prefill completed: req=186,replica_id=4
DEBUG 08-14 23:35:37 replica.py:146] complete_request_prefill: replica_id=[4], request=186, current_budget=17,last_prefill_completed_at=30615745.273599926,last_ttft=0.3386
DEBUG 08-14 23:35:37 replica.py:153] complete_request_prefill - replica_id=[4], request=186,self.replica_slo_budget-sum_pending_tokens==current_budget:True,1048576-67==1048509
DEBUG 08-14 23:35:37 open_ai.py:335] async_send_request: request finish prefill, 185
INFO 08-14 23:35:37 open_ai.py:352] async_send_request: prefill completed: req=185,replica_id=1
DEBUG 08-14 23:35:37 replica.py:146] complete_request_prefill: replica_id=[1], request=185, current_budget=10,last_prefill_completed_at=30615745.27389386,last_ttft=0.3404
DEBUG 08-14 23:35:37 replica.py:153] complete_request_prefill - replica_id=[1], request=185,self.replica_slo_budget-sum_pending_tokens==current_budget:True,1048576-67==1048509
DEBUG 08-14 23:35:37 open_ai.py:335] async_send_request: request finish prefill, 143
INFO 08-14 23:35:37 open_ai.py:352] async_send_request: prefill completed: req=143,replica_id=3
DEBUG 08-14 23:35:37 replica.py:146] complete_request_prefill: replica_id=[3], request=143, current_budget=519,last_prefill_completed_at=30615745.274653558,last_ttft=0.4412
DEBUG 08-14 23:35:37 replica.py:153] complete_request_prefill - replica_id=[3], request=143,self.replica_slo_budget-sum_pending_tokens==current_budget:True,1048576-2692==1045884
DEBUG 08-14 23:35:37 open_ai.py:335] async_send_request: request finish prefill, 148
INFO 08-14 23:35:37 open_ai.py:352] async_send_request: prefill completed: req=148,replica_id=3
DEBUG 08-14 23:35:37 replica.py:146] complete_request_prefill: replica_id=[3], request=148, current_budget=50,last_prefill_completed_at=30615745.27537779,last_ttft=0.4305
DEBUG 08-14 23:35:37 replica.py:153] complete_request_prefill - replica_id=[3], request=148,self.replica_slo_budget-sum_pending_tokens==current_budget:True,1048576-2642==1045934
DEBUG 08-14 23:35:37 open_ai.py:335] async_send_request: request finish prefill, 159
INFO 08-14 23:35:37 open_ai.py:352] async_send_request: prefill completed: req=159,replica_id=3
DEBUG 08-14 23:35:37 replica.py:146] complete_request_prefill: replica_id=[3], request=159, current_budget=85,last_prefill_completed_at=30615745.275723815,last_ttft=0.3931
DEBUG 08-14 23:35:37 replica.py:153] complete_request_prefill - replica_id=[3], request=159,self.replica_slo_budget-sum_pending_tokens==current_budget:True,1048576-2557==1046019
DEBUG 08-14 23:35:37 open_ai.py:335] async_send_request: request finish prefill, 156
INFO 08-14 23:35:37 open_ai.py:352] async_send_request: prefill completed: req=156,replica_id=3
DEBUG 08-14 23:35:37 replica.py:146] complete_request_prefill: replica_id=[3], request=156, current_budget=141,last_prefill_completed_at=30615745.276114166,last_ttft=0.4004
DEBUG 08-14 23:35:37 replica.py:153] complete_request_prefill - replica_id=[3], request=156,self.replica_slo_budget-sum_pending_tokens==current_budget:True,1048576-2416==1046160
DEBUG 08-14 23:35:37 open_ai.py:335] async_send_request: request finish prefill, 152
INFO 08-14 23:35:37 open_ai.py:352] async_send_request: prefill completed: req=152,replica_id=3
DEBUG 08-14 23:35:37 replica.py:146] complete_request_prefill: replica_id=[3], request=152, current_budget=278,last_prefill_completed_at=30615745.276466947,last_ttft=0.4196
DEBUG 08-14 23:35:37 replica.py:153] complete_request_prefill - replica_id=[3], request=152,self.replica_slo_budget-sum_pending_tokens==current_budget:True,1048576-2138==1046438
DEBUG 08-14 23:35:37 open_ai.py:335] async_send_request: request finish prefill, 158
INFO 08-14 23:35:37 open_ai.py:352] async_send_request: prefill completed: req=158,replica_id=3
DEBUG 08-14 23:35:37 replica.py:146] complete_request_prefill: replica_id=[3], request=158, current_budget=41,last_prefill_completed_at=30615745.276755795,last_ttft=0.3952
DEBUG 08-14 23:35:37 replica.py:153] complete_request_prefill - replica_id=[3], request=158,self.replica_slo_budget-sum_pending_tokens==current_budget:True,1048576-2097==1046479
DEBUG 08-14 23:35:37 open_ai.py:335] async_send_request: request finish prefill, 166
INFO 08-14 23:35:37 open_ai.py:352] async_send_request: prefill completed: req=166,replica_id=3
DEBUG 08-14 23:35:37 replica.py:146] complete_request_prefill: replica_id=[3], request=166, current_budget=252,last_prefill_completed_at=30615745.277469393,last_ttft=0.3897
DEBUG 08-14 23:35:37 replica.py:153] complete_request_prefill - replica_id=[3], request=166,self.replica_slo_budget-sum_pending_tokens==current_budget:True,1048576-1845==1046731
DEBUG 08-14 23:35:37 metrics_store.py:131] update_metrics:request_id=95
DEBUG 08-14 23:35:37 metrics_store.py:131] update_metrics:request_id=108
DEBUG 08-14 23:35:37 shared.py:180] Removed task for request 127 on https://u722127-8cb5-f6dc13db.nmb1.seetacloud.com:8443
DEBUG 08-14 23:35:37 open_ai.py:335] async_send_request: request finish prefill, 162
INFO 08-14 23:35:37 open_ai.py:352] async_send_request: prefill completed: req=162,replica_id=2
DEBUG 08-14 23:35:37 replica.py:146] complete_request_prefill: replica_id=[2], request=162, current_budget=363,last_prefill_completed_at=30615745.284236018,last_ttft=0.3979
DEBUG 08-14 23:35:37 replica.py:153] complete_request_prefill - replica_id=[2], request=162,self.replica_slo_budget-sum_pending_tokens==current_budget:True,1048576-1468==1047108
DEBUG 08-14 23:35:37 shared.py:180] Removed task for request 95 on 127.0.0.1:8001
DEBUG 08-14 23:35:37 shared.py:180] Removed task for request 108 on 127.0.0.1:8000
DEBUG 08-14 23:35:37 open_ai.py:335] async_send_request: request finish prefill, 163
INFO 08-14 23:35:37 open_ai.py:352] async_send_request: prefill completed: req=163,replica_id=3
DEBUG 08-14 23:35:37 replica.py:146] complete_request_prefill: replica_id=[3], request=163, current_budget=259,last_prefill_completed_at=30615745.29868902,last_ttft=0.4119
DEBUG 08-14 23:35:37 replica.py:153] complete_request_prefill - replica_id=[3], request=163,self.replica_slo_budget-sum_pending_tokens==current_budget:True,1048576-1586==1046990
DEBUG 08-14 23:35:37 open_ai.py:335] async_send_request: request finish prefill, 164
INFO 08-14 23:35:37 open_ai.py:352] async_send_request: prefill completed: req=164,replica_id=3
DEBUG 08-14 23:35:37 replica.py:146] complete_request_prefill: replica_id=[3], request=164, current_budget=405,last_prefill_completed_at=30615745.299640752,last_ttft=0.4122
DEBUG 08-14 23:35:37 replica.py:153] complete_request_prefill - replica_id=[3], request=164,self.replica_slo_budget-sum_pending_tokens==current_budget:True,1048576-1181==1047395
DEBUG 08-14 23:35:37 open_ai.py:335] async_send_request: request finish prefill, 165
INFO 08-14 23:35:37 open_ai.py:352] async_send_request: prefill completed: req=165,replica_id=3
DEBUG 08-14 23:35:37 replica.py:146] complete_request_prefill: replica_id=[3], request=165, current_budget=27,last_prefill_completed_at=30615745.30006199,last_ttft=0.4125
DEBUG 08-14 23:35:37 replica.py:153] complete_request_prefill - replica_id=[3], request=165,self.replica_slo_budget-sum_pending_tokens==current_budget:True,1048576-1154==1047422
DEBUG 08-14 23:35:37 open_ai.py:335] async_send_request: request finish prefill, 169
INFO 08-14 23:35:37 open_ai.py:352] async_send_request: prefill completed: req=169,replica_id=2
DEBUG 08-14 23:35:37 replica.py:146] complete_request_prefill: replica_id=[2], request=169, current_budget=368,last_prefill_completed_at=30615745.300745133,last_ttft=0.3983
DEBUG 08-14 23:35:37 replica.py:153] complete_request_prefill - replica_id=[2], request=169,self.replica_slo_budget-sum_pending_tokens==current_budget:True,1048576-1100==1047476
DEBUG 08-14 23:35:37 replica.py:171] complete_request_decode:num_saved_toekens=16
DEBUG 08-14 23:35:37 open_ai.py:452] good request:https://u722127-b80a-4e3f9d5d.cqa1.seetacloud.com:8443:good,request._id=103,input=80,output=18
DEBUG 08-14 23:35:37 replica.py:171] complete_request_decode:num_saved_toekens=16
DEBUG 08-14 23:35:37 open_ai.py:452] good request:127.0.0.1:8000:good,request._id=105,input=17,output=29
DEBUG 08-14 23:35:37 replica.py:171] complete_request_decode:num_saved_toekens=16
DEBUG 08-14 23:35:37 open_ai.py:452] good request:https://uu722127-b80a-4e3f9d5d.cqa1.seetacloud.com:8443:good,request._id=145,input=47,output=8
INFO 08-14 23:35:37 shared.py:299] Adding task for request 200 to replica 1,session_id=200
DEBUG 08-14 23:35:37 replica.py:226] add_request - replica_id=[1], request=200,self.replica_slo_budget-sum_pending_tokens==current_budget:True,1048576-109==1048467
INFO 08-14 23:35:37 shared.py:299] Adding task for request 206 to replica 2,session_id=206
DEBUG 08-14 23:35:37 replica.py:226] add_request - replica_id=[2], request=206,self.replica_slo_budget-sum_pending_tokens==current_budget:True,1048576-1156==1047420
INFO 08-14 23:35:37 shared.py:299] Adding task for request 207 to replica 4,session_id=207
DEBUG 08-14 23:35:37 replica.py:226] add_request - replica_id=[4], request=207,self.replica_slo_budget-sum_pending_tokens==current_budget:True,1048576-82==1048494
INFO 08-14 23:35:37 shared.py:299] Adding task for request 209 to replica 2,session_id=209
DEBUG 08-14 23:35:37 replica.py:226] add_request - replica_id=[2], request=209,self.replica_slo_budget-sum_pending_tokens==current_budget:True,1048576-1235==1047341
INFO 08-14 23:35:37 open_ai.py:115] async_send_request:request._id=200,session=200,127.0.0.1:8001
INFO 08-14 23:35:37 open_ai.py:115] async_send_request:request._id=206,session=206,https://u722127-b80a-4e3f9d5d.cqa1.seetacloud.com:8443
INFO 08-14 23:35:37 open_ai.py:115] async_send_request:request._id=207,session=207,https://u722127-8cb5-f6dc13db.nmb1.seetacloud.com:8443
INFO 08-14 23:35:37 open_ai.py:115] async_send_request:request._id=209,session=209,https://u722127-b80a-4e3f9d5d.cqa1.seetacloud.com:8443
DEBUG 08-14 23:35:37 replica.py:171] complete_request_decode:num_saved_toekens=32
DEBUG 08-14 23:35:37 open_ai.py:452] good request:https://u722127-b80a-4e3f9d5d.cqa1.seetacloud.com:8443:good,request._id=98,input=72,output=29
DEBUG 08-14 23:35:37 open_ai.py:335] async_send_request: request finish prefill, 170
INFO 08-14 23:35:37 open_ai.py:352] async_send_request: prefill completed: req=170,replica_id=2
DEBUG 08-14 23:35:37 replica.py:146] complete_request_prefill: replica_id=[2], request=170, current_budget=39,last_prefill_completed_at=30615745.328429215,last_ttft=0.4241
DEBUG 08-14 23:35:37 replica.py:153] complete_request_prefill - replica_id=[2], request=170,self.replica_slo_budget-sum_pending_tokens==current_budget:True,1048576-1196==1047380
INFO 08-14 23:35:37 shared.py:299] Adding task for request 203 to replica 0,session_id=203
DEBUG 08-14 23:35:37 replica.py:226] add_request - replica_id=[0], request=203,self.replica_slo_budget-sum_pending_tokens==current_budget:True,1048576-1495==1047081
INFO 08-14 23:35:37 shared.py:299] Adding task for request 202 to replica 1,session_id=202
DEBUG 08-14 23:35:37 replica.py:226] add_request - replica_id=[1], request=202,self.replica_slo_budget-sum_pending_tokens==current_budget:True,1048576-145==1048431
INFO 08-14 23:35:37 shared.py:299] Adding task for request 201 to replica 2,session_id=201
DEBUG 08-14 23:35:37 replica.py:226] add_request - replica_id=[2], request=201,self.replica_slo_budget-sum_pending_tokens==current_budget:True,1048576-1216==1047360
INFO 08-14 23:35:37 shared.py:299] Adding task for request 205 to replica 3,session_id=205
DEBUG 08-14 23:35:37 replica.py:226] add_request - replica_id=[3], request=205,self.replica_slo_budget-sum_pending_tokens==current_budget:True,1048576-1179==1047397
INFO 08-14 23:35:37 shared.py:299] Adding task for request 204 to replica 4,session_id=204
DEBUG 08-14 23:35:37 replica.py:226] add_request - replica_id=[4], request=204,self.replica_slo_budget-sum_pending_tokens==current_budget:True,1048576-177==1048399
DEBUG 08-14 23:35:37 open_ai.py:335] async_send_request: request finish prefill, 173
INFO 08-14 23:35:37 open_ai.py:352] async_send_request: prefill completed: req=173,replica_id=2
DEBUG 08-14 23:35:37 replica.py:146] complete_request_prefill: replica_id=[2], request=173, current_budget=46,last_prefill_completed_at=30615745.331352144,last_ttft=0.421
DEBUG 08-14 23:35:37 replica.py:153] complete_request_prefill - replica_id=[2], request=173,self.replica_slo_budget-sum_pending_tokens==current_budget:True,1048576-1170==1047406
DEBUG 08-14 23:35:37 open_ai.py:335] async_send_request: request finish prefill, 189
INFO 08-14 23:35:37 open_ai.py:352] async_send_request: prefill completed: req=189,replica_id=0
DEBUG 08-14 23:35:37 replica.py:146] complete_request_prefill: replica_id=[0], request=189, current_budget=346,last_prefill_completed_at=30615745.333105102,last_ttft=0.3935
DEBUG 08-14 23:35:37 replica.py:153] complete_request_prefill - replica_id=[0], request=189,self.replica_slo_budget-sum_pending_tokens==current_budget:True,1048576-1149==1047427
INFO 08-14 23:35:37 shared.py:299] Adding task for request 208 to replica 0,session_id=208
DEBUG 08-14 23:35:37 replica.py:226] add_request - replica_id=[0], request=208,self.replica_slo_budget-sum_pending_tokens==current_budget:True,1048576-1187==1047389
INFO 08-14 23:35:37 open_ai.py:115] async_send_request:request._id=203,session=203,127.0.0.1:8000
INFO 08-14 23:35:37 open_ai.py:115] async_send_request:request._id=202,session=202,127.0.0.1:8001
INFO 08-14 23:35:37 open_ai.py:115] async_send_request:request._id=201,session=201,https://u722127-b80a-4e3f9d5d.cqa1.seetacloud.com:8443
INFO 08-14 23:35:37 open_ai.py:115] async_send_request:request._id=205,session=205,https://uu722127-b80a-4e3f9d5d.cqa1.seetacloud.com:8443
INFO 08-14 23:35:37 open_ai.py:115] async_send_request:request._id=204,session=204,https://u722127-8cb5-f6dc13db.nmb1.seetacloud.com:8443
INFO 08-14 23:35:37 open_ai.py:115] async_send_request:request._id=208,session=208,127.0.0.1:8000
DEBUG 08-14 23:35:37 replica.py:171] complete_request_decode:num_saved_toekens=16
DEBUG 08-14 23:35:37 open_ai.py:452] good request:https://u722127-b80a-4e3f9d5d.cqa1.seetacloud.com:8443:good,request._id=125,input=83,output=13
DEBUG 08-14 23:35:37 replica.py:171] complete_request_decode:num_saved_toekens=16
DEBUG 08-14 23:35:37 open_ai.py:452] good request:https://u722127-b80a-4e3f9d5d.cqa1.seetacloud.com:8443:good,request._id=114,input=41,output=18
DEBUG 08-14 23:35:37 replica.py:171] complete_request_decode:num_saved_toekens=16
DEBUG 08-14 23:35:37 open_ai.py:452] good request:https://u722127-8cb5-f6dc13db.nmb1.seetacloud.com:8443:good,request._id=118,input=596,output=17
DEBUG 08-14 23:35:37 open_ai.py:452] good request:127.0.0.1:8000:good,request._id=140,input=67,output=9
DEBUG 08-14 23:35:37 metrics_store.py:131] update_metrics:request_id=131
DEBUG 08-14 23:35:37 shared.py:180] Removed task for request 131 on 127.0.0.1:8000
DEBUG 08-14 23:35:37 metrics_store.py:131] update_metrics:request_id=130
DEBUG 08-14 23:35:37 shared.py:180] Removed task for request 130 on 127.0.0.1:8000
DEBUG 08-14 23:35:37 open_ai.py:335] async_send_request: request finish prefill, 171
INFO 08-14 23:35:37 open_ai.py:352] async_send_request: prefill completed: req=171,replica_id=3
DEBUG 08-14 23:35:37 replica.py:146] complete_request_prefill: replica_id=[3], request=171, current_budget=38,last_prefill_completed_at=30615745.37647804,last_ttft=0.4676
DEBUG 08-14 23:35:37 replica.py:153] complete_request_prefill - replica_id=[3], request=171,self.replica_slo_budget-sum_pending_tokens==current_budget:True,1048576-1141==1047435
DEBUG 08-14 23:35:37 open_ai.py:335] async_send_request: request finish prefill, 178
INFO 08-14 23:35:37 open_ai.py:352] async_send_request: prefill completed: req=178,replica_id=2
DEBUG 08-14 23:35:37 replica.py:146] complete_request_prefill: replica_id=[2], request=178, current_budget=16,last_prefill_completed_at=30615745.37918805,last_ttft=0.4586
DEBUG 08-14 23:35:37 replica.py:153] complete_request_prefill - replica_id=[2], request=178,self.replica_slo_budget-sum_pending_tokens==current_budget:True,1048576-1154==1047422
DEBUG 08-14 23:35:37 open_ai.py:452] good request:https://u722127-b80a-4e3f9d5d.cqa1.seetacloud.com:8443:good,request._id=90,input=15,output=53
DEBUG 08-14 23:35:37 metrics_store.py:131] update_metrics:request_id=103
DEBUG 08-14 23:35:37 metrics_store.py:131] update_metrics:request_id=105
DEBUG 08-14 23:35:37 metrics_store.py:131] update_metrics:request_id=145
DEBUG 08-14 23:35:37 shared.py:180] Removed task for request 103 on https://u722127-b80a-4e3f9d5d.cqa1.seetacloud.com:8443
DEBUG 08-14 23:35:37 shared.py:180] Removed task for request 105 on 127.0.0.1:8000
DEBUG 08-14 23:35:37 shared.py:180] Removed task for request 145 on https://uu722127-b80a-4e3f9d5d.cqa1.seetacloud.com:8443
DEBUG 08-14 23:35:37 replica.py:171] complete_request_decode:num_saved_toekens=16
DEBUG 08-14 23:35:37 open_ai.py:452] good request:127.0.0.1:8000:good,request._id=154,input=23,output=19
INFO 08-14 23:35:37 shared.py:299] Adding task for request 210 to replica 0,session_id=210
DEBUG 08-14 23:35:37 replica.py:226] add_request - replica_id=[0], request=210,self.replica_slo_budget-sum_pending_tokens==current_budget:True,1048576-1221==1047355
INFO 08-14 23:35:37 shared.py:299] Adding task for request 219 to replica 3,session_id=219
DEBUG 08-14 23:35:37 replica.py:226] add_request - replica_id=[3], request=219,self.replica_slo_budget-sum_pending_tokens==current_budget:True,1048576-1159==1047417
INFO 08-14 23:35:37 open_ai.py:115] async_send_request:request._id=210,session=210,127.0.0.1:8000
INFO 08-14 23:35:37 open_ai.py:115] async_send_request:request._id=219,session=219,https://uu722127-b80a-4e3f9d5d.cqa1.seetacloud.com:8443
DEBUG 08-14 23:35:37 open_ai.py:335] async_send_request: request finish prefill, 190
INFO 08-14 23:35:37 open_ai.py:352] async_send_request: prefill completed: req=190,replica_id=0
DEBUG 08-14 23:35:37 replica.py:146] complete_request_prefill: replica_id=[0], request=190, current_budget=506,last_prefill_completed_at=30615745.406437296,last_ttft=0.4667
DEBUG 08-14 23:35:37 replica.py:153] complete_request_prefill - replica_id=[0], request=190,self.replica_slo_budget-sum_pending_tokens==current_budget:True,1048576-715==1047861
DEBUG 08-14 23:35:37 open_ai.py:335] async_send_request: request finish prefill, 196
INFO 08-14 23:35:37 open_ai.py:352] async_send_request: prefill completed: req=196,replica_id=0
DEBUG 08-14 23:35:37 replica.py:146] complete_request_prefill: replica_id=[0], request=196, current_budget=39,last_prefill_completed_at=30615745.40940417,last_ttft=0.4618
DEBUG 08-14 23:35:37 replica.py:153] complete_request_prefill - replica_id=[0], request=196,self.replica_slo_budget-sum_pending_tokens==current_budget:True,1048576-676==1047900
INFO 08-14 23:35:37 shared.py:299] Adding task for request 212 to replica 2,session_id=212
DEBUG 08-14 23:35:37 replica.py:226] add_request - replica_id=[2], request=212,self.replica_slo_budget-sum_pending_tokens==current_budget:True,1048576-1170==1047406
INFO 08-14 23:35:37 shared.py:299] Adding task for request 213 to replica 2,session_id=213
DEBUG 08-14 23:35:37 replica.py:226] add_request - replica_id=[2], request=213,self.replica_slo_budget-sum_pending_tokens==current_budget:True,1048576-1282==1047294
INFO 08-14 23:35:37 shared.py:299] Adding task for request 211 to replica 2,session_id=211
DEBUG 08-14 23:35:37 replica.py:226] add_request - replica_id=[2], request=211,self.replica_slo_budget-sum_pending_tokens==current_budget:True,1048576-1369==1047207
INFO 08-14 23:35:37 shared.py:299] Adding task for request 214 to replica 3,session_id=214
DEBUG 08-14 23:35:37 replica.py:226] add_request - replica_id=[3], request=214,self.replica_slo_budget-sum_pending_tokens==current_budget:True,1048576-1561==1047015
INFO 08-14 23:35:37 open_ai.py:115] async_send_request:request._id=212,session=212,https://u722127-b80a-4e3f9d5d.cqa1.seetacloud.com:8443
INFO 08-14 23:35:37 open_ai.py:115] async_send_request:request._id=213,session=213,https://u722127-b80a-4e3f9d5d.cqa1.seetacloud.com:8443
INFO 08-14 23:35:37 open_ai.py:115] async_send_request:request._id=211,session=211,https://u722127-b80a-4e3f9d5d.cqa1.seetacloud.com:8443
INFO 08-14 23:35:37 open_ai.py:115] async_send_request:request._id=214,session=214,https://uu722127-b80a-4e3f9d5d.cqa1.seetacloud.com:8443
DEBUG 08-14 23:35:37 open_ai.py:335] async_send_request: request finish prefill, 182
INFO 08-14 23:35:37 open_ai.py:352] async_send_request: prefill completed: req=182,replica_id=4
DEBUG 08-14 23:35:37 replica.py:146] complete_request_prefill: replica_id=[4], request=182, current_budget=24,last_prefill_completed_at=30615745.41710568,last_ttft=0.4862
DEBUG 08-14 23:35:37 replica.py:153] complete_request_prefill - replica_id=[4], request=182,self.replica_slo_budget-sum_pending_tokens==current_budget:True,1048576-153==1048423
INFO 08-14 23:35:37 shared.py:299] Adding task for request 216 to replica 0,session_id=216
DEBUG 08-14 23:35:37 replica.py:226] add_request - replica_id=[0], request=216,self.replica_slo_budget-sum_pending_tokens==current_budget:True,1048576-691==1047885
INFO 08-14 23:35:37 shared.py:299] Adding task for request 215 to replica 0,session_id=215
DEBUG 08-14 23:35:37 replica.py:226] add_request - replica_id=[0], request=215,self.replica_slo_budget-sum_pending_tokens==current_budget:True,1048576-711==1047865
INFO 08-14 23:35:37 shared.py:299] Adding task for request 218 to replica 1,session_id=218
DEBUG 08-14 23:35:37 replica.py:226] add_request - replica_id=[1], request=218,self.replica_slo_budget-sum_pending_tokens==current_budget:True,1048576-216==1048360
INFO 08-14 23:35:37 shared.py:299] Adding task for request 217 to replica 4,session_id=217
DEBUG 08-14 23:35:37 replica.py:226] add_request - replica_id=[4], request=217,self.replica_slo_budget-sum_pending_tokens==current_budget:True,1048576-171==1048405
DEBUG 08-14 23:35:37 open_ai.py:335] async_send_request: request finish prefill, 177
INFO 08-14 23:35:37 open_ai.py:352] async_send_request: prefill completed: req=177,replica_id=3
DEBUG 08-14 23:35:37 replica.py:146] complete_request_prefill: replica_id=[3], request=177, current_budget=62,last_prefill_completed_at=30615745.419446,last_ttft=0.5048
DEBUG 08-14 23:35:37 replica.py:153] complete_request_prefill - replica_id=[3], request=177,self.replica_slo_budget-sum_pending_tokens==current_budget:True,1048576-1499==1047077
DEBUG 08-14 23:35:37 metrics_store.py:131] update_metrics:request_id=98
INFO 08-14 23:35:37 open_ai.py:115] async_send_request:request._id=216,session=216,127.0.0.1:8000
INFO 08-14 23:35:37 open_ai.py:115] async_send_request:request._id=215,session=215,127.0.0.1:8000
INFO 08-14 23:35:37 open_ai.py:115] async_send_request:request._id=218,session=218,127.0.0.1:8001
INFO 08-14 23:35:37 open_ai.py:115] async_send_request:request._id=217,session=217,https://u722127-8cb5-f6dc13db.nmb1.seetacloud.com:8443
DEBUG 08-14 23:35:37 shared.py:180] Removed task for request 98 on https://u722127-b80a-4e3f9d5d.cqa1.seetacloud.com:8443
DEBUG 08-14 23:35:37 open_ai.py:335] async_send_request: request finish prefill, 193
INFO 08-14 23:35:37 open_ai.py:352] async_send_request: prefill completed: req=193,replica_id=0
DEBUG 08-14 23:35:37 replica.py:146] complete_request_prefill: replica_id=[0], request=193, current_budget=95,last_prefill_completed_at=30615745.42277321,last_ttft=0.4774
DEBUG 08-14 23:35:37 replica.py:153] complete_request_prefill - replica_id=[0], request=193,self.replica_slo_budget-sum_pending_tokens==current_budget:True,1048576-616==1047960
DEBUG 08-14 23:35:37 metrics_store.py:131] update_metrics:request_id=125
DEBUG 08-14 23:35:37 metrics_store.py:131] update_metrics:request_id=114
DEBUG 08-14 23:35:37 open_ai.py:335] async_send_request: request finish prefill, 197
INFO 08-14 23:35:37 open_ai.py:352] async_send_request: prefill completed: req=197,replica_id=1
DEBUG 08-14 23:35:37 replica.py:146] complete_request_prefill: replica_id=[1], request=197, current_budget=56,last_prefill_completed_at=30615745.42657566,last_ttft=0.4754
DEBUG 08-14 23:35:37 replica.py:153] complete_request_prefill - replica_id=[1], request=197,self.replica_slo_budget-sum_pending_tokens==current_budget:True,1048576-160==1048416
DEBUG 08-14 23:35:37 metrics_store.py:131] update_metrics:request_id=118
DEBUG 08-14 23:35:37 shared.py:180] Removed task for request 125 on https://u722127-b80a-4e3f9d5d.cqa1.seetacloud.com:8443
DEBUG 08-14 23:35:37 metrics_store.py:131] update_metrics:request_id=140
DEBUG 08-14 23:35:37 shared.py:180] Removed task for request 114 on https://u722127-b80a-4e3f9d5d.cqa1.seetacloud.com:8443
DEBUG 08-14 23:35:37 metrics_store.py:131] update_metrics:request_id=90
DEBUG 08-14 23:35:37 shared.py:180] Removed task for request 118 on https://u722127-8cb5-f6dc13db.nmb1.seetacloud.com:8443
DEBUG 08-14 23:35:37 metrics_store.py:131] update_metrics:request_id=154
DEBUG 08-14 23:35:37 shared.py:180] Removed task for request 140 on 127.0.0.1:8000
DEBUG 08-14 23:35:37 shared.py:180] Removed task for request 90 on https://u722127-b80a-4e3f9d5d.cqa1.seetacloud.com:8443
DEBUG 08-14 23:35:37 shared.py:180] Removed task for request 154 on 127.0.0.1:8000
DEBUG 08-14 23:35:37 replica.py:171] complete_request_decode:num_saved_toekens=0
DEBUG 08-14 23:35:37 open_ai.py:452] good request:https://uu722127-b80a-4e3f9d5d.cqa1.seetacloud.com:8443:good,request._id=163,input=259,output=8
DEBUG 08-14 23:35:37 open_ai.py:335] async_send_request: request finish prefill, 188
INFO 08-14 23:35:37 open_ai.py:352] async_send_request: prefill completed: req=188,replica_id=3
DEBUG 08-14 23:35:37 replica.py:146] complete_request_prefill: replica_id=[3], request=188, current_budget=44,last_prefill_completed_at=30615745.442072496,last_ttft=0.5043
DEBUG 08-14 23:35:37 replica.py:153] complete_request_prefill - replica_id=[3], request=188,self.replica_slo_budget-sum_pending_tokens==current_budget:True,1048576-1455==1047121
DEBUG 08-14 23:35:37 open_ai.py:335] async_send_request: request finish prefill, 184
INFO 08-14 23:35:37 open_ai.py:352] async_send_request: prefill completed: req=184,replica_id=3
DEBUG 08-14 23:35:37 replica.py:146] complete_request_prefill: replica_id=[3], request=184, current_budget=26,last_prefill_completed_at=30615745.443424545,last_ttft=0.51
DEBUG 08-14 23:35:37 replica.py:153] complete_request_prefill - replica_id=[3], request=184,self.replica_slo_budget-sum_pending_tokens==current_budget:True,1048576-1429==1047147
INFO 08-14 23:35:37 shared.py:299] Adding task for request 220 to replica 2,session_id=220
DEBUG 08-14 23:35:37 replica.py:226] add_request - replica_id=[2], request=220,self.replica_slo_budget-sum_pending_tokens==current_budget:True,1048576-1498==1047078
INFO 08-14 23:35:37 shared.py:299] Adding task for request 222 to replica 1,session_id=222
DEBUG 08-14 23:35:37 replica.py:226] add_request - replica_id=[1], request=222,self.replica_slo_budget-sum_pending_tokens==current_budget:True,1048576-192==1048384
INFO 08-14 23:35:37 shared.py:299] Adding task for request 224 to replica 3,session_id=224
DEBUG 08-14 23:35:37 replica.py:226] add_request - replica_id=[3], request=224,self.replica_slo_budget-sum_pending_tokens==current_budget:True,1048576-1457==1047119
INFO 08-14 23:35:37 shared.py:299] Adding task for request 226 to replica 4,session_id=226
DEBUG 08-14 23:35:37 replica.py:226] add_request - replica_id=[4], request=226,self.replica_slo_budget-sum_pending_tokens==current_budget:True,1048576-207==1048369
INFO 08-14 23:35:37 shared.py:299] Adding task for request 228 to replica 2,session_id=228
DEBUG 08-14 23:35:37 replica.py:226] add_request - replica_id=[2], request=228,self.replica_slo_budget-sum_pending_tokens==current_budget:True,1048576-1522==1047054
INFO 08-14 23:35:37 open_ai.py:115] async_send_request:request._id=220,session=220,https://u722127-b80a-4e3f9d5d.cqa1.seetacloud.com:8443
INFO 08-14 23:35:37 open_ai.py:115] async_send_request:request._id=222,session=222,127.0.0.1:8001
INFO 08-14 23:35:37 open_ai.py:115] async_send_request:request._id=224,session=224,https://uu722127-b80a-4e3f9d5d.cqa1.seetacloud.com:8443
INFO 08-14 23:35:37 open_ai.py:115] async_send_request:request._id=226,session=226,https://u722127-8cb5-f6dc13db.nmb1.seetacloud.com:8443
INFO 08-14 23:35:37 open_ai.py:115] async_send_request:request._id=228,session=228,https://u722127-b80a-4e3f9d5d.cqa1.seetacloud.com:8443
DEBUG 08-14 23:35:37 replica.py:171] complete_request_decode:num_saved_toekens=144
DEBUG 08-14 23:35:37 open_ai.py:452] good request:127.0.0.1:8000:good,request._id=33,input=12,output=134
DEBUG 08-14 23:35:37 replica.py:171] complete_request_decode:num_saved_toekens=32
DEBUG 08-14 23:35:37 open_ai.py:452] good request:127.0.0.1:8000:good,request._id=168,input=46,output=18
DEBUG 08-14 23:35:37 open_ai.py:335] async_send_request: request finish prefill, 192
INFO 08-14 23:35:37 open_ai.py:352] async_send_request: prefill completed: req=192,replica_id=1
DEBUG 08-14 23:35:37 replica.py:146] complete_request_prefill: replica_id=[1], request=192, current_budget=11,last_prefill_completed_at=30615745.467072327,last_ttft=0.523
DEBUG 08-14 23:35:37 replica.py:153] complete_request_prefill - replica_id=[1], request=192,self.replica_slo_budget-sum_pending_tokens==current_budget:True,1048576-181==1048395
INFO 08-14 23:35:37 shared.py:299] Adding task for request 225 to replica 0,session_id=225
DEBUG 08-14 23:35:37 replica.py:226] add_request - replica_id=[0], request=225,self.replica_slo_budget-sum_pending_tokens==current_budget:True,1048576-651==1047925
INFO 08-14 23:35:37 shared.py:299] Adding task for request 221 to replica 2,session_id=221
DEBUG 08-14 23:35:37 replica.py:226] add_request - replica_id=[2], request=221,self.replica_slo_budget-sum_pending_tokens==current_budget:True,1048576-1555==1047021
INFO 08-14 23:35:37 shared.py:299] Adding task for request 223 to replica 2,session_id=223
DEBUG 08-14 23:35:37 replica.py:226] add_request - replica_id=[2], request=223,self.replica_slo_budget-sum_pending_tokens==current_budget:True,1048576-2074==1046502
DEBUG 08-14 23:35:37 open_ai.py:335] async_send_request: request finish prefill, 195
INFO 08-14 23:35:37 open_ai.py:352] async_send_request: prefill completed: req=195,replica_id=4
DEBUG 08-14 23:35:37 replica.py:146] complete_request_prefill: replica_id=[4], request=195, current_budget=43,last_prefill_completed_at=30615745.469863582,last_ttft=0.5226
DEBUG 08-14 23:35:37 replica.py:153] complete_request_prefill - replica_id=[4], request=195,self.replica_slo_budget-sum_pending_tokens==current_budget:True,1048576-164==1048412
INFO 08-14 23:35:37 open_ai.py:115] async_send_request:request._id=225,session=225,127.0.0.1:8000
INFO 08-14 23:35:37 open_ai.py:115] async_send_request:request._id=221,session=221,https://u722127-b80a-4e3f9d5d.cqa1.seetacloud.com:8443
INFO 08-14 23:35:37 open_ai.py:115] async_send_request:request._id=223,session=223,https://u722127-b80a-4e3f9d5d.cqa1.seetacloud.com:8443
INFO 08-14 23:35:37 shared.py:299] Adding task for request 229 to replica 3,session_id=229
DEBUG 08-14 23:35:37 replica.py:226] add_request - replica_id=[3], request=229,self.replica_slo_budget-sum_pending_tokens==current_budget:True,1048576-1466==1047110
INFO 08-14 23:35:37 shared.py:299] Adding task for request 227 to replica 4,session_id=227
DEBUG 08-14 23:35:37 replica.py:226] add_request - replica_id=[4], request=227,self.replica_slo_budget-sum_pending_tokens==current_budget:True,1048576-320==1048256
INFO 08-14 23:35:37 open_ai.py:115] async_send_request:request._id=229,session=229,https://uu722127-b80a-4e3f9d5d.cqa1.seetacloud.com:8443
INFO 08-14 23:35:37 open_ai.py:115] async_send_request:request._id=227,session=227,https://u722127-8cb5-f6dc13db.nmb1.seetacloud.com:8443
DEBUG 08-14 23:35:37 replica.py:171] complete_request_decode:num_saved_toekens=0
DEBUG 08-14 23:35:37 open_ai.py:452] good request:https://u722127-b80a-4e3f9d5d.cqa1.seetacloud.com:8443:good,request._id=144,input=16,output=14
DEBUG 08-14 23:35:37 open_ai.py:335] async_send_request: request finish prefill, 200
INFO 08-14 23:35:37 open_ai.py:352] async_send_request: prefill completed: req=200,replica_id=1
DEBUG 08-14 23:35:37 replica.py:146] complete_request_prefill: replica_id=[1], request=200, current_budget=42,last_prefill_completed_at=30615745.486087237,last_ttft=0.5277
DEBUG 08-14 23:35:37 replica.py:153] complete_request_prefill - replica_id=[1], request=200,self.replica_slo_budget-sum_pending_tokens==current_budget:True,1048576-139==1048437
DEBUG 08-14 23:35:37 open_ai.py:335] async_send_request: request finish prefill, 202
INFO 08-14 23:35:37 open_ai.py:352] async_send_request: prefill completed: req=202,replica_id=1
DEBUG 08-14 23:35:37 replica.py:146] complete_request_prefill: replica_id=[1], request=202, current_budget=36,last_prefill_completed_at=30615745.486926418,last_ttft=0.525
DEBUG 08-14 23:35:37 replica.py:153] complete_request_prefill - replica_id=[1], request=202,self.replica_slo_budget-sum_pending_tokens==current_budget:True,1048576-103==1048473
DEBUG 08-14 23:35:37 metrics_store.py:131] update_metrics:request_id=163
DEBUG 08-14 23:35:37 open_ai.py:335] async_send_request: request finish prefill, 198
INFO 08-14 23:35:37 open_ai.py:352] async_send_request: prefill completed: req=198,replica_id=3
DEBUG 08-14 23:35:37 replica.py:146] complete_request_prefill: replica_id=[3], request=198, current_budget=647,last_prefill_completed_at=30615745.488260444,last_ttft=0.5337
DEBUG 08-14 23:35:37 replica.py:153] complete_request_prefill - replica_id=[3], request=198,self.replica_slo_budget-sum_pending_tokens==current_budget:True,1048576-819==1047757
DEBUG 08-14 23:35:37 shared.py:180] Removed task for request 163 on https://uu722127-b80a-4e3f9d5d.cqa1.seetacloud.com:8443
INFO 08-14 23:35:37 shared.py:299] Adding task for request 230 to replica 3,session_id=230
DEBUG 08-14 23:35:37 replica.py:226] add_request - replica_id=[3], request=230,self.replica_slo_budget-sum_pending_tokens==current_budget:True,1048576-848==1047728
INFO 08-14 23:35:37 shared.py:299] Adding task for request 234 to replica 1,session_id=234
DEBUG 08-14 23:35:37 replica.py:226] add_request - replica_id=[1], request=234,self.replica_slo_budget-sum_pending_tokens==current_budget:True,1048576-190==1048386
INFO 08-14 23:35:37 shared.py:299] Adding task for request 236 to replica 0,session_id=236
DEBUG 08-14 23:35:37 replica.py:226] add_request - replica_id=[0], request=236,self.replica_slo_budget-sum_pending_tokens==current_budget:True,1048576-1150==1047426
INFO 08-14 23:35:37 shared.py:299] Adding task for request 238 to replica 4,session_id=238
DEBUG 08-14 23:35:37 replica.py:226] add_request - replica_id=[4], request=238,self.replica_slo_budget-sum_pending_tokens==current_budget:True,1048576-890==1047686
INFO 08-14 23:35:37 shared.py:299] Adding task for request 231 to replica 2,session_id=231
DEBUG 08-14 23:35:37 replica.py:226] add_request - replica_id=[2], request=231,self.replica_slo_budget-sum_pending_tokens==current_budget:True,1048576-2114==1046462
INFO 08-14 23:35:37 open_ai.py:115] async_send_request:request._id=230,session=230,https://uu722127-b80a-4e3f9d5d.cqa1.seetacloud.com:8443
INFO 08-14 23:35:37 open_ai.py:115] async_send_request:request._id=234,session=234,127.0.0.1:8001
INFO 08-14 23:35:37 open_ai.py:115] async_send_request:request._id=236,session=236,127.0.0.1:8000
INFO 08-14 23:35:37 open_ai.py:115] async_send_request:request._id=238,session=238,https://u722127-8cb5-f6dc13db.nmb1.seetacloud.com:8443
INFO 08-14 23:35:37 open_ai.py:115] async_send_request:request._id=231,session=231,https://u722127-b80a-4e3f9d5d.cqa1.seetacloud.com:8443
INFO 08-14 23:35:37 shared.py:299] Adding task for request 233 to replica 0,session_id=233
DEBUG 08-14 23:35:37 replica.py:226] add_request - replica_id=[0], request=233,self.replica_slo_budget-sum_pending_tokens==current_budget:True,1048576-1164==1047412
INFO 08-14 23:35:37 shared.py:299] Adding task for request 232 to replica 1,session_id=232
DEBUG 08-14 23:35:37 replica.py:226] add_request - replica_id=[1], request=232,self.replica_slo_budget-sum_pending_tokens==current_budget:True,1048576-213==1048363
DEBUG 08-14 23:35:37 replica.py:171] complete_request_decode:num_saved_toekens=128
DEBUG 08-14 23:35:37 open_ai.py:452] good request:127.0.0.1:8001:good,request._id=29,input=347,output=122
DEBUG 08-14 23:35:37 open_ai.py:335] async_send_request: request finish prefill, 181
INFO 08-14 23:35:37 open_ai.py:352] async_send_request: prefill completed: req=181,replica_id=2
DEBUG 08-14 23:35:37 replica.py:146] complete_request_prefill: replica_id=[2], request=181, current_budget=62,last_prefill_completed_at=30615745.532064408,last_ttft=0.6041
DEBUG 08-14 23:35:37 replica.py:153] complete_request_prefill - replica_id=[2], request=181,self.replica_slo_budget-sum_pending_tokens==current_budget:True,1048576-2052==1046524
INFO 08-14 23:35:37 shared.py:299] Adding task for request 235 to replica 3,session_id=235
DEBUG 08-14 23:35:37 replica.py:226] add_request - replica_id=[3], request=235,self.replica_slo_budget-sum_pending_tokens==current_budget:True,1048576-925==1047651
DEBUG 08-14 23:35:37 open_ai.py:335] async_send_request: request finish prefill, 183
INFO 08-14 23:35:37 open_ai.py:352] async_send_request: prefill completed: req=183,replica_id=2
DEBUG 08-14 23:35:37 replica.py:146] complete_request_prefill: replica_id=[2], request=183, current_budget=18,last_prefill_completed_at=30615745.533690117,last_ttft=0.6005
DEBUG 08-14 23:35:37 replica.py:153] complete_request_prefill - replica_id=[2], request=183,self.replica_slo_budget-sum_pending_tokens==current_budget:True,1048576-2034==1046542
INFO 08-14 23:35:37 shared.py:299] Adding task for request 237 to replica 3,session_id=237
DEBUG 08-14 23:35:37 replica.py:226] add_request - replica_id=[3], request=237,self.replica_slo_budget-sum_pending_tokens==current_budget:True,1048576-1941==1046635
DEBUG 08-14 23:35:37 replica.py:171] complete_request_decode:num_saved_toekens=16
DEBUG 08-14 23:35:37 open_ai.py:452] good request:https://u722127-b80a-4e3f9d5d.cqa1.seetacloud.com:8443:good,request._id=147,input=38,output=18
DEBUG 08-14 23:35:37 open_ai.py:335] async_send_request: request finish prefill, 194
INFO 08-14 23:35:37 open_ai.py:352] async_send_request: prefill completed: req=194,replica_id=2
DEBUG 08-14 23:35:37 replica.py:146] complete_request_prefill: replica_id=[2], request=194, current_budget=137,last_prefill_completed_at=30615745.535991527,last_ttft=0.5888
DEBUG 08-14 23:35:37 replica.py:153] complete_request_prefill - replica_id=[2], request=194,self.replica_slo_budget-sum_pending_tokens==current_budget:True,1048576-1897==1046679
INFO 08-14 23:35:37 open_ai.py:115] async_send_request:request._id=233,session=233,127.0.0.1:8000
INFO 08-14 23:35:37 open_ai.py:115] async_send_request:request._id=232,session=232,127.0.0.1:8001
INFO 08-14 23:35:37 open_ai.py:115] async_send_request:request._id=235,session=235,https://uu722127-b80a-4e3f9d5d.cqa1.seetacloud.com:8443
INFO 08-14 23:35:37 open_ai.py:115] async_send_request:request._id=237,session=237,https://uu722127-b80a-4e3f9d5d.cqa1.seetacloud.com:8443
INFO 08-14 23:35:37 shared.py:299] Adding task for request 239 to replica 2,session_id=239
DEBUG 08-14 23:35:37 replica.py:226] add_request - replica_id=[2], request=239,self.replica_slo_budget-sum_pending_tokens==current_budget:True,1048576-1942==1046634
DEBUG 08-14 23:35:37 open_ai.py:335] async_send_request: request finish prefill, 208
INFO 08-14 23:35:37 open_ai.py:352] async_send_request: prefill completed: req=208,replica_id=0
DEBUG 08-14 23:35:37 replica.py:146] complete_request_prefill: replica_id=[0], request=208, current_budget=38,last_prefill_completed_at=30615745.54300349,last_ttft=0.5684
DEBUG 08-14 23:35:37 replica.py:153] complete_request_prefill - replica_id=[0], request=208,self.replica_slo_budget-sum_pending_tokens==current_budget:True,1048576-1126==1047450
DEBUG 08-14 23:35:37 open_ai.py:335] async_send_request: request finish prefill, 203
INFO 08-14 23:35:37 open_ai.py:352] async_send_request: prefill completed: req=203,replica_id=0
DEBUG 08-14 23:35:37 replica.py:146] complete_request_prefill: replica_id=[0], request=203, current_budget=509,last_prefill_completed_at=30615745.543442313,last_ttft=0.5722
DEBUG 08-14 23:35:37 replica.py:153] complete_request_prefill - replica_id=[0], request=203,self.replica_slo_budget-sum_pending_tokens==current_budget:True,1048576-617==1047959
DEBUG 08-14 23:35:37 open_ai.py:335] async_send_request: request finish prefill, 187
INFO 08-14 23:35:37 open_ai.py:352] async_send_request: prefill completed: req=187,replica_id=2
DEBUG 08-14 23:35:37 replica.py:146] complete_request_prefill: replica_id=[2], request=187, current_budget=71,last_prefill_completed_at=30615745.54409833,last_ttft=0.608
DEBUG 08-14 23:35:37 replica.py:153] complete_request_prefill - replica_id=[2], request=187,self.replica_slo_budget-sum_pending_tokens==current_budget:True,1048576-1871==1046705
INFO 08-14 23:35:37 open_ai.py:115] async_send_request:request._id=239,session=239,https://u722127-b80a-4e3f9d5d.cqa1.seetacloud.com:8443
DEBUG 08-14 23:35:37 replica.py:171] complete_request_decode:num_saved_toekens=16
DEBUG 08-14 23:35:37 open_ai.py:452] good request:127.0.0.1:8000:good,request._id=193,input=95,output=7
DEBUG 08-14 23:35:37 open_ai.py:335] async_send_request: request finish prefill, 191
INFO 08-14 23:35:37 open_ai.py:352] async_send_request: prefill completed: req=191,replica_id=2
DEBUG 08-14 23:35:37 replica.py:146] complete_request_prefill: replica_id=[2], request=191, current_budget=711,last_prefill_completed_at=30615745.547603097,last_ttft=0.6068
DEBUG 08-14 23:35:37 replica.py:153] complete_request_prefill - replica_id=[2], request=191,self.replica_slo_budget-sum_pending_tokens==current_budget:True,1048576-1160==1047416
DEBUG 08-14 23:35:37 metrics_store.py:131] update_metrics:request_id=33
DEBUG 08-14 23:35:37 metrics_store.py:131] update_metrics:request_id=168
DEBUG 08-14 23:35:37 shared.py:180] Removed task for request 33 on 127.0.0.1:8000
DEBUG 08-14 23:35:37 open_ai.py:335] async_send_request: request finish prefill, 206
INFO 08-14 23:35:37 open_ai.py:352] async_send_request: prefill completed: req=206,replica_id=2
DEBUG 08-14 23:35:37 replica.py:146] complete_request_prefill: replica_id=[2], request=206, current_budget=56,last_prefill_completed_at=30615745.549744416,last_ttft=0.5764
DEBUG 08-14 23:35:37 replica.py:153] complete_request_prefill - replica_id=[2], request=206,self.replica_slo_budget-sum_pending_tokens==current_budget:True,1048576-1104==1047472
DEBUG 08-14 23:35:37 open_ai.py:335] async_send_request: request finish prefill, 201
INFO 08-14 23:35:37 open_ai.py:352] async_send_request: prefill completed: req=201,replica_id=2
DEBUG 08-14 23:35:37 replica.py:146] complete_request_prefill: replica_id=[2], request=201, current_budget=20,last_prefill_completed_at=30615745.550058726,last_ttft=0.5892
DEBUG 08-14 23:35:37 replica.py:153] complete_request_prefill - replica_id=[2], request=201,self.replica_slo_budget-sum_pending_tokens==current_budget:True,1048576-1084==1047492
DEBUG 08-14 23:35:37 open_ai.py:335] async_send_request: request finish prefill, 209
INFO 08-14 23:35:37 open_ai.py:352] async_send_request: prefill completed: req=209,replica_id=2
DEBUG 08-14 23:35:37 replica.py:146] complete_request_prefill: replica_id=[2], request=209, current_budget=79,last_prefill_completed_at=30615745.55035232,last_ttft=0.5754
DEBUG 08-14 23:35:37 replica.py:153] complete_request_prefill - replica_id=[2], request=209,self.replica_slo_budget-sum_pending_tokens==current_budget:True,1048576-1005==1047571
DEBUG 08-14 23:35:37 shared.py:180] Removed task for request 168 on 127.0.0.1:8000
DEBUG 08-14 23:35:37 metrics_store.py:131] update_metrics:request_id=144
DEBUG 08-14 23:35:37 shared.py:180] Removed task for request 144 on https://u722127-b80a-4e3f9d5d.cqa1.seetacloud.com:8443
DEBUG 08-14 23:35:37 replica.py:171] complete_request_decode:num_saved_toekens=16
DEBUG 08-14 23:35:37 open_ai.py:452] good request:https://uu722127-b80a-4e3f9d5d.cqa1.seetacloud.com:8443:good,request._id=143,input=519,output=17
DEBUG 08-14 23:35:37 open_ai.py:335] async_send_request: request finish prefill, 218
INFO 08-14 23:35:37 open_ai.py:352] async_send_request: prefill completed: req=218,replica_id=1
DEBUG 08-14 23:35:37 replica.py:146] complete_request_prefill: replica_id=[1], request=218, current_budget=71,last_prefill_completed_at=30615745.581240576,last_ttft=0.6018
DEBUG 08-14 23:35:37 replica.py:153] complete_request_prefill - replica_id=[1], request=218,self.replica_slo_budget-sum_pending_tokens==current_budget:True,1048576-142==1048434
DEBUG 08-14 23:35:37 open_ai.py:335] async_send_request: request finish prefill, 216
INFO 08-14 23:35:37 open_ai.py:352] async_send_request: prefill completed: req=216,replica_id=0
DEBUG 08-14 23:35:37 replica.py:146] complete_request_prefill: replica_id=[0], request=216, current_budget=15,last_prefill_completed_at=30615745.585589085,last_ttft=0.6072
DEBUG 08-14 23:35:37 replica.py:153] complete_request_prefill - replica_id=[0], request=216,self.replica_slo_budget-sum_pending_tokens==current_budget:True,1048576-602==1047974
DEBUG 08-14 23:35:37 open_ai.py:335] async_send_request: request finish prefill, 213
INFO 08-14 23:35:37 open_ai.py:352] async_send_request: prefill completed: req=213,replica_id=2
DEBUG 08-14 23:35:37 replica.py:146] complete_request_prefill: replica_id=[2], request=213, current_budget=112,last_prefill_completed_at=30615745.586396694,last_ttft=0.6096
DEBUG 08-14 23:35:37 replica.py:153] complete_request_prefill - replica_id=[2], request=213,self.replica_slo_budget-sum_pending_tokens==current_budget:True,1048576-893==1047683
DEBUG 08-14 23:35:37 open_ai.py:335] async_send_request: request finish prefill, 210
INFO 08-14 23:35:37 open_ai.py:352] async_send_request: prefill completed: req=210,replica_id=0
DEBUG 08-14 23:35:37 replica.py:146] complete_request_prefill: replica_id=[0], request=210, current_budget=34,last_prefill_completed_at=30615745.58697634,last_ttft=0.6113
DEBUG 08-14 23:35:37 replica.py:153] complete_request_prefill - replica_id=[0], request=210,self.replica_slo_budget-sum_pending_tokens==current_budget:True,1048576-568==1048008
INFO 08-14 23:35:37 shared.py:299] Adding task for request 240 to replica 0,session_id=240
DEBUG 08-14 23:35:37 replica.py:226] add_request - replica_id=[0], request=240,self.replica_slo_budget-sum_pending_tokens==current_budget:True,1048576-584==1047992
INFO 08-14 23:35:37 shared.py:299] Adding task for request 241 to replica 1,session_id=241
DEBUG 08-14 23:35:37 replica.py:226] add_request - replica_id=[1], request=241,self.replica_slo_budget-sum_pending_tokens==current_budget:True,1048576-530==1048046
INFO 08-14 23:35:37 shared.py:299] Adding task for request 242 to replica 3,session_id=242
DEBUG 08-14 23:35:37 replica.py:226] add_request - replica_id=[3], request=242,self.replica_slo_budget-sum_pending_tokens==current_budget:True,1048576-2058==1046518
INFO 08-14 23:35:37 shared.py:299] Adding task for request 246 to replica 2,session_id=246
DEBUG 08-14 23:35:37 replica.py:226] add_request - replica_id=[2], request=246,self.replica_slo_budget-sum_pending_tokens==current_budget:True,1048576-911==1047665
INFO 08-14 23:35:37 shared.py:299] Adding task for request 248 to replica 2,session_id=248
DEBUG 08-14 23:35:37 replica.py:226] add_request - replica_id=[2], request=248,self.replica_slo_budget-sum_pending_tokens==current_budget:True,1048576-997==1047579
INFO 08-14 23:35:37 shared.py:299] Adding task for request 249 to replica 1,session_id=249
DEBUG 08-14 23:35:37 replica.py:226] add_request - replica_id=[1], request=249,self.replica_slo_budget-sum_pending_tokens==current_budget:True,1048576-566==1048010
DEBUG 08-14 23:35:37 open_ai.py:335] async_send_request: request finish prefill, 215
INFO 08-14 23:35:37 open_ai.py:352] async_send_request: prefill completed: req=215,replica_id=0
DEBUG 08-14 23:35:37 replica.py:146] complete_request_prefill: replica_id=[0], request=215, current_budget=20,last_prefill_completed_at=30615745.61175184,last_ttft=0.6336
DEBUG 08-14 23:35:37 replica.py:153] complete_request_prefill - replica_id=[0], request=215,self.replica_slo_budget-sum_pending_tokens==current_budget:True,1048576-564==1048012
INFO 08-14 23:35:37 shared.py:299] Adding task for request 243 to replica 4,session_id=243
DEBUG 08-14 23:35:37 replica.py:226] add_request - replica_id=[4], request=243,self.replica_slo_budget-sum_pending_tokens==current_budget:True,1048576-911==1047665
INFO 08-14 23:35:37 open_ai.py:115] async_send_request:request._id=240,session=240,127.0.0.1:8000
INFO 08-14 23:35:37 open_ai.py:115] async_send_request:request._id=241,session=241,127.0.0.1:8001
INFO 08-14 23:35:37 open_ai.py:115] async_send_request:request._id=242,session=242,https://uu722127-b80a-4e3f9d5d.cqa1.seetacloud.com:8443
INFO 08-14 23:35:37 open_ai.py:115] async_send_request:request._id=246,session=246,https://u722127-b80a-4e3f9d5d.cqa1.seetacloud.com:8443
INFO 08-14 23:35:37 open_ai.py:115] async_send_request:request._id=248,session=248,https://u722127-b80a-4e3f9d5d.cqa1.seetacloud.com:8443
INFO 08-14 23:35:37 open_ai.py:115] async_send_request:request._id=249,session=249,127.0.0.1:8001
INFO 08-14 23:35:37 open_ai.py:115] async_send_request:request._id=243,session=243,https://u722127-8cb5-f6dc13db.nmb1.seetacloud.com:8443
INFO 08-14 23:35:37 shared.py:299] Adding task for request 245 to replica 0,session_id=245
DEBUG 08-14 23:35:37 replica.py:226] add_request - replica_id=[0], request=245,self.replica_slo_budget-sum_pending_tokens==current_budget:True,1048576-11410==1037166
INFO 08-14 23:35:37 shared.py:299] Adding task for request 244 to replica 1,session_id=244
DEBUG 08-14 23:35:37 replica.py:226] add_request - replica_id=[1], request=244,self.replica_slo_budget-sum_pending_tokens==current_budget:True,1048576-667==1047909
INFO 08-14 23:35:37 shared.py:299] Adding task for request 247 to replica 3,session_id=247
DEBUG 08-14 23:35:37 replica.py:226] add_request - replica_id=[3], request=247,self.replica_slo_budget-sum_pending_tokens==current_budget:True,1048576-2108==1046468
DEBUG 08-14 23:35:37 open_ai.py:335] async_send_request: request finish prefill, 222
INFO 08-14 23:35:37 open_ai.py:352] async_send_request: prefill completed: req=222,replica_id=1
DEBUG 08-14 23:35:37 replica.py:146] complete_request_prefill: replica_id=[1], request=222, current_budget=32,last_prefill_completed_at=30615745.62454477,last_ttft=0.6389
DEBUG 08-14 23:35:37 replica.py:153] complete_request_prefill - replica_id=[1], request=222,self.replica_slo_budget-sum_pending_tokens==current_budget:True,1048576-635==1047941
DEBUG 08-14 23:35:37 open_ai.py:335] async_send_request: request finish prefill, 199
INFO 08-14 23:35:37 open_ai.py:352] async_send_request: prefill completed: req=199,replica_id=3
DEBUG 08-14 23:35:37 replica.py:146] complete_request_prefill: replica_id=[3], request=199, current_budget=337,last_prefill_completed_at=30615745.625903804,last_ttft=0.6691
DEBUG 08-14 23:35:37 replica.py:153] complete_request_prefill - replica_id=[3], request=199,self.replica_slo_budget-sum_pending_tokens==current_budget:True,1048576-1771==1046805
DEBUG 08-14 23:35:37 replica.py:171] complete_request_decode:num_saved_toekens=0
DEBUG 08-14 23:35:37 open_ai.py:452] good request:https://uu722127-b80a-4e3f9d5d.cqa1.seetacloud.com:8443:good,request._id=199,input=337,output=2
DEBUG 08-14 23:35:37 open_ai.py:335] async_send_request: request finish prefill, 219
INFO 08-14 23:35:37 open_ai.py:352] async_send_request: prefill completed: req=219,replica_id=3
DEBUG 08-14 23:35:37 replica.py:146] complete_request_prefill: replica_id=[3], request=219, current_budget=18,last_prefill_completed_at=30615745.6278207,last_ttft=0.6468
DEBUG 08-14 23:35:37 replica.py:153] complete_request_prefill - replica_id=[3], request=219,self.replica_slo_budget-sum_pending_tokens==current_budget:True,1048576-1753==1046823
DEBUG 08-14 23:35:37 open_ai.py:335] async_send_request: request finish prefill, 207
INFO 08-14 23:35:37 open_ai.py:352] async_send_request: prefill completed: req=207,replica_id=4
DEBUG 08-14 23:35:37 replica.py:146] complete_request_prefill: replica_id=[4], request=207, current_budget=15,last_prefill_completed_at=30615745.628487144,last_ttft=0.654
DEBUG 08-14 23:35:37 replica.py:153] complete_request_prefill - replica_id=[4], request=207,self.replica_slo_budget-sum_pending_tokens==current_budget:True,1048576-896==1047680
DEBUG 08-14 23:35:37 open_ai.py:335] async_send_request: request finish prefill, 204
INFO 08-14 23:35:37 open_ai.py:352] async_send_request: prefill completed: req=204,replica_id=4
DEBUG 08-14 23:35:37 replica.py:146] complete_request_prefill: replica_id=[4], request=204, current_budget=95,last_prefill_completed_at=30615745.62988387,last_ttft=0.6586
DEBUG 08-14 23:35:37 replica.py:153] complete_request_prefill - replica_id=[4], request=204,self.replica_slo_budget-sum_pending_tokens==current_budget:True,1048576-801==1047775
DEBUG 08-14 23:35:37 open_ai.py:335] async_send_request: request finish prefill, 225
INFO 08-14 23:35:37 open_ai.py:352] async_send_request: prefill completed: req=225,replica_id=0
DEBUG 08-14 23:35:37 replica.py:146] complete_request_prefill: replica_id=[0], request=225, current_budget=35,last_prefill_completed_at=30615745.631491028,last_ttft=0.6442
DEBUG 08-14 23:35:37 replica.py:153] complete_request_prefill - replica_id=[0], request=225,self.replica_slo_budget-sum_pending_tokens==current_budget:True,1048576-11375==1037201
INFO 08-14 23:35:37 open_ai.py:115] async_send_request:request._id=245,session=245,127.0.0.1:8000
INFO 08-14 23:35:37 open_ai.py:115] async_send_request:request._id=244,session=244,127.0.0.1:8001
INFO 08-14 23:35:37 open_ai.py:115] async_send_request:request._id=247,session=247,https://uu722127-b80a-4e3f9d5d.cqa1.seetacloud.com:8443
DEBUG 08-14 23:35:37 replica.py:171] complete_request_decode:num_saved_toekens=48
DEBUG 08-14 23:35:37 open_ai.py:452] good request:127.0.0.1:8001:good,request._id=129,input=287,output=36
DEBUG 08-14 23:35:37 replica.py:171] complete_request_decode:num_saved_toekens=16
DEBUG 08-14 23:35:37 open_ai.py:452] good request:127.0.0.1:8001:good,request._id=185,input=10,output=20
DEBUG 08-14 23:35:37 metrics_store.py:131] update_metrics:request_id=29
DEBUG 08-14 23:35:37 open_ai.py:335] async_send_request: request finish prefill, 228
INFO 08-14 23:35:37 open_ai.py:352] async_send_request: prefill completed: req=228,replica_id=2
DEBUG 08-14 23:35:37 replica.py:146] complete_request_prefill: replica_id=[2], request=228, current_budget=24,last_prefill_completed_at=30615745.64439908,last_ttft=0.6557
DEBUG 08-14 23:35:37 replica.py:153] complete_request_prefill - replica_id=[2], request=228,self.replica_slo_budget-sum_pending_tokens==current_budget:True,1048576-973==1047603
DEBUG 08-14 23:35:37 open_ai.py:335] async_send_request: request finish prefill, 205
INFO 08-14 23:35:37 open_ai.py:352] async_send_request: prefill completed: req=205,replica_id=3
DEBUG 08-14 23:35:37 replica.py:146] complete_request_prefill: replica_id=[3], request=205, current_budget=25,last_prefill_completed_at=30615745.645812225,last_ttft=0.6734
DEBUG 08-14 23:35:37 replica.py:153] complete_request_prefill - replica_id=[3], request=205,self.replica_slo_budget-sum_pending_tokens==current_budget:True,1048576-1728==1046848
DEBUG 08-14 23:35:37 replica.py:171] complete_request_decode:num_saved_toekens=16
DEBUG 08-14 23:35:37 open_ai.py:452] good request:https://uu722127-b80a-4e3f9d5d.cqa1.seetacloud.com:8443:good,request._id=152,input=278,output=18
DEBUG 08-14 23:35:37 replica.py:171] complete_request_decode:num_saved_toekens=16
DEBUG 08-14 23:35:37 open_ai.py:452] good request:https://uu722127-b80a-4e3f9d5d.cqa1.seetacloud.com:8443:good,request._id=158,input=41,output=18
DEBUG 08-14 23:35:37 metrics_store.py:131] update_metrics:request_id=147
DEBUG 08-14 23:35:37 shared.py:180] Removed task for request 29 on 127.0.0.1:8001
DEBUG 08-14 23:35:37 shared.py:180] Removed task for request 147 on https://u722127-b80a-4e3f9d5d.cqa1.seetacloud.com:8443
DEBUG 08-14 23:35:37 metrics_store.py:131] update_metrics:request_id=193
DEBUG 08-14 23:35:37 metrics_store.py:131] update_metrics:request_id=143
DEBUG 08-14 23:35:37 shared.py:180] Removed task for request 193 on 127.0.0.1:8000
DEBUG 08-14 23:35:37 shared.py:180] Removed task for request 143 on https://uu722127-b80a-4e3f9d5d.cqa1.seetacloud.com:8443
DEBUG 08-14 23:35:37 replica.py:171] complete_request_decode:num_saved_toekens=16
DEBUG 08-14 23:35:37 open_ai.py:452] good request:https://uu722127-b80a-4e3f9d5d.cqa1.seetacloud.com:8443:good,request._id=177,input=62,output=13
INFO 08-14 23:35:37 shared.py:299] Adding task for request 250 to replica 2,session_id=250
DEBUG 08-14 23:35:37 replica.py:226] add_request - replica_id=[2], request=250,self.replica_slo_budget-sum_pending_tokens==current_budget:True,1048576-1005==1047571
INFO 08-14 23:35:37 shared.py:299] Adding task for request 255 to replica 4,session_id=255
DEBUG 08-14 23:35:37 replica.py:226] add_request - replica_id=[4], request=255,self.replica_slo_budget-sum_pending_tokens==current_budget:True,1048576-1097==1047479
INFO 08-14 23:35:37 shared.py:299] Adding task for request 258 to replica 3,session_id=258
DEBUG 08-14 23:35:37 replica.py:226] add_request - replica_id=[3], request=258,self.replica_slo_budget-sum_pending_tokens==current_budget:True,1048576-1737==1046839
INFO 08-14 23:35:37 open_ai.py:115] async_send_request:request._id=250,session=250,https://u722127-b80a-4e3f9d5d.cqa1.seetacloud.com:8443
INFO 08-14 23:35:37 open_ai.py:115] async_send_request:request._id=255,session=255,https://u722127-8cb5-f6dc13db.nmb1.seetacloud.com:8443
INFO 08-14 23:35:37 open_ai.py:115] async_send_request:request._id=258,session=258,https://uu722127-b80a-4e3f9d5d.cqa1.seetacloud.com:8443
DEBUG 08-14 23:35:37 replica.py:171] complete_request_decode:num_saved_toekens=32
DEBUG 08-14 23:35:37 open_ai.py:452] good request:https://u722127-b80a-4e3f9d5d.cqa1.seetacloud.com:8443:good,request._id=173,input=46,output=18
INFO 08-14 23:35:37 shared.py:299] Adding task for request 253 to replica 0,session_id=253
DEBUG 08-14 23:35:37 replica.py:226] add_request - replica_id=[0], request=253,self.replica_slo_budget-sum_pending_tokens==current_budget:True,1048576-11439==1037137
INFO 08-14 23:35:37 shared.py:299] Adding task for request 254 to replica 0,session_id=254
DEBUG 08-14 23:35:37 replica.py:226] add_request - replica_id=[0], request=254,self.replica_slo_budget-sum_pending_tokens==current_budget:True,1048576-11448==1037128
INFO 08-14 23:35:37 shared.py:299] Adding task for request 252 to replica 1,session_id=252
DEBUG 08-14 23:35:37 replica.py:226] add_request - replica_id=[1], request=252,self.replica_slo_budget-sum_pending_tokens==current_budget:True,1048576-991==1047585
INFO 08-14 23:35:37 shared.py:299] Adding task for request 256 to replica 1,session_id=256
DEBUG 08-14 23:35:37 replica.py:226] add_request - replica_id=[1], request=256,self.replica_slo_budget-sum_pending_tokens==current_budget:True,1048576-2053==1046523
INFO 08-14 23:35:37 shared.py:299] Adding task for request 257 to replica 2,session_id=257
DEBUG 08-14 23:35:37 replica.py:226] add_request - replica_id=[2], request=257,self.replica_slo_budget-sum_pending_tokens==current_budget:True,1048576-1030==1047546
INFO 08-14 23:35:37 shared.py:299] Adding task for request 251 to replica 3,session_id=251
DEBUG 08-14 23:35:37 replica.py:226] add_request - replica_id=[3], request=251,self.replica_slo_budget-sum_pending_tokens==current_budget:True,1048576-1885==1046691
INFO 08-14 23:35:37 open_ai.py:115] async_send_request:request._id=253,session=253,127.0.0.1:8000
INFO 08-14 23:35:37 open_ai.py:115] async_send_request:request._id=254,session=254,127.0.0.1:8000
INFO 08-14 23:35:37 open_ai.py:115] async_send_request:request._id=252,session=252,127.0.0.1:8001
INFO 08-14 23:35:37 open_ai.py:115] async_send_request:request._id=256,session=256,127.0.0.1:8001
INFO 08-14 23:35:37 open_ai.py:115] async_send_request:request._id=257,session=257,https://u722127-b80a-4e3f9d5d.cqa1.seetacloud.com:8443
INFO 08-14 23:35:37 open_ai.py:115] async_send_request:request._id=251,session=251,https://uu722127-b80a-4e3f9d5d.cqa1.seetacloud.com:8443
DEBUG 08-14 23:35:37 open_ai.py:335] async_send_request: request finish prefill, 217
INFO 08-14 23:35:37 open_ai.py:352] async_send_request: prefill completed: req=217,replica_id=4
DEBUG 08-14 23:35:37 replica.py:146] complete_request_prefill: replica_id=[4], request=217, current_budget=18,last_prefill_completed_at=30615745.703373093,last_ttft=0.7245
DEBUG 08-14 23:35:37 replica.py:153] complete_request_prefill - replica_id=[4], request=217,self.replica_slo_budget-sum_pending_tokens==current_budget:True,1048576-1079==1047497
INFO 08-14 23:35:37 shared.py:299] Adding task for request 259 to replica 2,session_id=259
DEBUG 08-14 23:35:37 replica.py:226] add_request - replica_id=[2], request=259,self.replica_slo_budget-sum_pending_tokens==current_budget:True,1048576-1039==1047537
DEBUG 08-14 23:35:37 replica.py:171] complete_request_decode:num_saved_toekens=32
INFO 08-14 23:35:37 open_ai.py:115] async_send_request:request._id=259,session=259,https://u722127-b80a-4e3f9d5d.cqa1.seetacloud.com:8443
DEBUG 08-14 23:35:37 open_ai.py:452] good request:https://uu722127-b80a-4e3f9d5d.cqa1.seetacloud.com:8443:good,request._id=156,input=141,output=20
DEBUG 08-14 23:35:37 metrics_store.py:131] update_metrics:request_id=199
DEBUG 08-14 23:35:37 shared.py:180] Removed task for request 199 on https://uu722127-b80a-4e3f9d5d.cqa1.seetacloud.com:8443
DEBUG 08-14 23:35:37 open_ai.py:335] async_send_request: request finish prefill, 211
INFO 08-14 23:35:37 open_ai.py:352] async_send_request: prefill completed: req=211,replica_id=2
DEBUG 08-14 23:35:37 replica.py:146] complete_request_prefill: replica_id=[2], request=211, current_budget=87,last_prefill_completed_at=30615745.70786143,last_ttft=0.7314
DEBUG 08-14 23:35:37 replica.py:153] complete_request_prefill - replica_id=[2], request=211,self.replica_slo_budget-sum_pending_tokens==current_budget:True,1048576-952==1047624
DEBUG 08-14 23:35:37 metrics_store.py:131] update_metrics:request_id=129
DEBUG 08-14 23:35:37 open_ai.py:335] async_send_request: request finish prefill, 212
INFO 08-14 23:35:37 open_ai.py:352] async_send_request: prefill completed: req=212,replica_id=2
DEBUG 08-14 23:35:37 replica.py:146] complete_request_prefill: replica_id=[2], request=212, current_budget=16,last_prefill_completed_at=30615745.708657093,last_ttft=0.7321
DEBUG 08-14 23:35:37 replica.py:153] complete_request_prefill - replica_id=[2], request=212,self.replica_slo_budget-sum_pending_tokens==current_budget:True,1048576-936==1047640
DEBUG 08-14 23:35:37 metrics_store.py:131] update_metrics:request_id=185
DEBUG 08-14 23:35:37 metrics_store.py:131] update_metrics:request_id=152
DEBUG 08-14 23:35:37 shared.py:180] Removed task for request 129 on 127.0.0.1:8001
DEBUG 08-14 23:35:37 metrics_store.py:131] update_metrics:request_id=158
DEBUG 08-14 23:35:37 shared.py:180] Removed task for request 185 on 127.0.0.1:8001
DEBUG 08-14 23:35:37 metrics_store.py:131] update_metrics:request_id=177
DEBUG 08-14 23:35:37 shared.py:180] Removed task for request 152 on https://uu722127-b80a-4e3f9d5d.cqa1.seetacloud.com:8443
DEBUG 08-14 23:35:37 shared.py:180] Removed task for request 158 on https://uu722127-b80a-4e3f9d5d.cqa1.seetacloud.com:8443
DEBUG 08-14 23:35:37 shared.py:180] Removed task for request 177 on https://uu722127-b80a-4e3f9d5d.cqa1.seetacloud.com:8443
DEBUG 08-14 23:35:37 open_ai.py:335] async_send_request: request finish prefill, 233
INFO 08-14 23:35:37 open_ai.py:352] async_send_request: prefill completed: req=233,replica_id=0
DEBUG 08-14 23:35:37 replica.py:146] complete_request_prefill: replica_id=[0], request=233, current_budget=14,last_prefill_completed_at=30615745.72812207,last_ttft=0.7338
DEBUG 08-14 23:35:37 replica.py:153] complete_request_prefill - replica_id=[0], request=233,self.replica_slo_budget-sum_pending_tokens==current_budget:True,1048576-11434==1037142
DEBUG 08-14 23:35:37 open_ai.py:335] async_send_request: request finish prefill, 236
INFO 08-14 23:35:37 open_ai.py:352] async_send_request: prefill completed: req=236,replica_id=0
DEBUG 08-14 23:35:37 replica.py:146] complete_request_prefill: replica_id=[0], request=236, current_budget=499,last_prefill_completed_at=30615745.728588898,last_ttft=0.7305
DEBUG 08-14 23:35:37 replica.py:153] complete_request_prefill - replica_id=[0], request=236,self.replica_slo_budget-sum_pending_tokens==current_budget:True,1048576-10935==1037641
DEBUG 08-14 23:35:37 open_ai.py:335] async_send_request: request finish prefill, 214
INFO 08-14 23:35:37 open_ai.py:352] async_send_request: prefill completed: req=214,replica_id=3
DEBUG 08-14 23:35:37 replica.py:146] complete_request_prefill: replica_id=[3], request=214, current_budget=402,last_prefill_completed_at=30615745.730897106,last_ttft=0.7533
DEBUG 08-14 23:35:37 replica.py:153] complete_request_prefill - replica_id=[3], request=214,self.replica_slo_budget-sum_pending_tokens==current_budget:True,1048576-1483==1047093
DEBUG 08-14 23:35:37 replica.py:171] complete_request_decode:num_saved_toekens=48
DEBUG 08-14 23:35:37 open_ai.py:452] good request:https://u722127-b80a-4e3f9d5d.cqa1.seetacloud.com:8443:good,request._id=117,input=61,output=37
INFO 08-14 23:35:37 shared.py:299] Adding task for request 260 to replica 1,session_id=260
DEBUG 08-14 23:35:37 replica.py:226] add_request - replica_id=[1], request=260,self.replica_slo_budget-sum_pending_tokens==current_budget:True,1048576-2064==1046512
INFO 08-14 23:35:37 shared.py:299] Adding task for request 262 to replica 0,session_id=262
DEBUG 08-14 23:35:37 replica.py:226] add_request - replica_id=[0], request=262,self.replica_slo_budget-sum_pending_tokens==current_budget:True,1048576-10960==1037616
INFO 08-14 23:35:37 shared.py:299] Adding task for request 264 to replica 1,session_id=264
DEBUG 08-14 23:35:37 replica.py:226] add_request - replica_id=[1], request=264,self.replica_slo_budget-sum_pending_tokens==current_budget:True,1048576-2102==1046474
INFO 08-14 23:35:37 shared.py:299] Adding task for request 269 to replica 3,session_id=269
DEBUG 08-14 23:35:37 replica.py:226] add_request - replica_id=[3], request=269,self.replica_slo_budget-sum_pending_tokens==current_budget:True,1048576-1634==1046942
INFO 08-14 23:35:37 open_ai.py:115] async_send_request:request._id=260,session=260,127.0.0.1:8001
INFO 08-14 23:35:37 open_ai.py:115] async_send_request:request._id=262,session=262,127.0.0.1:8000
INFO 08-14 23:35:37 open_ai.py:115] async_send_request:request._id=264,session=264,127.0.0.1:8001
INFO 08-14 23:35:37 open_ai.py:115] async_send_request:request._id=269,session=269,https://uu722127-b80a-4e3f9d5d.cqa1.seetacloud.com:8443
DEBUG 08-14 23:35:37 open_ai.py:335] async_send_request: request finish prefill, 223
INFO 08-14 23:35:37 open_ai.py:352] async_send_request: prefill completed: req=223,replica_id=2
DEBUG 08-14 23:35:37 replica.py:146] complete_request_prefill: replica_id=[2], request=223, current_budget=519,last_prefill_completed_at=30615745.753278874,last_ttft=0.7668
DEBUG 08-14 23:35:37 replica.py:153] complete_request_prefill - replica_id=[2], request=223,self.replica_slo_budget-sum_pending_tokens==current_budget:True,1048576-417==1048159
INFO 08-14 23:35:37 shared.py:299] Adding task for request 261 to replica 3,session_id=261
DEBUG 08-14 23:35:37 replica.py:226] add_request - replica_id=[3], request=261,self.replica_slo_budget-sum_pending_tokens==current_budget:True,1048576-1665==1046911
INFO 08-14 23:35:37 shared.py:299] Adding task for request 263 to replica 3,session_id=263
DEBUG 08-14 23:35:37 replica.py:226] add_request - replica_id=[3], request=263,self.replica_slo_budget-sum_pending_tokens==current_budget:True,1048576-1831==1046745
DEBUG 08-14 23:35:37 open_ai.py:335] async_send_request: request finish prefill, 220
INFO 08-14 23:35:37 open_ai.py:352] async_send_request: prefill completed: req=220,replica_id=2
DEBUG 08-14 23:35:37 replica.py:146] complete_request_prefill: replica_id=[2], request=220, current_budget=129,last_prefill_completed_at=30615745.756126784,last_ttft=0.775
DEBUG 08-14 23:35:37 replica.py:153] complete_request_prefill - replica_id=[2], request=220,self.replica_slo_budget-sum_pending_tokens==current_budget:True,1048576-288==1048288
INFO 08-14 23:35:37 shared.py:299] Adding task for request 265 to replica 1,session_id=265
DEBUG 08-14 23:35:37 replica.py:226] add_request - replica_id=[1], request=265,self.replica_slo_budget-sum_pending_tokens==current_budget:True,1048576-2380==1046196
INFO 08-14 23:35:37 shared.py:299] Adding task for request 266 to replica 3,session_id=266
DEBUG 08-14 23:35:37 replica.py:226] add_request - replica_id=[3], request=266,self.replica_slo_budget-sum_pending_tokens==current_budget:True,1048576-1858==1046718
INFO 08-14 23:35:37 shared.py:299] Adding task for request 267 to replica 4,session_id=267
DEBUG 08-14 23:35:37 replica.py:226] add_request - replica_id=[4], request=267,self.replica_slo_budget-sum_pending_tokens==current_budget:True,1048576-1113==1047463
DEBUG 08-14 23:35:37 metrics_store.py:131] update_metrics:request_id=173
INFO 08-14 23:35:37 open_ai.py:115] async_send_request:request._id=261,session=261,https://uu722127-b80a-4e3f9d5d.cqa1.seetacloud.com:8443
INFO 08-14 23:35:37 open_ai.py:115] async_send_request:request._id=263,session=263,https://uu722127-b80a-4e3f9d5d.cqa1.seetacloud.com:8443
INFO 08-14 23:35:37 open_ai.py:115] async_send_request:request._id=265,session=265,127.0.0.1:8001
INFO 08-14 23:35:37 open_ai.py:115] async_send_request:request._id=266,session=266,https://uu722127-b80a-4e3f9d5d.cqa1.seetacloud.com:8443
INFO 08-14 23:35:37 open_ai.py:115] async_send_request:request._id=267,session=267,https://u722127-8cb5-f6dc13db.nmb1.seetacloud.com:8443
DEBUG 08-14 23:35:37 open_ai.py:335] async_send_request: request finish prefill, 232
INFO 08-14 23:35:37 open_ai.py:352] async_send_request: prefill completed: req=232,replica_id=1
DEBUG 08-14 23:35:37 replica.py:146] complete_request_prefill: replica_id=[1], request=232, current_budget=23,last_prefill_completed_at=30615745.76102836,last_ttft=0.7688
DEBUG 08-14 23:35:37 replica.py:153] complete_request_prefill - replica_id=[1], request=232,self.replica_slo_budget-sum_pending_tokens==current_budget:True,1048576-2357==1046219
INFO 08-14 23:35:37 shared.py:299] Adding task for request 268 to replica 2,session_id=268
DEBUG 08-14 23:35:37 replica.py:226] add_request - replica_id=[2], request=268,self.replica_slo_budget-sum_pending_tokens==current_budget:True,1048576-414==1048162
DEBUG 08-14 23:35:37 open_ai.py:335] async_send_request: request finish prefill, 234
INFO 08-14 23:35:37 open_ai.py:352] async_send_request: prefill completed: req=234,replica_id=1
DEBUG 08-14 23:35:37 replica.py:146] complete_request_prefill: replica_id=[1], request=234, current_budget=87,last_prefill_completed_at=30615745.762587447,last_ttft=0.767
DEBUG 08-14 23:35:37 replica.py:153] complete_request_prefill - replica_id=[1], request=234,self.replica_slo_budget-sum_pending_tokens==current_budget:True,1048576-2270==1046306
INFO 08-14 23:35:37 open_ai.py:115] async_send_request:request._id=268,session=268,https://u722127-b80a-4e3f9d5d.cqa1.seetacloud.com:8443
DEBUG 08-14 23:35:37 open_ai.py:335] async_send_request: request finish prefill, 227
INFO 08-14 23:35:37 open_ai.py:352] async_send_request: prefill completed: req=227,replica_id=4
DEBUG 08-14 23:35:37 replica.py:146] complete_request_prefill: replica_id=[4], request=227, current_budget=156,last_prefill_completed_at=30615745.772706993,last_ttft=0.7837
DEBUG 08-14 23:35:37 replica.py:153] complete_request_prefill - replica_id=[4], request=227,self.replica_slo_budget-sum_pending_tokens==current_budget:True,1048576-957==1047619
DEBUG 08-14 23:35:37 open_ai.py:335] async_send_request: request finish prefill, 238
INFO 08-14 23:35:37 open_ai.py:352] async_send_request: prefill completed: req=238,replica_id=4
DEBUG 08-14 23:35:37 replica.py:146] complete_request_prefill: replica_id=[4], request=238, current_budget=570,last_prefill_completed_at=30615745.7744738,last_ttft=0.7704
DEBUG 08-14 23:35:37 replica.py:153] complete_request_prefill - replica_id=[4], request=238,self.replica_slo_budget-sum_pending_tokens==current_budget:True,1048576-387==1048189
DEBUG 08-14 23:35:37 open_ai.py:335] async_send_request: request finish prefill, 226
INFO 08-14 23:35:37 open_ai.py:352] async_send_request: prefill completed: req=226,replica_id=4
DEBUG 08-14 23:35:37 replica.py:146] complete_request_prefill: replica_id=[4], request=226, current_budget=36,last_prefill_completed_at=30615745.77698443,last_ttft=0.7894
DEBUG 08-14 23:35:37 replica.py:153] complete_request_prefill - replica_id=[4], request=226,self.replica_slo_budget-sum_pending_tokens==current_budget:True,1048576-351==1048225
DEBUG 08-14 23:35:37 shared.py:180] Removed task for request 173 on https://u722127-b80a-4e3f9d5d.cqa1.seetacloud.com:8443
DEBUG 08-14 23:35:37 open_ai.py:335] async_send_request: request finish prefill, 224
INFO 08-14 23:35:37 open_ai.py:352] async_send_request: prefill completed: req=224,replica_id=3
DEBUG 08-14 23:35:37 replica.py:146] complete_request_prefill: replica_id=[3], request=224, current_budget=28,last_prefill_completed_at=30615745.778536264,last_ttft=0.7914
DEBUG 08-14 23:35:37 replica.py:153] complete_request_prefill - replica_id=[3], request=224,self.replica_slo_budget-sum_pending_tokens==current_budget:True,1048576-1830==1046746
DEBUG 08-14 23:35:37 open_ai.py:335] async_send_request: request finish prefill, 230
INFO 08-14 23:35:37 open_ai.py:352] async_send_request: prefill completed: req=230,replica_id=3
DEBUG 08-14 23:35:37 replica.py:146] complete_request_prefill: replica_id=[3], request=230, current_budget=29,last_prefill_completed_at=30615745.778832298,last_ttft=0.7884
DEBUG 08-14 23:35:37 replica.py:153] complete_request_prefill - replica_id=[3], request=230,self.replica_slo_budget-sum_pending_tokens==current_budget:True,1048576-1801==1046775
DEBUG 08-14 23:35:37 replica.py:171] complete_request_decode:num_saved_toekens=96
DEBUG 08-14 23:35:37 open_ai.py:452] good request:https://uu722127-b80a-4e3f9d5d.cqa1.seetacloud.com:8443:good,request._id=83,input=259,output=100
DEBUG 08-14 23:35:37 open_ai.py:335] async_send_request: request finish prefill, 221
INFO 08-14 23:35:37 open_ai.py:352] async_send_request: prefill completed: req=221,replica_id=2
DEBUG 08-14 23:35:37 replica.py:146] complete_request_prefill: replica_id=[2], request=221, current_budget=33,last_prefill_completed_at=30615745.782512147,last_ttft=0.8002
DEBUG 08-14 23:35:37 replica.py:153] complete_request_prefill - replica_id=[2], request=221,self.replica_slo_budget-sum_pending_tokens==current_budget:True,1048576-381==1048195
DEBUG 08-14 23:35:37 replica.py:171] complete_request_decode:num_saved_toekens=16
DEBUG 08-14 23:35:37 open_ai.py:452] good request:127.0.0.1:8000:good,request._id=196,input=39,output=19
DEBUG 08-14 23:35:37 open_ai.py:335] async_send_request: request finish prefill, 240
INFO 08-14 23:35:37 open_ai.py:352] async_send_request: prefill completed: req=240,replica_id=0
DEBUG 08-14 23:35:37 replica.py:146] complete_request_prefill: replica_id=[0], request=240, current_budget=16,last_prefill_completed_at=30615745.78447374,last_ttft=0.7793
DEBUG 08-14 23:35:37 replica.py:153] complete_request_prefill - replica_id=[0], request=240,self.replica_slo_budget-sum_pending_tokens==current_budget:True,1048576-10944==1037632
DEBUG 08-14 23:35:37 replica.py:171] complete_request_decode:num_saved_toekens=16
DEBUG 08-14 23:35:37 open_ai.py:452] good request:https://uu722127-b80a-4e3f9d5d.cqa1.seetacloud.com:8443:good,request._id=171,input=38,output=19
DEBUG 08-14 23:35:37 replica.py:171] complete_request_decode:num_saved_toekens=16
DEBUG 08-14 23:35:37 metrics_store.py:131] update_metrics:request_id=156
DEBUG 08-14 23:35:37 open_ai.py:452] good request:https://u722127-8cb5-f6dc13db.nmb1.seetacloud.com:8443:good,request._id=204,input=95,output=7
DEBUG 08-14 23:35:37 metrics_store.py:131] update_metrics:request_id=117
DEBUG 08-14 23:35:37 open_ai.py:335] async_send_request: request finish prefill, 241
INFO 08-14 23:35:37 open_ai.py:352] async_send_request: prefill completed: req=241,replica_id=1
DEBUG 08-14 23:35:37 replica.py:146] complete_request_prefill: replica_id=[1], request=241, current_budget=388,last_prefill_completed_at=30615745.79269763,last_ttft=0.7848
DEBUG 08-14 23:35:37 replica.py:153] complete_request_prefill - replica_id=[1], request=241,self.replica_slo_budget-sum_pending_tokens==current_budget:True,1048576-1882==1046694
DEBUG 08-14 23:35:37 open_ai.py:335] async_send_request: request finish prefill, 249
INFO 08-14 23:35:37 open_ai.py:352] async_send_request: prefill completed: req=249,replica_id=1
DEBUG 08-14 23:35:37 replica.py:146] complete_request_prefill: replica_id=[1], request=249, current_budget=36,last_prefill_completed_at=30615745.793120243,last_ttft=0.7718
DEBUG 08-14 23:35:37 replica.py:153] complete_request_prefill - replica_id=[1], request=249,self.replica_slo_budget-sum_pending_tokens==current_budget:True,1048576-1846==1046730
DEBUG 08-14 23:35:37 open_ai.py:335] async_send_request: request finish prefill, 244
INFO 08-14 23:35:37 open_ai.py:352] async_send_request: prefill completed: req=244,replica_id=1
DEBUG 08-14 23:35:37 replica.py:146] complete_request_prefill: replica_id=[1], request=244, current_budget=101,last_prefill_completed_at=30615745.793530557,last_ttft=0.7808
DEBUG 08-14 23:35:37 replica.py:153] complete_request_prefill - replica_id=[1], request=244,self.replica_slo_budget-sum_pending_tokens==current_budget:True,1048576-1745==1046831
DEBUG 08-14 23:35:37 shared.py:180] Removed task for request 156 on https://uu722127-b80a-4e3f9d5d.cqa1.seetacloud.com:8443
DEBUG 08-14 23:35:37 shared.py:180] Removed task for request 117 on https://u722127-b80a-4e3f9d5d.cqa1.seetacloud.com:8443
DEBUG 08-14 23:35:37 open_ai.py:335] async_send_request: request finish prefill, 246
INFO 08-14 23:35:37 open_ai.py:352] async_send_request: prefill completed: req=246,replica_id=2
DEBUG 08-14 23:35:37 replica.py:146] complete_request_prefill: replica_id=[2], request=246, current_budget=18,last_prefill_completed_at=30615745.80991763,last_ttft=0.7922
DEBUG 08-14 23:35:37 replica.py:153] complete_request_prefill - replica_id=[2], request=246,self.replica_slo_budget-sum_pending_tokens==current_budget:True,1048576-363==1048213
INFO 08-14 23:35:37 shared.py:299] Adding task for request 270 to replica 4,session_id=270
DEBUG 08-14 23:35:37 replica.py:226] add_request - replica_id=[4], request=270,self.replica_slo_budget-sum_pending_tokens==current_budget:True,1048576-440==1048136
INFO 08-14 23:35:37 shared.py:299] Adding task for request 272 to replica 2,session_id=272
DEBUG 08-14 23:35:37 replica.py:226] add_request - replica_id=[2], request=272,self.replica_slo_budget-sum_pending_tokens==current_budget:True,1048576-401==1048175
INFO 08-14 23:35:37 shared.py:299] Adding task for request 274 to replica 0,session_id=274
DEBUG 08-14 23:35:37 replica.py:226] add_request - replica_id=[0], request=274,self.replica_slo_budget-sum_pending_tokens==current_budget:True,1048576-11247==1037329
INFO 08-14 23:35:37 open_ai.py:115] async_send_request:request._id=270,session=270,https://u722127-8cb5-f6dc13db.nmb1.seetacloud.com:8443
INFO 08-14 23:35:37 open_ai.py:115] async_send_request:request._id=272,session=272,https://u722127-b80a-4e3f9d5d.cqa1.seetacloud.com:8443
INFO 08-14 23:35:37 open_ai.py:115] async_send_request:request._id=274,session=274,127.0.0.1:8000
DEBUG 08-14 23:35:37 open_ai.py:335] async_send_request: request finish prefill, 229
INFO 08-14 23:35:37 open_ai.py:352] async_send_request: prefill completed: req=229,replica_id=3
DEBUG 08-14 23:35:37 replica.py:146] complete_request_prefill: replica_id=[3], request=229, current_budget=9,last_prefill_completed_at=30615745.824652612,last_ttft=0.8344
DEBUG 08-14 23:35:37 replica.py:153] complete_request_prefill - replica_id=[3], request=229,self.replica_slo_budget-sum_pending_tokens==current_budget:True,1048576-1792==1046784
DEBUG 08-14 23:35:37 open_ai.py:335] async_send_request: request finish prefill, 235
INFO 08-14 23:35:37 open_ai.py:352] async_send_request: prefill completed: req=235,replica_id=3
DEBUG 08-14 23:35:37 replica.py:146] complete_request_prefill: replica_id=[3], request=235, current_budget=77,last_prefill_completed_at=30615745.82815766,last_ttft=0.8316
DEBUG 08-14 23:35:37 replica.py:153] complete_request_prefill - replica_id=[3], request=235,self.replica_slo_budget-sum_pending_tokens==current_budget:True,1048576-1715==1046861
INFO 08-14 23:35:37 shared.py:299] Adding task for request 271 to replica 2,session_id=271
DEBUG 08-14 23:35:37 replica.py:226] add_request - replica_id=[2], request=271,self.replica_slo_budget-sum_pending_tokens==current_budget:True,1048576-531==1048045
INFO 08-14 23:35:37 shared.py:299] Adding task for request 273 to replica 3,session_id=273
DEBUG 08-14 23:35:37 replica.py:226] add_request - replica_id=[3], request=273,self.replica_slo_budget-sum_pending_tokens==current_budget:True,1048576-4040==1044536
DEBUG 08-14 23:35:37 open_ai.py:335] async_send_request: request finish prefill, 237
INFO 08-14 23:35:37 open_ai.py:352] async_send_request: prefill completed: req=237,replica_id=3
DEBUG 08-14 23:35:37 replica.py:146] complete_request_prefill: replica_id=[3], request=237, current_budget=1016,last_prefill_completed_at=30615745.8314433,last_ttft=0.8282
DEBUG 08-14 23:35:37 replica.py:153] complete_request_prefill - replica_id=[3], request=237,self.replica_slo_budget-sum_pending_tokens==current_budget:True,1048576-3024==1045552
INFO 08-14 23:35:37 shared.py:299] Adding task for request 275 to replica 0,session_id=275
DEBUG 08-14 23:35:37 replica.py:226] add_request - replica_id=[0], request=275,self.replica_slo_budget-sum_pending_tokens==current_budget:True,1048576-11287==1037289
DEBUG 08-14 23:35:37 open_ai.py:335] async_send_request: request finish prefill, 231
INFO 08-14 23:35:37 open_ai.py:352] async_send_request: prefill completed: req=231,replica_id=2
DEBUG 08-14 23:35:37 replica.py:146] complete_request_prefill: replica_id=[2], request=231, current_budget=40,last_prefill_completed_at=30615745.8341114,last_ttft=0.8422
DEBUG 08-14 23:35:37 replica.py:153] complete_request_prefill - replica_id=[2], request=231,self.replica_slo_budget-sum_pending_tokens==current_budget:True,1048576-491==1048085
INFO 08-14 23:35:37 shared.py:299] Adding task for request 278 to replica 0,session_id=278
DEBUG 08-14 23:35:37 replica.py:226] add_request - replica_id=[0], request=278,self.replica_slo_budget-sum_pending_tokens==current_budget:True,1048576-11302==1037274
INFO 08-14 23:35:37 shared.py:299] Adding task for request 276 to replica 1,session_id=276
DEBUG 08-14 23:35:37 replica.py:226] add_request - replica_id=[1], request=276,self.replica_slo_budget-sum_pending_tokens==current_budget:True,1048576-2226==1046350
INFO 08-14 23:35:37 shared.py:299] Adding task for request 277 to replica 3,session_id=277
DEBUG 08-14 23:35:37 replica.py:226] add_request - replica_id=[3], request=277,self.replica_slo_budget-sum_pending_tokens==current_budget:True,1048576-3033==1045543
INFO 08-14 23:35:37 open_ai.py:115] async_send_request:request._id=271,session=271,https://u722127-b80a-4e3f9d5d.cqa1.seetacloud.com:8443
INFO 08-14 23:35:37 open_ai.py:115] async_send_request:request._id=273,session=273,https://uu722127-b80a-4e3f9d5d.cqa1.seetacloud.com:8443
INFO 08-14 23:35:37 open_ai.py:115] async_send_request:request._id=275,session=275,127.0.0.1:8000
INFO 08-14 23:35:37 open_ai.py:115] async_send_request:request._id=278,session=278,127.0.0.1:8000
INFO 08-14 23:35:37 open_ai.py:115] async_send_request:request._id=276,session=276,127.0.0.1:8001
INFO 08-14 23:35:37 open_ai.py:115] async_send_request:request._id=277,session=277,https://uu722127-b80a-4e3f9d5d.cqa1.seetacloud.com:8443
DEBUG 08-14 23:35:37 replica.py:171] complete_request_decode:num_saved_toekens=0
DEBUG 08-14 23:35:37 open_ai.py:452] good request:https://u722127-b80a-4e3f9d5d.cqa1.seetacloud.com:8443:good,request._id=246,input=18,output=2
DEBUG 08-14 23:35:37 replica.py:171] complete_request_decode:num_saved_toekens=48
DEBUG 08-14 23:35:37 open_ai.py:452] good request:127.0.0.1:8001:good,request._id=141,input=58,output=42
DEBUG 08-14 23:35:37 open_ai.py:335] async_send_request: request finish prefill, 247
INFO 08-14 23:35:37 open_ai.py:352] async_send_request: prefill completed: req=247,replica_id=3
DEBUG 08-14 23:35:37 replica.py:146] complete_request_prefill: replica_id=[3], request=247, current_budget=50,last_prefill_completed_at=30615745.8453522,last_ttft=0.8269
DEBUG 08-14 23:35:37 replica.py:153] complete_request_prefill - replica_id=[3], request=247,self.replica_slo_budget-sum_pending_tokens==current_budget:True,1048576-2983==1045593
INFO 08-14 23:35:37 shared.py:299] Adding task for request 279 to replica 3,session_id=279
DEBUG 08-14 23:35:37 replica.py:226] add_request - replica_id=[3], request=279,self.replica_slo_budget-sum_pending_tokens==current_budget:True,1048576-3034==1045542
DEBUG 08-14 23:35:37 replica.py:171] complete_request_decode:num_saved_toekens=0
DEBUG 08-14 23:35:37 open_ai.py:452] good request:https://uu722127-b80a-4e3f9d5d.cqa1.seetacloud.com:8443:good,request._id=235,input=77,output=2
DEBUG 08-14 23:35:37 open_ai.py:335] async_send_request: request finish prefill, 242
INFO 08-14 23:35:37 open_ai.py:352] async_send_request: prefill completed: req=242,replica_id=3
DEBUG 08-14 23:35:37 replica.py:146] complete_request_prefill: replica_id=[3], request=242, current_budget=117,last_prefill_completed_at=30615745.846575618,last_ttft=0.8379
DEBUG 08-14 23:35:37 replica.py:153] complete_request_prefill - replica_id=[3], request=242,self.replica_slo_budget-sum_pending_tokens==current_budget:True,1048576-2917==1045659
INFO 08-14 23:35:37 open_ai.py:115] async_send_request:request._id=279,session=279,https://uu722127-b80a-4e3f9d5d.cqa1.seetacloud.com:8443
DEBUG 08-14 23:35:37 open_ai.py:335] async_send_request: request finish prefill, 258
INFO 08-14 23:35:37 open_ai.py:352] async_send_request: prefill completed: req=258,replica_id=3
DEBUG 08-14 23:35:37 replica.py:146] complete_request_prefill: replica_id=[3], request=258, current_budget=9,last_prefill_completed_at=30615745.85179605,last_ttft=0.8235
DEBUG 08-14 23:35:37 replica.py:153] complete_request_prefill - replica_id=[3], request=258,self.replica_slo_budget-sum_pending_tokens==current_budget:True,1048576-2908==1045668
DEBUG 08-14 23:35:37 replica.py:171] complete_request_decode:num_saved_toekens=0
DEBUG 08-14 23:35:37 open_ai.py:452] good request:https://uu722127-b80a-4e3f9d5d.cqa1.seetacloud.com:8443:good,request._id=242,input=117,output=2
DEBUG 08-14 23:35:37 metrics_store.py:131] update_metrics:request_id=83
DEBUG 08-14 23:35:37 metrics_store.py:131] update_metrics:request_id=196
DEBUG 08-14 23:35:37 metrics_store.py:131] update_metrics:request_id=171
DEBUG 08-14 23:35:37 shared.py:180] Removed task for request 83 on https://uu722127-b80a-4e3f9d5d.cqa1.seetacloud.com:8443
DEBUG 08-14 23:35:37 metrics_store.py:131] update_metrics:request_id=204
DEBUG 08-14 23:35:37 shared.py:180] Removed task for request 196 on 127.0.0.1:8000
DEBUG 08-14 23:35:37 shared.py:180] Removed task for request 171 on https://uu722127-b80a-4e3f9d5d.cqa1.seetacloud.com:8443
DEBUG 08-14 23:35:37 shared.py:180] Removed task for request 204 on https://u722127-8cb5-f6dc13db.nmb1.seetacloud.com:8443
DEBUG 08-14 23:35:37 replica.py:171] complete_request_decode:num_saved_toekens=32
DEBUG 08-14 23:35:37 open_ai.py:452] good request:https://u722127-b80a-4e3f9d5d.cqa1.seetacloud.com:8443:good,request._id=153,input=579,output=35
DEBUG 08-14 23:35:37 open_ai.py:335] async_send_request: request finish prefill, 250
INFO 08-14 23:35:37 open_ai.py:352] async_send_request: prefill completed: req=250,replica_id=2
DEBUG 08-14 23:35:37 replica.py:146] complete_request_prefill: replica_id=[2], request=250, current_budget=32,last_prefill_completed_at=30615745.873726085,last_ttft=0.852
DEBUG 08-14 23:35:37 replica.py:153] complete_request_prefill - replica_id=[2], request=250,self.replica_slo_budget-sum_pending_tokens==current_budget:True,1048576-459==1048117
DEBUG 08-14 23:35:37 replica.py:171] complete_request_decode:num_saved_toekens=16
DEBUG 08-14 23:35:37 open_ai.py:452] good request:https://u722127-8cb5-f6dc13db.nmb1.seetacloud.com:8443:good,request._id=207,input=15,output=10
DEBUG 08-14 23:35:37 open_ai.py:335] async_send_request: request finish prefill, 239
INFO 08-14 23:35:37 open_ai.py:352] async_send_request: prefill completed: req=239,replica_id=2
DEBUG 08-14 23:35:37 replica.py:146] complete_request_prefill: replica_id=[2], request=239, current_budget=45,last_prefill_completed_at=30615745.874849077,last_ttft=0.8708
DEBUG 08-14 23:35:37 replica.py:153] complete_request_prefill - replica_id=[2], request=239,self.replica_slo_budget-sum_pending_tokens==current_budget:True,1048576-414==1048162
DEBUG 08-14 23:35:37 open_ai.py:335] async_send_request: request finish prefill, 243
INFO 08-14 23:35:37 open_ai.py:352] async_send_request: prefill completed: req=243,replica_id=4
DEBUG 08-14 23:35:37 replica.py:146] complete_request_prefill: replica_id=[4], request=243, current_budget=21,last_prefill_completed_at=30615745.876175832,last_ttft=0.8659
DEBUG 08-14 23:35:37 replica.py:153] complete_request_prefill - replica_id=[4], request=243,self.replica_slo_budget-sum_pending_tokens==current_budget:True,1048576-419==1048157
DEBUG 08-14 23:35:37 open_ai.py:335] async_send_request: request finish prefill, 251
INFO 08-14 23:35:37 open_ai.py:352] async_send_request: prefill completed: req=251,replica_id=3
DEBUG 08-14 23:35:37 replica.py:146] complete_request_prefill: replica_id=[3], request=251, current_budget=148,last_prefill_completed_at=30615745.877925366,last_ttft=0.8557
DEBUG 08-14 23:35:37 replica.py:153] complete_request_prefill - replica_id=[3], request=251,self.replica_slo_budget-sum_pending_tokens==current_budget:True,1048576-2760==1045816
INFO 08-14 23:35:37 shared.py:299] Adding task for request 280 to replica 2,session_id=280
DEBUG 08-14 23:35:37 replica.py:226] add_request - replica_id=[2], request=280,self.replica_slo_budget-sum_pending_tokens==current_budget:True,1048576-453==1048123
INFO 08-14 23:35:37 shared.py:299] Adding task for request 281 to replica 3,session_id=281
DEBUG 08-14 23:35:37 replica.py:226] add_request - replica_id=[3], request=281,self.replica_slo_budget-sum_pending_tokens==current_budget:True,1048576-2835==1045741
INFO 08-14 23:35:37 shared.py:299] Adding task for request 287 to replica 0,session_id=287
DEBUG 08-14 23:35:37 replica.py:226] add_request - replica_id=[0], request=287,self.replica_slo_budget-sum_pending_tokens==current_budget:True,1048576-11360==1037216
INFO 08-14 23:35:37 open_ai.py:115] async_send_request:request._id=280,session=280,https://u722127-b80a-4e3f9d5d.cqa1.seetacloud.com:8443
INFO 08-14 23:35:37 open_ai.py:115] async_send_request:request._id=281,session=281,https://uu722127-b80a-4e3f9d5d.cqa1.seetacloud.com:8443
INFO 08-14 23:35:37 open_ai.py:115] async_send_request:request._id=287,session=287,127.0.0.1:8000
DEBUG 08-14 23:35:37 replica.py:171] complete_request_decode:num_saved_toekens=0
DEBUG 08-14 23:35:37 open_ai.py:335] async_send_request: request finish prefill, 252
INFO 08-14 23:35:37 open_ai.py:352] async_send_request: prefill completed: req=252,replica_id=1
DEBUG 08-14 23:35:37 replica.py:146] complete_request_prefill: replica_id=[1], request=252, current_budget=356,last_prefill_completed_at=30615745.89957481,last_ttft=0.875
DEBUG 08-14 23:35:37 replica.py:153] complete_request_prefill - replica_id=[1], request=252,self.replica_slo_budget-sum_pending_tokens==current_budget:True,1048576-1870==1046706
INFO 08-14 23:35:37 shared.py:299] Adding task for request 283 to replica 0,session_id=283
DEBUG 08-14 23:35:37 replica.py:226] add_request - replica_id=[0], request=283,self.replica_slo_budget-sum_pending_tokens==current_budget:True,1048576-11400==1037176
INFO 08-14 23:35:37 shared.py:299] Adding task for request 284 to replica 1,session_id=284
DEBUG 08-14 23:35:37 replica.py:226] add_request - replica_id=[1], request=284,self.replica_slo_budget-sum_pending_tokens==current_budget:True,1048576-1883==1046693
INFO 08-14 23:35:37 shared.py:299] Adding task for request 286 to replica 3,session_id=286
DEBUG 08-14 23:35:37 replica.py:226] add_request - replica_id=[3], request=286,self.replica_slo_budget-sum_pending_tokens==current_budget:True,1048576-2876==1045700
INFO 08-14 23:35:37 shared.py:299] Adding task for request 285 to replica 4,session_id=285
DEBUG 08-14 23:35:37 replica.py:226] add_request - replica_id=[4], request=285,self.replica_slo_budget-sum_pending_tokens==current_budget:True,1048576-436==1048140
INFO 08-14 23:35:37 shared.py:299] Adding task for request 282 to replica 4,session_id=282
DEBUG 08-14 23:35:37 replica.py:226] add_request - replica_id=[4], request=282,self.replica_slo_budget-sum_pending_tokens==current_budget:True,1048576-618==1047958
INFO 08-14 23:35:37 shared.py:299] Adding task for request 288 to replica 2,session_id=288
DEBUG 08-14 23:35:37 replica.py:226] add_request - replica_id=[2], request=288,self.replica_slo_budget-sum_pending_tokens==current_budget:True,1048576-476==1048100
INFO 08-14 23:35:37 open_ai.py:115] async_send_request:request._id=283,session=283,127.0.0.1:8000
INFO 08-14 23:35:37 open_ai.py:115] async_send_request:request._id=284,session=284,127.0.0.1:8001
INFO 08-14 23:35:37 open_ai.py:115] async_send_request:request._id=286,session=286,https://uu722127-b80a-4e3f9d5d.cqa1.seetacloud.com:8443
INFO 08-14 23:35:37 open_ai.py:115] async_send_request:request._id=285,session=285,https://u722127-8cb5-f6dc13db.nmb1.seetacloud.com:8443
INFO 08-14 23:35:37 open_ai.py:115] async_send_request:request._id=282,session=282,https://u722127-8cb5-f6dc13db.nmb1.seetacloud.com:8443
INFO 08-14 23:35:37 open_ai.py:115] async_send_request:request._id=288,session=288,https://u722127-b80a-4e3f9d5d.cqa1.seetacloud.com:8443
INFO 08-14 23:35:37 shared.py:299] Adding task for request 289 to replica 3,session_id=289
DEBUG 08-14 23:35:37 replica.py:226] add_request - replica_id=[3], request=289,self.replica_slo_budget-sum_pending_tokens==current_budget:True,1048576-2913==1045663
DEBUG 08-14 23:35:37 open_ai.py:335] async_send_request: request finish prefill, 255
INFO 08-14 23:35:37 open_ai.py:352] async_send_request: prefill completed: req=255,replica_id=4
DEBUG 08-14 23:35:37 replica.py:146] complete_request_prefill: replica_id=[4], request=255, current_budget=296,last_prefill_completed_at=30615745.910639673,last_ttft=0.8837
DEBUG 08-14 23:35:37 replica.py:153] complete_request_prefill - replica_id=[4], request=255,self.replica_slo_budget-sum_pending_tokens==current_budget:True,1048576-322==1048254
INFO 08-14 23:35:37 open_ai.py:115] async_send_request:request._id=289,session=289,https://uu722127-b80a-4e3f9d5d.cqa1.seetacloud.com:8443
DEBUG 08-14 23:35:37 open_ai.py:335] async_send_request: request finish prefill, 248
INFO 08-14 23:35:37 open_ai.py:352] async_send_request: prefill completed: req=248,replica_id=2
DEBUG 08-14 23:35:37 replica.py:146] complete_request_prefill: replica_id=[2], request=248, current_budget=86,last_prefill_completed_at=30615745.920444325,last_ttft=0.9
DEBUG 08-14 23:35:37 replica.py:153] complete_request_prefill - replica_id=[2], request=248,self.replica_slo_budget-sum_pending_tokens==current_budget:True,1048576-390==1048186
DEBUG 08-14 23:35:37 open_ai.py:335] async_send_request: request finish prefill, 256
INFO 08-14 23:35:37 open_ai.py:352] async_send_request: prefill completed: req=256,replica_id=1
DEBUG 08-14 23:35:37 replica.py:146] complete_request_prefill: replica_id=[1], request=256, current_budget=1062,last_prefill_completed_at=30615745.92367479,last_ttft=0.8963
DEBUG 08-14 23:35:37 replica.py:153] complete_request_prefill - replica_id=[1], request=256,self.replica_slo_budget-sum_pending_tokens==current_budget:True,1048576-821==1047755
DEBUG 08-14 23:35:37 metrics_store.py:131] update_metrics:request_id=246
DEBUG 08-14 23:35:37 metrics_store.py:131] update_metrics:request_id=141
DEBUG 08-14 23:35:37 metrics_store.py:131] update_metrics:request_id=235
DEBUG 08-14 23:35:37 shared.py:180] Removed task for request 246 on https://u722127-b80a-4e3f9d5d.cqa1.seetacloud.com:8443
DEBUG 08-14 23:35:37 shared.py:180] Removed task for request 141 on 127.0.0.1:8001
DEBUG 08-14 23:35:37 metrics_store.py:131] update_metrics:request_id=242
DEBUG 08-14 23:35:37 shared.py:180] Removed task for request 235 on https://uu722127-b80a-4e3f9d5d.cqa1.seetacloud.com:8443
DEBUG 08-14 23:35:37 metrics_store.py:131] update_metrics:request_id=153
DEBUG 08-14 23:35:37 metrics_store.py:131] update_metrics:request_id=207
DEBUG 08-14 23:35:37 shared.py:180] Removed task for request 242 on https://uu722127-b80a-4e3f9d5d.cqa1.seetacloud.com:8443
DEBUG 08-14 23:35:37 shared.py:180] Removed task for request 153 on https://u722127-b80a-4e3f9d5d.cqa1.seetacloud.com:8443
DEBUG 08-14 23:35:37 shared.py:180] Removed task for request 207 on https://u722127-8cb5-f6dc13db.nmb1.seetacloud.com:8443
DEBUG 08-14 23:35:37 open_ai.py:335] async_send_request: request finish prefill, 267
INFO 08-14 23:35:37 open_ai.py:352] async_send_request: prefill completed: req=267,replica_id=4
DEBUG 08-14 23:35:37 replica.py:146] complete_request_prefill: replica_id=[4], request=267, current_budget=34,last_prefill_completed_at=30615745.946791265,last_ttft=0.9079
DEBUG 08-14 23:35:37 replica.py:153] complete_request_prefill - replica_id=[4], request=267,self.replica_slo_budget-sum_pending_tokens==current_budget:True,1048576-288==1048288
DEBUG 08-14 23:35:37 open_ai.py:335] async_send_request: request finish prefill, 269
INFO 08-14 23:35:37 open_ai.py:352] async_send_request: prefill completed: req=269,replica_id=3
DEBUG 08-14 23:35:37 replica.py:146] complete_request_prefill: replica_id=[3], request=269, current_budget=151,last_prefill_completed_at=30615745.947641887,last_ttft=0.9065
DEBUG 08-14 23:35:37 replica.py:153] complete_request_prefill - replica_id=[3], request=269,self.replica_slo_budget-sum_pending_tokens==current_budget:True,1048576-2762==1045814
DEBUG 08-14 23:35:37 open_ai.py:335] async_send_request: request finish prefill, 260
INFO 08-14 23:35:37 open_ai.py:352] async_send_request: prefill completed: req=260,replica_id=1
DEBUG 08-14 23:35:37 replica.py:146] complete_request_prefill: replica_id=[1], request=260, current_budget=11,last_prefill_completed_at=30615745.950850613,last_ttft=0.9196
DEBUG 08-14 23:35:37 replica.py:153] complete_request_prefill - replica_id=[1], request=260,self.replica_slo_budget-sum_pending_tokens==current_budget:True,1048576-810==1047766
DEBUG 08-14 23:35:37 open_ai.py:335] async_send_request: request finish prefill, 264
INFO 08-14 23:35:37 open_ai.py:352] async_send_request: prefill completed: req=264,replica_id=1
DEBUG 08-14 23:35:37 replica.py:146] complete_request_prefill: replica_id=[1], request=264, current_budget=38,last_prefill_completed_at=30615745.951314066,last_ttft=0.9176
DEBUG 08-14 23:35:37 replica.py:153] complete_request_prefill - replica_id=[1], request=264,self.replica_slo_budget-sum_pending_tokens==current_budget:True,1048576-772==1047804
DEBUG 08-14 23:35:37 replica.py:171] complete_request_decode:num_saved_toekens=32
DEBUG 08-14 23:35:37 open_ai.py:452] good request:127.0.0.1:8001:good,request._id=176,input=579,output=35
DEBUG 08-14 23:35:37 open_ai.py:335] async_send_request: request finish prefill, 265
INFO 08-14 23:35:37 open_ai.py:352] async_send_request: prefill completed: req=265,replica_id=1
DEBUG 08-14 23:35:37 replica.py:146] complete_request_prefill: replica_id=[1], request=265, current_budget=278,last_prefill_completed_at=30615745.95289944,last_ttft=0.9166
DEBUG 08-14 23:35:37 replica.py:153] complete_request_prefill - replica_id=[1], request=265,self.replica_slo_budget-sum_pending_tokens==current_budget:True,1048576-494==1048082
INFO 08-14 23:35:37 shared.py:299] Adding task for request 290 to replica 4,session_id=290
DEBUG 08-14 23:35:37 replica.py:226] add_request - replica_id=[4], request=290,self.replica_slo_budget-sum_pending_tokens==current_budget:True,1048576-305==1048271
INFO 08-14 23:35:37 shared.py:299] Adding task for request 291 to replica 0,session_id=291
DEBUG 08-14 23:35:37 replica.py:226] add_request - replica_id=[0], request=291,self.replica_slo_budget-sum_pending_tokens==current_budget:True,1048576-11435==1037141
INFO 08-14 23:35:37 shared.py:299] Adding task for request 295 to replica 3,session_id=295
DEBUG 08-14 23:35:37 replica.py:226] add_request - replica_id=[3], request=295,self.replica_slo_budget-sum_pending_tokens==current_budget:True,1048576-2907==1045669
INFO 08-14 23:35:37 shared.py:299] Adding task for request 298 to replica 3,session_id=298
DEBUG 08-14 23:35:37 replica.py:226] add_request - replica_id=[3], request=298,self.replica_slo_budget-sum_pending_tokens==current_budget:True,1048576-3017==1045559
INFO 08-14 23:35:37 shared.py:299] Adding task for request 299 to replica 0,session_id=299
DEBUG 08-14 23:35:37 replica.py:226] add_request - replica_id=[0], request=299,self.replica_slo_budget-sum_pending_tokens==current_budget:True,1048576-11487==1037089
INFO 08-14 23:35:37 open_ai.py:115] async_send_request:request._id=290,session=290,https://u722127-8cb5-f6dc13db.nmb1.seetacloud.com:8443
INFO 08-14 23:35:37 open_ai.py:115] async_send_request:request._id=291,session=291,127.0.0.1:8000
INFO 08-14 23:35:37 open_ai.py:115] async_send_request:request._id=295,session=295,https://uu722127-b80a-4e3f9d5d.cqa1.seetacloud.com:8443
INFO 08-14 23:35:37 open_ai.py:115] async_send_request:request._id=298,session=298,https://uu722127-b80a-4e3f9d5d.cqa1.seetacloud.com:8443
INFO 08-14 23:35:37 open_ai.py:115] async_send_request:request._id=299,session=299,127.0.0.1:8000
DEBUG 08-14 23:35:37 replica.py:171] complete_request_decode:num_saved_toekens=16
DEBUG 08-14 23:35:37 open_ai.py:335] async_send_request: request finish prefill, 261
INFO 08-14 23:35:37 open_ai.py:352] async_send_request: prefill completed: req=261,replica_id=3
DEBUG 08-14 23:35:37 replica.py:146] complete_request_prefill: replica_id=[3], request=261, current_budget=31,last_prefill_completed_at=30615745.991112225,last_ttft=0.9592
DEBUG 08-14 23:35:37 replica.py:153] complete_request_prefill - replica_id=[3], request=261,self.replica_slo_budget-sum_pending_tokens==current_budget:True,1048576-2986==1045590
INFO 08-14 23:35:37 shared.py:299] Adding task for request 292 to replica 1,session_id=292
DEBUG 08-14 23:35:37 replica.py:226] add_request - replica_id=[1], request=292,self.replica_slo_budget-sum_pending_tokens==current_budget:True,1048576-566==1048010
INFO 08-14 23:35:37 shared.py:299] Adding task for request 296 to replica 1,session_id=296
DEBUG 08-14 23:35:37 replica.py:226] add_request - replica_id=[1], request=296,self.replica_slo_budget-sum_pending_tokens==current_budget:True,1048576-704==1047872
INFO 08-14 23:35:37 shared.py:299] Adding task for request 297 to replica 2,session_id=297
DEBUG 08-14 23:35:37 replica.py:226] add_request - replica_id=[2], request=297,self.replica_slo_budget-sum_pending_tokens==current_budget:True,1048576-422==1048154
INFO 08-14 23:35:37 shared.py:299] Adding task for request 293 to replica 3,session_id=293
DEBUG 08-14 23:35:37 replica.py:226] add_request - replica_id=[3], request=293,self.replica_slo_budget-sum_pending_tokens==current_budget:True,1048576-3031==1045545
INFO 08-14 23:35:37 shared.py:299] Adding task for request 294 to replica 3,session_id=294
DEBUG 08-14 23:35:37 replica.py:226] add_request - replica_id=[3], request=294,self.replica_slo_budget-sum_pending_tokens==current_budget:True,1048576-3768==1044808
INFO 08-14 23:35:37 open_ai.py:115] async_send_request:request._id=292,session=292,127.0.0.1:8001
INFO 08-14 23:35:37 open_ai.py:115] async_send_request:request._id=296,session=296,127.0.0.1:8001
INFO 08-14 23:35:37 open_ai.py:115] async_send_request:request._id=297,session=297,https://u722127-b80a-4e3f9d5d.cqa1.seetacloud.com:8443
INFO 08-14 23:35:37 open_ai.py:115] async_send_request:request._id=293,session=293,https://uu722127-b80a-4e3f9d5d.cqa1.seetacloud.com:8443
INFO 08-14 23:35:37 open_ai.py:115] async_send_request:request._id=294,session=294,https://uu722127-b80a-4e3f9d5d.cqa1.seetacloud.com:8443
DEBUG 08-14 23:35:37 replica.py:171] complete_request_decode:num_saved_toekens=0
DEBUG 08-14 23:35:37 open_ai.py:335] async_send_request: request finish prefill, 268
INFO 08-14 23:35:37 open_ai.py:352] async_send_request: prefill completed: req=268,replica_id=2
DEBUG 08-14 23:35:37 replica.py:146] complete_request_prefill: replica_id=[2], request=268, current_budget=126,last_prefill_completed_at=30615745.999229945,last_ttft=0.9582
DEBUG 08-14 23:35:37 replica.py:153] complete_request_prefill - replica_id=[2], request=268,self.replica_slo_budget-sum_pending_tokens==current_budget:True,1048576-296==1048280
DEBUG 08-14 23:35:37 open_ai.py:335] async_send_request: request finish prefill, 276
INFO 08-14 23:35:37 open_ai.py:352] async_send_request: prefill completed: req=276,replica_id=1
DEBUG 08-14 23:35:37 replica.py:146] complete_request_prefill: replica_id=[1], request=276, current_budget=481,last_prefill_completed_at=30615746.000819597,last_ttft=0.9568
DEBUG 08-14 23:35:37 replica.py:153] complete_request_prefill - replica_id=[1], request=276,self.replica_slo_budget-sum_pending_tokens==current_budget:True,1048576-223==1048353
DEBUG 08-14 23:35:37 open_ai.py:452] good request:https://u722127-b80a-4e3f9d5d.cqa1.seetacloud.com:8443:good,request._id=231,input=40,output=7
DEBUG 08-14 23:35:37 open_ai.py:335] async_send_request: request finish prefill, 270
INFO 08-14 23:35:37 open_ai.py:352] async_send_request: prefill completed: req=270,replica_id=4
DEBUG 08-14 23:35:37 replica.py:146] complete_request_prefill: replica_id=[4], request=270, current_budget=89,last_prefill_completed_at=30615746.002435185,last_ttft=0.9611
DEBUG 08-14 23:35:37 replica.py:153] complete_request_prefill - replica_id=[4], request=270,self.replica_slo_budget-sum_pending_tokens==current_budget:True,1048576-216==1048360
DEBUG 08-14 23:35:37 open_ai.py:452] good request:https://u722127-b80a-4e3f9d5d.cqa1.seetacloud.com:8443:good,request._id=220,input=129,output=7
DEBUG 08-14 23:35:37 metrics_store.py:131] update_metrics:request_id=176
DEBUG 08-14 23:35:37 replica.py:171] complete_request_decode:num_saved_toekens=48
DEBUG 08-14 23:35:37 shared.py:180] Removed task for request 176 on 127.0.0.1:8001
DEBUG 08-14 23:35:37 open_ai.py:335] async_send_request: request finish prefill, 257
INFO 08-14 23:35:37 open_ai.py:352] async_send_request: prefill completed: req=257,replica_id=2
DEBUG 08-14 23:35:37 replica.py:146] complete_request_prefill: replica_id=[2], request=257, current_budget=25,last_prefill_completed_at=30615746.025853775,last_ttft=0.9982
DEBUG 08-14 23:35:37 replica.py:153] complete_request_prefill - replica_id=[2], request=257,self.replica_slo_budget-sum_pending_tokens==current_budget:True,1048576-271==1048305
DEBUG 08-14 23:35:37 replica.py:171] complete_request_decode:num_saved_toekens=0
DEBUG 08-14 23:35:37 open_ai.py:452] good request:https://uu722127-b80a-4e3f9d5d.cqa1.seetacloud.com:8443:good,request._id=229,input=9,output=10
DEBUG 08-14 23:35:37 open_ai.py:452] good request:127.0.0.1:8001:good,request._id=124,input=67,output=52
DEBUG 08-14 23:35:37 open_ai.py:335] async_send_request: request finish prefill, 272
INFO 08-14 23:35:37 open_ai.py:352] async_send_request: prefill completed: req=272,replica_id=2
DEBUG 08-14 23:35:37 replica.py:146] complete_request_prefill: replica_id=[2], request=272, current_budget=38,last_prefill_completed_at=30615746.045182213,last_ttft=1.003
DEBUG 08-14 23:35:37 replica.py:153] complete_request_prefill - replica_id=[2], request=272,self.replica_slo_budget-sum_pending_tokens==current_budget:True,1048576-233==1048343
DEBUG 08-14 23:35:37 open_ai.py:335] async_send_request: request finish prefill, 259
INFO 08-14 23:35:37 open_ai.py:352] async_send_request: prefill completed: req=259,replica_id=2
DEBUG 08-14 23:35:37 replica.py:146] complete_request_prefill: replica_id=[2], request=259, current_budget=9,last_prefill_completed_at=30615746.047737032,last_ttft=1.0186
DEBUG 08-14 23:35:37 replica.py:153] complete_request_prefill - replica_id=[2], request=259,self.replica_slo_budget-sum_pending_tokens==current_budget:True,1048576-224==1048352
DEBUG 08-14 23:35:37 open_ai.py:335] async_send_request: request finish prefill, 271
INFO 08-14 23:35:37 open_ai.py:352] async_send_request: prefill completed: req=271,replica_id=2
DEBUG 08-14 23:35:37 replica.py:146] complete_request_prefill: replica_id=[2], request=271, current_budget=130,last_prefill_completed_at=30615746.048142742,last_ttft=1.0065
DEBUG 08-14 23:35:37 replica.py:153] complete_request_prefill - replica_id=[2], request=271,self.replica_slo_budget-sum_pending_tokens==current_budget:True,1048576-94==1048482
INFO 08-14 23:35:37 shared.py:299] Adding task for request 300 to replica 1,session_id=300
DEBUG 08-14 23:35:37 replica.py:226] add_request - replica_id=[1], request=300,self.replica_slo_budget-sum_pending_tokens==current_budget:True,1048576-256==1048320
INFO 08-14 23:35:37 shared.py:299] Adding task for request 301 to replica 4,session_id=301
DEBUG 08-14 23:35:37 replica.py:226] add_request - replica_id=[4], request=301,self.replica_slo_budget-sum_pending_tokens==current_budget:True,1048576-916==1047660
INFO 08-14 23:35:37 shared.py:299] Adding task for request 304 to replica 1,session_id=304
DEBUG 08-14 23:35:37 replica.py:226] add_request - replica_id=[1], request=304,self.replica_slo_budget-sum_pending_tokens==current_budget:True,1048576-280==1048296
INFO 08-14 23:35:37 shared.py:299] Adding task for request 306 to replica 0,session_id=306
DEBUG 08-14 23:35:37 replica.py:226] add_request - replica_id=[0], request=306,self.replica_slo_budget-sum_pending_tokens==current_budget:True,1048576-17255==1031321
INFO 08-14 23:35:37 shared.py:299] Adding task for request 308 to replica 1,session_id=308
DEBUG 08-14 23:35:37 replica.py:226] add_request - replica_id=[1], request=308,self.replica_slo_budget-sum_pending_tokens==current_budget:True,1048576-313==1048263
INFO 08-14 23:35:37 open_ai.py:115] async_send_request:request._id=300,session=300,127.0.0.1:8001
INFO 08-14 23:35:37 open_ai.py:115] async_send_request:request._id=301,session=301,https://u722127-8cb5-f6dc13db.nmb1.seetacloud.com:8443
INFO 08-14 23:35:37 open_ai.py:115] async_send_request:request._id=304,session=304,127.0.0.1:8001
INFO 08-14 23:35:37 open_ai.py:115] async_send_request:request._id=306,session=306,127.0.0.1:8000
INFO 08-14 23:35:37 open_ai.py:115] async_send_request:request._id=308,session=308,127.0.0.1:8001
INFO 08-14 23:35:37 shared.py:299] Adding task for request 305 to replica 2,session_id=305
DEBUG 08-14 23:35:37 replica.py:226] add_request - replica_id=[2], request=305,self.replica_slo_budget-sum_pending_tokens==current_budget:True,1048576-193==1048383
INFO 08-14 23:35:37 shared.py:299] Adding task for request 303 to replica 3,session_id=303
DEBUG 08-14 23:35:37 replica.py:226] add_request - replica_id=[3], request=303,self.replica_slo_budget-sum_pending_tokens==current_budget:True,1048576-3804==1044772
INFO 08-14 23:35:37 shared.py:299] Adding task for request 302 to replica 4,session_id=302
DEBUG 08-14 23:35:37 replica.py:226] add_request - replica_id=[4], request=302,self.replica_slo_budget-sum_pending_tokens==current_budget:True,1048576-930==1047646
INFO 08-14 23:35:37 open_ai.py:115] async_send_request:request._id=305,session=305,https://u722127-b80a-4e3f9d5d.cqa1.seetacloud.com:8443
INFO 08-14 23:35:37 open_ai.py:115] async_send_request:request._id=303,session=303,https://uu722127-b80a-4e3f9d5d.cqa1.seetacloud.com:8443
INFO 08-14 23:35:37 open_ai.py:115] async_send_request:request._id=302,session=302,https://u722127-8cb5-f6dc13db.nmb1.seetacloud.com:8443
INFO 08-14 23:35:37 shared.py:299] Adding task for request 309 to replica 1,session_id=309
DEBUG 08-14 23:35:37 replica.py:226] add_request - replica_id=[1], request=309,self.replica_slo_budget-sum_pending_tokens==current_budget:True,1048576-385==1048191
DEBUG 08-14 23:35:37 open_ai.py:335] async_send_request: request finish prefill, 284
INFO 08-14 23:35:37 open_ai.py:352] async_send_request: prefill completed: req=284,replica_id=1
DEBUG 08-14 23:35:37 replica.py:146] complete_request_prefill: replica_id=[1], request=284, current_budget=13,last_prefill_completed_at=30615746.07961862,last_ttft=1.0306
DEBUG 08-14 23:35:37 replica.py:153] complete_request_prefill - replica_id=[1], request=284,self.replica_slo_budget-sum_pending_tokens==current_budget:True,1048576-372==1048204
INFO 08-14 23:35:37 open_ai.py:115] async_send_request:request._id=309,session=309,127.0.0.1:8001
DEBUG 08-14 23:35:37 open_ai.py:452] good request:127.0.0.1:8001:good,request._id=200,input=42,output=21
DEBUG 08-14 23:35:37 open_ai.py:335] async_send_request: request finish prefill, 288
INFO 08-14 23:35:37 open_ai.py:352] async_send_request: prefill completed: req=288,replica_id=2
DEBUG 08-14 23:35:37 replica.py:146] complete_request_prefill: replica_id=[2], request=288, current_budget=23,last_prefill_completed_at=30615746.104823854,last_ttft=1.049
DEBUG 08-14 23:35:37 replica.py:153] complete_request_prefill - replica_id=[2], request=288,self.replica_slo_budget-sum_pending_tokens==current_budget:True,1048576-170==1048406
DEBUG 08-14 23:35:37 replica.py:171] complete_request_decode:num_saved_toekens=16
DEBUG 08-14 23:35:37 open_ai.py:452] good request:https://u722127-b80a-4e3f9d5d.cqa1.seetacloud.com:8443:good,request._id=223,input=519,output=17
DEBUG 08-14 23:35:37 metrics_store.py:131] update_metrics:request_id=231
DEBUG 08-14 23:35:37 metrics_store.py:131] update_metrics:request_id=220
DEBUG 08-14 23:35:37 metrics_store.py:131] update_metrics:request_id=229
DEBUG 08-14 23:35:37 shared.py:180] Removed task for request 231 on https://u722127-b80a-4e3f9d5d.cqa1.seetacloud.com:8443
DEBUG 08-14 23:35:37 metrics_store.py:131] update_metrics:request_id=124
DEBUG 08-14 23:35:37 shared.py:180] Removed task for request 220 on https://u722127-b80a-4e3f9d5d.cqa1.seetacloud.com:8443
DEBUG 08-14 23:35:37 shared.py:180] Removed task for request 229 on https://uu722127-b80a-4e3f9d5d.cqa1.seetacloud.com:8443
DEBUG 08-14 23:35:37 shared.py:180] Removed task for request 124 on 127.0.0.1:8001
DEBUG 08-14 23:35:37 replica.py:171] complete_request_decode:num_saved_toekens=16
DEBUG 08-14 23:35:37 open_ai.py:452] good request:https://uu722127-b80a-4e3f9d5d.cqa1.seetacloud.com:8443:good,request._id=258,input=9,output=10
DEBUG 08-14 23:35:37 open_ai.py:335] async_send_request: request finish prefill, 273
INFO 08-14 23:35:37 open_ai.py:352] async_send_request: prefill completed: req=273,replica_id=3
DEBUG 08-14 23:35:37 replica.py:146] complete_request_prefill: replica_id=[3], request=273, current_budget=2325,last_prefill_completed_at=30615746.128327,last_ttft=1.0853
DEBUG 08-14 23:35:37 replica.py:153] complete_request_prefill - replica_id=[3], request=273,self.replica_slo_budget-sum_pending_tokens==current_budget:True,1048576-1479==1047097
DEBUG 08-14 23:35:37 open_ai.py:335] async_send_request: request finish prefill, 266
INFO 08-14 23:35:37 open_ai.py:352] async_send_request: prefill completed: req=266,replica_id=3
DEBUG 08-14 23:35:37 replica.py:146] complete_request_prefill: replica_id=[3], request=266, current_budget=27,last_prefill_completed_at=30615746.128912203,last_ttft=1.0908
DEBUG 08-14 23:35:37 replica.py:153] complete_request_prefill - replica_id=[3], request=266,self.replica_slo_budget-sum_pending_tokens==current_budget:True,1048576-1452==1047124
DEBUG 08-14 23:35:37 replica.py:171] complete_request_decode:num_saved_toekens=32
DEBUG 08-14 23:35:37 open_ai.py:335] async_send_request: request finish prefill, 263
INFO 08-14 23:35:37 open_ai.py:352] async_send_request: prefill completed: req=263,replica_id=3
DEBUG 08-14 23:35:37 replica.py:146] complete_request_prefill: replica_id=[3], request=263, current_budget=166,last_prefill_completed_at=30615746.132914737,last_ttft=1.1004
DEBUG 08-14 23:35:37 replica.py:153] complete_request_prefill - replica_id=[3], request=263,self.replica_slo_budget-sum_pending_tokens==current_budget:True,1048576-1286==1047290
INFO 08-14 23:35:37 shared.py:299] Adding task for request 310 to replica 2,session_id=310
DEBUG 08-14 23:35:37 replica.py:226] add_request - replica_id=[2], request=310,self.replica_slo_budget-sum_pending_tokens==current_budget:True,1048576-267==1048309
INFO 08-14 23:35:37 shared.py:299] Adding task for request 307 to replica 2,session_id=307
DEBUG 08-14 23:35:37 replica.py:226] add_request - replica_id=[2], request=307,self.replica_slo_budget-sum_pending_tokens==current_budget:True,1048576-434==1048142
INFO 08-14 23:35:37 shared.py:299] Adding task for request 311 to replica 3,session_id=311
DEBUG 08-14 23:35:37 replica.py:226] add_request - replica_id=[3], request=311,self.replica_slo_budget-sum_pending_tokens==current_budget:True,1048576-1335==1047241
INFO 08-14 23:35:37 shared.py:299] Adding task for request 317 to replica 4,session_id=317
DEBUG 08-14 23:35:37 replica.py:226] add_request - replica_id=[4], request=317,self.replica_slo_budget-sum_pending_tokens==current_budget:True,1048576-949==1047627
INFO 08-14 23:35:37 shared.py:299] Adding task for request 318 to replica 3,session_id=318
DEBUG 08-14 23:35:37 replica.py:226] add_request - replica_id=[3], request=318,self.replica_slo_budget-sum_pending_tokens==current_budget:True,1048576-1427==1047149
INFO 08-14 23:35:38 open_ai.py:115] async_send_request:request._id=310,session=310,https://u722127-b80a-4e3f9d5d.cqa1.seetacloud.com:8443
INFO 08-14 23:35:38 open_ai.py:115] async_send_request:request._id=307,session=307,https://u722127-b80a-4e3f9d5d.cqa1.seetacloud.com:8443
INFO 08-14 23:35:38 open_ai.py:115] async_send_request:request._id=311,session=311,https://uu722127-b80a-4e3f9d5d.cqa1.seetacloud.com:8443
INFO 08-14 23:35:38 open_ai.py:115] async_send_request:request._id=317,session=317,https://u722127-8cb5-f6dc13db.nmb1.seetacloud.com:8443
INFO 08-14 23:35:38 open_ai.py:115] async_send_request:request._id=318,session=318,https://uu722127-b80a-4e3f9d5d.cqa1.seetacloud.com:8443
DEBUG 08-14 23:35:38 open_ai.py:452] good request:https://uu722127-b80a-4e3f9d5d.cqa1.seetacloud.com:8443:good,request._id=164,input=405,output=36
INFO 08-14 23:35:38 shared.py:299] Adding task for request 312 to replica 1,session_id=312
DEBUG 08-14 23:35:38 replica.py:226] add_request - replica_id=[1], request=312,self.replica_slo_budget-sum_pending_tokens==current_budget:True,1048576-490==1048086
INFO 08-14 23:35:38 shared.py:299] Adding task for request 316 to replica 1,session_id=316
DEBUG 08-14 23:35:38 replica.py:226] add_request - replica_id=[1], request=316,self.replica_slo_budget-sum_pending_tokens==current_budget:True,1048576-537==1048039
INFO 08-14 23:35:38 shared.py:299] Adding task for request 315 to replica 2,session_id=315
DEBUG 08-14 23:35:38 replica.py:226] add_request - replica_id=[2], request=315,self.replica_slo_budget-sum_pending_tokens==current_budget:True,1048576-783==1047793
INFO 08-14 23:35:38 shared.py:299] Adding task for request 313 to replica 3,session_id=313
DEBUG 08-14 23:35:38 replica.py:226] add_request - replica_id=[3], request=313,self.replica_slo_budget-sum_pending_tokens==current_budget:True,1048576-1474==1047102
INFO 08-14 23:35:38 open_ai.py:115] async_send_request:request._id=312,session=312,127.0.0.1:8001
INFO 08-14 23:35:38 open_ai.py:115] async_send_request:request._id=316,session=316,127.0.0.1:8001
INFO 08-14 23:35:38 open_ai.py:115] async_send_request:request._id=315,session=315,https://u722127-b80a-4e3f9d5d.cqa1.seetacloud.com:8443
INFO 08-14 23:35:38 open_ai.py:115] async_send_request:request._id=313,session=313,https://uu722127-b80a-4e3f9d5d.cqa1.seetacloud.com:8443
DEBUG 08-14 23:35:38 replica.py:171] complete_request_decode:num_saved_toekens=16
DEBUG 08-14 23:35:38 open_ai.py:452] good request:https://uu722127-b80a-4e3f9d5d.cqa1.seetacloud.com:8443:good,request._id=214,input=402,output=18
INFO 08-14 23:35:38 shared.py:299] Adding task for request 319 to replica 3,session_id=319
DEBUG 08-14 23:35:38 replica.py:226] add_request - replica_id=[3], request=319,self.replica_slo_budget-sum_pending_tokens==current_budget:True,1048576-1561==1047015
DEBUG 08-14 23:35:38 replica.py:171] complete_request_decode:num_saved_toekens=96
DEBUG 08-14 23:35:38 open_ai.py:452] good request:https://u722127-8cb5-f6dc13db.nmb1.seetacloud.com:8443:good,request._id=61,input=459,output=94
INFO 08-14 23:35:38 open_ai.py:115] async_send_request:request._id=319,session=319,https://uu722127-b80a-4e3f9d5d.cqa1.seetacloud.com:8443
DEBUG 08-14 23:35:38 replica.py:171] complete_request_decode:num_saved_toekens=48
DEBUG 08-14 23:35:38 open_ai.py:452] good request:https://u722127-8cb5-f6dc13db.nmb1.seetacloud.com:8443:good,request._id=135,input=23,output=41
DEBUG 08-14 23:35:38 replica.py:171] complete_request_decode:num_saved_toekens=16
DEBUG 08-14 23:35:38 open_ai.py:452] good request:https://u722127-8cb5-f6dc13db.nmb1.seetacloud.com:8443:good,request._id=217,input=18,output=17
DEBUG 08-14 23:35:38 open_ai.py:335] async_send_request: request finish prefill, 277
INFO 08-14 23:35:38 open_ai.py:352] async_send_request: prefill completed: req=277,replica_id=3
DEBUG 08-14 23:35:38 replica.py:146] complete_request_prefill: replica_id=[3], request=277, current_budget=9,last_prefill_completed_at=30615746.182599053,last_ttft=1.1384
DEBUG 08-14 23:35:38 replica.py:153] complete_request_prefill - replica_id=[3], request=277,self.replica_slo_budget-sum_pending_tokens==current_budget:True,1048576-1552==1047024
DEBUG 08-14 23:35:38 replica.py:171] complete_request_decode:num_saved_toekens=48
DEBUG 08-14 23:35:38 open_ai.py:452] good request:https://u722127-8cb5-f6dc13db.nmb1.seetacloud.com:8443:good,request._id=167,input=15,output=34
DEBUG 08-14 23:35:38 open_ai.py:335] async_send_request: request finish prefill, 279
INFO 08-14 23:35:38 open_ai.py:352] async_send_request: prefill completed: req=279,replica_id=3
DEBUG 08-14 23:35:38 replica.py:146] complete_request_prefill: replica_id=[3], request=279, current_budget=51,last_prefill_completed_at=30615746.186303295,last_ttft=1.1393
DEBUG 08-14 23:35:38 replica.py:153] complete_request_prefill - replica_id=[3], request=279,self.replica_slo_budget-sum_pending_tokens==current_budget:True,1048576-1501==1047075
DEBUG 08-14 23:35:38 open_ai.py:335] async_send_request: request finish prefill, 280
INFO 08-14 23:35:38 open_ai.py:352] async_send_request: prefill completed: req=280,replica_id=2
DEBUG 08-14 23:35:38 replica.py:146] complete_request_prefill: replica_id=[2], request=280, current_budget=39,last_prefill_completed_at=30615746.187689297,last_ttft=1.1403
DEBUG 08-14 23:35:38 replica.py:153] complete_request_prefill - replica_id=[2], request=280,self.replica_slo_budget-sum_pending_tokens==current_budget:True,1048576-744==1047832
DEBUG 08-14 23:35:38 replica.py:171] complete_request_decode:num_saved_toekens=16
DEBUG 08-14 23:35:38 open_ai.py:335] async_send_request: request finish prefill, 296
INFO 08-14 23:35:38 open_ai.py:352] async_send_request: prefill completed: req=296,replica_id=1
DEBUG 08-14 23:35:38 replica.py:146] complete_request_prefill: replica_id=[1], request=296, current_budget=138,last_prefill_completed_at=30615746.190344017,last_ttft=1.1293
DEBUG 08-14 23:35:38 replica.py:153] complete_request_prefill - replica_id=[1], request=296,self.replica_slo_budget-sum_pending_tokens==current_budget:True,1048576-399==1048177
DEBUG 08-14 23:35:38 open_ai.py:335] async_send_request: request finish prefill, 292
INFO 08-14 23:35:38 open_ai.py:352] async_send_request: prefill completed: req=292,replica_id=1
DEBUG 08-14 23:35:38 replica.py:146] complete_request_prefill: replica_id=[1], request=292, current_budget=72,last_prefill_completed_at=30615746.191105954,last_ttft=1.1328
DEBUG 08-14 23:35:38 replica.py:153] complete_request_prefill - replica_id=[1], request=292,self.replica_slo_budget-sum_pending_tokens==current_budget:True,1048576-327==1048249
DEBUG 08-14 23:35:38 metrics_store.py:131] update_metrics:request_id=200
DEBUG 08-14 23:35:38 metrics_store.py:131] update_metrics:request_id=223
DEBUG 08-14 23:35:38 metrics_store.py:131] update_metrics:request_id=258
DEBUG 08-14 23:35:38 shared.py:180] Removed task for request 200 on 127.0.0.1:8001
DEBUG 08-14 23:35:38 shared.py:180] Removed task for request 223 on https://u722127-b80a-4e3f9d5d.cqa1.seetacloud.com:8443
DEBUG 08-14 23:35:38 shared.py:180] Removed task for request 258 on https://uu722127-b80a-4e3f9d5d.cqa1.seetacloud.com:8443
DEBUG 08-14 23:35:38 replica.py:171] complete_request_decode:num_saved_toekens=0
DEBUG 08-14 23:35:38 open_ai.py:452] good request:https://u722127-b80a-4e3f9d5d.cqa1.seetacloud.com:8443:good,request._id=272,input=38,output=8
DEBUG 08-14 23:35:38 open_ai.py:335] async_send_request: request finish prefill, 282
INFO 08-14 23:35:38 open_ai.py:352] async_send_request: prefill completed: req=282,replica_id=4
DEBUG 08-14 23:35:38 replica.py:146] complete_request_prefill: replica_id=[4], request=282, current_budget=182,last_prefill_completed_at=30615746.2144279,last_ttft=1.1663
DEBUG 08-14 23:35:38 replica.py:153] complete_request_prefill - replica_id=[4], request=282,self.replica_slo_budget-sum_pending_tokens==current_budget:True,1048576-767==1047809
DEBUG 08-14 23:35:38 open_ai.py:335] async_send_request: request finish prefill, 285
INFO 08-14 23:35:38 open_ai.py:352] async_send_request: prefill completed: req=285,replica_id=4
DEBUG 08-14 23:35:38 replica.py:146] complete_request_prefill: replica_id=[4], request=285, current_budget=17,last_prefill_completed_at=30615746.214770127,last_ttft=1.1654
DEBUG 08-14 23:35:38 replica.py:153] complete_request_prefill - replica_id=[4], request=285,self.replica_slo_budget-sum_pending_tokens==current_budget:True,1048576-750==1047826
DEBUG 08-14 23:35:38 open_ai.py:452] good request:127.0.0.1:8001:good,request._id=232,input=23,output=20
DEBUG 08-14 23:35:38 open_ai.py:335] async_send_request: request finish prefill, 290
INFO 08-14 23:35:38 open_ai.py:352] async_send_request: prefill completed: req=290,replica_id=4
DEBUG 08-14 23:35:38 replica.py:146] complete_request_prefill: replica_id=[4], request=290, current_budget=17,last_prefill_completed_at=30615746.215485,last_ttft=1.1594
DEBUG 08-14 23:35:38 replica.py:153] complete_request_prefill - replica_id=[4], request=290,self.replica_slo_budget-sum_pending_tokens==current_budget:True,1048576-733==1047843
DEBUG 08-14 23:35:38 replica.py:171] complete_request_decode:num_saved_toekens=144
DEBUG 08-14 23:35:38 open_ai.py:452] good request:https://uu722127-b80a-4e3f9d5d.cqa1.seetacloud.com:8443:good,request._id=39,input=156,output=143
DEBUG 08-14 23:35:38 open_ai.py:335] async_send_request: request finish prefill, 295
INFO 08-14 23:35:38 open_ai.py:352] async_send_request: prefill completed: req=295,replica_id=3
DEBUG 08-14 23:35:38 replica.py:146] complete_request_prefill: replica_id=[3], request=295, current_budget=145,last_prefill_completed_at=30615746.218765307,last_ttft=1.1592
DEBUG 08-14 23:35:38 replica.py:153] complete_request_prefill - replica_id=[3], request=295,self.replica_slo_budget-sum_pending_tokens==current_budget:True,1048576-1356==1047220
DEBUG 08-14 23:35:38 open_ai.py:335] async_send_request: request finish prefill, 286
INFO 08-14 23:35:38 open_ai.py:352] async_send_request: prefill completed: req=286,replica_id=3
DEBUG 08-14 23:35:38 replica.py:146] complete_request_prefill: replica_id=[3], request=286, current_budget=41,last_prefill_completed_at=30615746.228227496,last_ttft=1.1771
DEBUG 08-14 23:35:38 replica.py:153] complete_request_prefill - replica_id=[3], request=286,self.replica_slo_budget-sum_pending_tokens==current_budget:True,1048576-1315==1047261
INFO 08-14 23:35:38 shared.py:299] Adding task for request 320 to replica 1,session_id=320
DEBUG 08-14 23:35:38 replica.py:226] add_request - replica_id=[1], request=320,self.replica_slo_budget-sum_pending_tokens==current_budget:True,1048576-347==1048229
INFO 08-14 23:35:38 shared.py:299] Adding task for request 323 to replica 0,session_id=323
DEBUG 08-14 23:35:38 replica.py:226] add_request - replica_id=[0], request=323,self.replica_slo_budget-sum_pending_tokens==current_budget:True,1048576-17288==1031288
INFO 08-14 23:35:38 shared.py:299] Adding task for request 325 to replica 2,session_id=325
DEBUG 08-14 23:35:38 replica.py:226] add_request - replica_id=[2], request=325,self.replica_slo_budget-sum_pending_tokens==current_budget:True,1048576-855==1047721
DEBUG 08-14 23:35:38 open_ai.py:335] async_send_request: request finish prefill, 289
INFO 08-14 23:35:38 open_ai.py:352] async_send_request: prefill completed: req=289,replica_id=3
DEBUG 08-14 23:35:38 replica.py:146] complete_request_prefill: replica_id=[3], request=289, current_budget=37,last_prefill_completed_at=30615746.24208674,last_ttft=1.1862
DEBUG 08-14 23:35:38 replica.py:153] complete_request_prefill - replica_id=[3], request=289,self.replica_slo_budget-sum_pending_tokens==current_budget:True,1048576-1278==1047298
DEBUG 08-14 23:35:38 replica.py:171] complete_request_decode:num_saved_toekens=16
DEBUG 08-14 23:35:38 open_ai.py:452] good request:https://uu722127-b80a-4e3f9d5d.cqa1.seetacloud.com:8443:good,request._id=247,input=50,output=19
DEBUG 08-14 23:35:38 open_ai.py:335] async_send_request: request finish prefill, 281
INFO 08-14 23:35:38 open_ai.py:352] async_send_request: prefill completed: req=281,replica_id=3
DEBUG 08-14 23:35:38 replica.py:146] complete_request_prefill: replica_id=[3], request=281, current_budget=75,last_prefill_completed_at=30615746.245950032,last_ttft=1.198
DEBUG 08-14 23:35:38 replica.py:153] complete_request_prefill - replica_id=[3], request=281,self.replica_slo_budget-sum_pending_tokens==current_budget:True,1048576-1203==1047373
INFO 08-14 23:35:38 shared.py:299] Adding task for request 322 to replica 0,session_id=322
DEBUG 08-14 23:35:38 replica.py:226] add_request - replica_id=[0], request=322,self.replica_slo_budget-sum_pending_tokens==current_budget:True,1048576-17297==1031279
INFO 08-14 23:35:38 shared.py:299] Adding task for request 321 to replica 2,session_id=321
DEBUG 08-14 23:35:38 replica.py:226] add_request - replica_id=[2], request=321,self.replica_slo_budget-sum_pending_tokens==current_budget:True,1048576-891==1047685
INFO 08-14 23:35:38 open_ai.py:115] async_send_request:request._id=320,session=320,127.0.0.1:8001
INFO 08-14 23:35:38 open_ai.py:115] async_send_request:request._id=323,session=323,127.0.0.1:8000
INFO 08-14 23:35:38 open_ai.py:115] async_send_request:request._id=325,session=325,https://u722127-b80a-4e3f9d5d.cqa1.seetacloud.com:8443
INFO 08-14 23:35:38 open_ai.py:115] async_send_request:request._id=322,session=322,127.0.0.1:8000
INFO 08-14 23:35:38 open_ai.py:115] async_send_request:request._id=321,session=321,https://u722127-b80a-4e3f9d5d.cqa1.seetacloud.com:8443
INFO 08-14 23:35:38 shared.py:299] Adding task for request 324 to replica 1,session_id=324
DEBUG 08-14 23:35:38 replica.py:226] add_request - replica_id=[1], request=324,self.replica_slo_budget-sum_pending_tokens==current_budget:True,1048576-552==1048024
INFO 08-14 23:35:38 shared.py:299] Adding task for request 326 to replica 2,session_id=326
DEBUG 08-14 23:35:38 replica.py:226] add_request - replica_id=[2], request=326,self.replica_slo_budget-sum_pending_tokens==current_budget:True,1048576-902==1047674
INFO 08-14 23:35:38 shared.py:299] Adding task for request 327 to replica 3,session_id=327
DEBUG 08-14 23:35:38 replica.py:226] add_request - replica_id=[3], request=327,self.replica_slo_budget-sum_pending_tokens==current_budget:True,1048576-1229==1047347
INFO 08-14 23:35:38 open_ai.py:115] async_send_request:request._id=324,session=324,127.0.0.1:8001
INFO 08-14 23:35:38 open_ai.py:115] async_send_request:request._id=326,session=326,https://u722127-b80a-4e3f9d5d.cqa1.seetacloud.com:8443
INFO 08-14 23:35:38 open_ai.py:115] async_send_request:request._id=327,session=327,https://uu722127-b80a-4e3f9d5d.cqa1.seetacloud.com:8443
INFO 08-14 23:35:38 shared.py:299] Adding task for request 328 to replica 1,session_id=328
DEBUG 08-14 23:35:38 replica.py:226] add_request - replica_id=[1], request=328,self.replica_slo_budget-sum_pending_tokens==current_budget:True,1048576-791==1047785
INFO 08-14 23:35:38 shared.py:299] Adding task for request 329 to replica 4,session_id=329
DEBUG 08-14 23:35:38 replica.py:226] add_request - replica_id=[4], request=329,self.replica_slo_budget-sum_pending_tokens==current_budget:True,1048576-769==1047807
DEBUG 08-14 23:35:38 replica.py:171] complete_request_decode:num_saved_toekens=0
DEBUG 08-14 23:35:38 open_ai.py:452] good request:https://uu722127-b80a-4e3f9d5d.cqa1.seetacloud.com:8443:good,request._id=263,input=166,output=9
DEBUG 08-14 23:35:38 replica.py:171] complete_request_decode:num_saved_toekens=16
DEBUG 08-14 23:35:38 replica.py:171] complete_request_decode:num_saved_toekens=16
INFO 08-14 23:35:38 open_ai.py:115] async_send_request:request._id=328,session=328,127.0.0.1:8001
INFO 08-14 23:35:38 open_ai.py:115] async_send_request:request._id=329,session=329,https://u722127-8cb5-f6dc13db.nmb1.seetacloud.com:8443
DEBUG 08-14 23:35:38 open_ai.py:452] good request:https://u722127-b80a-4e3f9d5d.cqa1.seetacloud.com:8443:good,request._id=239,input=45,output=18
DEBUG 08-14 23:35:38 metrics_store.py:131] update_metrics:request_id=164
DEBUG 08-14 23:35:38 open_ai.py:452] good request:https://u722127-b80a-4e3f9d5d.cqa1.seetacloud.com:8443:good,request._id=259,input=9,output=10
DEBUG 08-14 23:35:38 replica.py:171] complete_request_decode:num_saved_toekens=48
DEBUG 08-14 23:35:38 open_ai.py:452] good request:https://u722127-b80a-4e3f9d5d.cqa1.seetacloud.com:8443:good,request._id=181,input=62,output=36
DEBUG 08-14 23:35:38 open_ai.py:335] async_send_request: request finish prefill, 300
INFO 08-14 23:35:38 open_ai.py:352] async_send_request: prefill completed: req=300,replica_id=1
DEBUG 08-14 23:35:38 replica.py:146] complete_request_prefill: replica_id=[1], request=300, current_budget=33,last_prefill_completed_at=30615746.274585083,last_ttft=1.2058
DEBUG 08-14 23:35:38 replica.py:153] complete_request_prefill - replica_id=[1], request=300,self.replica_slo_budget-sum_pending_tokens==current_budget:True,1048576-758==1047818
DEBUG 08-14 23:35:38 replica.py:171] complete_request_decode:num_saved_toekens=48
DEBUG 08-14 23:35:38 open_ai.py:452] good request:https://u722127-8cb5-f6dc13db.nmb1.seetacloud.com:8443:good,request._id=115,input=24,output=45
DEBUG 08-14 23:35:38 shared.py:180] Removed task for request 164 on https://uu722127-b80a-4e3f9d5d.cqa1.seetacloud.com:8443
DEBUG 08-14 23:35:38 metrics_store.py:131] update_metrics:request_id=214
DEBUG 08-14 23:35:38 metrics_store.py:131] update_metrics:request_id=61
DEBUG 08-14 23:35:38 shared.py:180] Removed task for request 214 on https://uu722127-b80a-4e3f9d5d.cqa1.seetacloud.com:8443
DEBUG 08-14 23:35:38 metrics_store.py:131] update_metrics:request_id=135
DEBUG 08-14 23:35:38 shared.py:180] Removed task for request 61 on https://u722127-8cb5-f6dc13db.nmb1.seetacloud.com:8443
DEBUG 08-14 23:35:38 metrics_store.py:131] update_metrics:request_id=217
DEBUG 08-14 23:35:38 metrics_store.py:131] update_metrics:request_id=167
DEBUG 08-14 23:35:38 shared.py:180] Removed task for request 135 on https://u722127-8cb5-f6dc13db.nmb1.seetacloud.com:8443
DEBUG 08-14 23:35:38 metrics_store.py:131] update_metrics:request_id=272
DEBUG 08-14 23:35:38 shared.py:180] Removed task for request 217 on https://u722127-8cb5-f6dc13db.nmb1.seetacloud.com:8443
DEBUG 08-14 23:35:38 metrics_store.py:131] update_metrics:request_id=232
DEBUG 08-14 23:35:38 shared.py:180] Removed task for request 167 on https://u722127-8cb5-f6dc13db.nmb1.seetacloud.com:8443
DEBUG 08-14 23:35:38 metrics_store.py:131] update_metrics:request_id=39
DEBUG 08-14 23:35:38 shared.py:180] Removed task for request 272 on https://u722127-b80a-4e3f9d5d.cqa1.seetacloud.com:8443
DEBUG 08-14 23:35:38 shared.py:180] Removed task for request 232 on 127.0.0.1:8001
DEBUG 08-14 23:35:38 shared.py:180] Removed task for request 39 on https://uu722127-b80a-4e3f9d5d.cqa1.seetacloud.com:8443
DEBUG 08-14 23:35:38 open_ai.py:335] async_send_request: request finish prefill, 303
INFO 08-14 23:35:38 open_ai.py:352] async_send_request: prefill completed: req=303,replica_id=3
DEBUG 08-14 23:35:38 replica.py:146] complete_request_prefill: replica_id=[3], request=303, current_budget=36,last_prefill_completed_at=30615746.301096927,last_ttft=1.2216
DEBUG 08-14 23:35:38 replica.py:153] complete_request_prefill - replica_id=[3], request=303,self.replica_slo_budget-sum_pending_tokens==current_budget:True,1048576-1193==1047383
DEBUG 08-14 23:35:38 replica.py:171] complete_request_decode:num_saved_toekens=0
DEBUG 08-14 23:35:38 open_ai.py:452] good request:https://uu722127-b80a-4e3f9d5d.cqa1.seetacloud.com:8443:good,request._id=277,input=9,output=10
DEBUG 08-14 23:35:38 open_ai.py:335] async_send_request: request finish prefill, 298
INFO 08-14 23:35:38 open_ai.py:352] async_send_request: prefill completed: req=298,replica_id=3
DEBUG 08-14 23:35:38 replica.py:146] complete_request_prefill: replica_id=[3], request=298, current_budget=110,last_prefill_completed_at=30615746.30298025,last_ttft=1.2377
DEBUG 08-14 23:35:38 replica.py:153] complete_request_prefill - replica_id=[3], request=298,self.replica_slo_budget-sum_pending_tokens==current_budget:True,1048576-1083==1047493
INFO 08-14 23:35:38 shared.py:299] Adding task for request 314 to replica 4,session_id=314
DEBUG 08-14 23:35:38 replica.py:226] add_request - replica_id=[4], request=314,self.replica_slo_budget-sum_pending_tokens==current_budget:True,1048576-936==1047640
INFO 08-14 23:35:38 shared.py:299] Adding task for request 330 to replica 4,session_id=330
DEBUG 08-14 23:35:38 replica.py:226] add_request - replica_id=[4], request=330,self.replica_slo_budget-sum_pending_tokens==current_budget:True,1048576-981==1047595
INFO 08-14 23:35:38 shared.py:299] Adding task for request 333 to replica 1,session_id=333
DEBUG 08-14 23:35:38 replica.py:226] add_request - replica_id=[1], request=333,self.replica_slo_budget-sum_pending_tokens==current_budget:True,1048576-865==1047711
INFO 08-14 23:35:38 shared.py:299] Adding task for request 334 to replica 3,session_id=334
DEBUG 08-14 23:35:38 replica.py:226] add_request - replica_id=[3], request=334,self.replica_slo_budget-sum_pending_tokens==current_budget:True,1048576-1215==1047361
INFO 08-14 23:35:38 shared.py:299] Adding task for request 336 to replica 1,session_id=336
DEBUG 08-14 23:35:38 replica.py:226] add_request - replica_id=[1], request=336,self.replica_slo_budget-sum_pending_tokens==current_budget:True,1048576-990==1047586
DEBUG 08-14 23:35:38 open_ai.py:335] async_send_request: request finish prefill, 305
INFO 08-14 23:35:38 open_ai.py:352] async_send_request: prefill completed: req=305,replica_id=2
DEBUG 08-14 23:35:38 replica.py:146] complete_request_prefill: replica_id=[2], request=305, current_budget=99,last_prefill_completed_at=30615746.33243015,last_ttft=1.2512
DEBUG 08-14 23:35:38 replica.py:153] complete_request_prefill - replica_id=[2], request=305,self.replica_slo_budget-sum_pending_tokens==current_budget:True,1048576-803==1047773
DEBUG 08-14 23:35:38 replica.py:171] complete_request_decode:num_saved_toekens=16
DEBUG 08-14 23:35:38 open_ai.py:335] async_send_request: request finish prefill, 304
INFO 08-14 23:35:38 open_ai.py:352] async_send_request: prefill completed: req=304,replica_id=1
DEBUG 08-14 23:35:38 replica.py:146] complete_request_prefill: replica_id=[1], request=304, current_budget=24,last_prefill_completed_at=30615746.33555991,last_ttft=1.2553
DEBUG 08-14 23:35:38 replica.py:153] complete_request_prefill - replica_id=[1], request=304,self.replica_slo_budget-sum_pending_tokens==current_budget:True,1048576-966==1047610
INFO 08-14 23:35:38 shared.py:299] Adding task for request 332 to replica 2,session_id=332
DEBUG 08-14 23:35:38 replica.py:226] add_request - replica_id=[2], request=332,self.replica_slo_budget-sum_pending_tokens==current_budget:True,1048576-1055==1047521
INFO 08-14 23:35:38 shared.py:299] Adding task for request 331 to replica 4,session_id=331
DEBUG 08-14 23:35:38 replica.py:226] add_request - replica_id=[4], request=331,self.replica_slo_budget-sum_pending_tokens==current_budget:True,1048576-1030==1047546
DEBUG 08-14 23:35:38 metrics_store.py:131] update_metrics:request_id=247
INFO 08-14 23:35:38 open_ai.py:115] async_send_request:request._id=314,session=314,https://u722127-8cb5-f6dc13db.nmb1.seetacloud.com:8443
INFO 08-14 23:35:38 open_ai.py:115] async_send_request:request._id=330,session=330,https://u722127-8cb5-f6dc13db.nmb1.seetacloud.com:8443
INFO 08-14 23:35:38 open_ai.py:115] async_send_request:request._id=333,session=333,127.0.0.1:8001
INFO 08-14 23:35:38 open_ai.py:115] async_send_request:request._id=334,session=334,https://uu722127-b80a-4e3f9d5d.cqa1.seetacloud.com:8443
INFO 08-14 23:35:38 open_ai.py:115] async_send_request:request._id=336,session=336,127.0.0.1:8001
INFO 08-14 23:35:38 open_ai.py:115] async_send_request:request._id=332,session=332,https://u722127-b80a-4e3f9d5d.cqa1.seetacloud.com:8443
INFO 08-14 23:35:38 open_ai.py:115] async_send_request:request._id=331,session=331,https://u722127-8cb5-f6dc13db.nmb1.seetacloud.com:8443
INFO 08-14 23:35:38 shared.py:299] Adding task for request 335 to replica 3,session_id=335
DEBUG 08-14 23:35:38 replica.py:226] add_request - replica_id=[3], request=335,self.replica_slo_budget-sum_pending_tokens==current_budget:True,1048576-1657==1046919
DEBUG 08-14 23:35:38 open_ai.py:335] async_send_request: request finish prefill, 302
INFO 08-14 23:35:38 open_ai.py:352] async_send_request: prefill completed: req=302,replica_id=4
DEBUG 08-14 23:35:38 replica.py:146] complete_request_prefill: replica_id=[4], request=302, current_budget=14,last_prefill_completed_at=30615746.343634985,last_ttft=1.2705
DEBUG 08-14 23:35:38 replica.py:153] complete_request_prefill - replica_id=[4], request=302,self.replica_slo_budget-sum_pending_tokens==current_budget:True,1048576-1016==1047560
INFO 08-14 23:35:38 shared.py:299] Adding task for request 337 to replica 3,session_id=337
DEBUG 08-14 23:35:38 replica.py:226] add_request - replica_id=[3], request=337,self.replica_slo_budget-sum_pending_tokens==current_budget:True,1048576-2005==1046571
DEBUG 08-14 23:35:38 open_ai.py:335] async_send_request: request finish prefill, 301
INFO 08-14 23:35:38 open_ai.py:352] async_send_request: prefill completed: req=301,replica_id=4
DEBUG 08-14 23:35:38 replica.py:146] complete_request_prefill: replica_id=[4], request=301, current_budget=700,last_prefill_completed_at=30615746.345669456,last_ttft=1.2746
DEBUG 08-14 23:35:38 replica.py:153] complete_request_prefill - replica_id=[4], request=301,self.replica_slo_budget-sum_pending_tokens==current_budget:True,1048576-316==1048260
INFO 08-14 23:35:38 shared.py:299] Adding task for request 338 to replica 0,session_id=338
DEBUG 08-14 23:35:38 replica.py:226] add_request - replica_id=[0], request=338,self.replica_slo_budget-sum_pending_tokens==current_budget:True,1048576-17324==1031252
DEBUG 08-14 23:35:38 replica.py:171] complete_request_decode:num_saved_toekens=16
DEBUG 08-14 23:35:38 open_ai.py:452] good request:127.0.0.1:8001:good,request._id=264,input=38,output=19
DEBUG 08-14 23:35:38 replica.py:171] complete_request_decode:num_saved_toekens=16
DEBUG 08-14 23:35:38 open_ai.py:452] good request:127.0.0.1:8001:good,request._id=265,input=278,output=18
DEBUG 08-14 23:35:38 replica.py:171] complete_request_decode:num_saved_toekens=0
DEBUG 08-14 23:35:38 open_ai.py:452] good request:127.0.0.1:8001:good,request._id=292,input=72,output=7
DEBUG 08-14 23:35:38 open_ai.py:335] async_send_request: request finish prefill, 309
INFO 08-14 23:35:38 open_ai.py:352] async_send_request: prefill completed: req=309,replica_id=1
DEBUG 08-14 23:35:38 replica.py:146] complete_request_prefill: replica_id=[1], request=309, current_budget=72,last_prefill_completed_at=30615746.35013475,last_ttft=1.2651
DEBUG 08-14 23:35:38 replica.py:153] complete_request_prefill - replica_id=[1], request=309,self.replica_slo_budget-sum_pending_tokens==current_budget:True,1048576-894==1047682
DEBUG 08-14 23:35:38 open_ai.py:335] async_send_request: request finish prefill, 308
INFO 08-14 23:35:38 open_ai.py:352] async_send_request: prefill completed: req=308,replica_id=1
DEBUG 08-14 23:35:38 replica.py:146] complete_request_prefill: replica_id=[1], request=308, current_budget=33,last_prefill_completed_at=30615746.350552008,last_ttft=1.2668
DEBUG 08-14 23:35:38 replica.py:153] complete_request_prefill - replica_id=[1], request=308,self.replica_slo_budget-sum_pending_tokens==current_budget:True,1048576-861==1047715
DEBUG 08-14 23:35:38 open_ai.py:335] async_send_request: request finish prefill, 297
INFO 08-14 23:35:38 open_ai.py:352] async_send_request: prefill completed: req=297,replica_id=2
DEBUG 08-14 23:35:38 replica.py:146] complete_request_prefill: replica_id=[2], request=297, current_budget=32,last_prefill_completed_at=30615746.351557303,last_ttft=1.2902
DEBUG 08-14 23:35:38 replica.py:153] complete_request_prefill - replica_id=[2], request=297,self.replica_slo_budget-sum_pending_tokens==current_budget:True,1048576-1023==1047553
DEBUG 08-14 23:35:38 shared.py:180] Removed task for request 247 on https://uu722127-b80a-4e3f9d5d.cqa1.seetacloud.com:8443
INFO 08-14 23:35:38 open_ai.py:115] async_send_request:request._id=335,session=335,https://uu722127-b80a-4e3f9d5d.cqa1.seetacloud.com:8443
INFO 08-14 23:35:38 open_ai.py:115] async_send_request:request._id=337,session=337,https://uu722127-b80a-4e3f9d5d.cqa1.seetacloud.com:8443
INFO 08-14 23:35:38 open_ai.py:115] async_send_request:request._id=338,session=338,127.0.0.1:8000
DEBUG 08-14 23:35:38 replica.py:171] complete_request_decode:num_saved_toekens=32
DEBUG 08-14 23:35:38 open_ai.py:452] good request:https://u722127-b80a-4e3f9d5d.cqa1.seetacloud.com:8443:good,request._id=183,input=18,output=39
DEBUG 08-14 23:35:38 open_ai.py:335] async_send_request: request finish prefill, 293
INFO 08-14 23:35:38 open_ai.py:352] async_send_request: prefill completed: req=293,replica_id=3
DEBUG 08-14 23:35:38 replica.py:146] complete_request_prefill: replica_id=[3], request=293, current_budget=45,last_prefill_completed_at=30615746.359400354,last_ttft=1.3007
DEBUG 08-14 23:35:38 replica.py:153] complete_request_prefill - replica_id=[3], request=293,self.replica_slo_budget-sum_pending_tokens==current_budget:True,1048576-1960==1046616
DEBUG 08-14 23:35:38 open_ai.py:335] async_send_request: request finish prefill, 294
INFO 08-14 23:35:38 open_ai.py:352] async_send_request: prefill completed: req=294,replica_id=3
DEBUG 08-14 23:35:38 replica.py:146] complete_request_prefill: replica_id=[3], request=294, current_budget=737,last_prefill_completed_at=30615746.360118818,last_ttft=1.3006
DEBUG 08-14 23:35:38 replica.py:153] complete_request_prefill - replica_id=[3], request=294,self.replica_slo_budget-sum_pending_tokens==current_budget:True,1048576-1223==1047353
DEBUG 08-14 23:35:38 open_ai.py:335] async_send_request: request finish prefill, 310
INFO 08-14 23:35:38 open_ai.py:352] async_send_request: prefill completed: req=310,replica_id=2
DEBUG 08-14 23:35:38 replica.py:146] complete_request_prefill: replica_id=[2], request=310, current_budget=97,last_prefill_completed_at=30615746.360502183,last_ttft=1.274
DEBUG 08-14 23:35:38 replica.py:153] complete_request_prefill - replica_id=[2], request=310,self.replica_slo_budget-sum_pending_tokens==current_budget:True,1048576-926==1047650
DEBUG 08-14 23:35:38 open_ai.py:335] async_send_request: request finish prefill, 311
INFO 08-14 23:35:38 open_ai.py:352] async_send_request: prefill completed: req=311,replica_id=3
DEBUG 08-14 23:35:38 replica.py:146] complete_request_prefill: replica_id=[3], request=311, current_budget=49,last_prefill_completed_at=30615746.363916963,last_ttft=1.2764
DEBUG 08-14 23:35:38 replica.py:153] complete_request_prefill - replica_id=[3], request=311,self.replica_slo_budget-sum_pending_tokens==current_budget:True,1048576-1174==1047402
DEBUG 08-14 23:35:38 replica.py:171] complete_request_decode:num_saved_toekens=0
DEBUG 08-14 23:35:38 open_ai.py:452] good request:https://uu722127-b80a-4e3f9d5d.cqa1.seetacloud.com:8443:good,request._id=294,input=737,output=2
DEBUG 08-14 23:35:38 open_ai.py:335] async_send_request: request finish prefill, 317
INFO 08-14 23:35:38 open_ai.py:352] async_send_request: prefill completed: req=317,replica_id=4
DEBUG 08-14 23:35:38 replica.py:146] complete_request_prefill: replica_id=[4], request=317, current_budget=19,last_prefill_completed_at=30615746.365921445,last_ttft=1.2694
DEBUG 08-14 23:35:38 replica.py:153] complete_request_prefill - replica_id=[4], request=317,self.replica_slo_budget-sum_pending_tokens==current_budget:True,1048576-297==1048279
DEBUG 08-14 23:35:38 metrics_store.py:131] update_metrics:request_id=263
DEBUG 08-14 23:35:38 shared.py:180] Removed task for request 263 on https://uu722127-b80a-4e3f9d5d.cqa1.seetacloud.com:8443
DEBUG 08-14 23:35:38 metrics_store.py:131] update_metrics:request_id=239
DEBUG 08-14 23:35:38 metrics_store.py:131] update_metrics:request_id=259
DEBUG 08-14 23:35:38 metrics_store.py:131] update_metrics:request_id=181
DEBUG 08-14 23:35:38 shared.py:180] Removed task for request 239 on https://u722127-b80a-4e3f9d5d.cqa1.seetacloud.com:8443
DEBUG 08-14 23:35:38 metrics_store.py:131] update_metrics:request_id=115
DEBUG 08-14 23:35:38 shared.py:180] Removed task for request 259 on https://u722127-b80a-4e3f9d5d.cqa1.seetacloud.com:8443
DEBUG 08-14 23:35:38 metrics_store.py:131] update_metrics:request_id=277
DEBUG 08-14 23:35:38 shared.py:180] Removed task for request 181 on https://u722127-b80a-4e3f9d5d.cqa1.seetacloud.com:8443
DEBUG 08-14 23:35:38 shared.py:180] Removed task for request 115 on https://u722127-8cb5-f6dc13db.nmb1.seetacloud.com:8443
DEBUG 08-14 23:35:38 shared.py:180] Removed task for request 277 on https://uu722127-b80a-4e3f9d5d.cqa1.seetacloud.com:8443
DEBUG 08-14 23:35:38 open_ai.py:335] async_send_request: request finish prefill, 315
INFO 08-14 23:35:38 open_ai.py:352] async_send_request: prefill completed: req=315,replica_id=2
DEBUG 08-14 23:35:38 replica.py:146] complete_request_prefill: replica_id=[2], request=315, current_budget=349,last_prefill_completed_at=30615746.39166148,last_ttft=1.2991
DEBUG 08-14 23:35:38 replica.py:153] complete_request_prefill - replica_id=[2], request=315,self.replica_slo_budget-sum_pending_tokens==current_budget:True,1048576-577==1047999
DEBUG 08-14 23:35:38 open_ai.py:335] async_send_request: request finish prefill, 316
INFO 08-14 23:35:38 open_ai.py:352] async_send_request: prefill completed: req=316,replica_id=1
DEBUG 08-14 23:35:38 replica.py:146] complete_request_prefill: replica_id=[1], request=316, current_budget=47,last_prefill_completed_at=30615746.392716654,last_ttft=1.2991
DEBUG 08-14 23:35:38 replica.py:153] complete_request_prefill - replica_id=[1], request=316,self.replica_slo_budget-sum_pending_tokens==current_budget:True,1048576-814==1047762
DEBUG 08-14 23:35:38 open_ai.py:335] async_send_request: request finish prefill, 312
INFO 08-14 23:35:38 open_ai.py:352] async_send_request: prefill completed: req=312,replica_id=1
DEBUG 08-14 23:35:38 replica.py:146] complete_request_prefill: replica_id=[1], request=312, current_budget=118,last_prefill_completed_at=30615746.393083416,last_ttft=1.3045
DEBUG 08-14 23:35:38 replica.py:153] complete_request_prefill - replica_id=[1], request=312,self.replica_slo_budget-sum_pending_tokens==current_budget:True,1048576-696==1047880
DEBUG 08-14 23:35:38 open_ai.py:335] async_send_request: request finish prefill, 313
INFO 08-14 23:35:38 open_ai.py:352] async_send_request: prefill completed: req=313,replica_id=3
DEBUG 08-14 23:35:38 replica.py:146] complete_request_prefill: replica_id=[3], request=313, current_budget=47,last_prefill_completed_at=30615746.393786512,last_ttft=1.3049
DEBUG 08-14 23:35:38 replica.py:153] complete_request_prefill - replica_id=[3], request=313,self.replica_slo_budget-sum_pending_tokens==current_budget:True,1048576-1127==1047449
DEBUG 08-14 23:35:38 open_ai.py:335] async_send_request: request finish prefill, 318
INFO 08-14 23:35:38 open_ai.py:352] async_send_request: prefill completed: req=318,replica_id=3
DEBUG 08-14 23:35:38 replica.py:146] complete_request_prefill: replica_id=[3], request=318, current_budget=92,last_prefill_completed_at=30615746.394185696,last_ttft=1.2974
DEBUG 08-14 23:35:38 replica.py:153] complete_request_prefill - replica_id=[3], request=318,self.replica_slo_budget-sum_pending_tokens==current_budget:True,1048576-1035==1047541
DEBUG 08-14 23:35:38 open_ai.py:335] async_send_request: request finish prefill, 319
INFO 08-14 23:35:38 open_ai.py:352] async_send_request: prefill completed: req=319,replica_id=3
DEBUG 08-14 23:35:38 replica.py:146] complete_request_prefill: replica_id=[3], request=319, current_budget=87,last_prefill_completed_at=30615746.39453886,last_ttft=1.2966
DEBUG 08-14 23:35:38 replica.py:153] complete_request_prefill - replica_id=[3], request=319,self.replica_slo_budget-sum_pending_tokens==current_budget:True,1048576-948==1047628
INFO 08-14 23:35:38 shared.py:299] Adding task for request 340 to replica 1,session_id=340
DEBUG 08-14 23:35:38 replica.py:226] add_request - replica_id=[1], request=340,self.replica_slo_budget-sum_pending_tokens==current_budget:True,1048576-1049==1047527
INFO 08-14 23:35:38 shared.py:299] Adding task for request 339 to replica 3,session_id=339
DEBUG 08-14 23:35:38 replica.py:226] add_request - replica_id=[3], request=339,self.replica_slo_budget-sum_pending_tokens==current_budget:True,1048576-977==1047599
INFO 08-14 23:35:38 shared.py:299] Adding task for request 347 to replica 3,session_id=347
DEBUG 08-14 23:35:38 replica.py:226] add_request - replica_id=[3], request=347,self.replica_slo_budget-sum_pending_tokens==current_budget:True,1048576-991==1047585
INFO 08-14 23:35:38 shared.py:299] Adding task for request 348 to replica 1,session_id=348
DEBUG 08-14 23:35:38 replica.py:226] add_request - replica_id=[1], request=348,self.replica_slo_budget-sum_pending_tokens==current_budget:True,1048576-1169==1047407
INFO 08-14 23:35:38 shared.py:299] Adding task for request 349 to replica 1,session_id=349
DEBUG 08-14 23:35:38 replica.py:226] add_request - replica_id=[1], request=349,self.replica_slo_budget-sum_pending_tokens==current_budget:True,1048576-1574==1047002
INFO 08-14 23:35:38 shared.py:299] Adding task for request 341 to replica 3,session_id=341
DEBUG 08-14 23:35:38 replica.py:226] add_request - replica_id=[3], request=341,self.replica_slo_budget-sum_pending_tokens==current_budget:True,1048576-1030==1047546
INFO 08-14 23:35:38 open_ai.py:115] async_send_request:request._id=340,session=340,127.0.0.1:8001
INFO 08-14 23:35:38 open_ai.py:115] async_send_request:request._id=339,session=339,https://uu722127-b80a-4e3f9d5d.cqa1.seetacloud.com:8443
INFO 08-14 23:35:38 open_ai.py:115] async_send_request:request._id=347,session=347,https://uu722127-b80a-4e3f9d5d.cqa1.seetacloud.com:8443
INFO 08-14 23:35:38 open_ai.py:115] async_send_request:request._id=348,session=348,127.0.0.1:8001
INFO 08-14 23:35:38 open_ai.py:115] async_send_request:request._id=349,session=349,127.0.0.1:8001
INFO 08-14 23:35:38 open_ai.py:115] async_send_request:request._id=341,session=341,https://uu722127-b80a-4e3f9d5d.cqa1.seetacloud.com:8443
INFO 08-14 23:35:38 shared.py:299] Adding task for request 344 to replica 2,session_id=344
DEBUG 08-14 23:35:38 replica.py:226] add_request - replica_id=[2], request=344,self.replica_slo_budget-sum_pending_tokens==current_budget:True,1048576-664==1047912
INFO 08-14 23:35:38 shared.py:299] Adding task for request 343 to replica 2,session_id=343
DEBUG 08-14 23:35:38 replica.py:226] add_request - replica_id=[2], request=343,self.replica_slo_budget-sum_pending_tokens==current_budget:True,1048576-688==1047888
INFO 08-14 23:35:38 shared.py:299] Adding task for request 345 to replica 3,session_id=345
DEBUG 08-14 23:35:38 replica.py:226] add_request - replica_id=[3], request=345,self.replica_slo_budget-sum_pending_tokens==current_budget:True,1048576-1114==1047462
INFO 08-14 23:35:38 shared.py:299] Adding task for request 346 to replica 4,session_id=346
DEBUG 08-14 23:35:38 replica.py:226] add_request - replica_id=[4], request=346,self.replica_slo_budget-sum_pending_tokens==current_budget:True,1048576-336==1048240
DEBUG 08-14 23:35:38 replica.py:171] complete_request_decode:num_saved_toekens=0
DEBUG 08-14 23:35:38 open_ai.py:452] good request:127.0.0.1:8001:good,request._id=312,input=118,output=2
INFO 08-14 23:35:38 open_ai.py:115] async_send_request:request._id=344,session=344,https://u722127-b80a-4e3f9d5d.cqa1.seetacloud.com:8443
INFO 08-14 23:35:38 open_ai.py:115] async_send_request:request._id=343,session=343,https://u722127-b80a-4e3f9d5d.cqa1.seetacloud.com:8443
INFO 08-14 23:35:38 open_ai.py:115] async_send_request:request._id=345,session=345,https://uu722127-b80a-4e3f9d5d.cqa1.seetacloud.com:8443
INFO 08-14 23:35:38 open_ai.py:115] async_send_request:request._id=346,session=346,https://u722127-8cb5-f6dc13db.nmb1.seetacloud.com:8443
DEBUG 08-14 23:35:38 replica.py:171] complete_request_decode:num_saved_toekens=0
DEBUG 08-14 23:35:38 open_ai.py:452] good request:https://uu722127-b80a-4e3f9d5d.cqa1.seetacloud.com:8443:good,request._id=303,input=36,output=9
DEBUG 08-14 23:35:38 replica.py:171] complete_request_decode:num_saved_toekens=16
DEBUG 08-14 23:35:38 open_ai.py:452] good request:https://uu722127-b80a-4e3f9d5d.cqa1.seetacloud.com:8443:good,request._id=279,input=51,output=18
DEBUG 08-14 23:35:38 open_ai.py:335] async_send_request: request finish prefill, 327
INFO 08-14 23:35:38 open_ai.py:352] async_send_request: prefill completed: req=327,replica_id=3
DEBUG 08-14 23:35:38 replica.py:146] complete_request_prefill: replica_id=[3], request=327, current_budget=26,last_prefill_completed_at=30615746.462000493,last_ttft=1.3564
DEBUG 08-14 23:35:38 replica.py:153] complete_request_prefill - replica_id=[3], request=327,self.replica_slo_budget-sum_pending_tokens==current_budget:True,1048576-1088==1047488
DEBUG 08-14 23:35:38 open_ai.py:335] async_send_request: request finish prefill, 320
INFO 08-14 23:35:38 open_ai.py:352] async_send_request: prefill completed: req=320,replica_id=1
DEBUG 08-14 23:35:38 replica.py:146] complete_request_prefill: replica_id=[1], request=320, current_budget=20,last_prefill_completed_at=30615746.463801727,last_ttft=1.3651
DEBUG 08-14 23:35:38 replica.py:153] complete_request_prefill - replica_id=[1], request=320,self.replica_slo_budget-sum_pending_tokens==current_budget:True,1048576-1554==1047022
DEBUG 08-14 23:35:38 replica.py:171] complete_request_decode:num_saved_toekens=16
DEBUG 08-14 23:35:38 open_ai.py:452] good request:127.0.0.1:8001:good,request._id=296,input=138,output=13
DEBUG 08-14 23:35:38 open_ai.py:335] async_send_request: request finish prefill, 324
INFO 08-14 23:35:38 open_ai.py:352] async_send_request: prefill completed: req=324,replica_id=1
DEBUG 08-14 23:35:38 replica.py:146] complete_request_prefill: replica_id=[1], request=324, current_budget=205,last_prefill_completed_at=30615746.46495354,last_ttft=1.3626
DEBUG 08-14 23:35:38 replica.py:153] complete_request_prefill - replica_id=[1], request=324,self.replica_slo_budget-sum_pending_tokens==current_budget:True,1048576-1349==1047227
DEBUG 08-14 23:35:38 open_ai.py:452] good request:127.0.0.1:8001:good,request._id=260,input=11,output=17
DEBUG 08-14 23:35:38 metrics_store.py:131] update_metrics:request_id=264
DEBUG 08-14 23:35:38 metrics_store.py:131] update_metrics:request_id=265
DEBUG 08-14 23:35:38 metrics_store.py:131] update_metrics:request_id=292
DEBUG 08-14 23:35:38 shared.py:180] Removed task for request 264 on 127.0.0.1:8001
DEBUG 08-14 23:35:38 shared.py:180] Removed task for request 265 on 127.0.0.1:8001
DEBUG 08-14 23:35:38 shared.py:180] Removed task for request 292 on 127.0.0.1:8001
DEBUG 08-14 23:35:38 metrics_store.py:131] update_metrics:request_id=183
DEBUG 08-14 23:35:38 metrics_store.py:131] update_metrics:request_id=294
DEBUG 08-14 23:35:38 shared.py:180] Removed task for request 183 on https://u722127-b80a-4e3f9d5d.cqa1.seetacloud.com:8443
DEBUG 08-14 23:35:38 shared.py:180] Removed task for request 294 on https://uu722127-b80a-4e3f9d5d.cqa1.seetacloud.com:8443
DEBUG 08-14 23:35:38 replica.py:171] complete_request_decode:num_saved_toekens=16
DEBUG 08-14 23:35:38 open_ai.py:452] good request:https://u722127-b80a-4e3f9d5d.cqa1.seetacloud.com:8443:good,request._id=271,input=130,output=19
DEBUG 08-14 23:35:38 open_ai.py:335] async_send_request: request finish prefill, 329
INFO 08-14 23:35:38 open_ai.py:352] async_send_request: prefill completed: req=329,replica_id=4
DEBUG 08-14 23:35:38 replica.py:146] complete_request_prefill: replica_id=[4], request=329, current_budget=36,last_prefill_completed_at=30615746.49793367,last_ttft=1.3905
DEBUG 08-14 23:35:38 replica.py:153] complete_request_prefill - replica_id=[4], request=329,self.replica_slo_budget-sum_pending_tokens==current_budget:True,1048576-300==1048276
DEBUG 08-14 23:35:38 replica.py:171] complete_request_decode:num_saved_toekens=80
DEBUG 08-14 23:35:38 open_ai.py:452] good request:127.0.0.1:8001:good,request._id=136,input=110,output=71
DEBUG 08-14 23:35:38 open_ai.py:335] async_send_request: request finish prefill, 328
INFO 08-14 23:35:38 open_ai.py:352] async_send_request: prefill completed: req=328,replica_id=1
DEBUG 08-14 23:35:38 replica.py:146] complete_request_prefill: replica_id=[1], request=328, current_budget=239,last_prefill_completed_at=30615746.501255892,last_ttft=1.3952
DEBUG 08-14 23:35:38 replica.py:153] complete_request_prefill - replica_id=[1], request=328,self.replica_slo_budget-sum_pending_tokens==current_budget:True,1048576-1110==1047466
DEBUG 08-14 23:35:38 replica.py:171] complete_request_decode:num_saved_toekens=176
DEBUG 08-14 23:35:38 open_ai.py:452] good request:https://u722127-b80a-4e3f9d5d.cqa1.seetacloud.com:8443:good,request._id=34,input=12,output=165
DEBUG 08-14 23:35:38 open_ai.py:335] async_send_request: request finish prefill, 325
INFO 08-14 23:35:38 open_ai.py:352] async_send_request: prefill completed: req=325,replica_id=2
DEBUG 08-14 23:35:38 replica.py:146] complete_request_prefill: replica_id=[2], request=325, current_budget=111,last_prefill_completed_at=30615746.507019818,last_ttft=1.4045
DEBUG 08-14 23:35:38 replica.py:153] complete_request_prefill - replica_id=[2], request=325,self.replica_slo_budget-sum_pending_tokens==current_budget:True,1048576-577==1047999
DEBUG 08-14 23:35:38 open_ai.py:335] async_send_request: request finish prefill, 321
INFO 08-14 23:35:38 open_ai.py:352] async_send_request: prefill completed: req=321,replica_id=2
DEBUG 08-14 23:35:38 replica.py:146] complete_request_prefill: replica_id=[2], request=321, current_budget=36,last_prefill_completed_at=30615746.51480234,last_ttft=1.4152
DEBUG 08-14 23:35:38 replica.py:153] complete_request_prefill - replica_id=[2], request=321,self.replica_slo_budget-sum_pending_tokens==current_budget:True,1048576-541==1048035
DEBUG 08-14 23:35:38 open_ai.py:335] async_send_request: request finish prefill, 307
INFO 08-14 23:35:38 open_ai.py:352] async_send_request: prefill completed: req=307,replica_id=2
DEBUG 08-14 23:35:38 replica.py:146] complete_request_prefill: replica_id=[2], request=307, current_budget=167,last_prefill_completed_at=30615746.516597148,last_ttft=1.434
DEBUG 08-14 23:35:38 replica.py:153] complete_request_prefill - replica_id=[2], request=307,self.replica_slo_budget-sum_pending_tokens==current_budget:True,1048576-374==1048202
DEBUG 08-14 23:35:38 open_ai.py:335] async_send_request: request finish prefill, 333
INFO 08-14 23:35:38 open_ai.py:352] async_send_request: prefill completed: req=333,replica_id=1
DEBUG 08-14 23:35:38 replica.py:146] complete_request_prefill: replica_id=[1], request=333, current_budget=107,last_prefill_completed_at=30615746.51953437,last_ttft=1.405
DEBUG 08-14 23:35:38 replica.py:153] complete_request_prefill - replica_id=[1], request=333,self.replica_slo_budget-sum_pending_tokens==current_budget:True,1048576-1003==1047573
INFO 08-14 23:35:38 shared.py:299] Adding task for request 353 to replica 1,session_id=353
DEBUG 08-14 23:35:38 replica.py:226] add_request - replica_id=[1], request=353,self.replica_slo_budget-sum_pending_tokens==current_budget:True,1048576-1088==1047488
INFO 08-14 23:35:38 open_ai.py:115] async_send_request:request._id=353,session=353,127.0.0.1:8001
DEBUG 08-14 23:35:38 open_ai.py:335] async_send_request: request finish prefill, 326
INFO 08-14 23:35:38 open_ai.py:352] async_send_request: prefill completed: req=326,replica_id=2
DEBUG 08-14 23:35:38 replica.py:146] complete_request_prefill: replica_id=[2], request=326, current_budget=11,last_prefill_completed_at=30615746.54550867,last_ttft=1.4427
DEBUG 08-14 23:35:38 replica.py:153] complete_request_prefill - replica_id=[2], request=326,self.replica_slo_budget-sum_pending_tokens==current_budget:True,1048576-363==1048213
INFO 08-14 23:35:38 shared.py:299] Adding task for request 351 to replica 1,session_id=351
DEBUG 08-14 23:35:38 replica.py:226] add_request - replica_id=[1], request=351,self.replica_slo_budget-sum_pending_tokens==current_budget:True,1048576-1127==1047449
INFO 08-14 23:35:38 shared.py:299] Adding task for request 352 to replica 2,session_id=352
DEBUG 08-14 23:35:38 replica.py:226] add_request - replica_id=[2], request=352,self.replica_slo_budget-sum_pending_tokens==current_budget:True,1048576-384==1048192
INFO 08-14 23:35:38 open_ai.py:115] async_send_request:request._id=351,session=351,127.0.0.1:8001
INFO 08-14 23:35:38 open_ai.py:115] async_send_request:request._id=352,session=352,https://u722127-b80a-4e3f9d5d.cqa1.seetacloud.com:8443
DEBUG 08-14 23:35:38 open_ai.py:335] async_send_request: request finish prefill, 336
INFO 08-14 23:35:38 open_ai.py:352] async_send_request: prefill completed: req=336,replica_id=1
DEBUG 08-14 23:35:38 replica.py:146] complete_request_prefill: replica_id=[1], request=336, current_budget=125,last_prefill_completed_at=30615746.553012617,last_ttft=1.4358
DEBUG 08-14 23:35:38 replica.py:153] complete_request_prefill - replica_id=[1], request=336,self.replica_slo_budget-sum_pending_tokens==current_budget:True,1048576-1002==1047574
INFO 08-14 23:35:38 shared.py:299] Adding task for request 357 to replica 1,session_id=357
DEBUG 08-14 23:35:38 replica.py:226] add_request - replica_id=[1], request=357,self.replica_slo_budget-sum_pending_tokens==current_budget:True,1048576-1059==1047517
INFO 08-14 23:35:38 shared.py:299] Adding task for request 356 to replica 2,session_id=356
DEBUG 08-14 23:35:38 replica.py:226] add_request - replica_id=[2], request=356,self.replica_slo_budget-sum_pending_tokens==current_budget:True,1048576-402==1048174
INFO 08-14 23:35:38 shared.py:299] Adding task for request 354 to replica 3,session_id=354
DEBUG 08-14 23:35:38 replica.py:226] add_request - replica_id=[3], request=354,self.replica_slo_budget-sum_pending_tokens==current_budget:True,1048576-1229==1047347
INFO 08-14 23:35:38 shared.py:299] Adding task for request 355 to replica 3,session_id=355
DEBUG 08-14 23:35:38 replica.py:226] add_request - replica_id=[3], request=355,self.replica_slo_budget-sum_pending_tokens==current_budget:True,1048576-1265==1047311
INFO 08-14 23:35:38 open_ai.py:115] async_send_request:request._id=357,session=357,127.0.0.1:8001
INFO 08-14 23:35:38 open_ai.py:115] async_send_request:request._id=356,session=356,https://u722127-b80a-4e3f9d5d.cqa1.seetacloud.com:8443
INFO 08-14 23:35:38 open_ai.py:115] async_send_request:request._id=354,session=354,https://uu722127-b80a-4e3f9d5d.cqa1.seetacloud.com:8443
INFO 08-14 23:35:38 open_ai.py:115] async_send_request:request._id=355,session=355,https://uu722127-b80a-4e3f9d5d.cqa1.seetacloud.com:8443
DEBUG 08-14 23:35:38 open_ai.py:335] async_send_request: request finish prefill, 334
INFO 08-14 23:35:38 open_ai.py:352] async_send_request: prefill completed: req=334,replica_id=3
DEBUG 08-14 23:35:38 replica.py:146] complete_request_prefill: replica_id=[3], request=334, current_budget=132,last_prefill_completed_at=30615746.56047487,last_ttft=1.4459
DEBUG 08-14 23:35:38 replica.py:153] complete_request_prefill - replica_id=[3], request=334,self.replica_slo_budget-sum_pending_tokens==current_budget:True,1048576-1133==1047443
DEBUG 08-14 23:35:38 replica.py:171] complete_request_decode:num_saved_toekens=64
DEBUG 08-14 23:35:38 open_ai.py:452] good request:https://uu722127-b80a-4e3f9d5d.cqa1.seetacloud.com:8443:good,request._id=184,input=26,output=55
DEBUG 08-14 23:35:38 replica.py:171] complete_request_decode:num_saved_toekens=16
DEBUG 08-14 23:35:38 replica.py:171] complete_request_decode:num_saved_toekens=16
DEBUG 08-14 23:35:38 open_ai.py:452] good request:https://u722127-8cb5-f6dc13db.nmb1.seetacloud.com:8443:good,request._id=255,input=296,output=22
DEBUG 08-14 23:35:38 open_ai.py:335] async_send_request: request finish prefill, 314
INFO 08-14 23:35:38 open_ai.py:352] async_send_request: prefill completed: req=314,replica_id=4
DEBUG 08-14 23:35:38 replica.py:146] complete_request_prefill: replica_id=[4], request=314, current_budget=167,last_prefill_completed_at=30615746.577433594,last_ttft=1.4871
DEBUG 08-14 23:35:38 replica.py:153] complete_request_prefill - replica_id=[4], request=314,self.replica_slo_budget-sum_pending_tokens==current_budget:True,1048576-133==1048443
DEBUG 08-14 23:35:38 open_ai.py:335] async_send_request: request finish prefill, 330
INFO 08-14 23:35:38 open_ai.py:352] async_send_request: prefill completed: req=330,replica_id=4
DEBUG 08-14 23:35:38 replica.py:146] complete_request_prefill: replica_id=[4], request=330, current_budget=45,last_prefill_completed_at=30615746.580764975,last_ttft=1.4701
DEBUG 08-14 23:35:38 replica.py:153] complete_request_prefill - replica_id=[4], request=330,self.replica_slo_budget-sum_pending_tokens==current_budget:True,1048576-88==1048488
DEBUG 08-14 23:35:38 replica.py:171] complete_request_decode:num_saved_toekens=32
DEBUG 08-14 23:35:38 open_ai.py:452] good request:127.0.0.1:8001:good,request._id=252,input=356,output=31
DEBUG 08-14 23:35:38 metrics_store.py:131] update_metrics:request_id=312
DEBUG 08-14 23:35:38 shared.py:180] Removed task for request 312 on 127.0.0.1:8001
INFO 08-14 23:35:38 shared.py:299] Adding task for request 359 to replica 1,session_id=359
DEBUG 08-14 23:35:38 replica.py:226] add_request - replica_id=[1], request=359,self.replica_slo_budget-sum_pending_tokens==current_budget:True,1048576-1115==1047461
INFO 08-14 23:35:38 shared.py:299] Adding task for request 350 to replica 3,session_id=350
DEBUG 08-14 23:35:38 replica.py:226] add_request - replica_id=[3], request=350,self.replica_slo_budget-sum_pending_tokens==current_budget:True,1048576-1522==1047054
INFO 08-14 23:35:38 open_ai.py:115] async_send_request:request._id=359,session=359,127.0.0.1:8001
INFO 08-14 23:35:38 open_ai.py:115] async_send_request:request._id=350,session=350,https://uu722127-b80a-4e3f9d5d.cqa1.seetacloud.com:8443
DEBUG 08-14 23:35:38 open_ai.py:335] async_send_request: request finish prefill, 337
INFO 08-14 23:35:38 open_ai.py:352] async_send_request: prefill completed: req=337,replica_id=3
DEBUG 08-14 23:35:38 replica.py:146] complete_request_prefill: replica_id=[3], request=337, current_budget=348,last_prefill_completed_at=30615746.59708729,last_ttft=1.4792
DEBUG 08-14 23:35:38 replica.py:153] complete_request_prefill - replica_id=[3], request=337,self.replica_slo_budget-sum_pending_tokens==current_budget:True,1048576-1174==1047402
DEBUG 08-14 23:35:38 metrics_store.py:131] update_metrics:request_id=303
DEBUG 08-14 23:35:38 open_ai.py:335] async_send_request: request finish prefill, 335
INFO 08-14 23:35:38 open_ai.py:352] async_send_request: prefill completed: req=335,replica_id=3
DEBUG 08-14 23:35:38 replica.py:146] complete_request_prefill: replica_id=[3], request=335, current_budget=442,last_prefill_completed_at=30615746.60214996,last_ttft=1.4853
DEBUG 08-14 23:35:38 replica.py:153] complete_request_prefill - replica_id=[3], request=335,self.replica_slo_budget-sum_pending_tokens==current_budget:True,1048576-732==1047844
DEBUG 08-14 23:35:38 metrics_store.py:131] update_metrics:request_id=279
DEBUG 08-14 23:35:38 metrics_store.py:131] update_metrics:request_id=296
DEBUG 08-14 23:35:38 shared.py:180] Removed task for request 303 on https://uu722127-b80a-4e3f9d5d.cqa1.seetacloud.com:8443
DEBUG 08-14 23:35:38 metrics_store.py:131] update_metrics:request_id=260
DEBUG 08-14 23:35:38 shared.py:180] Removed task for request 279 on https://uu722127-b80a-4e3f9d5d.cqa1.seetacloud.com:8443
INFO 08-14 23:35:38 shared.py:299] Adding task for request 342 to replica 3,session_id=342
DEBUG 08-14 23:35:38 replica.py:226] add_request - replica_id=[3], request=342,self.replica_slo_budget-sum_pending_tokens==current_budget:True,1048576-750==1047826
INFO 08-14 23:35:38 shared.py:299] Adding task for request 358 to replica 3,session_id=358
DEBUG 08-14 23:35:38 replica.py:226] add_request - replica_id=[3], request=358,self.replica_slo_budget-sum_pending_tokens==current_budget:True,1048576-799==1047777
DEBUG 08-14 23:35:38 metrics_store.py:131] update_metrics:request_id=271
DEBUG 08-14 23:35:38 shared.py:180] Removed task for request 296 on 127.0.0.1:8001
INFO 08-14 23:35:38 open_ai.py:115] async_send_request:request._id=342,session=342,https://uu722127-b80a-4e3f9d5d.cqa1.seetacloud.com:8443
INFO 08-14 23:35:38 open_ai.py:115] async_send_request:request._id=358,session=358,https://uu722127-b80a-4e3f9d5d.cqa1.seetacloud.com:8443
DEBUG 08-14 23:35:38 metrics_store.py:131] update_metrics:request_id=136
DEBUG 08-14 23:35:38 shared.py:180] Removed task for request 260 on 127.0.0.1:8001
DEBUG 08-14 23:35:38 metrics_store.py:131] update_metrics:request_id=34
DEBUG 08-14 23:35:38 shared.py:180] Removed task for request 271 on https://u722127-b80a-4e3f9d5d.cqa1.seetacloud.com:8443
DEBUG 08-14 23:35:38 shared.py:180] Removed task for request 136 on 127.0.0.1:8001
DEBUG 08-14 23:35:38 shared.py:180] Removed task for request 34 on https://u722127-b80a-4e3f9d5d.cqa1.seetacloud.com:8443
DEBUG 08-14 23:35:38 replica.py:171] complete_request_decode:num_saved_toekens=0
DEBUG 08-14 23:35:38 open_ai.py:452] good request:https://u722127-b80a-4e3f9d5d.cqa1.seetacloud.com:8443:good,request._id=307,input=167,output=8
DEBUG 08-14 23:35:38 open_ai.py:335] async_send_request: request finish prefill, 274
INFO 08-14 23:35:38 open_ai.py:352] async_send_request: prefill completed: req=274,replica_id=0
DEBUG 08-14 23:35:38 replica.py:146] complete_request_prefill: replica_id=[0], request=274, current_budget=303,last_prefill_completed_at=30615746.636041574,last_ttft=1.5931
DEBUG 08-14 23:35:38 replica.py:153] complete_request_prefill - replica_id=[0], request=274,self.replica_slo_budget-sum_pending_tokens==current_budget:True,1048576-17021==1031555
DEBUG 08-14 23:35:38 open_ai.py:335] async_send_request: request finish prefill, 245
INFO 08-14 23:35:38 open_ai.py:352] async_send_request: prefill completed: req=245,replica_id=0
DEBUG 08-14 23:35:38 replica.py:146] complete_request_prefill: replica_id=[0], request=245, current_budget=10846,last_prefill_completed_at=30615746.63932591,last_ttft=1.62
DEBUG 08-14 23:35:38 replica.py:153] complete_request_prefill - replica_id=[0], request=245,self.replica_slo_budget-sum_pending_tokens==current_budget:True,1048576-6175==1042401
DEBUG 08-14 23:35:38 open_ai.py:335] async_send_request: request finish prefill, 262
INFO 08-14 23:35:38 open_ai.py:352] async_send_request: prefill completed: req=262,replica_id=0
DEBUG 08-14 23:35:38 replica.py:146] complete_request_prefill: replica_id=[0], request=262, current_budget=25,last_prefill_completed_at=30615746.63965621,last_ttft=1.6077
DEBUG 08-14 23:35:38 replica.py:153] complete_request_prefill - replica_id=[0], request=262,self.replica_slo_budget-sum_pending_tokens==current_budget:True,1048576-6150==1042426
INFO 08-14 23:35:38 shared.py:299] Adding task for request 360 to replica 4,session_id=360
DEBUG 08-14 23:35:38 replica.py:226] add_request - replica_id=[4], request=360,self.replica_slo_budget-sum_pending_tokens==current_budget:True,1048576-135==1048441
INFO 08-14 23:35:38 shared.py:299] Adding task for request 363 to replica 0,session_id=363
DEBUG 08-14 23:35:38 replica.py:226] add_request - replica_id=[0], request=363,self.replica_slo_budget-sum_pending_tokens==current_budget:True,1048576-6826==1041750
INFO 08-14 23:35:38 shared.py:299] Adding task for request 366 to replica 0,session_id=366
DEBUG 08-14 23:35:38 replica.py:226] add_request - replica_id=[0], request=366,self.replica_slo_budget-sum_pending_tokens==current_budget:True,1048576-6911==1041665
INFO 08-14 23:35:38 open_ai.py:115] async_send_request:request._id=360,session=360,https://u722127-8cb5-f6dc13db.nmb1.seetacloud.com:8443
INFO 08-14 23:35:38 open_ai.py:115] async_send_request:request._id=363,session=363,127.0.0.1:8000
INFO 08-14 23:35:38 open_ai.py:115] async_send_request:request._id=366,session=366,127.0.0.1:8000
DEBUG 08-14 23:35:38 open_ai.py:335] async_send_request: request finish prefill, 340
INFO 08-14 23:35:38 open_ai.py:352] async_send_request: prefill completed: req=340,replica_id=1
DEBUG 08-14 23:35:38 replica.py:146] complete_request_prefill: replica_id=[1], request=340, current_budget=353,last_prefill_completed_at=30615746.660935808,last_ttft=1.5384
DEBUG 08-14 23:35:38 replica.py:153] complete_request_prefill - replica_id=[1], request=340,self.replica_slo_budget-sum_pending_tokens==current_budget:True,1048576-762==1047814
INFO 08-14 23:35:38 shared.py:299] Adding task for request 362 to replica 0,session_id=362
DEBUG 08-14 23:35:38 replica.py:226] add_request - replica_id=[0], request=362,self.replica_slo_budget-sum_pending_tokens==current_budget:True,1048576-6932==1041644
INFO 08-14 23:35:38 shared.py:299] Adding task for request 364 to replica 2,session_id=364
DEBUG 08-14 23:35:38 replica.py:226] add_request - replica_id=[2], request=364,self.replica_slo_budget-sum_pending_tokens==current_budget:True,1048576-462==1048114
INFO 08-14 23:35:38 shared.py:299] Adding task for request 365 to replica 2,session_id=365
DEBUG 08-14 23:35:38 replica.py:226] add_request - replica_id=[2], request=365,self.replica_slo_budget-sum_pending_tokens==current_budget:True,1048576-546==1048030
INFO 08-14 23:35:38 shared.py:299] Adding task for request 361 to replica 4,session_id=361
DEBUG 08-14 23:35:38 replica.py:226] add_request - replica_id=[4], request=361,self.replica_slo_budget-sum_pending_tokens==current_budget:True,1048576-168==1048408
DEBUG 08-14 23:35:38 open_ai.py:335] async_send_request: request finish prefill, 348
INFO 08-14 23:35:38 open_ai.py:352] async_send_request: prefill completed: req=348,replica_id=1
DEBUG 08-14 23:35:38 replica.py:146] complete_request_prefill: replica_id=[1], request=348, current_budget=120,last_prefill_completed_at=30615746.664685257,last_ttft=1.5303
DEBUG 08-14 23:35:38 replica.py:153] complete_request_prefill - replica_id=[1], request=348,self.replica_slo_budget-sum_pending_tokens==current_budget:True,1048576-642==1047934
DEBUG 08-14 23:35:38 open_ai.py:335] async_send_request: request finish prefill, 331
INFO 08-14 23:35:38 open_ai.py:352] async_send_request: prefill completed: req=331,replica_id=4
DEBUG 08-14 23:35:38 replica.py:146] complete_request_prefill: replica_id=[4], request=331, current_budget=49,last_prefill_completed_at=30615746.67005496,last_ttft=1.5569
DEBUG 08-14 23:35:38 replica.py:153] complete_request_prefill - replica_id=[4], request=331,self.replica_slo_budget-sum_pending_tokens==current_budget:True,1048576-119==1048457
INFO 08-14 23:35:38 shared.py:299] Adding task for request 368 to replica 1,session_id=368
DEBUG 08-14 23:35:38 replica.py:226] add_request - replica_id=[1], request=368,self.replica_slo_budget-sum_pending_tokens==current_budget:True,1048576-687==1047889
INFO 08-14 23:35:38 shared.py:299] Adding task for request 369 to replica 1,session_id=369
DEBUG 08-14 23:35:38 replica.py:226] add_request - replica_id=[1], request=369,self.replica_slo_budget-sum_pending_tokens==current_budget:True,1048576-819==1047757
INFO 08-14 23:35:38 shared.py:299] Adding task for request 367 to replica 3,session_id=367
DEBUG 08-14 23:35:38 replica.py:226] add_request - replica_id=[3], request=367,self.replica_slo_budget-sum_pending_tokens==current_budget:True,1048576-867==1047709
DEBUG 08-14 23:35:38 open_ai.py:335] async_send_request: request finish prefill, 339
INFO 08-14 23:35:38 open_ai.py:352] async_send_request: prefill completed: req=339,replica_id=3
DEBUG 08-14 23:35:38 replica.py:146] complete_request_prefill: replica_id=[3], request=339, current_budget=29,last_prefill_completed_at=30615746.674275964,last_ttft=1.555
DEBUG 08-14 23:35:38 replica.py:153] complete_request_prefill - replica_id=[3], request=339,self.replica_slo_budget-sum_pending_tokens==current_budget:True,1048576-838==1047738
DEBUG 08-14 23:35:38 replica.py:171] complete_request_decode:num_saved_toekens=32
DEBUG 08-14 23:35:38 open_ai.py:452] good request:https://uu722127-b80a-4e3f9d5d.cqa1.seetacloud.com:8443:good,request._id=293,input=45,output=19
INFO 08-14 23:35:38 open_ai.py:115] async_send_request:request._id=362,session=362,127.0.0.1:8000
INFO 08-14 23:35:38 open_ai.py:115] async_send_request:request._id=364,session=364,https://u722127-b80a-4e3f9d5d.cqa1.seetacloud.com:8443
INFO 08-14 23:35:38 open_ai.py:115] async_send_request:request._id=365,session=365,https://u722127-b80a-4e3f9d5d.cqa1.seetacloud.com:8443
INFO 08-14 23:35:38 open_ai.py:115] async_send_request:request._id=361,session=361,https://u722127-8cb5-f6dc13db.nmb1.seetacloud.com:8443
INFO 08-14 23:35:38 open_ai.py:115] async_send_request:request._id=368,session=368,127.0.0.1:8001
INFO 08-14 23:35:38 open_ai.py:115] async_send_request:request._id=369,session=369,127.0.0.1:8001
INFO 08-14 23:35:38 open_ai.py:115] async_send_request:request._id=367,session=367,https://uu722127-b80a-4e3f9d5d.cqa1.seetacloud.com:8443
DEBUG 08-14 23:35:38 replica.py:171] complete_request_decode:num_saved_toekens=80
DEBUG 08-14 23:35:38 open_ai.py:335] async_send_request: request finish prefill, 341
INFO 08-14 23:35:38 open_ai.py:352] async_send_request: prefill completed: req=341,replica_id=3
DEBUG 08-14 23:35:38 replica.py:146] complete_request_prefill: replica_id=[3], request=341, current_budget=39,last_prefill_completed_at=30615746.684362832,last_ttft=1.5612
DEBUG 08-14 23:35:38 replica.py:153] complete_request_prefill - replica_id=[3], request=341,self.replica_slo_budget-sum_pending_tokens==current_budget:True,1048576-799==1047777
DEBUG 08-14 23:35:38 replica.py:171] complete_request_decode:num_saved_toekens=16
DEBUG 08-14 23:35:38 open_ai.py:452] good request:127.0.0.1:8000:good,request._id=274,input=303,output=2
DEBUG 08-14 23:35:38 open_ai.py:452] good request:https://u722127-b80a-4e3f9d5d.cqa1.seetacloud.com:8443:good,request._id=137,input=233,output=74
DEBUG 08-14 23:35:38 replica.py:171] complete_request_decode:num_saved_toekens=80
DEBUG 08-14 23:35:38 open_ai.py:452] good request:127.0.0.1:8001:good,request._id=157,input=63,output=74
DEBUG 08-14 23:35:38 replica.py:171] complete_request_decode:num_saved_toekens=16
DEBUG 08-14 23:35:38 open_ai.py:452] good request:127.0.0.1:8001:good,request._id=324,input=205,output=11
DEBUG 08-14 23:35:38 open_ai.py:335] async_send_request: request finish prefill, 349
INFO 08-14 23:35:38 open_ai.py:352] async_send_request: prefill completed: req=349,replica_id=1
DEBUG 08-14 23:35:38 replica.py:146] complete_request_prefill: replica_id=[1], request=349, current_budget=405,last_prefill_completed_at=30615746.69303967,last_ttft=1.5579
DEBUG 08-14 23:35:38 replica.py:153] complete_request_prefill - replica_id=[1], request=349,self.replica_slo_budget-sum_pending_tokens==current_budget:True,1048576-414==1048162
DEBUG 08-14 23:35:38 metrics_store.py:131] update_metrics:request_id=184
DEBUG 08-14 23:35:38 replica.py:171] complete_request_decode:num_saved_toekens=16
DEBUG 08-14 23:35:38 shared.py:180] Removed task for request 184 on https://uu722127-b80a-4e3f9d5d.cqa1.seetacloud.com:8443
DEBUG 08-14 23:35:38 open_ai.py:335] async_send_request: request finish prefill, 332
INFO 08-14 23:35:38 open_ai.py:352] async_send_request: prefill completed: req=332,replica_id=2
DEBUG 08-14 23:35:38 replica.py:146] complete_request_prefill: replica_id=[2], request=332, current_budget=252,last_prefill_completed_at=30615746.727374677,last_ttft=1.614
DEBUG 08-14 23:35:38 replica.py:153] complete_request_prefill - replica_id=[2], request=332,self.replica_slo_budget-sum_pending_tokens==current_budget:True,1048576-294==1048282
DEBUG 08-14 23:35:38 open_ai.py:335] async_send_request: request finish prefill, 344
INFO 08-14 23:35:38 open_ai.py:352] async_send_request: prefill completed: req=344,replica_id=2
DEBUG 08-14 23:35:38 replica.py:146] complete_request_prefill: replica_id=[2], request=344, current_budget=87,last_prefill_completed_at=30615746.72786258,last_ttft=1.6004
DEBUG 08-14 23:35:38 replica.py:153] complete_request_prefill - replica_id=[2], request=344,self.replica_slo_budget-sum_pending_tokens==current_budget:True,1048576-207==1048369
DEBUG 08-14 23:35:38 open_ai.py:335] async_send_request: request finish prefill, 353
INFO 08-14 23:35:38 open_ai.py:352] async_send_request: prefill completed: req=353,replica_id=1
DEBUG 08-14 23:35:38 replica.py:146] complete_request_prefill: replica_id=[1], request=353, current_budget=85,last_prefill_completed_at=30615746.728400294,last_ttft=1.5916
DEBUG 08-14 23:35:38 replica.py:153] complete_request_prefill - replica_id=[1], request=353,self.replica_slo_budget-sum_pending_tokens==current_budget:True,1048576-329==1048247
DEBUG 08-14 23:35:38 replica.py:171] complete_request_decode:num_saved_toekens=0
DEBUG 08-14 23:35:38 open_ai.py:452] good request:127.0.0.1:8001:good,request._id=349,input=405,output=3
DEBUG 08-14 23:35:38 open_ai.py:335] async_send_request: request finish prefill, 346
INFO 08-14 23:35:38 open_ai.py:352] async_send_request: prefill completed: req=346,replica_id=4
DEBUG 08-14 23:35:38 replica.py:146] complete_request_prefill: replica_id=[4], request=346, current_budget=39,last_prefill_completed_at=30615746.73115566,last_ttft=1.598
DEBUG 08-14 23:35:38 replica.py:153] complete_request_prefill - replica_id=[4], request=346,self.replica_slo_budget-sum_pending_tokens==current_budget:True,1048576-80==1048496
DEBUG 08-14 23:35:38 replica.py:171] complete_request_decode:num_saved_toekens=32
DEBUG 08-14 23:35:38 open_ai.py:452] good request:127.0.0.1:8000:good,request._id=172,input=341,output=42
DEBUG 08-14 23:35:38 open_ai.py:335] async_send_request: request finish prefill, 343
INFO 08-14 23:35:38 open_ai.py:352] async_send_request: prefill completed: req=343,replica_id=2
DEBUG 08-14 23:35:38 replica.py:146] complete_request_prefill: replica_id=[2], request=343, current_budget=24,last_prefill_completed_at=30615746.73558782,last_ttft=1.6104
DEBUG 08-14 23:35:38 replica.py:153] complete_request_prefill - replica_id=[2], request=343,self.replica_slo_budget-sum_pending_tokens==current_budget:True,1048576-183==1048393
DEBUG 08-14 23:35:38 open_ai.py:452] good request:127.0.0.1:8000:good,request._id=210,input=34,output=19
DEBUG 08-14 23:35:38 metrics_store.py:131] update_metrics:request_id=255
DEBUG 08-14 23:35:38 metrics_store.py:131] update_metrics:request_id=252
DEBUG 08-14 23:35:38 shared.py:180] Removed task for request 255 on https://u722127-8cb5-f6dc13db.nmb1.seetacloud.com:8443
DEBUG 08-14 23:35:38 shared.py:180] Removed task for request 252 on 127.0.0.1:8001
DEBUG 08-14 23:35:38 metrics_store.py:131] update_metrics:request_id=307
DEBUG 08-14 23:35:38 shared.py:180] Removed task for request 307 on https://u722127-b80a-4e3f9d5d.cqa1.seetacloud.com:8443
DEBUG 08-14 23:35:38 open_ai.py:335] async_send_request: request finish prefill, 351
INFO 08-14 23:35:38 open_ai.py:352] async_send_request: prefill completed: req=351,replica_id=1
DEBUG 08-14 23:35:38 replica.py:146] complete_request_prefill: replica_id=[1], request=351, current_budget=39,last_prefill_completed_at=30615746.758809455,last_ttft=1.6231
DEBUG 08-14 23:35:38 replica.py:153] complete_request_prefill - replica_id=[1], request=351,self.replica_slo_budget-sum_pending_tokens==current_budget:True,1048576-290==1048286
DEBUG 08-14 23:35:38 replica.py:171] complete_request_decode:num_saved_toekens=16
DEBUG 08-14 23:35:38 open_ai.py:452] good request:127.0.0.1:8001:good,request._id=309,input=72,output=20
INFO 08-14 23:35:38 shared.py:299] Adding task for request 370 to replica 1,session_id=370
DEBUG 08-14 23:35:38 replica.py:226] add_request - replica_id=[1], request=370,self.replica_slo_budget-sum_pending_tokens==current_budget:True,1048576-339==1048237
INFO 08-14 23:35:38 shared.py:299] Adding task for request 376 to replica 4,session_id=376
DEBUG 08-14 23:35:38 replica.py:226] add_request - replica_id=[4], request=376,self.replica_slo_budget-sum_pending_tokens==current_budget:True,1048576-257==1048319
INFO 08-14 23:35:38 shared.py:299] Adding task for request 377 to replica 1,session_id=377
DEBUG 08-14 23:35:38 replica.py:226] add_request - replica_id=[1], request=377,self.replica_slo_budget-sum_pending_tokens==current_budget:True,1048576-412==1048164
INFO 08-14 23:35:38 shared.py:299] Adding task for request 378 to replica 0,session_id=378
DEBUG 08-14 23:35:38 replica.py:226] add_request - replica_id=[0], request=378,self.replica_slo_budget-sum_pending_tokens==current_budget:True,1048576-6978==1041598
INFO 08-14 23:35:38 open_ai.py:115] async_send_request:request._id=370,session=370,127.0.0.1:8001
INFO 08-14 23:35:38 open_ai.py:115] async_send_request:request._id=376,session=376,https://u722127-8cb5-f6dc13db.nmb1.seetacloud.com:8443
INFO 08-14 23:35:38 open_ai.py:115] async_send_request:request._id=377,session=377,127.0.0.1:8001
INFO 08-14 23:35:38 open_ai.py:115] async_send_request:request._id=378,session=378,127.0.0.1:8000
INFO 08-14 23:35:38 shared.py:299] Adding task for request 371 to replica 0,session_id=371
DEBUG 08-14 23:35:38 replica.py:226] add_request - replica_id=[0], request=371,self.replica_slo_budget-sum_pending_tokens==current_budget:True,1048576-6996==1041580
INFO 08-14 23:35:38 shared.py:299] Adding task for request 373 to replica 1,session_id=373
DEBUG 08-14 23:35:38 replica.py:226] add_request - replica_id=[1], request=373,self.replica_slo_budget-sum_pending_tokens==current_budget:True,1048576-448==1048128
INFO 08-14 23:35:38 shared.py:299] Adding task for request 372 to replica 2,session_id=372
DEBUG 08-14 23:35:38 replica.py:226] add_request - replica_id=[2], request=372,self.replica_slo_budget-sum_pending_tokens==current_budget:True,1048576-244==1048332
INFO 08-14 23:35:38 shared.py:299] Adding task for request 374 to replica 3,session_id=374
DEBUG 08-14 23:35:38 replica.py:226] add_request - replica_id=[3], request=374,self.replica_slo_budget-sum_pending_tokens==current_budget:True,1048576-1046==1047530
INFO 08-14 23:35:38 shared.py:299] Adding task for request 375 to replica 3,session_id=375
DEBUG 08-14 23:35:38 replica.py:226] add_request - replica_id=[3], request=375,self.replica_slo_budget-sum_pending_tokens==current_budget:True,1048576-1114==1047462
DEBUG 08-14 23:35:38 open_ai.py:335] async_send_request: request finish prefill, 352
INFO 08-14 23:35:38 open_ai.py:352] async_send_request: prefill completed: req=352,replica_id=2
DEBUG 08-14 23:35:38 replica.py:146] complete_request_prefill: replica_id=[2], request=352, current_budget=21,last_prefill_completed_at=30615746.793991495,last_ttft=1.6575
DEBUG 08-14 23:35:38 replica.py:153] complete_request_prefill - replica_id=[2], request=352,self.replica_slo_budget-sum_pending_tokens==current_budget:True,1048576-223==1048353
DEBUG 08-14 23:35:38 replica.py:171] complete_request_decode:num_saved_toekens=16
DEBUG 08-14 23:35:38 open_ai.py:452] good request:127.0.0.1:8000:good,request._id=225,input=35,output=21
DEBUG 08-14 23:35:38 open_ai.py:335] async_send_request: request finish prefill, 347
INFO 08-14 23:35:38 open_ai.py:352] async_send_request: prefill completed: req=347,replica_id=3
DEBUG 08-14 23:35:38 replica.py:146] complete_request_prefill: replica_id=[3], request=347, current_budget=14,last_prefill_completed_at=30615746.79938629,last_ttft=1.6656
DEBUG 08-14 23:35:38 replica.py:153] complete_request_prefill - replica_id=[3], request=347,self.replica_slo_budget-sum_pending_tokens==current_budget:True,1048576-1100==1047476
INFO 08-14 23:35:38 shared.py:299] Adding task for request 379 to replica 2,session_id=379
DEBUG 08-14 23:35:38 replica.py:226] add_request - replica_id=[2], request=379,self.replica_slo_budget-sum_pending_tokens==current_budget:True,1048576-240==1048336
DEBUG 08-14 23:35:38 open_ai.py:335] async_send_request: request finish prefill, 357
INFO 08-14 23:35:38 open_ai.py:352] async_send_request: prefill completed: req=357,replica_id=1
DEBUG 08-14 23:35:38 replica.py:146] complete_request_prefill: replica_id=[1], request=357, current_budget=57,last_prefill_completed_at=30615746.800246444,last_ttft=1.6602
DEBUG 08-14 23:35:38 replica.py:153] complete_request_prefill - replica_id=[1], request=357,self.replica_slo_budget-sum_pending_tokens==current_budget:True,1048576-391==1048185
INFO 08-14 23:35:38 open_ai.py:115] async_send_request:request._id=371,session=371,127.0.0.1:8000
INFO 08-14 23:35:38 open_ai.py:115] async_send_request:request._id=373,session=373,127.0.0.1:8001
INFO 08-14 23:35:38 open_ai.py:115] async_send_request:request._id=372,session=372,https://u722127-b80a-4e3f9d5d.cqa1.seetacloud.com:8443
INFO 08-14 23:35:38 open_ai.py:115] async_send_request:request._id=374,session=374,https://uu722127-b80a-4e3f9d5d.cqa1.seetacloud.com:8443
INFO 08-14 23:35:38 open_ai.py:115] async_send_request:request._id=375,session=375,https://uu722127-b80a-4e3f9d5d.cqa1.seetacloud.com:8443
INFO 08-14 23:35:38 open_ai.py:115] async_send_request:request._id=379,session=379,https://u722127-b80a-4e3f9d5d.cqa1.seetacloud.com:8443
DEBUG 08-14 23:35:38 metrics_store.py:131] update_metrics:request_id=293
DEBUG 08-14 23:35:38 replica.py:171] complete_request_decode:num_saved_toekens=32
DEBUG 08-14 23:35:38 open_ai.py:452] good request:https://uu722127-b80a-4e3f9d5d.cqa1.seetacloud.com:8443:good,request._id=281,input=75,output=34
DEBUG 08-14 23:35:38 replica.py:171] complete_request_decode:num_saved_toekens=80
DEBUG 08-14 23:35:38 open_ai.py:452] good request:https://uu722127-b80a-4e3f9d5d.cqa1.seetacloud.com:8443:good,request._id=111,input=35,output=89
DEBUG 08-14 23:35:38 replica.py:171] complete_request_decode:num_saved_toekens=16
DEBUG 08-14 23:35:38 open_ai.py:452] good request:https://u722127-b80a-4e3f9d5d.cqa1.seetacloud.com:8443:good,request._id=326,input=11,output=19
DEBUG 08-14 23:35:38 open_ai.py:335] async_send_request: request finish prefill, 359
INFO 08-14 23:35:38 open_ai.py:352] async_send_request: prefill completed: req=359,replica_id=1
DEBUG 08-14 23:35:38 replica.py:146] complete_request_prefill: replica_id=[1], request=359, current_budget=56,last_prefill_completed_at=30615746.815210648,last_ttft=1.6729
DEBUG 08-14 23:35:38 replica.py:153] complete_request_prefill - replica_id=[1], request=359,self.replica_slo_budget-sum_pending_tokens==current_budget:True,1048576-335==1048241
DEBUG 08-14 23:35:38 shared.py:180] Removed task for request 293 on https://uu722127-b80a-4e3f9d5d.cqa1.seetacloud.com:8443
DEBUG 08-14 23:35:38 open_ai.py:335] async_send_request: request finish prefill, 345
INFO 08-14 23:35:38 open_ai.py:352] async_send_request: prefill completed: req=345,replica_id=3
DEBUG 08-14 23:35:38 replica.py:146] complete_request_prefill: replica_id=[3], request=345, current_budget=84,last_prefill_completed_at=30615746.823643025,last_ttft=1.6914
DEBUG 08-14 23:35:38 replica.py:153] complete_request_prefill - replica_id=[3], request=345,self.replica_slo_budget-sum_pending_tokens==current_budget:True,1048576-1016==1047560
DEBUG 08-14 23:35:38 metrics_store.py:131] update_metrics:request_id=274
DEBUG 08-14 23:35:38 open_ai.py:335] async_send_request: request finish prefill, 354
INFO 08-14 23:35:38 open_ai.py:352] async_send_request: prefill completed: req=354,replica_id=3
DEBUG 08-14 23:35:38 replica.py:146] complete_request_prefill: replica_id=[3], request=354, current_budget=141,last_prefill_completed_at=30615746.82478693,last_ttft=1.6875
DEBUG 08-14 23:35:38 replica.py:153] complete_request_prefill - replica_id=[3], request=354,self.replica_slo_budget-sum_pending_tokens==current_budget:True,1048576-875==1047701
DEBUG 08-14 23:35:38 metrics_store.py:131] update_metrics:request_id=137
DEBUG 08-14 23:35:38 metrics_store.py:131] update_metrics:request_id=157
DEBUG 08-14 23:35:38 shared.py:180] Removed task for request 274 on 127.0.0.1:8000
DEBUG 08-14 23:35:38 metrics_store.py:131] update_metrics:request_id=324
DEBUG 08-14 23:35:38 shared.py:180] Removed task for request 137 on https://u722127-b80a-4e3f9d5d.cqa1.seetacloud.com:8443
DEBUG 08-14 23:35:38 shared.py:180] Removed task for request 157 on 127.0.0.1:8001
DEBUG 08-14 23:35:38 shared.py:180] Removed task for request 324 on 127.0.0.1:8001
DEBUG 08-14 23:35:38 replica.py:171] complete_request_decode:num_saved_toekens=48
DEBUG 08-14 23:35:38 replica.py:171] complete_request_decode:num_saved_toekens=48
DEBUG 08-14 23:35:38 open_ai.py:452] good request:https://u722127-b80a-4e3f9d5d.cqa1.seetacloud.com:8443:good,request._id=310,input=97,output=22
DEBUG 08-14 23:35:38 open_ai.py:452] good request:https://uu722127-b80a-4e3f9d5d.cqa1.seetacloud.com:8443:good,request._id=298,input=110,output=34
DEBUG 08-14 23:35:38 metrics_store.py:131] update_metrics:request_id=349
DEBUG 08-14 23:35:38 metrics_store.py:131] update_metrics:request_id=172
DEBUG 08-14 23:35:38 metrics_store.py:131] update_metrics:request_id=210
DEBUG 08-14 23:35:38 shared.py:180] Removed task for request 349 on 127.0.0.1:8001
DEBUG 08-14 23:35:38 metrics_store.py:131] update_metrics:request_id=309
DEBUG 08-14 23:35:38 shared.py:180] Removed task for request 172 on 127.0.0.1:8000
DEBUG 08-14 23:35:38 shared.py:180] Removed task for request 210 on 127.0.0.1:8000
DEBUG 08-14 23:35:38 shared.py:180] Removed task for request 309 on 127.0.0.1:8001
DEBUG 08-14 23:35:38 open_ai.py:452] good request:https://u722127-b80a-4e3f9d5d.cqa1.seetacloud.com:8443:good,request._id=288,input=23,output=43
DEBUG 08-14 23:35:38 open_ai.py:335] async_send_request: request finish prefill, 306
INFO 08-14 23:35:38 open_ai.py:352] async_send_request: prefill completed: req=306,replica_id=0
DEBUG 08-14 23:35:38 replica.py:146] complete_request_prefill: replica_id=[0], request=306, current_budget=5768,last_prefill_completed_at=30615746.88951209,last_ttft=1.8061
DEBUG 08-14 23:35:38 replica.py:153] complete_request_prefill - replica_id=[0], request=306,self.replica_slo_budget-sum_pending_tokens==current_budget:True,1048576-1228==1047348
DEBUG 08-14 23:35:38 open_ai.py:335] async_send_request: request finish prefill, 278
INFO 08-14 23:35:38 open_ai.py:352] async_send_request: prefill completed: req=278,replica_id=0
DEBUG 08-14 23:35:38 replica.py:146] complete_request_prefill: replica_id=[0], request=278, current_budget=15,last_prefill_completed_at=30615746.889926884,last_ttft=1.8435
DEBUG 08-14 23:35:38 replica.py:153] complete_request_prefill - replica_id=[0], request=278,self.replica_slo_budget-sum_pending_tokens==current_budget:True,1048576-1213==1047363
DEBUG 08-14 23:35:38 replica.py:171] complete_request_decode:num_saved_toekens=32
DEBUG 08-14 23:35:38 open_ai.py:452] good request:127.0.0.1:8000:good,request._id=233,input=14,output=18
DEBUG 08-14 23:35:38 open_ai.py:335] async_send_request: request finish prefill, 322
INFO 08-14 23:35:38 open_ai.py:352] async_send_request: prefill completed: req=322,replica_id=0
DEBUG 08-14 23:35:38 replica.py:146] complete_request_prefill: replica_id=[0], request=322, current_budget=9,last_prefill_completed_at=30615746.89063451,last_ttft=1.7908
DEBUG 08-14 23:35:38 replica.py:153] complete_request_prefill - replica_id=[0], request=322,self.replica_slo_budget-sum_pending_tokens==current_budget:True,1048576-1204==1047372
DEBUG 08-14 23:35:38 open_ai.py:335] async_send_request: request finish prefill, 299
INFO 08-14 23:35:38 open_ai.py:352] async_send_request: prefill completed: req=299,replica_id=0
DEBUG 08-14 23:35:38 replica.py:146] complete_request_prefill: replica_id=[0], request=299, current_budget=52,last_prefill_completed_at=30615746.89094346,last_ttft=1.8244
DEBUG 08-14 23:35:38 replica.py:153] complete_request_prefill - replica_id=[0], request=299,self.replica_slo_budget-sum_pending_tokens==current_budget:True,1048576-1152==1047424
DEBUG 08-14 23:35:38 open_ai.py:335] async_send_request: request finish prefill, 338
INFO 08-14 23:35:38 open_ai.py:352] async_send_request: prefill completed: req=338,replica_id=0
DEBUG 08-14 23:35:38 replica.py:146] complete_request_prefill: replica_id=[0], request=338, current_budget=27,last_prefill_completed_at=30615746.89118459,last_ttft=1.7728
DEBUG 08-14 23:35:38 replica.py:153] complete_request_prefill - replica_id=[0], request=338,self.replica_slo_budget-sum_pending_tokens==current_budget:True,1048576-1125==1047451
DEBUG 08-14 23:35:38 open_ai.py:335] async_send_request: request finish prefill, 253
INFO 08-14 23:35:38 open_ai.py:352] async_send_request: prefill completed: req=253,replica_id=0
DEBUG 08-14 23:35:38 replica.py:146] complete_request_prefill: replica_id=[0], request=253, current_budget=64,last_prefill_completed_at=30615746.891418666,last_ttft=1.8665
DEBUG 08-14 23:35:38 replica.py:153] complete_request_prefill - replica_id=[0], request=253,self.replica_slo_budget-sum_pending_tokens==current_budget:True,1048576-1061==1047515
DEBUG 08-14 23:35:38 open_ai.py:335] async_send_request: request finish prefill, 254
INFO 08-14 23:35:38 open_ai.py:352] async_send_request: prefill completed: req=254,replica_id=0
DEBUG 08-14 23:35:38 replica.py:146] complete_request_prefill: replica_id=[0], request=254, current_budget=9,last_prefill_completed_at=30615746.891743563,last_ttft=1.8659
DEBUG 08-14 23:35:38 replica.py:153] complete_request_prefill - replica_id=[0], request=254,self.replica_slo_budget-sum_pending_tokens==current_budget:True,1048576-1052==1047524
DEBUG 08-14 23:35:38 open_ai.py:335] async_send_request: request finish prefill, 275
INFO 08-14 23:35:38 open_ai.py:352] async_send_request: prefill completed: req=275,replica_id=0
DEBUG 08-14 23:35:38 replica.py:146] complete_request_prefill: replica_id=[0], request=275, current_budget=40,last_prefill_completed_at=30615746.89209178,last_ttft=1.8489
DEBUG 08-14 23:35:38 replica.py:153] complete_request_prefill - replica_id=[0], request=275,self.replica_slo_budget-sum_pending_tokens==current_budget:True,1048576-1012==1047564
DEBUG 08-14 23:35:38 open_ai.py:335] async_send_request: request finish prefill, 287
INFO 08-14 23:35:38 open_ai.py:352] async_send_request: prefill completed: req=287,replica_id=0
DEBUG 08-14 23:35:38 replica.py:146] complete_request_prefill: replica_id=[0], request=287, current_budget=58,last_prefill_completed_at=30615746.89234952,last_ttft=1.8397
DEBUG 08-14 23:35:38 replica.py:153] complete_request_prefill - replica_id=[0], request=287,self.replica_slo_budget-sum_pending_tokens==current_budget:True,1048576-954==1047622
DEBUG 08-14 23:35:38 open_ai.py:335] async_send_request: request finish prefill, 283
INFO 08-14 23:35:38 open_ai.py:352] async_send_request: prefill completed: req=283,replica_id=0
DEBUG 08-14 23:35:38 replica.py:146] complete_request_prefill: replica_id=[0], request=283, current_budget=40,last_prefill_completed_at=30615746.89258195,last_ttft=1.8438
DEBUG 08-14 23:35:38 replica.py:153] complete_request_prefill - replica_id=[0], request=283,self.replica_slo_budget-sum_pending_tokens==current_budget:True,1048576-914==1047662
DEBUG 08-14 23:35:38 open_ai.py:335] async_send_request: request finish prefill, 323
INFO 08-14 23:35:38 open_ai.py:352] async_send_request: prefill completed: req=323,replica_id=0
DEBUG 08-14 23:35:38 replica.py:146] complete_request_prefill: replica_id=[0], request=323, current_budget=33,last_prefill_completed_at=30615746.892805632,last_ttft=1.7916
DEBUG 08-14 23:35:38 replica.py:153] complete_request_prefill - replica_id=[0], request=323,self.replica_slo_budget-sum_pending_tokens==current_budget:True,1048576-881==1047695
DEBUG 08-14 23:35:38 open_ai.py:335] async_send_request: request finish prefill, 291
INFO 08-14 23:35:38 open_ai.py:352] async_send_request: prefill completed: req=291,replica_id=0
DEBUG 08-14 23:35:38 replica.py:146] complete_request_prefill: replica_id=[0], request=291, current_budget=35,last_prefill_completed_at=30615746.893032715,last_ttft=1.8352
DEBUG 08-14 23:35:38 replica.py:153] complete_request_prefill - replica_id=[0], request=291,self.replica_slo_budget-sum_pending_tokens==current_budget:True,1048576-846==1047730
DEBUG 08-14 23:35:38 open_ai.py:335] async_send_request: request finish prefill, 368
INFO 08-14 23:35:38 open_ai.py:352] async_send_request: prefill completed: req=368,replica_id=1
DEBUG 08-14 23:35:38 replica.py:146] complete_request_prefill: replica_id=[1], request=368, current_budget=45,last_prefill_completed_at=30615746.899277013,last_ttft=1.7488
DEBUG 08-14 23:35:38 replica.py:153] complete_request_prefill - replica_id=[1], request=368,self.replica_slo_budget-sum_pending_tokens==current_budget:True,1048576-290==1048286
DEBUG 08-14 23:35:38 replica.py:171] complete_request_decode:num_saved_toekens=0
DEBUG 08-14 23:35:38 open_ai.py:452] good request:127.0.0.1:8001:good,request._id=351,input=39,output=8
DEBUG 08-14 23:35:38 open_ai.py:335] async_send_request: request finish prefill, 369
INFO 08-14 23:35:38 open_ai.py:352] async_send_request: prefill completed: req=369,replica_id=1
DEBUG 08-14 23:35:38 replica.py:146] complete_request_prefill: replica_id=[1], request=369, current_budget=132,last_prefill_completed_at=30615746.900512833,last_ttft=1.7481
DEBUG 08-14 23:35:38 replica.py:153] complete_request_prefill - replica_id=[1], request=369,self.replica_slo_budget-sum_pending_tokens==current_budget:True,1048576-158==1048418
INFO 08-14 23:35:38 shared.py:299] Adding task for request 380 to replica 1,session_id=380
DEBUG 08-14 23:35:38 replica.py:226] add_request - replica_id=[1], request=380,self.replica_slo_budget-sum_pending_tokens==current_budget:True,1048576-197==1048379
INFO 08-14 23:35:38 shared.py:299] Adding task for request 382 to replica 2,session_id=382
DEBUG 08-14 23:35:38 replica.py:226] add_request - replica_id=[2], request=382,self.replica_slo_budget-sum_pending_tokens==current_budget:True,1048576-302==1048274
INFO 08-14 23:35:38 shared.py:299] Adding task for request 383 to replica 3,session_id=383
DEBUG 08-14 23:35:38 replica.py:226] add_request - replica_id=[3], request=383,self.replica_slo_budget-sum_pending_tokens==current_budget:True,1048576-1264==1047312
INFO 08-14 23:35:38 shared.py:299] Adding task for request 384 to replica 1,session_id=384
DEBUG 08-14 23:35:38 replica.py:226] add_request - replica_id=[1], request=384,self.replica_slo_budget-sum_pending_tokens==current_budget:True,1048576-236==1048340
INFO 08-14 23:35:38 open_ai.py:115] async_send_request:request._id=380,session=380,127.0.0.1:8001
INFO 08-14 23:35:38 open_ai.py:115] async_send_request:request._id=382,session=382,https://u722127-b80a-4e3f9d5d.cqa1.seetacloud.com:8443
INFO 08-14 23:35:38 open_ai.py:115] async_send_request:request._id=383,session=383,https://uu722127-b80a-4e3f9d5d.cqa1.seetacloud.com:8443
INFO 08-14 23:35:38 open_ai.py:115] async_send_request:request._id=384,session=384,127.0.0.1:8001
DEBUG 08-14 23:35:38 open_ai.py:335] async_send_request: request finish prefill, 355
INFO 08-14 23:35:38 open_ai.py:352] async_send_request: prefill completed: req=355,replica_id=3
DEBUG 08-14 23:35:38 replica.py:146] complete_request_prefill: replica_id=[3], request=355, current_budget=36,last_prefill_completed_at=30615746.912342723,last_ttft=1.7734
DEBUG 08-14 23:35:38 replica.py:153] complete_request_prefill - replica_id=[3], request=355,self.replica_slo_budget-sum_pending_tokens==current_budget:True,1048576-1228==1047348
DEBUG 08-14 23:35:38 open_ai.py:335] async_send_request: request finish prefill, 366
INFO 08-14 23:35:38 open_ai.py:352] async_send_request: prefill completed: req=366,replica_id=0
DEBUG 08-14 23:35:38 replica.py:146] complete_request_prefill: replica_id=[0], request=366, current_budget=85,last_prefill_completed_at=30615746.9189422,last_ttft=1.7706
DEBUG 08-14 23:35:38 replica.py:153] complete_request_prefill - replica_id=[0], request=366,self.replica_slo_budget-sum_pending_tokens==current_budget:True,1048576-761==1047815
INFO 08-14 23:35:38 shared.py:299] Adding task for request 381 to replica 0,session_id=381
DEBUG 08-14 23:35:38 replica.py:226] add_request - replica_id=[0], request=381,self.replica_slo_budget-sum_pending_tokens==current_budget:True,1048576-830==1047746
INFO 08-14 23:35:38 open_ai.py:115] async_send_request:request._id=381,session=381,127.0.0.1:8000
DEBUG 08-14 23:35:38 open_ai.py:335] async_send_request: request finish prefill, 363
INFO 08-14 23:35:38 open_ai.py:352] async_send_request: prefill completed: req=363,replica_id=0
DEBUG 08-14 23:35:38 replica.py:146] complete_request_prefill: replica_id=[0], request=363, current_budget=676,last_prefill_completed_at=30615746.92229055,last_ttft=1.7767
DEBUG 08-14 23:35:38 replica.py:153] complete_request_prefill - replica_id=[0], request=363,self.replica_slo_budget-sum_pending_tokens==current_budget:True,1048576-154==1048422
INFO 08-14 23:35:38 shared.py:299] Adding task for request 385 to replica 0,session_id=385
DEBUG 08-14 23:35:38 replica.py:226] add_request - replica_id=[0], request=385,self.replica_slo_budget-sum_pending_tokens==current_budget:True,1048576-186==1048390
INFO 08-14 23:35:38 shared.py:299] Adding task for request 386 to replica 1,session_id=386
DEBUG 08-14 23:35:38 replica.py:226] add_request - replica_id=[1], request=386,self.replica_slo_budget-sum_pending_tokens==current_budget:True,1048576-271==1048305
DEBUG 08-14 23:35:38 open_ai.py:335] async_send_request: request finish prefill, 362
INFO 08-14 23:35:38 open_ai.py:352] async_send_request: prefill completed: req=362,replica_id=0
DEBUG 08-14 23:35:38 replica.py:146] complete_request_prefill: replica_id=[0], request=362, current_budget=21,last_prefill_completed_at=30615746.924377725,last_ttft=1.7797
DEBUG 08-14 23:35:38 replica.py:153] complete_request_prefill - replica_id=[0], request=362,self.replica_slo_budget-sum_pending_tokens==current_budget:True,1048576-165==1048411
INFO 08-14 23:35:38 shared.py:299] Adding task for request 388 to replica 0,session_id=388
DEBUG 08-14 23:35:38 replica.py:226] add_request - replica_id=[0], request=388,self.replica_slo_budget-sum_pending_tokens==current_budget:True,1048576-183==1048393
INFO 08-14 23:35:38 shared.py:299] Adding task for request 389 to replica 0,session_id=389
DEBUG 08-14 23:35:38 replica.py:226] add_request - replica_id=[0], request=389,self.replica_slo_budget-sum_pending_tokens==current_budget:True,1048576-208==1048368
INFO 08-14 23:35:38 shared.py:299] Adding task for request 387 to replica 3,session_id=387
DEBUG 08-14 23:35:38 replica.py:226] add_request - replica_id=[3], request=387,self.replica_slo_budget-sum_pending_tokens==current_budget:True,1048576-1250==1047326
DEBUG 08-14 23:35:38 replica.py:171] complete_request_decode:num_saved_toekens=0
DEBUG 08-14 23:35:38 open_ai.py:452] good request:127.0.0.1:8000:good,request._id=253,input=64,output=2
DEBUG 08-14 23:35:38 metrics_store.py:131] update_metrics:request_id=225
INFO 08-14 23:35:38 open_ai.py:115] async_send_request:request._id=385,session=385,127.0.0.1:8000
INFO 08-14 23:35:38 open_ai.py:115] async_send_request:request._id=386,session=386,127.0.0.1:8001
INFO 08-14 23:35:38 open_ai.py:115] async_send_request:request._id=388,session=388,127.0.0.1:8000
INFO 08-14 23:35:38 open_ai.py:115] async_send_request:request._id=389,session=389,127.0.0.1:8000
INFO 08-14 23:35:38 open_ai.py:115] async_send_request:request._id=387,session=387,https://uu722127-b80a-4e3f9d5d.cqa1.seetacloud.com:8443
DEBUG 08-14 23:35:38 shared.py:180] Removed task for request 225 on 127.0.0.1:8000
DEBUG 08-14 23:35:38 open_ai.py:335] async_send_request: request finish prefill, 356
INFO 08-14 23:35:38 open_ai.py:352] async_send_request: prefill completed: req=356,replica_id=2
DEBUG 08-14 23:35:38 replica.py:146] complete_request_prefill: replica_id=[2], request=356, current_budget=18,last_prefill_completed_at=30615746.93752466,last_ttft=1.7985
DEBUG 08-14 23:35:38 replica.py:153] complete_request_prefill - replica_id=[2], request=356,self.replica_slo_budget-sum_pending_tokens==current_budget:True,1048576-284==1048292
DEBUG 08-14 23:35:38 metrics_store.py:131] update_metrics:request_id=281
DEBUG 08-14 23:35:38 metrics_store.py:131] update_metrics:request_id=111
DEBUG 08-14 23:35:38 metrics_store.py:131] update_metrics:request_id=326
DEBUG 08-14 23:35:38 shared.py:180] Removed task for request 281 on https://uu722127-b80a-4e3f9d5d.cqa1.seetacloud.com:8443
DEBUG 08-14 23:35:38 metrics_store.py:131] update_metrics:request_id=310
DEBUG 08-14 23:35:38 shared.py:180] Removed task for request 111 on https://uu722127-b80a-4e3f9d5d.cqa1.seetacloud.com:8443
DEBUG 08-14 23:35:38 metrics_store.py:131] update_metrics:request_id=298
DEBUG 08-14 23:35:38 shared.py:180] Removed task for request 326 on https://u722127-b80a-4e3f9d5d.cqa1.seetacloud.com:8443
DEBUG 08-14 23:35:38 metrics_store.py:131] update_metrics:request_id=288
DEBUG 08-14 23:35:38 shared.py:180] Removed task for request 310 on https://u722127-b80a-4e3f9d5d.cqa1.seetacloud.com:8443
DEBUG 08-14 23:35:38 open_ai.py:335] async_send_request: request finish prefill, 365
INFO 08-14 23:35:38 open_ai.py:352] async_send_request: prefill completed: req=365,replica_id=2
DEBUG 08-14 23:35:38 replica.py:146] complete_request_prefill: replica_id=[2], request=365, current_budget=84,last_prefill_completed_at=30615746.943309598,last_ttft=1.7958
DEBUG 08-14 23:35:38 replica.py:153] complete_request_prefill - replica_id=[2], request=365,self.replica_slo_budget-sum_pending_tokens==current_budget:True,1048576-200==1048376
DEBUG 08-14 23:35:38 metrics_store.py:131] update_metrics:request_id=233
DEBUG 08-14 23:35:38 shared.py:180] Removed task for request 298 on https://uu722127-b80a-4e3f9d5d.cqa1.seetacloud.com:8443
DEBUG 08-14 23:35:38 open_ai.py:335] async_send_request: request finish prefill, 367
INFO 08-14 23:35:38 open_ai.py:352] async_send_request: prefill completed: req=367,replica_id=3
DEBUG 08-14 23:35:38 replica.py:146] complete_request_prefill: replica_id=[3], request=367, current_budget=68,last_prefill_completed_at=30615746.943982277,last_ttft=1.7945
DEBUG 08-14 23:35:38 replica.py:153] complete_request_prefill - replica_id=[3], request=367,self.replica_slo_budget-sum_pending_tokens==current_budget:True,1048576-1182==1047394
DEBUG 08-14 23:35:38 metrics_store.py:131] update_metrics:request_id=351
DEBUG 08-14 23:35:38 shared.py:180] Removed task for request 288 on https://u722127-b80a-4e3f9d5d.cqa1.seetacloud.com:8443
DEBUG 08-14 23:35:38 shared.py:180] Removed task for request 233 on 127.0.0.1:8000
DEBUG 08-14 23:35:38 shared.py:180] Removed task for request 351 on 127.0.0.1:8001
DEBUG 08-14 23:35:38 replica.py:171] complete_request_decode:num_saved_toekens=16
DEBUG 08-14 23:35:38 open_ai.py:452] good request:https://uu722127-b80a-4e3f9d5d.cqa1.seetacloud.com:8443:good,request._id=341,input=39,output=18
DEBUG 08-14 23:35:38 open_ai.py:335] async_send_request: request finish prefill, 360
INFO 08-14 23:35:38 open_ai.py:352] async_send_request: prefill completed: req=360,replica_id=4
DEBUG 08-14 23:35:38 replica.py:146] complete_request_prefill: replica_id=[4], request=360, current_budget=47,last_prefill_completed_at=30615746.965055235,last_ttft=1.8225
DEBUG 08-14 23:35:38 replica.py:153] complete_request_prefill - replica_id=[4], request=360,self.replica_slo_budget-sum_pending_tokens==current_budget:True,1048576-210==1048366
DEBUG 08-14 23:35:38 open_ai.py:335] async_send_request: request finish prefill, 364
INFO 08-14 23:35:38 open_ai.py:352] async_send_request: prefill completed: req=364,replica_id=2
DEBUG 08-14 23:35:38 replica.py:146] complete_request_prefill: replica_id=[2], request=364, current_budget=60,last_prefill_completed_at=30615746.971558176,last_ttft=1.8259
DEBUG 08-14 23:35:38 replica.py:153] complete_request_prefill - replica_id=[2], request=364,self.replica_slo_budget-sum_pending_tokens==current_budget:True,1048576-140==1048436
INFO 08-14 23:35:38 shared.py:299] Adding task for request 390 to replica 0,session_id=390
DEBUG 08-14 23:35:38 replica.py:226] add_request - replica_id=[0], request=390,self.replica_slo_budget-sum_pending_tokens==current_budget:True,1048576-240==1048336
INFO 08-14 23:35:38 shared.py:299] Adding task for request 397 to replica 4,session_id=397
DEBUG 08-14 23:35:38 replica.py:226] add_request - replica_id=[4], request=397,self.replica_slo_budget-sum_pending_tokens==current_budget:True,1048576-349==1048227
INFO 08-14 23:35:38 open_ai.py:115] async_send_request:request._id=390,session=390,127.0.0.1:8000
INFO 08-14 23:35:38 open_ai.py:115] async_send_request:request._id=397,session=397,https://u722127-8cb5-f6dc13db.nmb1.seetacloud.com:8443
DEBUG 08-14 23:35:38 metrics_store.py:131] update_metrics:request_id=253
INFO 08-14 23:35:38 shared.py:299] Adding task for request 396 to replica 0,session_id=396
DEBUG 08-14 23:35:38 replica.py:226] add_request - replica_id=[0], request=396,self.replica_slo_budget-sum_pending_tokens==current_budget:True,1048576-352==1048224
INFO 08-14 23:35:38 shared.py:299] Adding task for request 394 to replica 1,session_id=394
DEBUG 08-14 23:35:38 replica.py:226] add_request - replica_id=[1], request=394,self.replica_slo_budget-sum_pending_tokens==current_budget:True,1048576-680==1047896
INFO 08-14 23:35:38 shared.py:299] Adding task for request 395 to replica 1,session_id=395
DEBUG 08-14 23:35:38 replica.py:226] add_request - replica_id=[1], request=395,self.replica_slo_budget-sum_pending_tokens==current_budget:True,1048576-1078==1047498
INFO 08-14 23:35:38 shared.py:299] Adding task for request 392 to replica 2,session_id=392
DEBUG 08-14 23:35:38 replica.py:226] add_request - replica_id=[2], request=392,self.replica_slo_budget-sum_pending_tokens==current_budget:True,1048576-475==1048101
INFO 08-14 23:35:38 shared.py:299] Adding task for request 393 to replica 2,session_id=393
DEBUG 08-14 23:35:38 replica.py:226] add_request - replica_id=[2], request=393,self.replica_slo_budget-sum_pending_tokens==current_budget:True,1048576-950==1047626
INFO 08-14 23:35:38 shared.py:299] Adding task for request 391 to replica 3,session_id=391
DEBUG 08-14 23:35:38 replica.py:226] add_request - replica_id=[3], request=391,self.replica_slo_budget-sum_pending_tokens==current_budget:True,1048576-1517==1047059
INFO 08-14 23:35:38 open_ai.py:115] async_send_request:request._id=396,session=396,127.0.0.1:8000
INFO 08-14 23:35:38 open_ai.py:115] async_send_request:request._id=394,session=394,127.0.0.1:8001
INFO 08-14 23:35:38 open_ai.py:115] async_send_request:request._id=395,session=395,127.0.0.1:8001
INFO 08-14 23:35:38 open_ai.py:115] async_send_request:request._id=392,session=392,https://u722127-b80a-4e3f9d5d.cqa1.seetacloud.com:8443
INFO 08-14 23:35:38 open_ai.py:115] async_send_request:request._id=393,session=393,https://u722127-b80a-4e3f9d5d.cqa1.seetacloud.com:8443
INFO 08-14 23:35:38 open_ai.py:115] async_send_request:request._id=391,session=391,https://uu722127-b80a-4e3f9d5d.cqa1.seetacloud.com:8443
DEBUG 08-14 23:35:38 open_ai.py:335] async_send_request: request finish prefill, 350
INFO 08-14 23:35:38 open_ai.py:352] async_send_request: prefill completed: req=350,replica_id=3
DEBUG 08-14 23:35:38 replica.py:146] complete_request_prefill: replica_id=[3], request=350, current_budget=389,last_prefill_completed_at=30615746.99635532,last_ttft=1.8607
DEBUG 08-14 23:35:38 replica.py:153] complete_request_prefill - replica_id=[3], request=350,self.replica_slo_budget-sum_pending_tokens==current_budget:True,1048576-1128==1047448
DEBUG 08-14 23:35:38 shared.py:180] Removed task for request 253 on 127.0.0.1:8000
DEBUG 08-14 23:35:38 open_ai.py:335] async_send_request: request finish prefill, 342
INFO 08-14 23:35:38 open_ai.py:352] async_send_request: prefill completed: req=342,replica_id=3
DEBUG 08-14 23:35:38 replica.py:146] complete_request_prefill: replica_id=[3], request=342, current_budget=18,last_prefill_completed_at=30615746.998605207,last_ttft=1.874
DEBUG 08-14 23:35:38 replica.py:153] complete_request_prefill - replica_id=[3], request=342,self.replica_slo_budget-sum_pending_tokens==current_budget:True,1048576-1110==1047466
INFO 08-14 23:35:38 shared.py:299] Adding task for request 398 to replica 2,session_id=398
DEBUG 08-14 23:35:38 replica.py:226] add_request - replica_id=[2], request=398,self.replica_slo_budget-sum_pending_tokens==current_budget:True,1048576-973==1047603
INFO 08-14 23:35:38 shared.py:299] Adding task for request 399 to replica 2,session_id=399
DEBUG 08-14 23:35:38 replica.py:226] add_request - replica_id=[2], request=399,self.replica_slo_budget-sum_pending_tokens==current_budget:True,1048576-1308==1047268
DEBUG 08-14 23:35:38 open_ai.py:335] async_send_request: request finish prefill, 358
INFO 08-14 23:35:38 open_ai.py:352] async_send_request: prefill completed: req=358,replica_id=3
DEBUG 08-14 23:35:38 replica.py:146] complete_request_prefill: replica_id=[3], request=358, current_budget=49,last_prefill_completed_at=30615747.00005383,last_ttft=1.8587
DEBUG 08-14 23:35:38 replica.py:153] complete_request_prefill - replica_id=[3], request=358,self.replica_slo_budget-sum_pending_tokens==current_budget:True,1048576-1061==1047515
INFO 08-14 23:35:38 open_ai.py:115] async_send_request:request._id=398,session=398,https://u722127-b80a-4e3f9d5d.cqa1.seetacloud.com:8443
INFO 08-14 23:35:38 open_ai.py:115] async_send_request:request._id=399,session=399,https://u722127-b80a-4e3f9d5d.cqa1.seetacloud.com:8443
DEBUG 08-14 23:35:38 open_ai.py:335] async_send_request: request finish prefill, 361
INFO 08-14 23:35:38 open_ai.py:352] async_send_request: prefill completed: req=361,replica_id=4
DEBUG 08-14 23:35:38 replica.py:146] complete_request_prefill: replica_id=[4], request=361, current_budget=33,last_prefill_completed_at=30615747.004878663,last_ttft=1.8603
DEBUG 08-14 23:35:38 replica.py:153] complete_request_prefill - replica_id=[4], request=361,self.replica_slo_budget-sum_pending_tokens==current_budget:True,1048576-316==1048260
DEBUG 08-14 23:35:38 metrics_store.py:131] update_metrics:request_id=341
DEBUG 08-14 23:35:38 shared.py:180] Removed task for request 341 on https://uu722127-b80a-4e3f9d5d.cqa1.seetacloud.com:8443
DEBUG 08-14 23:35:38 replica.py:171] complete_request_decode:num_saved_toekens=32
DEBUG 08-14 23:35:38 open_ai.py:452] good request:https://u722127-b80a-4e3f9d5d.cqa1.seetacloud.com:8443:good,request._id=297,input=32,output=42
DEBUG 08-14 23:35:38 open_ai.py:335] async_send_request: request finish prefill, 378
INFO 08-14 23:35:38 open_ai.py:352] async_send_request: prefill completed: req=378,replica_id=0
DEBUG 08-14 23:35:38 replica.py:146] complete_request_prefill: replica_id=[0], request=378, current_budget=46,last_prefill_completed_at=30615747.027171317,last_ttft=1.8689
DEBUG 08-14 23:35:38 replica.py:153] complete_request_prefill - replica_id=[0], request=378,self.replica_slo_budget-sum_pending_tokens==current_budget:True,1048576-306==1048270
DEBUG 08-14 23:35:38 open_ai.py:335] async_send_request: request finish prefill, 371
INFO 08-14 23:35:38 open_ai.py:352] async_send_request: prefill completed: req=371,replica_id=0
DEBUG 08-14 23:35:38 replica.py:146] complete_request_prefill: replica_id=[0], request=371, current_budget=18,last_prefill_completed_at=30615747.0276654,last_ttft=1.872
DEBUG 08-14 23:35:38 replica.py:153] complete_request_prefill - replica_id=[0], request=371,self.replica_slo_budget-sum_pending_tokens==current_budget:True,1048576-288==1048288
DEBUG 08-14 23:35:38 open_ai.py:335] async_send_request: request finish prefill, 372
INFO 08-14 23:35:38 open_ai.py:352] async_send_request: prefill completed: req=372,replica_id=2
DEBUG 08-14 23:35:38 replica.py:146] complete_request_prefill: replica_id=[2], request=372, current_budget=61,last_prefill_completed_at=30615747.037918575,last_ttft=1.8809
DEBUG 08-14 23:35:38 replica.py:153] complete_request_prefill - replica_id=[2], request=372,self.replica_slo_budget-sum_pending_tokens==current_budget:True,1048576-1247==1047329
DEBUG 08-14 23:35:38 replica.py:171] complete_request_decode:num_saved_toekens=192
DEBUG 08-14 23:35:38 open_ai.py:452] good request:127.0.0.1:8001:good,request._id=7,input=43,output=194
DEBUG 08-14 23:35:38 open_ai.py:335] async_send_request: request finish prefill, 370
INFO 08-14 23:35:38 open_ai.py:352] async_send_request: prefill completed: req=370,replica_id=1
DEBUG 08-14 23:35:38 replica.py:146] complete_request_prefill: replica_id=[1], request=370, current_budget=49,last_prefill_completed_at=30615747.041037112,last_ttft=1.8882
DEBUG 08-14 23:35:38 replica.py:153] complete_request_prefill - replica_id=[1], request=370,self.replica_slo_budget-sum_pending_tokens==current_budget:True,1048576-1029==1047547
DEBUG 08-14 23:35:38 open_ai.py:335] async_send_request: request finish prefill, 379
INFO 08-14 23:35:38 open_ai.py:352] async_send_request: prefill completed: req=379,replica_id=2
DEBUG 08-14 23:35:38 replica.py:146] complete_request_prefill: replica_id=[2], request=379, current_budget=17,last_prefill_completed_at=30615747.04194776,last_ttft=1.8809
DEBUG 08-14 23:35:38 replica.py:153] complete_request_prefill - replica_id=[2], request=379,self.replica_slo_budget-sum_pending_tokens==current_budget:True,1048576-1230==1047346
INFO 08-14 23:35:38 shared.py:299] Adding task for request 400 to replica 4,session_id=400
DEBUG 08-14 23:35:38 replica.py:226] add_request - replica_id=[4], request=400,self.replica_slo_budget-sum_pending_tokens==current_budget:True,1048576-327==1048249
INFO 08-14 23:35:38 shared.py:299] Adding task for request 404 to replica 4,session_id=404
DEBUG 08-14 23:35:38 replica.py:226] add_request - replica_id=[4], request=404,self.replica_slo_budget-sum_pending_tokens==current_budget:True,1048576-412==1048164
INFO 08-14 23:35:38 shared.py:299] Adding task for request 406 to replica 2,session_id=406
DEBUG 08-14 23:35:38 replica.py:226] add_request - replica_id=[2], request=406,self.replica_slo_budget-sum_pending_tokens==current_budget:True,1048576-1479==1047097
INFO 08-14 23:35:38 shared.py:299] Adding task for request 409 to replica 1,session_id=409
DEBUG 08-14 23:35:38 replica.py:226] add_request - replica_id=[1], request=409,self.replica_slo_budget-sum_pending_tokens==current_budget:True,1048576-1082==1047494
INFO 08-14 23:35:38 open_ai.py:115] async_send_request:request._id=400,session=400,https://u722127-8cb5-f6dc13db.nmb1.seetacloud.com:8443
INFO 08-14 23:35:38 open_ai.py:115] async_send_request:request._id=404,session=404,https://u722127-8cb5-f6dc13db.nmb1.seetacloud.com:8443
INFO 08-14 23:35:38 open_ai.py:115] async_send_request:request._id=406,session=406,https://u722127-b80a-4e3f9d5d.cqa1.seetacloud.com:8443
INFO 08-14 23:35:38 open_ai.py:115] async_send_request:request._id=409,session=409,127.0.0.1:8001
DEBUG 08-14 23:35:38 open_ai.py:335] async_send_request: request finish prefill, 374
INFO 08-14 23:35:38 open_ai.py:352] async_send_request: prefill completed: req=374,replica_id=3
DEBUG 08-14 23:35:38 replica.py:146] complete_request_prefill: replica_id=[3], request=374, current_budget=247,last_prefill_completed_at=30615747.06424915,last_ttft=1.9069
DEBUG 08-14 23:35:38 replica.py:153] complete_request_prefill - replica_id=[3], request=374,self.replica_slo_budget-sum_pending_tokens==current_budget:True,1048576-814==1047762
INFO 08-14 23:35:38 shared.py:299] Adding task for request 401 to replica 0,session_id=401
DEBUG 08-14 23:35:38 replica.py:226] add_request - replica_id=[0], request=401,self.replica_slo_budget-sum_pending_tokens==current_budget:True,1048576-304==1048272
INFO 08-14 23:35:38 shared.py:299] Adding task for request 405 to replica 0,session_id=405
DEBUG 08-14 23:35:38 replica.py:226] add_request - replica_id=[0], request=405,self.replica_slo_budget-sum_pending_tokens==current_budget:True,1048576-615==1047961
INFO 08-14 23:35:38 shared.py:299] Adding task for request 402 to replica 3,session_id=402
DEBUG 08-14 23:35:38 replica.py:226] add_request - replica_id=[3], request=402,self.replica_slo_budget-sum_pending_tokens==current_budget:True,1048576-875==1047701
INFO 08-14 23:35:38 shared.py:299] Adding task for request 403 to replica 3,session_id=403
DEBUG 08-14 23:35:38 replica.py:226] add_request - replica_id=[3], request=403,self.replica_slo_budget-sum_pending_tokens==current_budget:True,1048576-896==1047680
DEBUG 08-14 23:35:38 open_ai.py:335] async_send_request: request finish prefill, 375
INFO 08-14 23:35:38 open_ai.py:352] async_send_request: prefill completed: req=375,replica_id=3
DEBUG 08-14 23:35:38 replica.py:146] complete_request_prefill: replica_id=[3], request=375, current_budget=68,last_prefill_completed_at=30615747.067818947,last_ttft=1.9103
DEBUG 08-14 23:35:38 replica.py:153] complete_request_prefill - replica_id=[3], request=375,self.replica_slo_budget-sum_pending_tokens==current_budget:True,1048576-828==1047748
INFO 08-14 23:35:38 shared.py:299] Adding task for request 407 to replica 4,session_id=407
DEBUG 08-14 23:35:38 replica.py:226] add_request - replica_id=[4], request=407,self.replica_slo_budget-sum_pending_tokens==current_budget:True,1048576-625==1047951
DEBUG 08-14 23:35:38 open_ai.py:335] async_send_request: request finish prefill, 373
INFO 08-14 23:35:38 open_ai.py:352] async_send_request: prefill completed: req=373,replica_id=1
DEBUG 08-14 23:35:38 replica.py:146] complete_request_prefill: replica_id=[1], request=373, current_budget=36,last_prefill_completed_at=30615747.070839494,last_ttft=1.9138
DEBUG 08-14 23:35:38 replica.py:153] complete_request_prefill - replica_id=[1], request=373,self.replica_slo_budget-sum_pending_tokens==current_budget:True,1048576-1046==1047530
INFO 08-14 23:35:38 shared.py:299] Adding task for request 408 to replica 0,session_id=408
DEBUG 08-14 23:35:38 replica.py:226] add_request - replica_id=[0], request=408,self.replica_slo_budget-sum_pending_tokens==current_budget:True,1048576-625==1047951
DEBUG 08-14 23:35:38 open_ai.py:335] async_send_request: request finish prefill, 377
INFO 08-14 23:35:38 open_ai.py:352] async_send_request: prefill completed: req=377,replica_id=1
DEBUG 08-14 23:35:38 replica.py:146] complete_request_prefill: replica_id=[1], request=377, current_budget=73,last_prefill_completed_at=30615747.071233183,last_ttft=1.9132
DEBUG 08-14 23:35:38 replica.py:153] complete_request_prefill - replica_id=[1], request=377,self.replica_slo_budget-sum_pending_tokens==current_budget:True,1048576-973==1047603
INFO 08-14 23:35:38 open_ai.py:115] async_send_request:request._id=401,session=401,127.0.0.1:8000
INFO 08-14 23:35:38 open_ai.py:115] async_send_request:request._id=405,session=405,127.0.0.1:8000
INFO 08-14 23:35:38 open_ai.py:115] async_send_request:request._id=402,session=402,https://uu722127-b80a-4e3f9d5d.cqa1.seetacloud.com:8443
INFO 08-14 23:35:38 open_ai.py:115] async_send_request:request._id=403,session=403,https://uu722127-b80a-4e3f9d5d.cqa1.seetacloud.com:8443
INFO 08-14 23:35:38 open_ai.py:115] async_send_request:request._id=407,session=407,https://u722127-8cb5-f6dc13db.nmb1.seetacloud.com:8443
INFO 08-14 23:35:38 open_ai.py:115] async_send_request:request._id=408,session=408,127.0.0.1:8000
DEBUG 08-14 23:35:38 replica.py:171] complete_request_decode:num_saved_toekens=64
DEBUG 08-14 23:35:38 open_ai.py:452] good request:127.0.0.1:8000:good,request._id=123,input=20,output=66
DEBUG 08-14 23:35:38 replica.py:171] complete_request_decode:num_saved_toekens=0
DEBUG 08-14 23:35:38 open_ai.py:452] good request:127.0.0.1:8000:good,request._id=299,input=52,output=8
DEBUG 08-14 23:35:38 open_ai.py:335] async_send_request: request finish prefill, 381
INFO 08-14 23:35:38 open_ai.py:352] async_send_request: prefill completed: req=381,replica_id=0
DEBUG 08-14 23:35:38 replica.py:146] complete_request_prefill: replica_id=[0], request=381, current_budget=69,last_prefill_completed_at=30615747.079483584,last_ttft=1.9152
DEBUG 08-14 23:35:38 replica.py:153] complete_request_prefill - replica_id=[0], request=381,self.replica_slo_budget-sum_pending_tokens==current_budget:True,1048576-556==1048020
DEBUG 08-14 23:35:38 open_ai.py:335] async_send_request: request finish prefill, 380
INFO 08-14 23:35:38 open_ai.py:352] async_send_request: prefill completed: req=380,replica_id=1
DEBUG 08-14 23:35:38 replica.py:146] complete_request_prefill: replica_id=[1], request=380, current_budget=39,last_prefill_completed_at=30615747.08307161,last_ttft=1.9203
DEBUG 08-14 23:35:38 replica.py:153] complete_request_prefill - replica_id=[1], request=380,self.replica_slo_budget-sum_pending_tokens==current_budget:True,1048576-934==1047642
DEBUG 08-14 23:35:38 open_ai.py:335] async_send_request: request finish prefill, 385
INFO 08-14 23:35:38 open_ai.py:352] async_send_request: prefill completed: req=385,replica_id=0
DEBUG 08-14 23:35:38 replica.py:146] complete_request_prefill: replica_id=[0], request=385, current_budget=32,last_prefill_completed_at=30615747.085460376,last_ttft=1.9166
DEBUG 08-14 23:35:38 replica.py:153] complete_request_prefill - replica_id=[0], request=385,self.replica_slo_budget-sum_pending_tokens==current_budget:True,1048576-524==1048052
DEBUG 08-14 23:35:38 open_ai.py:335] async_send_request: request finish prefill, 383
INFO 08-14 23:35:38 open_ai.py:352] async_send_request: prefill completed: req=383,replica_id=3
DEBUG 08-14 23:35:38 replica.py:146] complete_request_prefill: replica_id=[3], request=383, current_budget=389,last_prefill_completed_at=30615747.08836493,last_ttft=1.9218
DEBUG 08-14 23:35:38 replica.py:153] complete_request_prefill - replica_id=[3], request=383,self.replica_slo_budget-sum_pending_tokens==current_budget:True,1048576-439==1048137
DEBUG 08-14 23:35:38 metrics_store.py:131] update_metrics:request_id=297
DEBUG 08-14 23:35:38 metrics_store.py:131] update_metrics:request_id=7
DEBUG 08-14 23:35:38 open_ai.py:335] async_send_request: request finish prefill, 376
INFO 08-14 23:35:38 open_ai.py:352] async_send_request: prefill completed: req=376,replica_id=4
DEBUG 08-14 23:35:38 replica.py:146] complete_request_prefill: replica_id=[4], request=376, current_budget=177,last_prefill_completed_at=30615747.092596903,last_ttft=1.9349
DEBUG 08-14 23:35:38 replica.py:153] complete_request_prefill - replica_id=[4], request=376,self.replica_slo_budget-sum_pending_tokens==current_budget:True,1048576-448==1048128
DEBUG 08-14 23:35:38 shared.py:180] Removed task for request 297 on https://u722127-b80a-4e3f9d5d.cqa1.seetacloud.com:8443
DEBUG 08-14 23:35:38 shared.py:180] Removed task for request 7 on 127.0.0.1:8001
DEBUG 08-14 23:35:38 open_ai.py:335] async_send_request: request finish prefill, 384
INFO 08-14 23:35:38 open_ai.py:352] async_send_request: prefill completed: req=384,replica_id=1
DEBUG 08-14 23:35:38 replica.py:146] complete_request_prefill: replica_id=[1], request=384, current_budget=39,last_prefill_completed_at=30615747.11613084,last_ttft=1.9491
DEBUG 08-14 23:35:38 replica.py:153] complete_request_prefill - replica_id=[1], request=384,self.replica_slo_budget-sum_pending_tokens==current_budget:True,1048576-895==1047681
DEBUG 08-14 23:35:38 open_ai.py:335] async_send_request: request finish prefill, 386
INFO 08-14 23:35:38 open_ai.py:352] async_send_request: prefill completed: req=386,replica_id=1
DEBUG 08-14 23:35:38 replica.py:146] complete_request_prefill: replica_id=[1], request=386, current_budget=35,last_prefill_completed_at=30615747.116541352,last_ttft=1.9475
DEBUG 08-14 23:35:38 replica.py:153] complete_request_prefill - replica_id=[1], request=386,self.replica_slo_budget-sum_pending_tokens==current_budget:True,1048576-860==1047716
DEBUG 08-14 23:35:38 open_ai.py:335] async_send_request: request finish prefill, 388
INFO 08-14 23:35:38 open_ai.py:352] async_send_request: prefill completed: req=388,replica_id=0
DEBUG 08-14 23:35:38 replica.py:146] complete_request_prefill: replica_id=[0], request=388, current_budget=18,last_prefill_completed_at=30615747.11944776,last_ttft=1.9499
DEBUG 08-14 23:35:38 replica.py:153] complete_request_prefill - replica_id=[0], request=388,self.replica_slo_budget-sum_pending_tokens==current_budget:True,1048576-506==1048070
DEBUG 08-14 23:35:38 open_ai.py:335] async_send_request: request finish prefill, 389
INFO 08-14 23:35:38 open_ai.py:352] async_send_request: prefill completed: req=389,replica_id=0
DEBUG 08-14 23:35:38 replica.py:146] complete_request_prefill: replica_id=[0], request=389, current_budget=25,last_prefill_completed_at=30615747.120230295,last_ttft=1.9501
DEBUG 08-14 23:35:38 replica.py:153] complete_request_prefill - replica_id=[0], request=389,self.replica_slo_budget-sum_pending_tokens==current_budget:True,1048576-481==1048095
INFO 08-14 23:35:38 shared.py:299] Adding task for request 410 to replica 2,session_id=410
DEBUG 08-14 23:35:38 replica.py:226] add_request - replica_id=[2], request=410,self.replica_slo_budget-sum_pending_tokens==current_budget:True,1048576-1514==1047062
INFO 08-14 23:35:38 shared.py:299] Adding task for request 415 to replica 3,session_id=415
DEBUG 08-14 23:35:38 replica.py:226] add_request - replica_id=[3], request=415,self.replica_slo_budget-sum_pending_tokens==current_budget:True,1048576-471==1048105
INFO 08-14 23:35:38 shared.py:299] Adding task for request 418 to replica 4,session_id=418
DEBUG 08-14 23:35:38 replica.py:226] add_request - replica_id=[4], request=418,self.replica_slo_budget-sum_pending_tokens==current_budget:True,1048576-832==1047744
INFO 08-14 23:35:38 open_ai.py:115] async_send_request:request._id=410,session=410,https://u722127-b80a-4e3f9d5d.cqa1.seetacloud.com:8443
INFO 08-14 23:35:38 open_ai.py:115] async_send_request:request._id=415,session=415,https://uu722127-b80a-4e3f9d5d.cqa1.seetacloud.com:8443
INFO 08-14 23:35:38 open_ai.py:115] async_send_request:request._id=418,session=418,https://u722127-8cb5-f6dc13db.nmb1.seetacloud.com:8443
DEBUG 08-14 23:35:38 replica.py:171] complete_request_decode:num_saved_toekens=64
DEBUG 08-14 23:35:38 open_ai.py:452] good request:https://uu722127-b80a-4e3f9d5d.cqa1.seetacloud.com:8443:good,request._id=269,input=151,output=67
INFO 08-14 23:35:39 shared.py:299] Adding task for request 416 to replica 0,session_id=416
DEBUG 08-14 23:35:39 replica.py:226] add_request - replica_id=[0], request=416,self.replica_slo_budget-sum_pending_tokens==current_budget:True,1048576-496==1048080
INFO 08-14 23:35:39 shared.py:299] Adding task for request 417 to replica 0,session_id=417
DEBUG 08-14 23:35:39 replica.py:226] add_request - replica_id=[0], request=417,self.replica_slo_budget-sum_pending_tokens==current_budget:True,1048576-579==1047997
INFO 08-14 23:35:39 shared.py:299] Adding task for request 412 to replica 1,session_id=412
DEBUG 08-14 23:35:39 replica.py:226] add_request - replica_id=[1], request=412,self.replica_slo_budget-sum_pending_tokens==current_budget:True,1048576-880==1047696
INFO 08-14 23:35:39 shared.py:299] Adding task for request 413 to replica 1,session_id=413
DEBUG 08-14 23:35:39 replica.py:226] add_request - replica_id=[1], request=413,self.replica_slo_budget-sum_pending_tokens==current_budget:True,1048576-967==1047609
INFO 08-14 23:35:39 shared.py:299] Adding task for request 414 to replica 2,session_id=414
DEBUG 08-14 23:35:39 replica.py:226] add_request - replica_id=[2], request=414,self.replica_slo_budget-sum_pending_tokens==current_budget:True,1048576-1588==1046988
INFO 08-14 23:35:39 shared.py:299] Adding task for request 411 to replica 3,session_id=411
DEBUG 08-14 23:35:39 replica.py:226] add_request - replica_id=[3], request=411,self.replica_slo_budget-sum_pending_tokens==current_budget:True,1048576-584==1047992
INFO 08-14 23:35:39 open_ai.py:115] async_send_request:request._id=416,session=416,127.0.0.1:8000
INFO 08-14 23:35:39 open_ai.py:115] async_send_request:request._id=417,session=417,127.0.0.1:8000
INFO 08-14 23:35:39 open_ai.py:115] async_send_request:request._id=412,session=412,127.0.0.1:8001
INFO 08-14 23:35:39 open_ai.py:115] async_send_request:request._id=413,session=413,127.0.0.1:8001
INFO 08-14 23:35:39 open_ai.py:115] async_send_request:request._id=414,session=414,https://u722127-b80a-4e3f9d5d.cqa1.seetacloud.com:8443
INFO 08-14 23:35:39 open_ai.py:115] async_send_request:request._id=411,session=411,https://uu722127-b80a-4e3f9d5d.cqa1.seetacloud.com:8443
INFO 08-14 23:35:39 shared.py:299] Adding task for request 419 to replica 2,session_id=419
DEBUG 08-14 23:35:39 replica.py:226] add_request - replica_id=[2], request=419,self.replica_slo_budget-sum_pending_tokens==current_budget:True,1048576-2980==1045596
INFO 08-14 23:35:39 open_ai.py:115] async_send_request:request._id=419,session=419,https://u722127-b80a-4e3f9d5d.cqa1.seetacloud.com:8443
DEBUG 08-14 23:35:39 open_ai.py:335] async_send_request: request finish prefill, 396
INFO 08-14 23:35:39 open_ai.py:352] async_send_request: prefill completed: req=396,replica_id=0
DEBUG 08-14 23:35:39 replica.py:146] complete_request_prefill: replica_id=[0], request=396, current_budget=112,last_prefill_completed_at=30615747.15873111,last_ttft=1.985
DEBUG 08-14 23:35:39 replica.py:153] complete_request_prefill - replica_id=[0], request=396,self.replica_slo_budget-sum_pending_tokens==current_budget:True,1048576-467==1048109
DEBUG 08-14 23:35:39 open_ai.py:335] async_send_request: request finish prefill, 390
INFO 08-14 23:35:39 open_ai.py:352] async_send_request: prefill completed: req=390,replica_id=0
DEBUG 08-14 23:35:39 replica.py:146] complete_request_prefill: replica_id=[0], request=390, current_budget=32,last_prefill_completed_at=30615747.15936503,last_ttft=1.9891
DEBUG 08-14 23:35:39 replica.py:153] complete_request_prefill - replica_id=[0], request=390,self.replica_slo_budget-sum_pending_tokens==current_budget:True,1048576-435==1048141
DEBUG 08-14 23:35:39 open_ai.py:335] async_send_request: request finish prefill, 394
INFO 08-14 23:35:39 open_ai.py:352] async_send_request: prefill completed: req=394,replica_id=1
DEBUG 08-14 23:35:39 replica.py:146] complete_request_prefill: replica_id=[1], request=394, current_budget=409,last_prefill_completed_at=30615747.16085493,last_ttft=1.9883
DEBUG 08-14 23:35:39 replica.py:153] complete_request_prefill - replica_id=[1], request=394,self.replica_slo_budget-sum_pending_tokens==current_budget:True,1048576-558==1048018
DEBUG 08-14 23:35:39 open_ai.py:335] async_send_request: request finish prefill, 395
INFO 08-14 23:35:39 open_ai.py:352] async_send_request: prefill completed: req=395,replica_id=1
DEBUG 08-14 23:35:39 replica.py:146] complete_request_prefill: replica_id=[1], request=395, current_budget=398,last_prefill_completed_at=30615747.16167947,last_ttft=1.9887
DEBUG 08-14 23:35:39 replica.py:153] complete_request_prefill - replica_id=[1], request=395,self.replica_slo_budget-sum_pending_tokens==current_budget:True,1048576-160==1048416
DEBUG 08-14 23:35:39 metrics_store.py:131] update_metrics:request_id=123
DEBUG 08-14 23:35:39 metrics_store.py:131] update_metrics:request_id=299
DEBUG 08-14 23:35:39 shared.py:180] Removed task for request 123 on 127.0.0.1:8000
DEBUG 08-14 23:35:39 shared.py:180] Removed task for request 299 on 127.0.0.1:8000
DEBUG 08-14 23:35:39 replica.py:171] complete_request_decode:num_saved_toekens=0
DEBUG 08-14 23:35:39 open_ai.py:452] good request:127.0.0.1:8001:good,request._id=394,input=409,output=2
DEBUG 08-14 23:35:39 replica.py:171] complete_request_decode:num_saved_toekens=16
DEBUG 08-14 23:35:39 open_ai.py:452] good request:127.0.0.1:8001:good,request._id=377,input=73,output=7
INFO 08-14 23:35:39 shared.py:299] Adding task for request 420 to replica 1,session_id=420
DEBUG 08-14 23:35:39 replica.py:226] add_request - replica_id=[1], request=420,self.replica_slo_budget-sum_pending_tokens==current_budget:True,1048576-513==1048063
INFO 08-14 23:35:39 shared.py:299] Adding task for request 422 to replica 1,session_id=422
DEBUG 08-14 23:35:39 replica.py:226] add_request - replica_id=[1], request=422,self.replica_slo_budget-sum_pending_tokens==current_budget:True,1048576-663==1047913
INFO 08-14 23:35:39 shared.py:299] Adding task for request 423 to replica 0,session_id=423
DEBUG 08-14 23:35:39 replica.py:226] add_request - replica_id=[0], request=423,self.replica_slo_budget-sum_pending_tokens==current_budget:True,1048576-449==1048127
INFO 08-14 23:35:39 shared.py:299] Adding task for request 425 to replica 1,session_id=425
DEBUG 08-14 23:35:39 replica.py:226] add_request - replica_id=[1], request=425,self.replica_slo_budget-sum_pending_tokens==current_budget:True,1048576-679==1047897
DEBUG 08-14 23:35:39 open_ai.py:335] async_send_request: request finish prefill, 382
INFO 08-14 23:35:39 open_ai.py:352] async_send_request: prefill completed: req=382,replica_id=2
DEBUG 08-14 23:35:39 replica.py:146] complete_request_prefill: replica_id=[2], request=382, current_budget=62,last_prefill_completed_at=30615747.21660627,last_ttft=2.0516
DEBUG 08-14 23:35:39 replica.py:153] complete_request_prefill - replica_id=[2], request=382,self.replica_slo_budget-sum_pending_tokens==current_budget:True,1048576-2918==1045658
INFO 08-14 23:35:39 open_ai.py:115] async_send_request:request._id=420,session=420,127.0.0.1:8001
INFO 08-14 23:35:39 open_ai.py:115] async_send_request:request._id=422,session=422,127.0.0.1:8001
INFO 08-14 23:35:39 open_ai.py:115] async_send_request:request._id=423,session=423,127.0.0.1:8000
INFO 08-14 23:35:39 open_ai.py:115] async_send_request:request._id=425,session=425,127.0.0.1:8001
DEBUG 08-14 23:35:39 open_ai.py:335] async_send_request: request finish prefill, 392
INFO 08-14 23:35:39 open_ai.py:352] async_send_request: prefill completed: req=392,replica_id=2
DEBUG 08-14 23:35:39 replica.py:146] complete_request_prefill: replica_id=[2], request=392, current_budget=335,last_prefill_completed_at=30615747.22082821,last_ttft=2.0488
DEBUG 08-14 23:35:39 replica.py:153] complete_request_prefill - replica_id=[2], request=392,self.replica_slo_budget-sum_pending_tokens==current_budget:True,1048576-2583==1045993
INFO 08-14 23:35:39 shared.py:299] Adding task for request 421 to replica 1,session_id=421
DEBUG 08-14 23:35:39 replica.py:226] add_request - replica_id=[1], request=421,self.replica_slo_budget-sum_pending_tokens==current_budget:True,1048576-799==1047777
INFO 08-14 23:35:39 open_ai.py:115] async_send_request:request._id=421,session=421,127.0.0.1:8001
DEBUG 08-14 23:35:39 replica.py:171] complete_request_decode:num_saved_toekens=16
DEBUG 08-14 23:35:39 open_ai.py:452] good request:127.0.0.1:8000:good,request._id=322,input=9,output=13
DEBUG 08-14 23:35:39 replica.py:171] complete_request_decode:num_saved_toekens=0
DEBUG 08-14 23:35:39 open_ai.py:452] good request:127.0.0.1:8000:good,request._id=254,input=9,output=13
DEBUG 08-14 23:35:39 replica.py:171] complete_request_decode:num_saved_toekens=16
DEBUG 08-14 23:35:39 open_ai.py:452] good request:https://u722127-b80a-4e3f9d5d.cqa1.seetacloud.com:8443:good,request._id=382,input=62,output=2
DEBUG 08-14 23:35:39 open_ai.py:335] async_send_request: request finish prefill, 387
INFO 08-14 23:35:39 open_ai.py:352] async_send_request: prefill completed: req=387,replica_id=3
DEBUG 08-14 23:35:39 replica.py:146] complete_request_prefill: replica_id=[3], request=387, current_budget=22,last_prefill_completed_at=30615747.231400426,last_ttft=2.0623
DEBUG 08-14 23:35:39 replica.py:153] complete_request_prefill - replica_id=[3], request=387,self.replica_slo_budget-sum_pending_tokens==current_budget:True,1048576-562==1048014
INFO 08-14 23:35:39 shared.py:299] Adding task for request 424 to replica 0,session_id=424
DEBUG 08-14 23:35:39 replica.py:226] add_request - replica_id=[0], request=424,self.replica_slo_budget-sum_pending_tokens==current_budget:True,1048576-482==1048094
INFO 08-14 23:35:39 shared.py:299] Adding task for request 428 to replica 0,session_id=428
DEBUG 08-14 23:35:39 replica.py:226] add_request - replica_id=[0], request=428,self.replica_slo_budget-sum_pending_tokens==current_budget:True,1048576-495==1048081
INFO 08-14 23:35:39 shared.py:299] Adding task for request 429 to replica 0,session_id=429
DEBUG 08-14 23:35:39 replica.py:226] add_request - replica_id=[0], request=429,self.replica_slo_budget-sum_pending_tokens==current_budget:True,1048576-1343==1047233
INFO 08-14 23:35:39 shared.py:299] Adding task for request 426 to replica 3,session_id=426
DEBUG 08-14 23:35:39 replica.py:226] add_request - replica_id=[3], request=426,self.replica_slo_budget-sum_pending_tokens==current_budget:True,1048576-597==1047979
INFO 08-14 23:35:39 shared.py:299] Adding task for request 427 to replica 4,session_id=427
DEBUG 08-14 23:35:39 replica.py:226] add_request - replica_id=[4], request=427,self.replica_slo_budget-sum_pending_tokens==current_budget:True,1048576-857==1047719
INFO 08-14 23:35:39 open_ai.py:115] async_send_request:request._id=424,session=424,127.0.0.1:8000
INFO 08-14 23:35:39 open_ai.py:115] async_send_request:request._id=428,session=428,127.0.0.1:8000
INFO 08-14 23:35:39 open_ai.py:115] async_send_request:request._id=429,session=429,127.0.0.1:8000
INFO 08-14 23:35:39 open_ai.py:115] async_send_request:request._id=426,session=426,https://uu722127-b80a-4e3f9d5d.cqa1.seetacloud.com:8443
INFO 08-14 23:35:39 open_ai.py:115] async_send_request:request._id=427,session=427,https://u722127-8cb5-f6dc13db.nmb1.seetacloud.com:8443
DEBUG 08-14 23:35:39 metrics_store.py:131] update_metrics:request_id=269
DEBUG 08-14 23:35:39 replica.py:171] complete_request_decode:num_saved_toekens=16
DEBUG 08-14 23:35:39 open_ai.py:452] good request:https://uu722127-b80a-4e3f9d5d.cqa1.seetacloud.com:8443:good,request._id=367,input=68,output=19
DEBUG 08-14 23:35:39 open_ai.py:335] async_send_request: request finish prefill, 401
INFO 08-14 23:35:39 open_ai.py:352] async_send_request: prefill completed: req=401,replica_id=0
DEBUG 08-14 23:35:39 replica.py:146] complete_request_prefill: replica_id=[0], request=401, current_budget=16,last_prefill_completed_at=30615747.241515864,last_ttft=2.0656
DEBUG 08-14 23:35:39 replica.py:153] complete_request_prefill - replica_id=[0], request=401,self.replica_slo_budget-sum_pending_tokens==current_budget:True,1048576-1327==1047249
DEBUG 08-14 23:35:39 replica.py:171] complete_request_decode:num_saved_toekens=16
DEBUG 08-14 23:35:39 open_ai.py:452] good request:127.0.0.1:8000:good,request._id=262,input=25,output=20
DEBUG 08-14 23:35:39 open_ai.py:335] async_send_request: request finish prefill, 409
INFO 08-14 23:35:39 open_ai.py:352] async_send_request: prefill completed: req=409,replica_id=1
DEBUG 08-14 23:35:39 replica.py:146] complete_request_prefill: replica_id=[1], request=409, current_budget=53,last_prefill_completed_at=30615747.243670292,last_ttft=2.0622
DEBUG 08-14 23:35:39 replica.py:153] complete_request_prefill - replica_id=[1], request=409,self.replica_slo_budget-sum_pending_tokens==current_budget:True,1048576-746==1047830
DEBUG 08-14 23:35:39 shared.py:180] Removed task for request 269 on https://uu722127-b80a-4e3f9d5d.cqa1.seetacloud.com:8443
DEBUG 08-14 23:35:39 metrics_store.py:131] update_metrics:request_id=394
DEBUG 08-14 23:35:39 metrics_store.py:131] update_metrics:request_id=377
DEBUG 08-14 23:35:39 shared.py:180] Removed task for request 394 on 127.0.0.1:8001
DEBUG 08-14 23:35:39 shared.py:180] Removed task for request 377 on 127.0.0.1:8001
DEBUG 08-14 23:35:39 open_ai.py:335] async_send_request: request finish prefill, 402
INFO 08-14 23:35:39 open_ai.py:352] async_send_request: prefill completed: req=402,replica_id=3
DEBUG 08-14 23:35:39 replica.py:146] complete_request_prefill: replica_id=[3], request=402, current_budget=61,last_prefill_completed_at=30615747.266529623,last_ttft=2.089
DEBUG 08-14 23:35:39 replica.py:153] complete_request_prefill - replica_id=[3], request=402,self.replica_slo_budget-sum_pending_tokens==current_budget:True,1048576-536==1048040
DEBUG 08-14 23:35:39 open_ai.py:335] async_send_request: request finish prefill, 397
INFO 08-14 23:35:39 open_ai.py:352] async_send_request: prefill completed: req=397,replica_id=4
DEBUG 08-14 23:35:39 replica.py:146] complete_request_prefill: replica_id=[4], request=397, current_budget=139,last_prefill_completed_at=30615747.27251727,last_ttft=2.0977
DEBUG 08-14 23:35:39 replica.py:153] complete_request_prefill - replica_id=[4], request=397,self.replica_slo_budget-sum_pending_tokens==current_budget:True,1048576-718==1047858
INFO 08-14 23:35:39 shared.py:299] Adding task for request 430 to replica 1,session_id=430
DEBUG 08-14 23:35:39 replica.py:226] add_request - replica_id=[1], request=430,self.replica_slo_budget-sum_pending_tokens==current_budget:True,1048576-1957==1046619
INFO 08-14 23:35:39 shared.py:299] Adding task for request 431 to replica 2,session_id=431
DEBUG 08-14 23:35:39 replica.py:226] add_request - replica_id=[2], request=431,self.replica_slo_budget-sum_pending_tokens==current_budget:True,1048576-3204==1045372
INFO 08-14 23:35:39 shared.py:299] Adding task for request 433 to replica 3,session_id=433
DEBUG 08-14 23:35:39 replica.py:226] add_request - replica_id=[3], request=433,self.replica_slo_budget-sum_pending_tokens==current_budget:True,1048576-721==1047855
INFO 08-14 23:35:39 shared.py:299] Adding task for request 435 to replica 2,session_id=435
DEBUG 08-14 23:35:39 replica.py:226] add_request - replica_id=[2], request=435,self.replica_slo_budget-sum_pending_tokens==current_budget:True,1048576-3222==1045354
INFO 08-14 23:35:39 shared.py:299] Adding task for request 439 to replica 0,session_id=439
DEBUG 08-14 23:35:39 replica.py:226] add_request - replica_id=[0], request=439,self.replica_slo_budget-sum_pending_tokens==current_budget:True,1048576-1341==1047235
INFO 08-14 23:35:39 open_ai.py:115] async_send_request:request._id=430,session=430,127.0.0.1:8001
INFO 08-14 23:35:39 open_ai.py:115] async_send_request:request._id=431,session=431,https://u722127-b80a-4e3f9d5d.cqa1.seetacloud.com:8443
INFO 08-14 23:35:39 open_ai.py:115] async_send_request:request._id=433,session=433,https://uu722127-b80a-4e3f9d5d.cqa1.seetacloud.com:8443
INFO 08-14 23:35:39 open_ai.py:115] async_send_request:request._id=435,session=435,https://u722127-b80a-4e3f9d5d.cqa1.seetacloud.com:8443
INFO 08-14 23:35:39 open_ai.py:115] async_send_request:request._id=439,session=439,127.0.0.1:8000
DEBUG 08-14 23:35:39 open_ai.py:335] async_send_request: request finish prefill, 405
INFO 08-14 23:35:39 open_ai.py:352] async_send_request: prefill completed: req=405,replica_id=0
DEBUG 08-14 23:35:39 replica.py:146] complete_request_prefill: replica_id=[0], request=405, current_budget=311,last_prefill_completed_at=30615747.290761527,last_ttft=2.1117
DEBUG 08-14 23:35:39 replica.py:153] complete_request_prefill - replica_id=[0], request=405,self.replica_slo_budget-sum_pending_tokens==current_budget:True,1048576-1030==1047546
INFO 08-14 23:35:39 shared.py:299] Adding task for request 432 to replica 0,session_id=432
DEBUG 08-14 23:35:39 replica.py:226] add_request - replica_id=[0], request=432,self.replica_slo_budget-sum_pending_tokens==current_budget:True,1048576-1042==1047534
DEBUG 08-14 23:35:39 open_ai.py:335] async_send_request: request finish prefill, 408
INFO 08-14 23:35:39 open_ai.py:352] async_send_request: prefill completed: req=408,replica_id=0
DEBUG 08-14 23:35:39 replica.py:146] complete_request_prefill: replica_id=[0], request=408, current_budget=10,last_prefill_completed_at=30615747.292956073,last_ttft=2.1116
DEBUG 08-14 23:35:39 replica.py:153] complete_request_prefill - replica_id=[0], request=408,self.replica_slo_budget-sum_pending_tokens==current_budget:True,1048576-1032==1047544
INFO 08-14 23:35:39 shared.py:299] Adding task for request 434 to replica 1,session_id=434
DEBUG 08-14 23:35:39 replica.py:226] add_request - replica_id=[1], request=434,self.replica_slo_budget-sum_pending_tokens==current_budget:True,1048576-1973==1046603
INFO 08-14 23:35:39 open_ai.py:115] async_send_request:request._id=432,session=432,127.0.0.1:8000
INFO 08-14 23:35:39 open_ai.py:115] async_send_request:request._id=434,session=434,127.0.0.1:8001
DEBUG 08-14 23:35:39 open_ai.py:335] async_send_request: request finish prefill, 391
INFO 08-14 23:35:39 open_ai.py:352] async_send_request: prefill completed: req=391,replica_id=3
DEBUG 08-14 23:35:39 replica.py:146] complete_request_prefill: replica_id=[3], request=391, current_budget=335,last_prefill_completed_at=30615747.299283873,last_ttft=2.1279
DEBUG 08-14 23:35:39 replica.py:153] complete_request_prefill - replica_id=[3], request=391,self.replica_slo_budget-sum_pending_tokens==current_budget:True,1048576-386==1048190
INFO 08-14 23:35:39 shared.py:299] Adding task for request 436 to replica 3,session_id=436
DEBUG 08-14 23:35:39 replica.py:226] add_request - replica_id=[3], request=436,self.replica_slo_budget-sum_pending_tokens==current_budget:True,1048576-476==1048100
INFO 08-14 23:35:39 shared.py:299] Adding task for request 437 to replica 3,session_id=437
DEBUG 08-14 23:35:39 replica.py:226] add_request - replica_id=[3], request=437,self.replica_slo_budget-sum_pending_tokens==current_budget:True,1048576-724==1047852
INFO 08-14 23:35:39 shared.py:299] Adding task for request 438 to replica 4,session_id=438
DEBUG 08-14 23:35:39 replica.py:226] add_request - replica_id=[4], request=438,self.replica_slo_budget-sum_pending_tokens==current_budget:True,1048576-752==1047824
INFO 08-14 23:35:39 open_ai.py:115] async_send_request:request._id=436,session=436,https://uu722127-b80a-4e3f9d5d.cqa1.seetacloud.com:8443
INFO 08-14 23:35:39 open_ai.py:115] async_send_request:request._id=437,session=437,https://uu722127-b80a-4e3f9d5d.cqa1.seetacloud.com:8443
INFO 08-14 23:35:39 open_ai.py:115] async_send_request:request._id=438,session=438,https://u722127-8cb5-f6dc13db.nmb1.seetacloud.com:8443
DEBUG 08-14 23:35:39 metrics_store.py:131] update_metrics:request_id=322
DEBUG 08-14 23:35:39 replica.py:171] complete_request_decode:num_saved_toekens=176
DEBUG 08-14 23:35:39 replica.py:171] complete_request_decode:num_saved_toekens=16
DEBUG 08-14 23:35:39 metrics_store.py:131] update_metrics:request_id=254
DEBUG 08-14 23:35:39 metrics_store.py:131] update_metrics:request_id=382
DEBUG 08-14 23:35:39 shared.py:180] Removed task for request 322 on 127.0.0.1:8000
DEBUG 08-14 23:35:39 shared.py:180] Removed task for request 254 on 127.0.0.1:8000
DEBUG 08-14 23:35:39 shared.py:180] Removed task for request 382 on https://u722127-b80a-4e3f9d5d.cqa1.seetacloud.com:8443
DEBUG 08-14 23:35:39 open_ai.py:452] good request:https://u722127-b80a-4e3f9d5d.cqa1.seetacloud.com:8443:good,request._id=85,input=102,output=182
DEBUG 08-14 23:35:39 open_ai.py:335] async_send_request: request finish prefill, 411
INFO 08-14 23:35:39 open_ai.py:352] async_send_request: prefill completed: req=411,replica_id=3
DEBUG 08-14 23:35:39 replica.py:146] complete_request_prefill: replica_id=[3], request=411, current_budget=113,last_prefill_completed_at=30615747.357108027,last_ttft=2.1738
DEBUG 08-14 23:35:39 replica.py:153] complete_request_prefill - replica_id=[3], request=411,self.replica_slo_budget-sum_pending_tokens==current_budget:True,1048576-611==1047965
DEBUG 08-14 23:35:39 metrics_store.py:131] update_metrics:request_id=367
DEBUG 08-14 23:35:39 open_ai.py:452] good request:127.0.0.1:8000:good,request._id=275,input=40,output=18
DEBUG 08-14 23:35:39 open_ai.py:335] async_send_request: request finish prefill, 399
INFO 08-14 23:35:39 open_ai.py:352] async_send_request: prefill completed: req=399,replica_id=2
DEBUG 08-14 23:35:39 replica.py:146] complete_request_prefill: replica_id=[2], request=399, current_budget=335,last_prefill_completed_at=30615747.36521136,last_ttft=2.1903
DEBUG 08-14 23:35:39 replica.py:153] complete_request_prefill - replica_id=[2], request=399,self.replica_slo_budget-sum_pending_tokens==current_budget:True,1048576-2887==1045689
DEBUG 08-14 23:35:39 open_ai.py:335] async_send_request: request finish prefill, 423
INFO 08-14 23:35:39 open_ai.py:352] async_send_request: prefill completed: req=423,replica_id=0
DEBUG 08-14 23:35:39 replica.py:146] complete_request_prefill: replica_id=[0], request=423, current_budget=14,last_prefill_completed_at=30615747.366420213,last_ttft=2.1572
DEBUG 08-14 23:35:39 replica.py:153] complete_request_prefill - replica_id=[0], request=423,self.replica_slo_budget-sum_pending_tokens==current_budget:True,1048576-1018==1047558
DEBUG 08-14 23:35:39 replica.py:171] complete_request_decode:num_saved_toekens=16
DEBUG 08-14 23:35:39 open_ai.py:452] good request:127.0.0.1:8000:good,request._id=362,input=21,output=19
DEBUG 08-14 23:35:39 open_ai.py:335] async_send_request: request finish prefill, 416
INFO 08-14 23:35:39 open_ai.py:352] async_send_request: prefill completed: req=416,replica_id=0
DEBUG 08-14 23:35:39 replica.py:146] complete_request_prefill: replica_id=[0], request=416, current_budget=15,last_prefill_completed_at=30615747.368897554,last_ttft=2.177
DEBUG 08-14 23:35:39 replica.py:153] complete_request_prefill - replica_id=[0], request=416,self.replica_slo_budget-sum_pending_tokens==current_budget:True,1048576-1003==1047573
DEBUG 08-14 23:35:39 open_ai.py:335] async_send_request: request finish prefill, 417
INFO 08-14 23:35:39 open_ai.py:352] async_send_request: prefill completed: req=417,replica_id=0
DEBUG 08-14 23:35:39 replica.py:146] complete_request_prefill: replica_id=[0], request=417, current_budget=83,last_prefill_completed_at=30615747.369639512,last_ttft=2.1761
DEBUG 08-14 23:35:39 replica.py:153] complete_request_prefill - replica_id=[0], request=417,self.replica_slo_budget-sum_pending_tokens==current_budget:True,1048576-920==1047656
DEBUG 08-14 23:35:39 open_ai.py:335] async_send_request: request finish prefill, 407
INFO 08-14 23:35:39 open_ai.py:352] async_send_request: prefill completed: req=407,replica_id=4
DEBUG 08-14 23:35:39 replica.py:146] complete_request_prefill: replica_id=[4], request=407, current_budget=213,last_prefill_completed_at=30615747.370446123,last_ttft=2.1892
DEBUG 08-14 23:35:39 replica.py:153] complete_request_prefill - replica_id=[4], request=407,self.replica_slo_budget-sum_pending_tokens==current_budget:True,1048576-539==1048037
DEBUG 08-14 23:35:39 open_ai.py:335] async_send_request: request finish prefill, 400
INFO 08-14 23:35:39 open_ai.py:352] async_send_request: prefill completed: req=400,replica_id=4
DEBUG 08-14 23:35:39 replica.py:146] complete_request_prefill: replica_id=[4], request=400, current_budget=11,last_prefill_completed_at=30615747.3707019,last_ttft=2.1957
DEBUG 08-14 23:35:39 replica.py:153] complete_request_prefill - replica_id=[4], request=400,self.replica_slo_budget-sum_pending_tokens==current_budget:True,1048576-528==1048048
DEBUG 08-14 23:35:39 open_ai.py:335] async_send_request: request finish prefill, 398
INFO 08-14 23:35:39 open_ai.py:352] async_send_request: prefill completed: req=398,replica_id=2
DEBUG 08-14 23:35:39 replica.py:146] complete_request_prefill: replica_id=[2], request=398, current_budget=23,last_prefill_completed_at=30615747.37129517,last_ttft=2.1965
DEBUG 08-14 23:35:39 replica.py:153] complete_request_prefill - replica_id=[2], request=398,self.replica_slo_budget-sum_pending_tokens==current_budget:True,1048576-2864==1045712
DEBUG 08-14 23:35:39 open_ai.py:335] async_send_request: request finish prefill, 404
INFO 08-14 23:35:39 open_ai.py:352] async_send_request: prefill completed: req=404,replica_id=4
DEBUG 08-14 23:35:39 replica.py:146] complete_request_prefill: replica_id=[4], request=404, current_budget=85,last_prefill_completed_at=30615747.371708453,last_ttft=2.193
DEBUG 08-14 23:35:39 replica.py:153] complete_request_prefill - replica_id=[4], request=404,self.replica_slo_budget-sum_pending_tokens==current_budget:True,1048576-443==1048133
DEBUG 08-14 23:35:39 open_ai.py:335] async_send_request: request finish prefill, 412
INFO 08-14 23:35:39 open_ai.py:352] async_send_request: prefill completed: req=412,replica_id=1
DEBUG 08-14 23:35:39 replica.py:146] complete_request_prefill: replica_id=[1], request=412, current_budget=20,last_prefill_completed_at=30615747.3720128,last_ttft=2.1867
DEBUG 08-14 23:35:39 replica.py:153] complete_request_prefill - replica_id=[1], request=412,self.replica_slo_budget-sum_pending_tokens==current_budget:True,1048576-1953==1046623
DEBUG 08-14 23:35:39 metrics_store.py:131] update_metrics:request_id=262
DEBUG 08-14 23:35:39 open_ai.py:335] async_send_request: request finish prefill, 393
INFO 08-14 23:35:39 open_ai.py:352] async_send_request: prefill completed: req=393,replica_id=2
DEBUG 08-14 23:35:39 replica.py:146] complete_request_prefill: replica_id=[2], request=393, current_budget=475,last_prefill_completed_at=30615747.376819853,last_ttft=2.2043
DEBUG 08-14 23:35:39 replica.py:153] complete_request_prefill - replica_id=[2], request=393,self.replica_slo_budget-sum_pending_tokens==current_budget:True,1048576-2389==1046187
DEBUG 08-14 23:35:39 shared.py:180] Removed task for request 367 on https://uu722127-b80a-4e3f9d5d.cqa1.seetacloud.com:8443
DEBUG 08-14 23:35:39 replica.py:171] complete_request_decode:num_saved_toekens=48
DEBUG 08-14 23:35:39 open_ai.py:452] good request:https://u722127-b80a-4e3f9d5d.cqa1.seetacloud.com:8443:good,request._id=321,input=36,output=55
DEBUG 08-14 23:35:39 shared.py:180] Removed task for request 262 on 127.0.0.1:8000
DEBUG 08-14 23:35:39 open_ai.py:335] async_send_request: request finish prefill, 403
INFO 08-14 23:35:39 open_ai.py:352] async_send_request: prefill completed: req=403,replica_id=3
DEBUG 08-14 23:35:39 replica.py:146] complete_request_prefill: replica_id=[3], request=403, current_budget=21,last_prefill_completed_at=30615747.400661297,last_ttft=2.223
DEBUG 08-14 23:35:39 replica.py:153] complete_request_prefill - replica_id=[3], request=403,self.replica_slo_budget-sum_pending_tokens==current_budget:True,1048576-590==1047986
DEBUG 08-14 23:35:39 replica.py:171] complete_request_decode:num_saved_toekens=64
DEBUG 08-14 23:35:39 open_ai.py:452] good request:https://uu722127-b80a-4e3f9d5d.cqa1.seetacloud.com:8443:good,request._id=313,input=47,output=61
DEBUG 08-14 23:35:39 open_ai.py:335] async_send_request: request finish prefill, 413
INFO 08-14 23:35:39 open_ai.py:352] async_send_request: prefill completed: req=413,replica_id=1
DEBUG 08-14 23:35:39 replica.py:146] complete_request_prefill: replica_id=[1], request=413, current_budget=87,last_prefill_completed_at=30615747.404476997,last_ttft=2.2184
DEBUG 08-14 23:35:39 replica.py:153] complete_request_prefill - replica_id=[1], request=413,self.replica_slo_budget-sum_pending_tokens==current_budget:True,1048576-1866==1046710
DEBUG 08-14 23:35:39 replica.py:171] complete_request_decode:num_saved_toekens=16
DEBUG 08-14 23:35:39 open_ai.py:452] good request:https://uu722127-b80a-4e3f9d5d.cqa1.seetacloud.com:8443:good,request._id=383,input=389,output=19
DEBUG 08-14 23:35:39 replica.py:171] complete_request_decode:num_saved_toekens=0
DEBUG 08-14 23:35:39 open_ai.py:335] async_send_request: request finish prefill, 406
INFO 08-14 23:35:39 open_ai.py:352] async_send_request: prefill completed: req=406,replica_id=2
DEBUG 08-14 23:35:39 replica.py:146] complete_request_prefill: replica_id=[2], request=406, current_budget=249,last_prefill_completed_at=30615747.40863634,last_ttft=2.2295
DEBUG 08-14 23:35:39 replica.py:153] complete_request_prefill - replica_id=[2], request=406,self.replica_slo_budget-sum_pending_tokens==current_budget:True,1048576-2140==1046436
DEBUG 08-14 23:35:39 open_ai.py:335] async_send_request: request finish prefill, 414
INFO 08-14 23:35:39 open_ai.py:352] async_send_request: prefill completed: req=414,replica_id=2
DEBUG 08-14 23:35:39 replica.py:146] complete_request_prefill: replica_id=[2], request=414, current_budget=74,last_prefill_completed_at=30615747.408989057,last_ttft=2.2212
DEBUG 08-14 23:35:39 replica.py:153] complete_request_prefill - replica_id=[2], request=414,self.replica_slo_budget-sum_pending_tokens==current_budget:True,1048576-2066==1046510
DEBUG 08-14 23:35:39 open_ai.py:452] good request:127.0.0.1:8000:good,request._id=385,input=32,output=13
DEBUG 08-14 23:35:39 open_ai.py:335] async_send_request: request finish prefill, 410
INFO 08-14 23:35:39 open_ai.py:352] async_send_request: prefill completed: req=410,replica_id=2
DEBUG 08-14 23:35:39 replica.py:146] complete_request_prefill: replica_id=[2], request=410, current_budget=35,last_prefill_completed_at=30615747.418760408,last_ttft=2.2367
DEBUG 08-14 23:35:39 replica.py:153] complete_request_prefill - replica_id=[2], request=410,self.replica_slo_budget-sum_pending_tokens==current_budget:True,1048576-2031==1046545
DEBUG 08-14 23:35:39 replica.py:171] complete_request_decode:num_saved_toekens=112
INFO 08-14 23:35:39 shared.py:299] Adding task for request 440 to replica 0,session_id=440
DEBUG 08-14 23:35:39 replica.py:226] add_request - replica_id=[0], request=440,self.replica_slo_budget-sum_pending_tokens==current_budget:True,1048576-957==1047619
INFO 08-14 23:35:39 shared.py:299] Adding task for request 441 to replica 4,session_id=441
DEBUG 08-14 23:35:39 replica.py:226] add_request - replica_id=[4], request=441,self.replica_slo_budget-sum_pending_tokens==current_budget:True,1048576-468==1048108
INFO 08-14 23:35:39 shared.py:299] Adding task for request 443 to replica 2,session_id=443
DEBUG 08-14 23:35:39 replica.py:226] add_request - replica_id=[2], request=443,self.replica_slo_budget-sum_pending_tokens==current_budget:True,1048576-2040==1046536
INFO 08-14 23:35:39 shared.py:299] Adding task for request 444 to replica 0,session_id=444
DEBUG 08-14 23:35:39 replica.py:226] add_request - replica_id=[0], request=444,self.replica_slo_budget-sum_pending_tokens==current_budget:True,1048576-1530==1047046
INFO 08-14 23:35:39 shared.py:299] Adding task for request 446 to replica 4,session_id=446
DEBUG 08-14 23:35:39 replica.py:226] add_request - replica_id=[4], request=446,self.replica_slo_budget-sum_pending_tokens==current_budget:True,1048576-667==1047909
INFO 08-14 23:35:39 shared.py:299] Adding task for request 448 to replica 3,session_id=448
DEBUG 08-14 23:35:39 replica.py:226] add_request - replica_id=[3], request=448,self.replica_slo_budget-sum_pending_tokens==current_budget:True,1048576-620==1047956
INFO 08-14 23:35:39 open_ai.py:115] async_send_request:request._id=440,session=440,127.0.0.1:8000
INFO 08-14 23:35:39 open_ai.py:115] async_send_request:request._id=441,session=441,https://u722127-8cb5-f6dc13db.nmb1.seetacloud.com:8443
INFO 08-14 23:35:39 open_ai.py:115] async_send_request:request._id=443,session=443,https://u722127-b80a-4e3f9d5d.cqa1.seetacloud.com:8443
INFO 08-14 23:35:39 open_ai.py:115] async_send_request:request._id=444,session=444,127.0.0.1:8000
INFO 08-14 23:35:39 open_ai.py:115] async_send_request:request._id=446,session=446,https://u722127-8cb5-f6dc13db.nmb1.seetacloud.com:8443
INFO 08-14 23:35:39 open_ai.py:115] async_send_request:request._id=448,session=448,https://uu722127-b80a-4e3f9d5d.cqa1.seetacloud.com:8443
DEBUG 08-14 23:35:39 open_ai.py:335] async_send_request: request finish prefill, 415
INFO 08-14 23:35:39 open_ai.py:352] async_send_request: prefill completed: req=415,replica_id=3
DEBUG 08-14 23:35:39 replica.py:146] complete_request_prefill: replica_id=[3], request=415, current_budget=32,last_prefill_completed_at=30615747.43866202,last_ttft=2.2473
DEBUG 08-14 23:35:39 replica.py:153] complete_request_prefill - replica_id=[3], request=415,self.replica_slo_budget-sum_pending_tokens==current_budget:True,1048576-588==1047988
INFO 08-14 23:35:39 shared.py:299] Adding task for request 442 to replica 3,session_id=442
DEBUG 08-14 23:35:39 replica.py:226] add_request - replica_id=[3], request=442,self.replica_slo_budget-sum_pending_tokens==current_budget:True,1048576-658==1047918
INFO 08-14 23:35:39 open_ai.py:115] async_send_request:request._id=442,session=442,https://uu722127-b80a-4e3f9d5d.cqa1.seetacloud.com:8443
DEBUG 08-14 23:35:39 open_ai.py:335] async_send_request: request finish prefill, 418
INFO 08-14 23:35:39 open_ai.py:352] async_send_request: prefill completed: req=418,replica_id=4
DEBUG 08-14 23:35:39 replica.py:146] complete_request_prefill: replica_id=[4], request=418, current_budget=384,last_prefill_completed_at=30615747.445022818,last_ttft=2.245
DEBUG 08-14 23:35:39 replica.py:153] complete_request_prefill - replica_id=[4], request=418,self.replica_slo_budget-sum_pending_tokens==current_budget:True,1048576-283==1048293
INFO 08-14 23:35:39 shared.py:299] Adding task for request 447 to replica 2,session_id=447
DEBUG 08-14 23:35:39 replica.py:226] add_request - replica_id=[2], request=447,self.replica_slo_budget-sum_pending_tokens==current_budget:True,1048576-2484==1046092
INFO 08-14 23:35:39 shared.py:299] Adding task for request 445 to replica 4,session_id=445
DEBUG 08-14 23:35:39 replica.py:226] add_request - replica_id=[4], request=445,self.replica_slo_budget-sum_pending_tokens==current_budget:True,1048576-409==1048167
INFO 08-14 23:35:39 open_ai.py:115] async_send_request:request._id=447,session=447,https://u722127-b80a-4e3f9d5d.cqa1.seetacloud.com:8443
INFO 08-14 23:35:39 open_ai.py:115] async_send_request:request._id=445,session=445,https://u722127-8cb5-f6dc13db.nmb1.seetacloud.com:8443
DEBUG 08-14 23:35:39 replica.py:171] complete_request_decode:num_saved_toekens=112
DEBUG 08-14 23:35:39 open_ai.py:452] good request:https://u722127-b80a-4e3f9d5d.cqa1.seetacloud.com:8443:good,request._id=209,input=79,output=104
DEBUG 08-14 23:35:39 open_ai.py:335] async_send_request: request finish prefill, 420
INFO 08-14 23:35:39 open_ai.py:352] async_send_request: prefill completed: req=420,replica_id=1
DEBUG 08-14 23:35:39 replica.py:146] complete_request_prefill: replica_id=[1], request=420, current_budget=353,last_prefill_completed_at=30615747.452653702,last_ttft=2.2456
DEBUG 08-14 23:35:39 replica.py:153] complete_request_prefill - replica_id=[1], request=420,self.replica_slo_budget-sum_pending_tokens==current_budget:True,1048576-1513==1047063
INFO 08-14 23:35:39 shared.py:299] Adding task for request 449 to replica 0,session_id=449
DEBUG 08-14 23:35:39 replica.py:226] add_request - replica_id=[0], request=449,self.replica_slo_budget-sum_pending_tokens==current_budget:True,1048576-1642==1046934
DEBUG 08-14 23:35:39 open_ai.py:335] async_send_request: request finish prefill, 425
INFO 08-14 23:35:39 open_ai.py:352] async_send_request: prefill completed: req=425,replica_id=1
DEBUG 08-14 23:35:39 replica.py:146] complete_request_prefill: replica_id=[1], request=425, current_budget=16,last_prefill_completed_at=30615747.453270204,last_ttft=2.2428
DEBUG 08-14 23:35:39 replica.py:153] complete_request_prefill - replica_id=[1], request=425,self.replica_slo_budget-sum_pending_tokens==current_budget:True,1048576-1497==1047079
DEBUG 08-14 23:35:39 open_ai.py:335] async_send_request: request finish prefill, 421
INFO 08-14 23:35:39 open_ai.py:352] async_send_request: prefill completed: req=421,replica_id=1
DEBUG 08-14 23:35:39 replica.py:146] complete_request_prefill: replica_id=[1], request=421, current_budget=120,last_prefill_completed_at=30615747.453703973,last_ttft=2.2456
DEBUG 08-14 23:35:39 replica.py:153] complete_request_prefill - replica_id=[1], request=421,self.replica_slo_budget-sum_pending_tokens==current_budget:True,1048576-1377==1047199
DEBUG 08-14 23:35:39 open_ai.py:335] async_send_request: request finish prefill, 422
INFO 08-14 23:35:39 open_ai.py:352] async_send_request: prefill completed: req=422,replica_id=1
DEBUG 08-14 23:35:39 replica.py:146] complete_request_prefill: replica_id=[1], request=422, current_budget=150,last_prefill_completed_at=30615747.454109773,last_ttft=2.2459
DEBUG 08-14 23:35:39 replica.py:153] complete_request_prefill - replica_id=[1], request=422,self.replica_slo_budget-sum_pending_tokens==current_budget:True,1048576-1227==1047349
INFO 08-14 23:35:39 open_ai.py:115] async_send_request:request._id=449,session=449,127.0.0.1:8000
DEBUG 08-14 23:35:39 open_ai.py:335] async_send_request: request finish prefill, 424
INFO 08-14 23:35:39 open_ai.py:352] async_send_request: prefill completed: req=424,replica_id=0
DEBUG 08-14 23:35:39 replica.py:146] complete_request_prefill: replica_id=[0], request=424, current_budget=33,last_prefill_completed_at=30615747.45772558,last_ttft=2.248
DEBUG 08-14 23:35:39 replica.py:153] complete_request_prefill - replica_id=[0], request=424,self.replica_slo_budget-sum_pending_tokens==current_budget:True,1048576-1609==1046967
DEBUG 08-14 23:35:39 metrics_store.py:131] update_metrics:request_id=85
DEBUG 08-14 23:35:39 metrics_store.py:131] update_metrics:request_id=275
DEBUG 08-14 23:35:39 metrics_store.py:131] update_metrics:request_id=362
DEBUG 08-14 23:35:39 shared.py:180] Removed task for request 85 on https://u722127-b80a-4e3f9d5d.cqa1.seetacloud.com:8443
DEBUG 08-14 23:35:39 metrics_store.py:131] update_metrics:request_id=321
DEBUG 08-14 23:35:39 shared.py:180] Removed task for request 275 on 127.0.0.1:8000
DEBUG 08-14 23:35:39 metrics_store.py:131] update_metrics:request_id=313
DEBUG 08-14 23:35:39 shared.py:180] Removed task for request 362 on 127.0.0.1:8000
DEBUG 08-14 23:35:39 metrics_store.py:131] update_metrics:request_id=383
DEBUG 08-14 23:35:39 shared.py:180] Removed task for request 321 on https://u722127-b80a-4e3f9d5d.cqa1.seetacloud.com:8443
DEBUG 08-14 23:35:39 metrics_store.py:131] update_metrics:request_id=385
DEBUG 08-14 23:35:39 shared.py:180] Removed task for request 313 on https://uu722127-b80a-4e3f9d5d.cqa1.seetacloud.com:8443
DEBUG 08-14 23:35:39 shared.py:180] Removed task for request 383 on https://uu722127-b80a-4e3f9d5d.cqa1.seetacloud.com:8443
DEBUG 08-14 23:35:39 shared.py:180] Removed task for request 385 on 127.0.0.1:8000
DEBUG 08-14 23:35:39 replica.py:171] complete_request_decode:num_saved_toekens=0
DEBUG 08-14 23:35:39 replica.py:171] complete_request_decode:num_saved_toekens=208
DEBUG 08-14 23:35:39 open_ai.py:452] good request:https://uu722127-b80a-4e3f9d5d.cqa1.seetacloud.com:8443:good,request._id=48,input=16,output=211
DEBUG 08-14 23:35:39 open_ai.py:452] good request:https://u722127-b80a-4e3f9d5d.cqa1.seetacloud.com:8443:good,request._id=170,input=39,output=113
INFO 08-14 23:35:39 shared.py:299] Adding task for request 450 to replica 1,session_id=450
DEBUG 08-14 23:35:39 replica.py:226] add_request - replica_id=[1], request=450,self.replica_slo_budget-sum_pending_tokens==current_budget:True,1048576-1349==1047227
INFO 08-14 23:35:39 shared.py:299] Adding task for request 452 to replica 1,session_id=452
DEBUG 08-14 23:35:39 replica.py:226] add_request - replica_id=[1], request=452,self.replica_slo_budget-sum_pending_tokens==current_budget:True,1048576-1413==1047163
INFO 08-14 23:35:39 shared.py:299] Adding task for request 453 to replica 1,session_id=453
DEBUG 08-14 23:35:39 replica.py:226] add_request - replica_id=[1], request=453,self.replica_slo_budget-sum_pending_tokens==current_budget:True,1048576-1500==1047076
INFO 08-14 23:35:39 shared.py:299] Adding task for request 455 to replica 3,session_id=455
DEBUG 08-14 23:35:39 replica.py:226] add_request - replica_id=[3], request=455,self.replica_slo_budget-sum_pending_tokens==current_budget:True,1048576-680==1047896
INFO 08-14 23:35:39 shared.py:299] Adding task for request 456 to replica 3,session_id=456
DEBUG 08-14 23:35:39 replica.py:226] add_request - replica_id=[3], request=456,self.replica_slo_budget-sum_pending_tokens==current_budget:True,1048576-766==1047810
INFO 08-14 23:35:39 shared.py:299] Adding task for request 458 to replica 1,session_id=458
DEBUG 08-14 23:35:39 replica.py:226] add_request - replica_id=[1], request=458,self.replica_slo_budget-sum_pending_tokens==current_budget:True,1048576-1803==1046773
DEBUG 08-14 23:35:39 open_ai.py:335] async_send_request: request finish prefill, 429
INFO 08-14 23:35:39 open_ai.py:352] async_send_request: prefill completed: req=429,replica_id=0
DEBUG 08-14 23:35:39 replica.py:146] complete_request_prefill: replica_id=[0], request=429, current_budget=848,last_prefill_completed_at=30615747.508606456,last_ttft=2.2961
DEBUG 08-14 23:35:39 replica.py:153] complete_request_prefill - replica_id=[0], request=429,self.replica_slo_budget-sum_pending_tokens==current_budget:True,1048576-761==1047815
DEBUG 08-14 23:35:39 open_ai.py:335] async_send_request: request finish prefill, 428
INFO 08-14 23:35:39 open_ai.py:352] async_send_request: prefill completed: req=428,replica_id=0
DEBUG 08-14 23:35:39 replica.py:146] complete_request_prefill: replica_id=[0], request=428, current_budget=13,last_prefill_completed_at=30615747.51043793,last_ttft=2.2985
DEBUG 08-14 23:35:39 replica.py:153] complete_request_prefill - replica_id=[0], request=428,self.replica_slo_budget-sum_pending_tokens==current_budget:True,1048576-748==1047828
INFO 08-14 23:35:39 open_ai.py:115] async_send_request:request._id=450,session=450,127.0.0.1:8001
INFO 08-14 23:35:39 open_ai.py:115] async_send_request:request._id=452,session=452,127.0.0.1:8001
INFO 08-14 23:35:39 open_ai.py:115] async_send_request:request._id=453,session=453,127.0.0.1:8001
INFO 08-14 23:35:39 open_ai.py:115] async_send_request:request._id=455,session=455,https://uu722127-b80a-4e3f9d5d.cqa1.seetacloud.com:8443
INFO 08-14 23:35:39 open_ai.py:115] async_send_request:request._id=456,session=456,https://uu722127-b80a-4e3f9d5d.cqa1.seetacloud.com:8443
INFO 08-14 23:35:39 open_ai.py:115] async_send_request:request._id=458,session=458,127.0.0.1:8001
INFO 08-14 23:35:39 shared.py:299] Adding task for request 454 to replica 0,session_id=454
DEBUG 08-14 23:35:39 replica.py:226] add_request - replica_id=[0], request=454,self.replica_slo_budget-sum_pending_tokens==current_budget:True,1048576-758==1047818
INFO 08-14 23:35:39 shared.py:299] Adding task for request 451 to replica 2,session_id=451
DEBUG 08-14 23:35:39 replica.py:226] add_request - replica_id=[2], request=451,self.replica_slo_budget-sum_pending_tokens==current_budget:True,1048576-2494==1046082
DEBUG 08-14 23:35:39 replica.py:171] complete_request_decode:num_saved_toekens=32
DEBUG 08-14 23:35:39 replica.py:171] complete_request_decode:num_saved_toekens=208
DEBUG 08-14 23:35:39 open_ai.py:335] async_send_request: request finish prefill, 419
INFO 08-14 23:35:39 open_ai.py:352] async_send_request: prefill completed: req=419,replica_id=2
DEBUG 08-14 23:35:39 replica.py:146] complete_request_prefill: replica_id=[2], request=419, current_budget=1392,last_prefill_completed_at=30615747.523636114,last_ttft=2.3166
DEBUG 08-14 23:35:39 replica.py:153] complete_request_prefill - replica_id=[2], request=419,self.replica_slo_budget-sum_pending_tokens==current_budget:True,1048576-1102==1047474
INFO 08-14 23:35:39 shared.py:299] Adding task for request 457 to replica 0,session_id=457
DEBUG 08-14 23:35:39 replica.py:226] add_request - replica_id=[0], request=457,self.replica_slo_budget-sum_pending_tokens==current_budget:True,1048576-824==1047752
INFO 08-14 23:35:39 shared.py:299] Adding task for request 459 to replica 2,session_id=459
DEBUG 08-14 23:35:39 replica.py:226] add_request - replica_id=[2], request=459,self.replica_slo_budget-sum_pending_tokens==current_budget:True,1048576-1145==1047431
INFO 08-14 23:35:39 open_ai.py:115] async_send_request:request._id=454,session=454,127.0.0.1:8000
INFO 08-14 23:35:39 open_ai.py:115] async_send_request:request._id=451,session=451,https://u722127-b80a-4e3f9d5d.cqa1.seetacloud.com:8443
INFO 08-14 23:35:39 open_ai.py:115] async_send_request:request._id=457,session=457,127.0.0.1:8000
INFO 08-14 23:35:39 open_ai.py:115] async_send_request:request._id=459,session=459,https://u722127-b80a-4e3f9d5d.cqa1.seetacloud.com:8443
DEBUG 08-14 23:35:39 open_ai.py:452] good request:https://u722127-b80a-4e3f9d5d.cqa1.seetacloud.com:8443:good,request._id=392,input=335,output=17
DEBUG 08-14 23:35:39 open_ai.py:452] good request:https://u722127-b80a-4e3f9d5d.cqa1.seetacloud.com:8443:good,request._id=72,input=87,output=206
DEBUG 08-14 23:35:39 open_ai.py:335] async_send_request: request finish prefill, 439
INFO 08-14 23:35:39 open_ai.py:352] async_send_request: prefill completed: req=439,replica_id=0
DEBUG 08-14 23:35:39 replica.py:146] complete_request_prefill: replica_id=[0], request=439, current_budget=14,last_prefill_completed_at=30615747.532761943,last_ttft=2.3114
DEBUG 08-14 23:35:39 replica.py:153] complete_request_prefill - replica_id=[0], request=439,self.replica_slo_budget-sum_pending_tokens==current_budget:True,1048576-810==1047766
DEBUG 08-14 23:35:39 replica.py:171] complete_request_decode:num_saved_toekens=16
DEBUG 08-14 23:35:39 open_ai.py:452] good request:127.0.0.1:8001:good,request._id=384,input=39,output=19
DEBUG 08-14 23:35:39 metrics_store.py:131] update_metrics:request_id=209
DEBUG 08-14 23:35:39 shared.py:180] Removed task for request 209 on https://u722127-b80a-4e3f9d5d.cqa1.seetacloud.com:8443
DEBUG 08-14 23:35:39 open_ai.py:335] async_send_request: request finish prefill, 432
INFO 08-14 23:35:39 open_ai.py:352] async_send_request: prefill completed: req=432,replica_id=0
DEBUG 08-14 23:35:39 replica.py:146] complete_request_prefill: replica_id=[0], request=432, current_budget=12,last_prefill_completed_at=30615747.56089278,last_ttft=2.3478
DEBUG 08-14 23:35:39 replica.py:153] complete_request_prefill - replica_id=[0], request=432,self.replica_slo_budget-sum_pending_tokens==current_budget:True,1048576-798==1047778
DEBUG 08-14 23:35:39 replica.py:171] complete_request_decode:num_saved_toekens=16
DEBUG 08-14 23:35:39 open_ai.py:452] good request:https://uu722127-b80a-4e3f9d5d.cqa1.seetacloud.com:8443:good,request._id=402,input=61,output=18
DEBUG 08-14 23:35:39 open_ai.py:335] async_send_request: request finish prefill, 435
INFO 08-14 23:35:39 open_ai.py:352] async_send_request: prefill completed: req=435,replica_id=2
DEBUG 08-14 23:35:39 replica.py:146] complete_request_prefill: replica_id=[2], request=435, current_budget=18,last_prefill_completed_at=30615747.56643425,last_ttft=2.3506
DEBUG 08-14 23:35:39 replica.py:153] complete_request_prefill - replica_id=[2], request=435,self.replica_slo_budget-sum_pending_tokens==current_budget:True,1048576-1127==1047449
DEBUG 08-14 23:35:39 open_ai.py:335] async_send_request: request finish prefill, 431
INFO 08-14 23:35:39 open_ai.py:352] async_send_request: prefill completed: req=431,replica_id=2
DEBUG 08-14 23:35:39 replica.py:146] complete_request_prefill: replica_id=[2], request=431, current_budget=621,last_prefill_completed_at=30615747.566875756,last_ttft=2.3541
DEBUG 08-14 23:35:39 replica.py:153] complete_request_prefill - replica_id=[2], request=431,self.replica_slo_budget-sum_pending_tokens==current_budget:True,1048576-506==1048070
DEBUG 08-14 23:35:39 open_ai.py:335] async_send_request: request finish prefill, 427
INFO 08-14 23:35:39 open_ai.py:352] async_send_request: prefill completed: req=427,replica_id=4
DEBUG 08-14 23:35:39 replica.py:146] complete_request_prefill: replica_id=[4], request=427, current_budget=25,last_prefill_completed_at=30615747.571524516,last_ttft=2.3599
DEBUG 08-14 23:35:39 replica.py:153] complete_request_prefill - replica_id=[4], request=427,self.replica_slo_budget-sum_pending_tokens==current_budget:True,1048576-384==1048192
DEBUG 08-14 23:35:39 replica.py:171] complete_request_decode:num_saved_toekens=16
DEBUG 08-14 23:35:39 open_ai.py:452] good request:https://u722127-b80a-4e3f9d5d.cqa1.seetacloud.com:8443:good,request._id=406,input=249,output=9
DEBUG 08-14 23:35:39 replica.py:171] complete_request_decode:num_saved_toekens=16
DEBUG 08-14 23:35:39 replica.py:171] complete_request_decode:num_saved_toekens=16
DEBUG 08-14 23:35:39 open_ai.py:452] good request:127.0.0.1:8000:good,request._id=408,input=10,output=13
DEBUG 08-14 23:35:39 open_ai.py:335] async_send_request: request finish prefill, 440
INFO 08-14 23:35:39 open_ai.py:352] async_send_request: prefill completed: req=440,replica_id=0
DEBUG 08-14 23:35:39 replica.py:146] complete_request_prefill: replica_id=[0], request=440, current_budget=37,last_prefill_completed_at=30615747.575649727,last_ttft=2.3537
DEBUG 08-14 23:35:39 replica.py:153] complete_request_prefill - replica_id=[0], request=440,self.replica_slo_budget-sum_pending_tokens==current_budget:True,1048576-761==1047815
DEBUG 08-14 23:35:39 replica.py:171] complete_request_decode:num_saved_toekens=32
DEBUG 08-14 23:35:39 open_ai.py:452] good request:https://uu722127-b80a-4e3f9d5d.cqa1.seetacloud.com:8443:good,request._id=342,input=18,output=35
DEBUG 08-14 23:35:39 open_ai.py:335] async_send_request: request finish prefill, 433
INFO 08-14 23:35:39 open_ai.py:352] async_send_request: prefill completed: req=433,replica_id=3
DEBUG 08-14 23:35:39 replica.py:146] complete_request_prefill: replica_id=[3], request=433, current_budget=185,last_prefill_completed_at=30615747.578064192,last_ttft=2.3641
DEBUG 08-14 23:35:39 replica.py:153] complete_request_prefill - replica_id=[3], request=433,self.replica_slo_budget-sum_pending_tokens==current_budget:True,1048576-581==1047995
DEBUG 08-14 23:35:39 open_ai.py:452] good request:127.0.0.1:8001:good,request._id=420,input=353,output=2
DEBUG 08-14 23:35:39 replica.py:171] complete_request_decode:num_saved_toekens=0
DEBUG 08-14 23:35:39 metrics_store.py:131] update_metrics:request_id=48
DEBUG 08-14 23:35:39 metrics_store.py:131] update_metrics:request_id=170
DEBUG 08-14 23:35:39 open_ai.py:335] async_send_request: request finish prefill, 430
INFO 08-14 23:35:39 open_ai.py:352] async_send_request: prefill completed: req=430,replica_id=1
DEBUG 08-14 23:35:39 replica.py:146] complete_request_prefill: replica_id=[1], request=430, current_budget=1211,last_prefill_completed_at=30615747.582433786,last_ttft=2.3696
DEBUG 08-14 23:35:39 replica.py:153] complete_request_prefill - replica_id=[1], request=430,self.replica_slo_budget-sum_pending_tokens==current_budget:True,1048576-592==1047984
DEBUG 08-14 23:35:39 open_ai.py:335] async_send_request: request finish prefill, 434
INFO 08-14 23:35:39 open_ai.py:352] async_send_request: prefill completed: req=434,replica_id=1
DEBUG 08-14 23:35:39 replica.py:146] complete_request_prefill: replica_id=[1], request=434, current_budget=16,last_prefill_completed_at=30615747.58298666,last_ttft=2.3682
DEBUG 08-14 23:35:39 replica.py:153] complete_request_prefill - replica_id=[1], request=434,self.replica_slo_budget-sum_pending_tokens==current_budget:True,1048576-576==1048000
DEBUG 08-14 23:35:39 shared.py:180] Removed task for request 48 on https://uu722127-b80a-4e3f9d5d.cqa1.seetacloud.com:8443
DEBUG 08-14 23:35:39 shared.py:180] Removed task for request 170 on https://u722127-b80a-4e3f9d5d.cqa1.seetacloud.com:8443
DEBUG 08-14 23:35:39 open_ai.py:452] good request:https://u722127-8cb5-f6dc13db.nmb1.seetacloud.com:8443:good,request._id=361,input=33,output=19
DEBUG 08-14 23:35:39 open_ai.py:452] good request:https://u722127-b80a-4e3f9d5d.cqa1.seetacloud.com:8443:good,request._id=435,input=18,output=2
DEBUG 08-14 23:35:39 open_ai.py:335] async_send_request: request finish prefill, 426
INFO 08-14 23:35:39 open_ai.py:352] async_send_request: prefill completed: req=426,replica_id=3
DEBUG 08-14 23:35:39 replica.py:146] complete_request_prefill: replica_id=[3], request=426, current_budget=35,last_prefill_completed_at=30615747.607300907,last_ttft=2.3966
DEBUG 08-14 23:35:39 replica.py:153] complete_request_prefill - replica_id=[3], request=426,self.replica_slo_budget-sum_pending_tokens==current_budget:True,1048576-546==1048030
DEBUG 08-14 23:35:39 open_ai.py:335] async_send_request: request finish prefill, 436
INFO 08-14 23:35:39 open_ai.py:352] async_send_request: prefill completed: req=436,replica_id=3
DEBUG 08-14 23:35:39 replica.py:146] complete_request_prefill: replica_id=[3], request=436, current_budget=90,last_prefill_completed_at=30615747.608222716,last_ttft=2.3891
DEBUG 08-14 23:35:39 replica.py:153] complete_request_prefill - replica_id=[3], request=436,self.replica_slo_budget-sum_pending_tokens==current_budget:True,1048576-456==1048120
DEBUG 08-14 23:35:39 open_ai.py:335] async_send_request: request finish prefill, 444
INFO 08-14 23:35:39 open_ai.py:352] async_send_request: prefill completed: req=444,replica_id=0
DEBUG 08-14 23:35:39 replica.py:146] complete_request_prefill: replica_id=[0], request=444, current_budget=573,last_prefill_completed_at=30615747.61501888,last_ttft=2.3912
DEBUG 08-14 23:35:39 replica.py:153] complete_request_prefill - replica_id=[0], request=444,self.replica_slo_budget-sum_pending_tokens==current_budget:True,1048576-188==1048388
INFO 08-14 23:35:39 shared.py:299] Adding task for request 460 to replica 2,session_id=460
DEBUG 08-14 23:35:39 replica.py:226] add_request - replica_id=[2], request=460,self.replica_slo_budget-sum_pending_tokens==current_budget:True,1048576-518==1048058
INFO 08-14 23:35:39 shared.py:299] Adding task for request 461 to replica 1,session_id=461
DEBUG 08-14 23:35:39 replica.py:226] add_request - replica_id=[1], request=461,self.replica_slo_budget-sum_pending_tokens==current_budget:True,1048576-662==1047914
INFO 08-14 23:35:39 shared.py:299] Adding task for request 464 to replica 1,session_id=464
DEBUG 08-14 23:35:39 replica.py:226] add_request - replica_id=[1], request=464,self.replica_slo_budget-sum_pending_tokens==current_budget:True,1048576-685==1047891
INFO 08-14 23:35:39 shared.py:299] Adding task for request 467 to replica 0,session_id=467
DEBUG 08-14 23:35:39 replica.py:226] add_request - replica_id=[0], request=467,self.replica_slo_budget-sum_pending_tokens==current_budget:True,1048576-401==1048175
INFO 08-14 23:35:39 shared.py:299] Adding task for request 468 to replica 2,session_id=468
DEBUG 08-14 23:35:39 replica.py:226] add_request - replica_id=[2], request=468,self.replica_slo_budget-sum_pending_tokens==current_budget:True,1048576-598==1047978
DEBUG 08-14 23:35:39 replica.py:171] complete_request_decode:num_saved_toekens=48
DEBUG 08-14 23:35:39 open_ai.py:452] good request:https://u722127-8cb5-f6dc13db.nmb1.seetacloud.com:8443:good,request._id=301,input=700,output=43
INFO 08-14 23:35:39 open_ai.py:115] async_send_request:request._id=460,session=460,https://u722127-b80a-4e3f9d5d.cqa1.seetacloud.com:8443
INFO 08-14 23:35:39 open_ai.py:115] async_send_request:request._id=461,session=461,127.0.0.1:8001
INFO 08-14 23:35:39 open_ai.py:115] async_send_request:request._id=464,session=464,127.0.0.1:8001
INFO 08-14 23:35:39 open_ai.py:115] async_send_request:request._id=467,session=467,127.0.0.1:8000
INFO 08-14 23:35:39 open_ai.py:115] async_send_request:request._id=468,session=468,https://u722127-b80a-4e3f9d5d.cqa1.seetacloud.com:8443
DEBUG 08-14 23:35:39 open_ai.py:335] async_send_request: request finish prefill, 448
INFO 08-14 23:35:39 open_ai.py:352] async_send_request: prefill completed: req=448,replica_id=3
DEBUG 08-14 23:35:39 replica.py:146] complete_request_prefill: replica_id=[3], request=448, current_budget=30,last_prefill_completed_at=30615747.638627063,last_ttft=2.4138
DEBUG 08-14 23:35:39 replica.py:153] complete_request_prefill - replica_id=[3], request=448,self.replica_slo_budget-sum_pending_tokens==current_budget:True,1048576-426==1048150
INFO 08-14 23:35:39 shared.py:299] Adding task for request 465 to replica 0,session_id=465
DEBUG 08-14 23:35:39 replica.py:226] add_request - replica_id=[0], request=465,self.replica_slo_budget-sum_pending_tokens==current_budget:True,1048576-460==1048116
INFO 08-14 23:35:39 shared.py:299] Adding task for request 466 to replica 0,session_id=466
DEBUG 08-14 23:35:39 replica.py:226] add_request - replica_id=[0], request=466,self.replica_slo_budget-sum_pending_tokens==current_budget:True,1048576-543==1048033
INFO 08-14 23:35:39 shared.py:299] Adding task for request 463 to replica 2,session_id=463
DEBUG 08-14 23:35:39 replica.py:226] add_request - replica_id=[2], request=463,self.replica_slo_budget-sum_pending_tokens==current_budget:True,1048576-705==1047871
INFO 08-14 23:35:39 shared.py:299] Adding task for request 462 to replica 3,session_id=462
DEBUG 08-14 23:35:39 replica.py:226] add_request - replica_id=[3], request=462,self.replica_slo_budget-sum_pending_tokens==current_budget:True,1048576-543==1048033
INFO 08-14 23:35:39 open_ai.py:115] async_send_request:request._id=465,session=465,127.0.0.1:8000
INFO 08-14 23:35:39 open_ai.py:115] async_send_request:request._id=466,session=466,127.0.0.1:8000
INFO 08-14 23:35:39 open_ai.py:115] async_send_request:request._id=463,session=463,https://u722127-b80a-4e3f9d5d.cqa1.seetacloud.com:8443
INFO 08-14 23:35:39 open_ai.py:115] async_send_request:request._id=462,session=462,https://uu722127-b80a-4e3f9d5d.cqa1.seetacloud.com:8443
DEBUG 08-14 23:35:39 open_ai.py:335] async_send_request: request finish prefill, 449
INFO 08-14 23:35:39 open_ai.py:352] async_send_request: prefill completed: req=449,replica_id=0
DEBUG 08-14 23:35:39 replica.py:146] complete_request_prefill: replica_id=[0], request=449, current_budget=112,last_prefill_completed_at=30615747.646567047,last_ttft=2.4217
DEBUG 08-14 23:35:39 replica.py:153] complete_request_prefill - replica_id=[0], request=449,self.replica_slo_budget-sum_pending_tokens==current_budget:True,1048576-431==1048145
INFO 08-14 23:35:39 shared.py:299] Adding task for request 469 to replica 0,session_id=469
DEBUG 08-14 23:35:39 replica.py:226] add_request - replica_id=[0], request=469,self.replica_slo_budget-sum_pending_tokens==current_budget:True,1048576-487==1048089
INFO 08-14 23:35:39 open_ai.py:115] async_send_request:request._id=469,session=469,127.0.0.1:8000
DEBUG 08-14 23:35:39 open_ai.py:335] async_send_request: request finish prefill, 443
INFO 08-14 23:35:39 open_ai.py:352] async_send_request: prefill completed: req=443,replica_id=2
DEBUG 08-14 23:35:39 replica.py:146] complete_request_prefill: replica_id=[2], request=443, current_budget=9,last_prefill_completed_at=30615747.64940938,last_ttft=2.4266
DEBUG 08-14 23:35:39 replica.py:153] complete_request_prefill - replica_id=[2], request=443,self.replica_slo_budget-sum_pending_tokens==current_budget:True,1048576-696==1047880
DEBUG 08-14 23:35:39 metrics_store.py:131] update_metrics:request_id=392
DEBUG 08-14 23:35:39 metrics_store.py:131] update_metrics:request_id=72
DEBUG 08-14 23:35:39 metrics_store.py:131] update_metrics:request_id=384
DEBUG 08-14 23:35:39 shared.py:180] Removed task for request 392 on https://u722127-b80a-4e3f9d5d.cqa1.seetacloud.com:8443
DEBUG 08-14 23:35:39 metrics_store.py:131] update_metrics:request_id=402
DEBUG 08-14 23:35:39 shared.py:180] Removed task for request 72 on https://u722127-b80a-4e3f9d5d.cqa1.seetacloud.com:8443
DEBUG 08-14 23:35:39 metrics_store.py:131] update_metrics:request_id=406
DEBUG 08-14 23:35:39 shared.py:180] Removed task for request 384 on 127.0.0.1:8001
DEBUG 08-14 23:35:39 metrics_store.py:131] update_metrics:request_id=408
DEBUG 08-14 23:35:39 shared.py:180] Removed task for request 402 on https://uu722127-b80a-4e3f9d5d.cqa1.seetacloud.com:8443
DEBUG 08-14 23:35:39 metrics_store.py:131] update_metrics:request_id=342
DEBUG 08-14 23:35:39 shared.py:180] Removed task for request 406 on https://u722127-b80a-4e3f9d5d.cqa1.seetacloud.com:8443
DEBUG 08-14 23:35:39 metrics_store.py:131] update_metrics:request_id=420
DEBUG 08-14 23:35:39 shared.py:180] Removed task for request 408 on 127.0.0.1:8000
DEBUG 08-14 23:35:39 metrics_store.py:131] update_metrics:request_id=361
DEBUG 08-14 23:35:39 shared.py:180] Removed task for request 342 on https://uu722127-b80a-4e3f9d5d.cqa1.seetacloud.com:8443
DEBUG 08-14 23:35:39 metrics_store.py:131] update_metrics:request_id=435
DEBUG 08-14 23:35:39 shared.py:180] Removed task for request 420 on 127.0.0.1:8001
DEBUG 08-14 23:35:39 shared.py:180] Removed task for request 361 on https://u722127-8cb5-f6dc13db.nmb1.seetacloud.com:8443
DEBUG 08-14 23:35:39 shared.py:180] Removed task for request 435 on https://u722127-b80a-4e3f9d5d.cqa1.seetacloud.com:8443
DEBUG 08-14 23:35:39 open_ai.py:335] async_send_request: request finish prefill, 447
INFO 08-14 23:35:39 open_ai.py:352] async_send_request: prefill completed: req=447,replica_id=2
DEBUG 08-14 23:35:39 replica.py:146] complete_request_prefill: replica_id=[2], request=447, current_budget=444,last_prefill_completed_at=30615747.68298137,last_ttft=2.4582
DEBUG 08-14 23:35:39 replica.py:153] complete_request_prefill - replica_id=[2], request=447,self.replica_slo_budget-sum_pending_tokens==current_budget:True,1048576-252==1048324
DEBUG 08-14 23:35:39 replica.py:171] complete_request_decode:num_saved_toekens=48
DEBUG 08-14 23:35:39 open_ai.py:452] good request:https://u722127-b80a-4e3f9d5d.cqa1.seetacloud.com:8443:good,request._id=364,input=60,output=41
DEBUG 08-14 23:35:39 open_ai.py:335] async_send_request: request finish prefill, 441
INFO 08-14 23:35:39 open_ai.py:352] async_send_request: prefill completed: req=441,replica_id=4
DEBUG 08-14 23:35:39 replica.py:146] complete_request_prefill: replica_id=[4], request=441, current_budget=25,last_prefill_completed_at=30615747.68448339,last_ttft=2.4624
DEBUG 08-14 23:35:39 replica.py:153] complete_request_prefill - replica_id=[4], request=441,self.replica_slo_budget-sum_pending_tokens==current_budget:True,1048576-359==1048217
DEBUG 08-14 23:35:39 replica.py:171] complete_request_decode:num_saved_toekens=48
DEBUG 08-14 23:35:39 open_ai.py:335] async_send_request: request finish prefill, 438
INFO 08-14 23:35:39 open_ai.py:352] async_send_request: prefill completed: req=438,replica_id=4
DEBUG 08-14 23:35:39 replica.py:146] complete_request_prefill: replica_id=[4], request=438, current_budget=34,last_prefill_completed_at=30615747.685191024,last_ttft=2.4639
DEBUG 08-14 23:35:39 replica.py:153] complete_request_prefill - replica_id=[4], request=438,self.replica_slo_budget-sum_pending_tokens==current_budget:True,1048576-325==1048251
DEBUG 08-14 23:35:39 open_ai.py:335] async_send_request: request finish prefill, 437
INFO 08-14 23:35:39 open_ai.py:352] async_send_request: prefill completed: req=437,replica_id=3
DEBUG 08-14 23:35:39 replica.py:146] complete_request_prefill: replica_id=[3], request=437, current_budget=248,last_prefill_completed_at=30615747.685659412,last_ttft=2.4656
DEBUG 08-14 23:35:39 replica.py:153] complete_request_prefill - replica_id=[3], request=437,self.replica_slo_budget-sum_pending_tokens==current_budget:True,1048576-295==1048281
DEBUG 08-14 23:35:39 replica.py:171] complete_request_decode:num_saved_toekens=32
INFO 08-14 23:35:39 shared.py:299] Adding task for request 470 to replica 4,session_id=470
DEBUG 08-14 23:35:39 replica.py:226] add_request - replica_id=[4], request=470,self.replica_slo_budget-sum_pending_tokens==current_budget:True,1048576-367==1048209
INFO 08-14 23:35:39 shared.py:299] Adding task for request 472 to replica 2,session_id=472
DEBUG 08-14 23:35:39 replica.py:226] add_request - replica_id=[2], request=472,self.replica_slo_budget-sum_pending_tokens==current_budget:True,1048576-270==1048306
INFO 08-14 23:35:39 shared.py:299] Adding task for request 473 to replica 4,session_id=473
DEBUG 08-14 23:35:39 replica.py:226] add_request - replica_id=[4], request=473,self.replica_slo_budget-sum_pending_tokens==current_budget:True,1048576-452==1048124
INFO 08-14 23:35:39 shared.py:299] Adding task for request 475 to replica 2,session_id=475
DEBUG 08-14 23:35:39 replica.py:226] add_request - replica_id=[2], request=475,self.replica_slo_budget-sum_pending_tokens==current_budget:True,1048576-280==1048296
INFO 08-14 23:35:39 shared.py:299] Adding task for request 476 to replica 3,session_id=476
DEBUG 08-14 23:35:39 replica.py:226] add_request - replica_id=[3], request=476,self.replica_slo_budget-sum_pending_tokens==current_budget:True,1048576-345==1048231
INFO 08-14 23:35:39 shared.py:299] Adding task for request 478 to replica 1,session_id=478
DEBUG 08-14 23:35:39 replica.py:226] add_request - replica_id=[1], request=478,self.replica_slo_budget-sum_pending_tokens==current_budget:True,1048576-1084==1047492
INFO 08-14 23:35:39 shared.py:299] Adding task for request 479 to replica 3,session_id=479
DEBUG 08-14 23:35:39 replica.py:226] add_request - replica_id=[3], request=479,self.replica_slo_budget-sum_pending_tokens==current_budget:True,1048576-609==1047967
DEBUG 08-14 23:35:39 metrics_store.py:131] update_metrics:request_id=301
INFO 08-14 23:35:39 open_ai.py:115] async_send_request:request._id=470,session=470,https://u722127-8cb5-f6dc13db.nmb1.seetacloud.com:8443
INFO 08-14 23:35:39 open_ai.py:115] async_send_request:request._id=472,session=472,https://u722127-b80a-4e3f9d5d.cqa1.seetacloud.com:8443
INFO 08-14 23:35:39 open_ai.py:115] async_send_request:request._id=473,session=473,https://u722127-8cb5-f6dc13db.nmb1.seetacloud.com:8443
INFO 08-14 23:35:39 open_ai.py:115] async_send_request:request._id=475,session=475,https://u722127-b80a-4e3f9d5d.cqa1.seetacloud.com:8443
INFO 08-14 23:35:39 open_ai.py:115] async_send_request:request._id=476,session=476,https://uu722127-b80a-4e3f9d5d.cqa1.seetacloud.com:8443
INFO 08-14 23:35:39 open_ai.py:115] async_send_request:request._id=478,session=478,127.0.0.1:8001
INFO 08-14 23:35:39 open_ai.py:115] async_send_request:request._id=479,session=479,https://uu722127-b80a-4e3f9d5d.cqa1.seetacloud.com:8443
DEBUG 08-14 23:35:39 shared.py:180] Removed task for request 301 on https://u722127-8cb5-f6dc13db.nmb1.seetacloud.com:8443
INFO 08-14 23:35:39 shared.py:299] Adding task for request 471 to replica 1,session_id=471
DEBUG 08-14 23:35:39 replica.py:226] add_request - replica_id=[1], request=471,self.replica_slo_budget-sum_pending_tokens==current_budget:True,1048576-1270==1047306
INFO 08-14 23:35:39 shared.py:299] Adding task for request 474 to replica 2,session_id=474
DEBUG 08-14 23:35:39 replica.py:226] add_request - replica_id=[2], request=474,self.replica_slo_budget-sum_pending_tokens==current_budget:True,1048576-341==1048235
INFO 08-14 23:35:39 open_ai.py:115] async_send_request:request._id=471,session=471,127.0.0.1:8001
INFO 08-14 23:35:39 open_ai.py:115] async_send_request:request._id=474,session=474,https://u722127-b80a-4e3f9d5d.cqa1.seetacloud.com:8443
DEBUG 08-14 23:35:39 replica.py:171] complete_request_decode:num_saved_toekens=192
DEBUG 08-14 23:35:39 open_ai.py:452] good request:127.0.0.1:8001:good,request._id=75,input=399,output=190
DEBUG 08-14 23:35:39 open_ai.py:335] async_send_request: request finish prefill, 446
INFO 08-14 23:35:39 open_ai.py:352] async_send_request: prefill completed: req=446,replica_id=4
DEBUG 08-14 23:35:39 replica.py:146] complete_request_prefill: replica_id=[4], request=446, current_budget=199,last_prefill_completed_at=30615747.719851136,last_ttft=2.4953
DEBUG 08-14 23:35:39 replica.py:153] complete_request_prefill - replica_id=[4], request=446,self.replica_slo_budget-sum_pending_tokens==current_budget:True,1048576-253==1048323
INFO 08-14 23:35:39 shared.py:299] Adding task for request 477 to replica 0,session_id=477
DEBUG 08-14 23:35:39 replica.py:226] add_request - replica_id=[0], request=477,self.replica_slo_budget-sum_pending_tokens==current_budget:True,1048576-739==1047837
DEBUG 08-14 23:35:39 open_ai.py:335] async_send_request: request finish prefill, 445
INFO 08-14 23:35:39 open_ai.py:352] async_send_request: prefill completed: req=445,replica_id=4
DEBUG 08-14 23:35:39 replica.py:146] complete_request_prefill: replica_id=[4], request=445, current_budget=126,last_prefill_completed_at=30615747.720419135,last_ttft=2.4963
DEBUG 08-14 23:35:39 replica.py:153] complete_request_prefill - replica_id=[4], request=445,self.replica_slo_budget-sum_pending_tokens==current_budget:True,1048576-127==1048449
INFO 08-14 23:35:39 open_ai.py:115] async_send_request:request._id=477,session=477,127.0.0.1:8000
DEBUG 08-14 23:35:39 metrics_store.py:131] update_metrics:request_id=364
DEBUG 08-14 23:35:39 shared.py:180] Removed task for request 364 on https://u722127-b80a-4e3f9d5d.cqa1.seetacloud.com:8443
DEBUG 08-14 23:35:39 open_ai.py:335] async_send_request: request finish prefill, 450
INFO 08-14 23:35:39 open_ai.py:352] async_send_request: prefill completed: req=450,replica_id=1
DEBUG 08-14 23:35:39 replica.py:146] complete_request_prefill: replica_id=[1], request=450, current_budget=122,last_prefill_completed_at=30615747.74860989,last_ttft=2.5226
DEBUG 08-14 23:35:39 replica.py:153] complete_request_prefill - replica_id=[1], request=450,self.replica_slo_budget-sum_pending_tokens==current_budget:True,1048576-1148==1047428
DEBUG 08-14 23:35:39 replica.py:171] complete_request_decode:num_saved_toekens=16
DEBUG 08-14 23:35:39 open_ai.py:452] good request:https://uu722127-b80a-4e3f9d5d.cqa1.seetacloud.com:8443:good,request._id=448,input=30,output=8
DEBUG 08-14 23:35:39 open_ai.py:452] good request:https://u722127-8cb5-f6dc13db.nmb1.seetacloud.com:8443:good,request._id=330,input=45,output=37
DEBUG 08-14 23:35:39 open_ai.py:335] async_send_request: request finish prefill, 451
INFO 08-14 23:35:39 open_ai.py:352] async_send_request: prefill completed: req=451,replica_id=2
DEBUG 08-14 23:35:39 replica.py:146] complete_request_prefill: replica_id=[2], request=451, current_budget=10,last_prefill_completed_at=30615747.764693636,last_ttft=2.538
DEBUG 08-14 23:35:39 replica.py:153] complete_request_prefill - replica_id=[2], request=451,self.replica_slo_budget-sum_pending_tokens==current_budget:True,1048576-331==1048245
DEBUG 08-14 23:35:39 open_ai.py:452] good request:https://u722127-8cb5-f6dc13db.nmb1.seetacloud.com:8443:good,request._id=360,input=47,output=24
DEBUG 08-14 23:35:39 open_ai.py:335] async_send_request: request finish prefill, 457
INFO 08-14 23:35:39 open_ai.py:352] async_send_request: prefill completed: req=457,replica_id=0
DEBUG 08-14 23:35:39 replica.py:146] complete_request_prefill: replica_id=[0], request=457, current_budget=66,last_prefill_completed_at=30615747.76681816,last_ttft=2.5332
DEBUG 08-14 23:35:39 replica.py:153] complete_request_prefill - replica_id=[0], request=457,self.replica_slo_budget-sum_pending_tokens==current_budget:True,1048576-673==1047903
DEBUG 08-14 23:35:39 open_ai.py:335] async_send_request: request finish prefill, 454
INFO 08-14 23:35:39 open_ai.py:352] async_send_request: prefill completed: req=454,replica_id=0
DEBUG 08-14 23:35:39 replica.py:146] complete_request_prefill: replica_id=[0], request=454, current_budget=10,last_prefill_completed_at=30615747.76713067,last_ttft=2.5375
DEBUG 08-14 23:35:39 replica.py:153] complete_request_prefill - replica_id=[0], request=454,self.replica_slo_budget-sum_pending_tokens==current_budget:True,1048576-663==1047913
INFO 08-14 23:35:39 shared.py:299] Adding task for request 480 to replica 4,session_id=480
DEBUG 08-14 23:35:39 replica.py:226] add_request - replica_id=[4], request=480,self.replica_slo_budget-sum_pending_tokens==current_budget:True,1048576-142==1048434
INFO 08-14 23:35:39 shared.py:299] Adding task for request 481 to replica 4,session_id=481
DEBUG 08-14 23:35:39 replica.py:226] add_request - replica_id=[4], request=481,self.replica_slo_budget-sum_pending_tokens==current_budget:True,1048576-188==1048388
INFO 08-14 23:35:39 shared.py:299] Adding task for request 482 to replica 4,session_id=482
DEBUG 08-14 23:35:39 replica.py:226] add_request - replica_id=[4], request=482,self.replica_slo_budget-sum_pending_tokens==current_budget:True,1048576-219==1048357
INFO 08-14 23:35:39 shared.py:299] Adding task for request 484 to replica 2,session_id=484
DEBUG 08-14 23:35:39 replica.py:226] add_request - replica_id=[2], request=484,self.replica_slo_budget-sum_pending_tokens==current_budget:True,1048576-378==1048198
INFO 08-14 23:35:39 shared.py:299] Adding task for request 485 to replica 1,session_id=485
DEBUG 08-14 23:35:39 replica.py:226] add_request - replica_id=[1], request=485,self.replica_slo_budget-sum_pending_tokens==current_budget:True,1048576-1159==1047417
INFO 08-14 23:35:39 shared.py:299] Adding task for request 488 to replica 3,session_id=488
DEBUG 08-14 23:35:39 replica.py:226] add_request - replica_id=[3], request=488,self.replica_slo_budget-sum_pending_tokens==current_budget:True,1048576-696==1047880
INFO 08-14 23:35:39 open_ai.py:115] async_send_request:request._id=480,session=480,https://u722127-8cb5-f6dc13db.nmb1.seetacloud.com:8443
INFO 08-14 23:35:39 open_ai.py:115] async_send_request:request._id=481,session=481,https://u722127-8cb5-f6dc13db.nmb1.seetacloud.com:8443
INFO 08-14 23:35:39 open_ai.py:115] async_send_request:request._id=482,session=482,https://u722127-8cb5-f6dc13db.nmb1.seetacloud.com:8443
INFO 08-14 23:35:39 open_ai.py:115] async_send_request:request._id=484,session=484,https://u722127-b80a-4e3f9d5d.cqa1.seetacloud.com:8443
INFO 08-14 23:35:39 open_ai.py:115] async_send_request:request._id=485,session=485,127.0.0.1:8001
INFO 08-14 23:35:39 open_ai.py:115] async_send_request:request._id=488,session=488,https://uu722127-b80a-4e3f9d5d.cqa1.seetacloud.com:8443
DEBUG 08-14 23:35:39 open_ai.py:335] async_send_request: request finish prefill, 452
INFO 08-14 23:35:39 open_ai.py:352] async_send_request: prefill completed: req=452,replica_id=1
DEBUG 08-14 23:35:39 replica.py:146] complete_request_prefill: replica_id=[1], request=452, current_budget=64,last_prefill_completed_at=30615747.783274047,last_ttft=2.5565
DEBUG 08-14 23:35:39 replica.py:153] complete_request_prefill - replica_id=[1], request=452,self.replica_slo_budget-sum_pending_tokens==current_budget:True,1048576-1095==1047481
DEBUG 08-14 23:35:39 open_ai.py:335] async_send_request: request finish prefill, 453
INFO 08-14 23:35:39 open_ai.py:352] async_send_request: prefill completed: req=453,replica_id=1
DEBUG 08-14 23:35:39 replica.py:146] complete_request_prefill: replica_id=[1], request=453, current_budget=87,last_prefill_completed_at=30615747.785130993,last_ttft=2.5578
DEBUG 08-14 23:35:39 replica.py:153] complete_request_prefill - replica_id=[1], request=453,self.replica_slo_budget-sum_pending_tokens==current_budget:True,1048576-1008==1047568
DEBUG 08-14 23:35:39 open_ai.py:335] async_send_request: request finish prefill, 458
INFO 08-14 23:35:39 open_ai.py:352] async_send_request: prefill completed: req=458,replica_id=1
DEBUG 08-14 23:35:39 replica.py:146] complete_request_prefill: replica_id=[1], request=458, current_budget=303,last_prefill_completed_at=30615747.787742823,last_ttft=2.5528
DEBUG 08-14 23:35:39 replica.py:153] complete_request_prefill - replica_id=[1], request=458,self.replica_slo_budget-sum_pending_tokens==current_budget:True,1048576-705==1047871
INFO 08-14 23:35:39 shared.py:299] Adding task for request 483 to replica 2,session_id=483
DEBUG 08-14 23:35:39 replica.py:226] add_request - replica_id=[2], request=483,self.replica_slo_budget-sum_pending_tokens==current_budget:True,1048576-432==1048144
DEBUG 08-14 23:35:39 open_ai.py:335] async_send_request: request finish prefill, 442
INFO 08-14 23:35:39 open_ai.py:352] async_send_request: prefill completed: req=442,replica_id=3
DEBUG 08-14 23:35:39 replica.py:146] complete_request_prefill: replica_id=[3], request=442, current_budget=70,last_prefill_completed_at=30615747.78973752,last_ttft=2.567
DEBUG 08-14 23:35:39 replica.py:153] complete_request_prefill - replica_id=[3], request=442,self.replica_slo_budget-sum_pending_tokens==current_budget:True,1048576-626==1047950
INFO 08-14 23:35:39 shared.py:299] Adding task for request 486 to replica 1,session_id=486
DEBUG 08-14 23:35:39 replica.py:226] add_request - replica_id=[1], request=486,self.replica_slo_budget-sum_pending_tokens==current_budget:True,1048576-794==1047782
DEBUG 08-14 23:35:39 open_ai.py:335] async_send_request: request finish prefill, 455
INFO 08-14 23:35:39 open_ai.py:352] async_send_request: prefill completed: req=455,replica_id=3
DEBUG 08-14 23:35:39 replica.py:146] complete_request_prefill: replica_id=[3], request=455, current_budget=22,last_prefill_completed_at=30615747.79179846,last_ttft=2.5609
DEBUG 08-14 23:35:39 replica.py:153] complete_request_prefill - replica_id=[3], request=455,self.replica_slo_budget-sum_pending_tokens==current_budget:True,1048576-604==1047972
INFO 08-14 23:35:39 shared.py:299] Adding task for request 487 to replica 2,session_id=487
DEBUG 08-14 23:35:39 replica.py:226] add_request - replica_id=[2], request=487,self.replica_slo_budget-sum_pending_tokens==current_budget:True,1048576-737==1047839
DEBUG 08-14 23:35:39 open_ai.py:335] async_send_request: request finish prefill, 456
INFO 08-14 23:35:39 open_ai.py:352] async_send_request: prefill completed: req=456,replica_id=3
DEBUG 08-14 23:35:39 replica.py:146] complete_request_prefill: replica_id=[3], request=456, current_budget=86,last_prefill_completed_at=30615747.7935811,last_ttft=2.5622
DEBUG 08-14 23:35:39 replica.py:153] complete_request_prefill - replica_id=[3], request=456,self.replica_slo_budget-sum_pending_tokens==current_budget:True,1048576-518==1048058
DEBUG 08-14 23:35:39 replica.py:171] complete_request_decode:num_saved_toekens=16
DEBUG 08-14 23:35:39 open_ai.py:452] good request:https://uu722127-b80a-4e3f9d5d.cqa1.seetacloud.com:8443:good,request._id=415,input=32,output=22
DEBUG 08-14 23:35:39 open_ai.py:335] async_send_request: request finish prefill, 459
INFO 08-14 23:35:39 open_ai.py:352] async_send_request: prefill completed: req=459,replica_id=2
DEBUG 08-14 23:35:39 replica.py:146] complete_request_prefill: replica_id=[2], request=459, current_budget=43,last_prefill_completed_at=30615747.794910457,last_ttft=2.5587
DEBUG 08-14 23:35:39 replica.py:153] complete_request_prefill - replica_id=[2], request=459,self.replica_slo_budget-sum_pending_tokens==current_budget:True,1048576-694==1047882
INFO 08-14 23:35:39 shared.py:299] Adding task for request 489 to replica 0,session_id=489
DEBUG 08-14 23:35:39 replica.py:226] add_request - replica_id=[0], request=489,self.replica_slo_budget-sum_pending_tokens==current_budget:True,1048576-752==1047824
INFO 08-14 23:35:39 open_ai.py:115] async_send_request:request._id=483,session=483,https://u722127-b80a-4e3f9d5d.cqa1.seetacloud.com:8443
INFO 08-14 23:35:39 open_ai.py:115] async_send_request:request._id=486,session=486,127.0.0.1:8001
INFO 08-14 23:35:39 open_ai.py:115] async_send_request:request._id=487,session=487,https://u722127-b80a-4e3f9d5d.cqa1.seetacloud.com:8443
INFO 08-14 23:35:39 open_ai.py:115] async_send_request:request._id=489,session=489,127.0.0.1:8000
DEBUG 08-14 23:35:39 replica.py:171] complete_request_decode:num_saved_toekens=32
DEBUG 08-14 23:35:39 open_ai.py:452] good request:https://u722127-8cb5-f6dc13db.nmb1.seetacloud.com:8443:good,request._id=346,input=39,output=35
DEBUG 08-14 23:35:39 replica.py:171] complete_request_decode:num_saved_toekens=0
DEBUG 08-14 23:35:39 open_ai.py:452] good request:127.0.0.1:8001:good,request._id=452,input=64,output=2
DEBUG 08-14 23:35:39 replica.py:171] complete_request_decode:num_saved_toekens=16
DEBUG 08-14 23:35:39 open_ai.py:452] good request:127.0.0.1:8000:good,request._id=444,input=573,output=7
DEBUG 08-14 23:35:39 replica.py:171] complete_request_decode:num_saved_toekens=32
DEBUG 08-14 23:35:39 open_ai.py:452] good request:127.0.0.1:8000:good,request._id=378,input=46,output=31
DEBUG 08-14 23:35:39 metrics_store.py:131] update_metrics:request_id=75
DEBUG 08-14 23:35:39 open_ai.py:335] async_send_request: request finish prefill, 464
INFO 08-14 23:35:39 open_ai.py:352] async_send_request: prefill completed: req=464,replica_id=1
DEBUG 08-14 23:35:39 replica.py:146] complete_request_prefill: replica_id=[1], request=464, current_budget=23,last_prefill_completed_at=30615747.817837916,last_ttft=2.5759
DEBUG 08-14 23:35:39 replica.py:153] complete_request_prefill - replica_id=[1], request=464,self.replica_slo_budget-sum_pending_tokens==current_budget:True,1048576-771==1047805
DEBUG 08-14 23:35:39 open_ai.py:335] async_send_request: request finish prefill, 461
INFO 08-14 23:35:39 open_ai.py:352] async_send_request: prefill completed: req=461,replica_id=1
DEBUG 08-14 23:35:39 replica.py:146] complete_request_prefill: replica_id=[1], request=461, current_budget=86,last_prefill_completed_at=30615747.829277165,last_ttft=2.5892
DEBUG 08-14 23:35:39 replica.py:153] complete_request_prefill - replica_id=[1], request=461,self.replica_slo_budget-sum_pending_tokens==current_budget:True,1048576-685==1047891
DEBUG 08-14 23:35:39 open_ai.py:335] async_send_request: request finish prefill, 467
INFO 08-14 23:35:39 open_ai.py:352] async_send_request: prefill completed: req=467,replica_id=0
DEBUG 08-14 23:35:39 replica.py:146] complete_request_prefill: replica_id=[0], request=467, current_budget=213,last_prefill_completed_at=30615747.830080826,last_ttft=2.5832
DEBUG 08-14 23:35:39 replica.py:153] complete_request_prefill - replica_id=[0], request=467,self.replica_slo_budget-sum_pending_tokens==current_budget:True,1048576-539==1048037
DEBUG 08-14 23:35:39 metrics_store.py:131] update_metrics:request_id=448
DEBUG 08-14 23:35:39 shared.py:180] Removed task for request 75 on 127.0.0.1:8001
DEBUG 08-14 23:35:39 replica.py:171] complete_request_decode:num_saved_toekens=96
DEBUG 08-14 23:35:39 open_ai.py:452] good request:https://u722127-b80a-4e3f9d5d.cqa1.seetacloud.com:8443:good,request._id=315,input=349,output=88
DEBUG 08-14 23:35:39 open_ai.py:335] async_send_request: request finish prefill, 460
INFO 08-14 23:35:39 open_ai.py:352] async_send_request: prefill completed: req=460,replica_id=2
DEBUG 08-14 23:35:39 replica.py:146] complete_request_prefill: replica_id=[2], request=460, current_budget=12,last_prefill_completed_at=30615747.833644886,last_ttft=2.5966
DEBUG 08-14 23:35:39 replica.py:153] complete_request_prefill - replica_id=[2], request=460,self.replica_slo_budget-sum_pending_tokens==current_budget:True,1048576-682==1047894
DEBUG 08-14 23:35:39 replica.py:171] complete_request_decode:num_saved_toekens=16
DEBUG 08-14 23:35:39 open_ai.py:452] good request:https://u722127-b80a-4e3f9d5d.cqa1.seetacloud.com:8443:good,request._id=443,input=9,output=10
DEBUG 08-14 23:35:39 metrics_store.py:131] update_metrics:request_id=330
DEBUG 08-14 23:35:39 metrics_store.py:131] update_metrics:request_id=360
DEBUG 08-14 23:35:39 shared.py:180] Removed task for request 448 on https://uu722127-b80a-4e3f9d5d.cqa1.seetacloud.com:8443
DEBUG 08-14 23:35:39 shared.py:180] Removed task for request 330 on https://u722127-8cb5-f6dc13db.nmb1.seetacloud.com:8443
DEBUG 08-14 23:35:39 shared.py:180] Removed task for request 360 on https://u722127-8cb5-f6dc13db.nmb1.seetacloud.com:8443
DEBUG 08-14 23:35:39 open_ai.py:335] async_send_request: request finish prefill, 468
INFO 08-14 23:35:39 open_ai.py:352] async_send_request: prefill completed: req=468,replica_id=2
DEBUG 08-14 23:35:39 replica.py:146] complete_request_prefill: replica_id=[2], request=468, current_budget=80,last_prefill_completed_at=30615747.86355388,last_ttft=2.6151
DEBUG 08-14 23:35:39 replica.py:153] complete_request_prefill - replica_id=[2], request=468,self.replica_slo_budget-sum_pending_tokens==current_budget:True,1048576-602==1047974
DEBUG 08-14 23:35:39 open_ai.py:335] async_send_request: request finish prefill, 463
INFO 08-14 23:35:39 open_ai.py:352] async_send_request: prefill completed: req=463,replica_id=2
DEBUG 08-14 23:35:39 replica.py:146] complete_request_prefill: replica_id=[2], request=463, current_budget=107,last_prefill_completed_at=30615747.864834674,last_ttft=2.6246
DEBUG 08-14 23:35:39 replica.py:153] complete_request_prefill - replica_id=[2], request=463,self.replica_slo_budget-sum_pending_tokens==current_budget:True,1048576-495==1048081
DEBUG 08-14 23:35:39 replica.py:171] complete_request_decode:num_saved_toekens=64
DEBUG 08-14 23:35:39 open_ai.py:452] good request:https://u722127-8cb5-f6dc13db.nmb1.seetacloud.com:8443:good,request._id=267,input=34,output=62
DEBUG 08-14 23:35:39 open_ai.py:335] async_send_request: request finish prefill, 465
INFO 08-14 23:35:39 open_ai.py:352] async_send_request: prefill completed: req=465,replica_id=0
DEBUG 08-14 23:35:39 replica.py:146] complete_request_prefill: replica_id=[0], request=465, current_budget=59,last_prefill_completed_at=30615747.86877316,last_ttft=2.6264
DEBUG 08-14 23:35:39 replica.py:153] complete_request_prefill - replica_id=[0], request=465,self.replica_slo_budget-sum_pending_tokens==current_budget:True,1048576-480==1048096
DEBUG 08-14 23:35:39 replica.py:171] complete_request_decode:num_saved_toekens=0
DEBUG 08-14 23:35:39 open_ai.py:452] good request:127.0.0.1:8001:good,request._id=434,input=16,output=13
DEBUG 08-14 23:35:39 replica.py:171] complete_request_decode:num_saved_toekens=0
DEBUG 08-14 23:35:39 open_ai.py:452] good request:https://u722127-8cb5-f6dc13db.nmb1.seetacloud.com:8443:good,request._id=418,input=384,output=15
INFO 08-14 23:35:39 shared.py:299] Adding task for request 490 to replica 1,session_id=490
DEBUG 08-14 23:35:39 replica.py:226] add_request - replica_id=[1], request=490,self.replica_slo_budget-sum_pending_tokens==current_budget:True,1048576-718==1047858
INFO 08-14 23:35:39 shared.py:299] Adding task for request 492 to replica 1,session_id=492
DEBUG 08-14 23:35:39 replica.py:226] add_request - replica_id=[1], request=492,self.replica_slo_budget-sum_pending_tokens==current_budget:True,1048576-733==1047843
INFO 08-14 23:35:39 shared.py:299] Adding task for request 493 to replica 1,session_id=493
DEBUG 08-14 23:35:39 replica.py:226] add_request - replica_id=[1], request=493,self.replica_slo_budget-sum_pending_tokens==current_budget:True,1048576-791==1047785
INFO 08-14 23:35:39 shared.py:299] Adding task for request 494 to replica 1,session_id=494
DEBUG 08-14 23:35:39 replica.py:226] add_request - replica_id=[1], request=494,self.replica_slo_budget-sum_pending_tokens==current_budget:True,1048576-805==1047771
INFO 08-14 23:35:39 shared.py:299] Adding task for request 495 to replica 0,session_id=495
DEBUG 08-14 23:35:39 replica.py:226] add_request - replica_id=[0], request=495,self.replica_slo_budget-sum_pending_tokens==current_budget:True,1048576-525==1048051
INFO 08-14 23:35:39 shared.py:299] Adding task for request 496 to replica 3,session_id=496
DEBUG 08-14 23:35:39 replica.py:226] add_request - replica_id=[3], request=496,self.replica_slo_budget-sum_pending_tokens==current_budget:True,1048576-1421==1047155
INFO 08-14 23:35:39 shared.py:299] Adding task for request 497 to replica 2,session_id=497
DEBUG 08-14 23:35:39 replica.py:226] add_request - replica_id=[2], request=497,self.replica_slo_budget-sum_pending_tokens==current_budget:True,1048576-547==1048029
INFO 08-14 23:35:39 shared.py:299] Adding task for request 498 to replica 4,session_id=498
DEBUG 08-14 23:35:39 replica.py:226] add_request - replica_id=[4], request=498,self.replica_slo_budget-sum_pending_tokens==current_budget:True,1048576-380==1048196
DEBUG 08-14 23:35:39 open_ai.py:335] async_send_request: request finish prefill, 466
INFO 08-14 23:35:39 open_ai.py:352] async_send_request: prefill completed: req=466,replica_id=0
DEBUG 08-14 23:35:39 replica.py:146] complete_request_prefill: replica_id=[0], request=466, current_budget=83,last_prefill_completed_at=30615747.893584426,last_ttft=2.6501
DEBUG 08-14 23:35:39 replica.py:153] complete_request_prefill - replica_id=[0], request=466,self.replica_slo_budget-sum_pending_tokens==current_budget:True,1048576-442==1048134
DEBUG 08-14 23:35:39 open_ai.py:335] async_send_request: request finish prefill, 469
INFO 08-14 23:35:39 open_ai.py:352] async_send_request: prefill completed: req=469,replica_id=0
DEBUG 08-14 23:35:39 replica.py:146] complete_request_prefill: replica_id=[0], request=469, current_budget=56,last_prefill_completed_at=30615747.894975975,last_ttft=2.6462
DEBUG 08-14 23:35:39 replica.py:153] complete_request_prefill - replica_id=[0], request=469,self.replica_slo_budget-sum_pending_tokens==current_budget:True,1048576-386==1048190
INFO 08-14 23:35:39 open_ai.py:115] async_send_request:request._id=490,session=490,127.0.0.1:8001
INFO 08-14 23:35:39 open_ai.py:115] async_send_request:request._id=492,session=492,127.0.0.1:8001
INFO 08-14 23:35:39 open_ai.py:115] async_send_request:request._id=493,session=493,127.0.0.1:8001
INFO 08-14 23:35:39 open_ai.py:115] async_send_request:request._id=494,session=494,127.0.0.1:8001
INFO 08-14 23:35:39 open_ai.py:115] async_send_request:request._id=495,session=495,127.0.0.1:8000
INFO 08-14 23:35:39 open_ai.py:115] async_send_request:request._id=496,session=496,https://uu722127-b80a-4e3f9d5d.cqa1.seetacloud.com:8443
INFO 08-14 23:35:39 open_ai.py:115] async_send_request:request._id=497,session=497,https://u722127-b80a-4e3f9d5d.cqa1.seetacloud.com:8443
INFO 08-14 23:35:39 open_ai.py:115] async_send_request:request._id=498,session=498,https://u722127-8cb5-f6dc13db.nmb1.seetacloud.com:8443
INFO 08-14 23:35:39 shared.py:299] Adding task for request 491 to replica 4,session_id=491
DEBUG 08-14 23:35:39 replica.py:226] add_request - replica_id=[4], request=491,self.replica_slo_budget-sum_pending_tokens==current_budget:True,1048576-1197==1047379
INFO 08-14 23:35:39 open_ai.py:115] async_send_request:request._id=491,session=491,https://u722127-8cb5-f6dc13db.nmb1.seetacloud.com:8443
DEBUG 08-14 23:35:39 open_ai.py:335] async_send_request: request finish prefill, 478
INFO 08-14 23:35:39 open_ai.py:352] async_send_request: prefill completed: req=478,replica_id=1
DEBUG 08-14 23:35:39 replica.py:146] complete_request_prefill: replica_id=[1], request=478, current_budget=399,last_prefill_completed_at=30615747.905436844,last_ttft=2.6477
DEBUG 08-14 23:35:39 replica.py:153] complete_request_prefill - replica_id=[1], request=478,self.replica_slo_budget-sum_pending_tokens==current_budget:True,1048576-406==1048170
DEBUG 08-14 23:35:39 open_ai.py:335] async_send_request: request finish prefill, 471
INFO 08-14 23:35:39 open_ai.py:352] async_send_request: prefill completed: req=471,replica_id=1
DEBUG 08-14 23:35:39 replica.py:146] complete_request_prefill: replica_id=[1], request=471, current_budget=186,last_prefill_completed_at=30615747.905966513,last_ttft=2.6558
DEBUG 08-14 23:35:39 replica.py:153] complete_request_prefill - replica_id=[1], request=471,self.replica_slo_budget-sum_pending_tokens==current_budget:True,1048576-220==1048356
DEBUG 08-14 23:35:39 metrics_store.py:131] update_metrics:request_id=415
DEBUG 08-14 23:35:39 open_ai.py:335] async_send_request: request finish prefill, 473
INFO 08-14 23:35:39 open_ai.py:352] async_send_request: prefill completed: req=473,replica_id=4
DEBUG 08-14 23:35:39 replica.py:146] complete_request_prefill: replica_id=[4], request=473, current_budget=85,last_prefill_completed_at=30615747.913070273,last_ttft=2.6615
DEBUG 08-14 23:35:39 replica.py:153] complete_request_prefill - replica_id=[4], request=473,self.replica_slo_budget-sum_pending_tokens==current_budget:True,1048576-1112==1047464
INFO 08-14 23:35:39 shared.py:299] Adding task for request 499 to replica 1,session_id=499
DEBUG 08-14 23:35:39 replica.py:226] add_request - replica_id=[1], request=499,self.replica_slo_budget-sum_pending_tokens==current_budget:True,1048576-343==1048233
DEBUG 08-14 23:35:39 open_ai.py:335] async_send_request: request finish prefill, 477
INFO 08-14 23:35:39 open_ai.py:352] async_send_request: prefill completed: req=477,replica_id=0
DEBUG 08-14 23:35:39 replica.py:146] complete_request_prefill: replica_id=[0], request=477, current_budget=252,last_prefill_completed_at=30615747.914216273,last_ttft=2.657
DEBUG 08-14 23:35:39 replica.py:153] complete_request_prefill - replica_id=[0], request=477,self.replica_slo_budget-sum_pending_tokens==current_budget:True,1048576-134==1048442
INFO 08-14 23:35:39 open_ai.py:115] async_send_request:request._id=499,session=499,127.0.0.1:8001
DEBUG 08-14 23:35:39 replica.py:171] complete_request_decode:num_saved_toekens=0
DEBUG 08-14 23:35:39 open_ai.py:452] good request:127.0.0.1:8000:good,request._id=465,input=59,output=3
DEBUG 08-14 23:35:39 replica.py:171] complete_request_decode:num_saved_toekens=0
DEBUG 08-14 23:35:39 open_ai.py:452] good request:127.0.0.1:8000:good,request._id=466,input=83,output=2
DEBUG 08-14 23:35:39 open_ai.py:335] async_send_request: request finish prefill, 470
INFO 08-14 23:35:39 open_ai.py:352] async_send_request: prefill completed: req=470,replica_id=4
DEBUG 08-14 23:35:39 replica.py:146] complete_request_prefill: replica_id=[4], request=470, current_budget=42,last_prefill_completed_at=30615747.917656552,last_ttft=2.6683
DEBUG 08-14 23:35:39 replica.py:153] complete_request_prefill - replica_id=[4], request=470,self.replica_slo_budget-sum_pending_tokens==current_budget:True,1048576-1070==1047506
DEBUG 08-14 23:35:39 shared.py:180] Removed task for request 415 on https://uu722127-b80a-4e3f9d5d.cqa1.seetacloud.com:8443
DEBUG 08-14 23:35:39 open_ai.py:335] async_send_request: request finish prefill, 462
INFO 08-14 23:35:39 open_ai.py:352] async_send_request: prefill completed: req=462,replica_id=3
DEBUG 08-14 23:35:39 replica.py:146] complete_request_prefill: replica_id=[3], request=462, current_budget=117,last_prefill_completed_at=30615747.923128225,last_ttft=2.683
DEBUG 08-14 23:35:39 replica.py:153] complete_request_prefill - replica_id=[3], request=462,self.replica_slo_budget-sum_pending_tokens==current_budget:True,1048576-1304==1047272
DEBUG 08-14 23:35:39 metrics_store.py:131] update_metrics:request_id=346
DEBUG 08-14 23:35:39 metrics_store.py:131] update_metrics:request_id=452
DEBUG 08-14 23:35:39 metrics_store.py:131] update_metrics:request_id=444
DEBUG 08-14 23:35:39 shared.py:180] Removed task for request 346 on https://u722127-8cb5-f6dc13db.nmb1.seetacloud.com:8443
DEBUG 08-14 23:35:39 metrics_store.py:131] update_metrics:request_id=378
DEBUG 08-14 23:35:39 shared.py:180] Removed task for request 452 on 127.0.0.1:8001
DEBUG 08-14 23:35:39 metrics_store.py:131] update_metrics:request_id=315
DEBUG 08-14 23:35:39 shared.py:180] Removed task for request 444 on 127.0.0.1:8000
DEBUG 08-14 23:35:39 metrics_store.py:131] update_metrics:request_id=443
DEBUG 08-14 23:35:39 shared.py:180] Removed task for request 378 on 127.0.0.1:8000
DEBUG 08-14 23:35:39 metrics_store.py:131] update_metrics:request_id=267
DEBUG 08-14 23:35:39 shared.py:180] Removed task for request 315 on https://u722127-b80a-4e3f9d5d.cqa1.seetacloud.com:8443
DEBUG 08-14 23:35:39 metrics_store.py:131] update_metrics:request_id=434
DEBUG 08-14 23:35:39 shared.py:180] Removed task for request 443 on https://u722127-b80a-4e3f9d5d.cqa1.seetacloud.com:8443
DEBUG 08-14 23:35:39 replica.py:171] complete_request_decode:num_saved_toekens=32
DEBUG 08-14 23:35:39 open_ai.py:452] good request:https://uu722127-b80a-4e3f9d5d.cqa1.seetacloud.com:8443:good,request._id=411,input=113,output=36
DEBUG 08-14 23:35:39 metrics_store.py:131] update_metrics:request_id=418
DEBUG 08-14 23:35:39 shared.py:180] Removed task for request 267 on https://u722127-8cb5-f6dc13db.nmb1.seetacloud.com:8443
DEBUG 08-14 23:35:39 shared.py:180] Removed task for request 434 on 127.0.0.1:8001
DEBUG 08-14 23:35:39 shared.py:180] Removed task for request 418 on https://u722127-8cb5-f6dc13db.nmb1.seetacloud.com:8443
DEBUG 08-14 23:35:39 metrics_store.py:131] update_metrics:request_id=465
DEBUG 08-14 23:35:39 metrics_store.py:131] update_metrics:request_id=466
DEBUG 08-14 23:35:39 metrics_store.py:131] update_metrics:request_id=411
DEBUG 08-14 23:35:39 shared.py:180] Removed task for request 465 on 127.0.0.1:8000
DEBUG 08-14 23:35:39 shared.py:180] Removed task for request 466 on 127.0.0.1:8000
DEBUG 08-14 23:35:39 replica.py:171] complete_request_decode:num_saved_toekens=16
DEBUG 08-14 23:35:39 shared.py:180] Removed task for request 411 on https://uu722127-b80a-4e3f9d5d.cqa1.seetacloud.com:8443
DEBUG 08-14 23:35:39 open_ai.py:452] good request:127.0.0.1:8000:good,request._id=428,input=13,output=17
DEBUG 08-14 23:35:39 metrics_store.py:131] update_metrics:request_id=428
DEBUG 08-14 23:35:39 shared.py:180] Removed task for request 428 on 127.0.0.1:8000
DEBUG 08-14 23:35:39 open_ai.py:335] async_send_request: request finish prefill, 476
INFO 08-14 23:35:39 open_ai.py:352] async_send_request: prefill completed: req=476,replica_id=3
DEBUG 08-14 23:35:39 replica.py:146] complete_request_prefill: replica_id=[3], request=476, current_budget=50,last_prefill_completed_at=30615747.9513787,last_ttft=2.6984
DEBUG 08-14 23:35:39 replica.py:153] complete_request_prefill - replica_id=[3], request=476,self.replica_slo_budget-sum_pending_tokens==current_budget:True,1048576-1254==1047322
DEBUG 08-14 23:35:39 open_ai.py:335] async_send_request: request finish prefill, 479
INFO 08-14 23:35:39 open_ai.py:352] async_send_request: prefill completed: req=479,replica_id=3
DEBUG 08-14 23:35:39 replica.py:146] complete_request_prefill: replica_id=[3], request=479, current_budget=264,last_prefill_completed_at=30615747.954399,last_ttft=2.6955
DEBUG 08-14 23:35:39 replica.py:153] complete_request_prefill - replica_id=[3], request=479,self.replica_slo_budget-sum_pending_tokens==current_budget:True,1048576-990==1047586
DEBUG 08-14 23:35:39 replica.py:171] complete_request_decode:num_saved_toekens=80
DEBUG 08-14 23:35:39 open_ai.py:452] good request:https://uu722127-b80a-4e3f9d5d.cqa1.seetacloud.com:8443:good,request._id=339,input=29,output=79
DEBUG 08-14 23:35:39 metrics_store.py:131] update_metrics:request_id=339
DEBUG 08-14 23:35:39 replica.py:171] complete_request_decode:num_saved_toekens=0
DEBUG 08-14 23:35:39 open_ai.py:452] good request:127.0.0.1:8000:good,request._id=457,input=66,output=9
DEBUG 08-14 23:35:39 metrics_store.py:131] update_metrics:request_id=457
DEBUG 08-14 23:35:39 shared.py:180] Removed task for request 339 on https://uu722127-b80a-4e3f9d5d.cqa1.seetacloud.com:8443
DEBUG 08-14 23:35:39 shared.py:180] Removed task for request 457 on 127.0.0.1:8000
DEBUG 08-14 23:35:39 open_ai.py:335] async_send_request: request finish prefill, 489
INFO 08-14 23:35:39 open_ai.py:352] async_send_request: prefill completed: req=489,replica_id=0
DEBUG 08-14 23:35:39 replica.py:146] complete_request_prefill: replica_id=[0], request=489, current_budget=89,last_prefill_completed_at=30615748.01209992,last_ttft=2.7419
DEBUG 08-14 23:35:39 replica.py:153] complete_request_prefill - replica_id=[0], request=489,self.replica_slo_budget-sum_pending_tokens==current_budget:True,1048576-45==1048531
DEBUG 08-14 23:35:39 open_ai.py:335] async_send_request: request finish prefill, 495
INFO 08-14 23:35:39 open_ai.py:352] async_send_request: prefill completed: req=495,replica_id=0
DEBUG 08-14 23:35:39 replica.py:146] complete_request_prefill: replica_id=[0], request=495, current_budget=45,last_prefill_completed_at=30615748.01235199,last_ttft=2.7342
DEBUG 08-14 23:35:39 replica.py:153] complete_request_prefill - replica_id=[0], request=495,self.replica_slo_budget-sum_pending_tokens==current_budget:True,1048576-0==1048576
DEBUG 08-14 23:35:39 replica.py:171] complete_request_decode:num_saved_toekens=16
DEBUG 08-14 23:35:39 open_ai.py:452] good request:127.0.0.1:8001:good,request._id=458,input=303,output=8
DEBUG 08-14 23:35:39 metrics_store.py:131] update_metrics:request_id=458
DEBUG 08-14 23:35:39 shared.py:180] Removed task for request 458 on 127.0.0.1:8001
DEBUG 08-14 23:35:39 open_ai.py:335] async_send_request: request finish prefill, 485
INFO 08-14 23:35:39 open_ai.py:352] async_send_request: prefill completed: req=485,replica_id=1
DEBUG 08-14 23:35:39 replica.py:146] complete_request_prefill: replica_id=[1], request=485, current_budget=11,last_prefill_completed_at=30615748.032277185,last_ttft=2.7669
DEBUG 08-14 23:35:39 replica.py:153] complete_request_prefill - replica_id=[1], request=485,self.replica_slo_budget-sum_pending_tokens==current_budget:True,1048576-332==1048244
DEBUG 08-14 23:35:39 open_ai.py:335] async_send_request: request finish prefill, 481
INFO 08-14 23:35:39 open_ai.py:352] async_send_request: prefill completed: req=481,replica_id=4
DEBUG 08-14 23:35:39 replica.py:146] complete_request_prefill: replica_id=[4], request=481, current_budget=46,last_prefill_completed_at=30615748.03301469,last_ttft=2.7722
DEBUG 08-14 23:35:39 replica.py:153] complete_request_prefill - replica_id=[4], request=481,self.replica_slo_budget-sum_pending_tokens==current_budget:True,1048576-1024==1047552
DEBUG 08-14 23:35:39 replica.py:171] complete_request_decode:num_saved_toekens=48
DEBUG 08-14 23:35:39 open_ai.py:452] good request:127.0.0.1:8000:good,request._id=283,input=40,output=45
DEBUG 08-14 23:35:39 metrics_store.py:131] update_metrics:request_id=283
DEBUG 08-14 23:35:39 open_ai.py:335] async_send_request: request finish prefill, 480
INFO 08-14 23:35:39 open_ai.py:352] async_send_request: prefill completed: req=480,replica_id=4
DEBUG 08-14 23:35:39 replica.py:146] complete_request_prefill: replica_id=[4], request=480, current_budget=15,last_prefill_completed_at=30615748.039492007,last_ttft=2.7805
DEBUG 08-14 23:35:39 replica.py:153] complete_request_prefill - replica_id=[4], request=480,self.replica_slo_budget-sum_pending_tokens==current_budget:True,1048576-1009==1047567
DEBUG 08-14 23:35:39 shared.py:180] Removed task for request 283 on 127.0.0.1:8000
DEBUG 08-14 23:35:39 replica.py:171] complete_request_decode:num_saved_toekens=16
DEBUG 08-14 23:35:39 open_ai.py:452] good request:https://uu722127-b80a-4e3f9d5d.cqa1.seetacloud.com:8443:good,request._id=426,input=35,output=26
DEBUG 08-14 23:35:39 metrics_store.py:131] update_metrics:request_id=426
DEBUG 08-14 23:35:39 shared.py:180] Removed task for request 426 on https://uu722127-b80a-4e3f9d5d.cqa1.seetacloud.com:8443
DEBUG 08-14 23:35:39 open_ai.py:335] async_send_request: request finish prefill, 472
INFO 08-14 23:35:39 open_ai.py:352] async_send_request: prefill completed: req=472,replica_id=2
DEBUG 08-14 23:35:39 replica.py:146] complete_request_prefill: replica_id=[2], request=472, current_budget=18,last_prefill_completed_at=30615748.046511643,last_ttft=2.7956
DEBUG 08-14 23:35:39 replica.py:153] complete_request_prefill - replica_id=[2], request=472,self.replica_slo_budget-sum_pending_tokens==current_budget:True,1048576-529==1048047
DEBUG 08-14 23:35:39 replica.py:171] complete_request_decode:num_saved_toekens=0
DEBUG 08-14 23:35:39 open_ai.py:452] good request:127.0.0.1:8001:good,request._id=464,input=23,output=8
DEBUG 08-14 23:35:39 metrics_store.py:131] update_metrics:request_id=464
DEBUG 08-14 23:35:39 shared.py:180] Removed task for request 464 on 127.0.0.1:8001
DEBUG 08-14 23:35:39 open_ai.py:335] async_send_request: request finish prefill, 496
INFO 08-14 23:35:39 open_ai.py:352] async_send_request: prefill completed: req=496,replica_id=3
DEBUG 08-14 23:35:39 replica.py:146] complete_request_prefill: replica_id=[3], request=496, current_budget=903,last_prefill_completed_at=30615748.05041192,last_ttft=2.7717
DEBUG 08-14 23:35:39 replica.py:153] complete_request_prefill - replica_id=[3], request=496,self.replica_slo_budget-sum_pending_tokens==current_budget:True,1048576-87==1048489
DEBUG 08-14 23:35:39 replica.py:171] complete_request_decode:num_saved_toekens=16
DEBUG 08-14 23:35:39 open_ai.py:335] async_send_request: request finish prefill, 486
INFO 08-14 23:35:39 open_ai.py:352] async_send_request: prefill completed: req=486,replica_id=1
DEBUG 08-14 23:35:39 replica.py:146] complete_request_prefill: replica_id=[1], request=486, current_budget=89,last_prefill_completed_at=30615748.085120056,last_ttft=2.8178
DEBUG 08-14 23:35:39 replica.py:153] complete_request_prefill - replica_id=[1], request=486,self.replica_slo_budget-sum_pending_tokens==current_budget:True,1048576-243==1048333
DEBUG 08-14 23:35:39 open_ai.py:335] async_send_request: request finish prefill, 490
INFO 08-14 23:35:39 open_ai.py:352] async_send_request: prefill completed: req=490,replica_id=1
DEBUG 08-14 23:35:39 replica.py:146] complete_request_prefill: replica_id=[1], request=490, current_budget=33,last_prefill_completed_at=30615748.085688718,last_ttft=2.8132
DEBUG 08-14 23:35:39 replica.py:153] complete_request_prefill - replica_id=[1], request=490,self.replica_slo_budget-sum_pending_tokens==current_budget:True,1048576-210==1048366
DEBUG 08-14 23:35:39 open_ai.py:335] async_send_request: request finish prefill, 492
INFO 08-14 23:35:39 open_ai.py:352] async_send_request: prefill completed: req=492,replica_id=1
DEBUG 08-14 23:35:39 replica.py:146] complete_request_prefill: replica_id=[1], request=492, current_budget=15,last_prefill_completed_at=30615748.08644666,last_ttft=2.809
DEBUG 08-14 23:35:39 replica.py:153] complete_request_prefill - replica_id=[1], request=492,self.replica_slo_budget-sum_pending_tokens==current_budget:True,1048576-195==1048381
DEBUG 08-14 23:35:39 open_ai.py:335] async_send_request: request finish prefill, 482
INFO 08-14 23:35:39 open_ai.py:352] async_send_request: prefill completed: req=482,replica_id=4
DEBUG 08-14 23:35:39 replica.py:146] complete_request_prefill: replica_id=[4], request=482, current_budget=31,last_prefill_completed_at=30615748.087224137,last_ttft=2.8245
DEBUG 08-14 23:35:39 replica.py:153] complete_request_prefill - replica_id=[4], request=482,self.replica_slo_budget-sum_pending_tokens==current_budget:True,1048576-978==1047598
DEBUG 08-14 23:35:39 open_ai.py:335] async_send_request: request finish prefill, 498
INFO 08-14 23:35:39 open_ai.py:352] async_send_request: prefill completed: req=498,replica_id=4
DEBUG 08-14 23:35:39 replica.py:146] complete_request_prefill: replica_id=[4], request=498, current_budget=161,last_prefill_completed_at=30615748.08840734,last_ttft=2.8082
DEBUG 08-14 23:35:39 replica.py:153] complete_request_prefill - replica_id=[4], request=498,self.replica_slo_budget-sum_pending_tokens==current_budget:True,1048576-817==1047759
DEBUG 08-14 23:35:39 open_ai.py:335] async_send_request: request finish prefill, 488
INFO 08-14 23:35:39 open_ai.py:352] async_send_request: prefill completed: req=488,replica_id=3
DEBUG 08-14 23:35:39 replica.py:146] complete_request_prefill: replica_id=[3], request=488, current_budget=87,last_prefill_completed_at=30615748.0886938,last_ttft=2.8189
DEBUG 08-14 23:35:39 replica.py:153] complete_request_prefill - replica_id=[3], request=488,self.replica_slo_budget-sum_pending_tokens==current_budget:True,1048576-0==1048576
DEBUG 08-14 23:35:39 open_ai.py:335] async_send_request: request finish prefill, 493
INFO 08-14 23:35:39 open_ai.py:352] async_send_request: prefill completed: req=493,replica_id=1
DEBUG 08-14 23:35:39 replica.py:146] complete_request_prefill: replica_id=[1], request=493, current_budget=58,last_prefill_completed_at=30615748.092789374,last_ttft=2.8151
DEBUG 08-14 23:35:39 replica.py:153] complete_request_prefill - replica_id=[1], request=493,self.replica_slo_budget-sum_pending_tokens==current_budget:True,1048576-137==1048439
DEBUG 08-14 23:35:39 open_ai.py:335] async_send_request: request finish prefill, 494
INFO 08-14 23:35:39 open_ai.py:352] async_send_request: prefill completed: req=494,replica_id=1
DEBUG 08-14 23:35:39 replica.py:146] complete_request_prefill: replica_id=[1], request=494, current_budget=14,last_prefill_completed_at=30615748.093292985,last_ttft=2.8156
DEBUG 08-14 23:35:39 replica.py:153] complete_request_prefill - replica_id=[1], request=494,self.replica_slo_budget-sum_pending_tokens==current_budget:True,1048576-123==1048453
DEBUG 08-14 23:35:39 open_ai.py:335] async_send_request: request finish prefill, 484
INFO 08-14 23:35:39 open_ai.py:352] async_send_request: prefill completed: req=484,replica_id=2
DEBUG 08-14 23:35:39 replica.py:146] complete_request_prefill: replica_id=[2], request=484, current_budget=47,last_prefill_completed_at=30615748.09658496,last_ttft=2.8314
DEBUG 08-14 23:35:39 replica.py:153] complete_request_prefill - replica_id=[2], request=484,self.replica_slo_budget-sum_pending_tokens==current_budget:True,1048576-482==1048094
DEBUG 08-14 23:35:39 open_ai.py:452] good request:127.0.0.1:8000:good,request._id=440,input=37,output=19
DEBUG 08-14 23:35:39 metrics_store.py:131] update_metrics:request_id=440
DEBUG 08-14 23:35:39 open_ai.py:335] async_send_request: request finish prefill, 483
INFO 08-14 23:35:39 open_ai.py:352] async_send_request: prefill completed: req=483,replica_id=2
DEBUG 08-14 23:35:39 replica.py:146] complete_request_prefill: replica_id=[2], request=483, current_budget=54,last_prefill_completed_at=30615748.0984693,last_ttft=2.8341
DEBUG 08-14 23:35:39 replica.py:153] complete_request_prefill - replica_id=[2], request=483,self.replica_slo_budget-sum_pending_tokens==current_budget:True,1048576-428==1048148
DEBUG 08-14 23:35:39 open_ai.py:335] async_send_request: request finish prefill, 475
INFO 08-14 23:35:39 open_ai.py:352] async_send_request: prefill completed: req=475,replica_id=2
DEBUG 08-14 23:35:39 replica.py:146] complete_request_prefill: replica_id=[2], request=475, current_budget=10,last_prefill_completed_at=30615748.09926267,last_ttft=2.8469
DEBUG 08-14 23:35:39 replica.py:153] complete_request_prefill - replica_id=[2], request=475,self.replica_slo_budget-sum_pending_tokens==current_budget:True,1048576-418==1048158
DEBUG 08-14 23:35:39 open_ai.py:335] async_send_request: request finish prefill, 474
INFO 08-14 23:35:39 open_ai.py:352] async_send_request: prefill completed: req=474,replica_id=2
DEBUG 08-14 23:35:39 replica.py:146] complete_request_prefill: replica_id=[2], request=474, current_budget=61,last_prefill_completed_at=30615748.10143604,last_ttft=2.8492
DEBUG 08-14 23:35:39 replica.py:153] complete_request_prefill - replica_id=[2], request=474,self.replica_slo_budget-sum_pending_tokens==current_budget:True,1048576-357==1048219
DEBUG 08-14 23:35:39 shared.py:180] Removed task for request 440 on 127.0.0.1:8000
DEBUG 08-14 23:35:39 open_ai.py:335] async_send_request: request finish prefill, 499
INFO 08-14 23:35:39 open_ai.py:352] async_send_request: prefill completed: req=499,replica_id=1
DEBUG 08-14 23:35:39 replica.py:146] complete_request_prefill: replica_id=[1], request=499, current_budget=123,last_prefill_completed_at=30615748.113980275,last_ttft=2.8331
DEBUG 08-14 23:35:39 replica.py:153] complete_request_prefill - replica_id=[1], request=499,self.replica_slo_budget-sum_pending_tokens==current_budget:True,1048576-0==1048576
DEBUG 08-14 23:35:39 open_ai.py:335] async_send_request: request finish prefill, 491
INFO 08-14 23:35:39 open_ai.py:352] async_send_request: prefill completed: req=491,replica_id=4
DEBUG 08-14 23:35:39 replica.py:146] complete_request_prefill: replica_id=[4], request=491, current_budget=817,last_prefill_completed_at=30615748.11976745,last_ttft=2.8471
DEBUG 08-14 23:35:39 replica.py:153] complete_request_prefill - replica_id=[4], request=491,self.replica_slo_budget-sum_pending_tokens==current_budget:True,1048576-0==1048576
DEBUG 08-14 23:35:39 open_ai.py:335] async_send_request: request finish prefill, 497
INFO 08-14 23:35:39 open_ai.py:352] async_send_request: prefill completed: req=497,replica_id=2
DEBUG 08-14 23:35:39 replica.py:146] complete_request_prefill: replica_id=[2], request=497, current_budget=52,last_prefill_completed_at=30615748.132157728,last_ttft=2.8533
DEBUG 08-14 23:35:39 replica.py:153] complete_request_prefill - replica_id=[2], request=497,self.replica_slo_budget-sum_pending_tokens==current_budget:True,1048576-305==1048271
DEBUG 08-14 23:35:39 open_ai.py:335] async_send_request: request finish prefill, 487
INFO 08-14 23:35:39 open_ai.py:352] async_send_request: prefill completed: req=487,replica_id=2
DEBUG 08-14 23:35:39 replica.py:146] complete_request_prefill: replica_id=[2], request=487, current_budget=305,last_prefill_completed_at=30615748.133187048,last_ttft=2.8649
DEBUG 08-14 23:35:39 replica.py:153] complete_request_prefill - replica_id=[2], request=487,self.replica_slo_budget-sum_pending_tokens==current_budget:True,1048576-0==1048576
DEBUG 08-14 23:35:39 replica.py:171] complete_request_decode:num_saved_toekens=96
DEBUG 08-14 23:35:40 replica.py:171] complete_request_decode:num_saved_toekens=224
DEBUG 08-14 23:35:40 open_ai.py:452] good request:127.0.0.1:8001:good,request._id=59,input=252,output=214
DEBUG 08-14 23:35:40 replica.py:171] complete_request_decode:num_saved_toekens=176
DEBUG 08-14 23:35:40 open_ai.py:452] good request:https://uu722127-b80a-4e3f9d5d.cqa1.seetacloud.com:8443:good,request._id=96,input=2315,output=180
DEBUG 08-14 23:35:40 open_ai.py:452] good request:127.0.0.1:8000:good,request._id=160,input=367,output=96
DEBUG 08-14 23:35:40 metrics_store.py:131] update_metrics:request_id=59
DEBUG 08-14 23:35:40 metrics_store.py:131] update_metrics:request_id=96
DEBUG 08-14 23:35:40 metrics_store.py:131] update_metrics:request_id=160
DEBUG 08-14 23:35:40 shared.py:180] Removed task for request 59 on 127.0.0.1:8001
DEBUG 08-14 23:35:40 shared.py:180] Removed task for request 96 on https://uu722127-b80a-4e3f9d5d.cqa1.seetacloud.com:8443
DEBUG 08-14 23:35:40 shared.py:180] Removed task for request 160 on 127.0.0.1:8000
DEBUG 08-14 23:35:40 replica.py:171] complete_request_decode:num_saved_toekens=32
DEBUG 08-14 23:35:40 open_ai.py:452] good request:https://uu722127-b80a-4e3f9d5d.cqa1.seetacloud.com:8443:good,request._id=436,input=90,output=37
DEBUG 08-14 23:35:40 metrics_store.py:131] update_metrics:request_id=436
DEBUG 08-14 23:35:40 shared.py:180] Removed task for request 436 on https://uu722127-b80a-4e3f9d5d.cqa1.seetacloud.com:8443
DEBUG 08-14 23:35:40 replica.py:171] complete_request_decode:num_saved_toekens=16
DEBUG 08-14 23:35:40 open_ai.py:452] good request:https://uu722127-b80a-4e3f9d5d.cqa1.seetacloud.com:8443:good,request._id=462,input=117,output=21
DEBUG 08-14 23:35:40 metrics_store.py:131] update_metrics:request_id=462
DEBUG 08-14 23:35:40 shared.py:180] Removed task for request 462 on https://uu722127-b80a-4e3f9d5d.cqa1.seetacloud.com:8443
DEBUG 08-14 23:35:40 replica.py:171] complete_request_decode:num_saved_toekens=16
DEBUG 08-14 23:35:40 open_ai.py:452] good request:https://uu722127-b80a-4e3f9d5d.cqa1.seetacloud.com:8443:good,request._id=479,input=264,output=20
DEBUG 08-14 23:35:40 metrics_store.py:131] update_metrics:request_id=479
DEBUG 08-14 23:35:40 shared.py:180] Removed task for request 479 on https://uu722127-b80a-4e3f9d5d.cqa1.seetacloud.com:8443
DEBUG 08-14 23:35:40 replica.py:171] complete_request_decode:num_saved_toekens=32
DEBUG 08-14 23:35:40 open_ai.py:452] good request:https://u722127-8cb5-f6dc13db.nmb1.seetacloud.com:8443:good,request._id=397,input=139,output=34
DEBUG 08-14 23:35:40 metrics_store.py:131] update_metrics:request_id=397
DEBUG 08-14 23:35:40 shared.py:180] Removed task for request 397 on https://u722127-8cb5-f6dc13db.nmb1.seetacloud.com:8443
DEBUG 08-14 23:35:40 replica.py:171] complete_request_decode:num_saved_toekens=288
DEBUG 08-14 23:35:40 open_ai.py:452] good request:https://u722127-b80a-4e3f9d5d.cqa1.seetacloud.com:8443:good,request._id=17,input=41,output=286
DEBUG 08-14 23:35:40 metrics_store.py:131] update_metrics:request_id=17
DEBUG 08-14 23:35:40 shared.py:180] Removed task for request 17 on https://u722127-b80a-4e3f9d5d.cqa1.seetacloud.com:8443
DEBUG 08-14 23:35:40 replica.py:171] complete_request_decode:num_saved_toekens=144
DEBUG 08-14 23:35:40 open_ai.py:452] good request:https://uu722127-b80a-4e3f9d5d.cqa1.seetacloud.com:8443:good,request._id=237,input=1016,output=146
DEBUG 08-14 23:35:40 metrics_store.py:131] update_metrics:request_id=237
DEBUG 08-14 23:35:40 shared.py:180] Removed task for request 237 on https://uu722127-b80a-4e3f9d5d.cqa1.seetacloud.com:8443
DEBUG 08-14 23:35:40 replica.py:171] complete_request_decode:num_saved_toekens=48
DEBUG 08-14 23:35:40 open_ai.py:452] good request:127.0.0.1:8000:good,request._id=439,input=14,output=36
DEBUG 08-14 23:35:40 metrics_store.py:131] update_metrics:request_id=439
DEBUG 08-14 23:35:40 shared.py:180] Removed task for request 439 on 127.0.0.1:8000
DEBUG 08-14 23:35:40 replica.py:171] complete_request_decode:num_saved_toekens=64
DEBUG 08-14 23:35:40 replica.py:171] complete_request_decode:num_saved_toekens=48
DEBUG 08-14 23:35:40 open_ai.py:452] good request:https://u722127-b80a-4e3f9d5d.cqa1.seetacloud.com:8443:good,request._id=419,input=1392,output=57
DEBUG 08-14 23:35:40 replica.py:171] complete_request_decode:num_saved_toekens=32
DEBUG 08-14 23:35:40 open_ai.py:452] good request:127.0.0.1:8000:good,request._id=449,input=112,output=34
DEBUG 08-14 23:35:40 open_ai.py:452] good request:127.0.0.1:8001:good,request._id=340,input=353,output=75
DEBUG 08-14 23:35:40 metrics_store.py:131] update_metrics:request_id=419
DEBUG 08-14 23:35:40 metrics_store.py:131] update_metrics:request_id=449
DEBUG 08-14 23:35:40 metrics_store.py:131] update_metrics:request_id=340
DEBUG 08-14 23:35:40 shared.py:180] Removed task for request 419 on https://u722127-b80a-4e3f9d5d.cqa1.seetacloud.com:8443
DEBUG 08-14 23:35:40 shared.py:180] Removed task for request 449 on 127.0.0.1:8000
DEBUG 08-14 23:35:40 shared.py:180] Removed task for request 340 on 127.0.0.1:8001
DEBUG 08-14 23:35:40 replica.py:171] complete_request_decode:num_saved_toekens=96
DEBUG 08-14 23:35:40 open_ai.py:452] good request:https://u722127-8cb5-f6dc13db.nmb1.seetacloud.com:8443:good,request._id=238,input=570,output=90
DEBUG 08-14 23:35:40 metrics_store.py:131] update_metrics:request_id=238
DEBUG 08-14 23:35:40 shared.py:180] Removed task for request 238 on https://u722127-8cb5-f6dc13db.nmb1.seetacloud.com:8443
DEBUG 08-14 23:35:40 replica.py:171] complete_request_decode:num_saved_toekens=48
DEBUG 08-14 23:35:40 replica.py:171] complete_request_decode:num_saved_toekens=32
DEBUG 08-14 23:35:40 open_ai.py:452] good request:https://u722127-8cb5-f6dc13db.nmb1.seetacloud.com:8443:good,request._id=446,input=199,output=27
DEBUG 08-14 23:35:40 open_ai.py:452] good request:https://u722127-b80a-4e3f9d5d.cqa1.seetacloud.com:8443:good,request._id=460,input=12,output=46
DEBUG 08-14 23:35:40 metrics_store.py:131] update_metrics:request_id=446
DEBUG 08-14 23:35:40 metrics_store.py:131] update_metrics:request_id=460
DEBUG 08-14 23:35:40 shared.py:180] Removed task for request 446 on https://u722127-8cb5-f6dc13db.nmb1.seetacloud.com:8443
DEBUG 08-14 23:35:40 shared.py:180] Removed task for request 460 on https://u722127-b80a-4e3f9d5d.cqa1.seetacloud.com:8443
DEBUG 08-14 23:35:40 replica.py:171] complete_request_decode:num_saved_toekens=64
DEBUG 08-14 23:35:40 open_ai.py:452] good request:https://u722127-b80a-4e3f9d5d.cqa1.seetacloud.com:8443:good,request._id=459,input=43,output=55
DEBUG 08-14 23:35:40 metrics_store.py:131] update_metrics:request_id=459
DEBUG 08-14 23:35:40 shared.py:180] Removed task for request 459 on https://u722127-b80a-4e3f9d5d.cqa1.seetacloud.com:8443
DEBUG 08-14 23:35:40 replica.py:171] complete_request_decode:num_saved_toekens=32
DEBUG 08-14 23:35:40 open_ai.py:452] good request:https://u722127-8cb5-f6dc13db.nmb1.seetacloud.com:8443:good,request._id=427,input=25,output=36
DEBUG 08-14 23:35:40 metrics_store.py:131] update_metrics:request_id=427
DEBUG 08-14 23:35:40 shared.py:180] Removed task for request 427 on https://u722127-8cb5-f6dc13db.nmb1.seetacloud.com:8443
DEBUG 08-14 23:35:40 replica.py:171] complete_request_decode:num_saved_toekens=64
DEBUG 08-14 23:35:40 open_ai.py:452] good request:127.0.0.1:8000:good,request._id=366,input=85,output=73
DEBUG 08-14 23:35:40 metrics_store.py:131] update_metrics:request_id=366
DEBUG 08-14 23:35:40 shared.py:180] Removed task for request 366 on 127.0.0.1:8000
DEBUG 08-14 23:35:40 replica.py:171] complete_request_decode:num_saved_toekens=32
DEBUG 08-14 23:35:40 open_ai.py:452] good request:https://u722127-8cb5-f6dc13db.nmb1.seetacloud.com:8443:good,request._id=441,input=25,output=35
DEBUG 08-14 23:35:40 metrics_store.py:131] update_metrics:request_id=441
DEBUG 08-14 23:35:40 shared.py:180] Removed task for request 441 on https://u722127-8cb5-f6dc13db.nmb1.seetacloud.com:8443
DEBUG 08-14 23:35:40 replica.py:171] complete_request_decode:num_saved_toekens=48
DEBUG 08-14 23:35:40 open_ai.py:452] good request:127.0.0.1:8001:good,request._id=421,input=120,output=45
DEBUG 08-14 23:35:40 metrics_store.py:131] update_metrics:request_id=421
DEBUG 08-14 23:35:40 replica.py:171] complete_request_decode:num_saved_toekens=32
DEBUG 08-14 23:35:40 shared.py:180] Removed task for request 421 on 127.0.0.1:8001
DEBUG 08-14 23:35:40 open_ai.py:452] good request:127.0.0.1:8001:good,request._id=450,input=122,output=34
DEBUG 08-14 23:35:40 metrics_store.py:131] update_metrics:request_id=450
DEBUG 08-14 23:35:40 shared.py:180] Removed task for request 450 on 127.0.0.1:8001
DEBUG 08-14 23:35:40 replica.py:171] complete_request_decode:num_saved_toekens=96
DEBUG 08-14 23:35:40 replica.py:171] complete_request_decode:num_saved_toekens=192
DEBUG 08-14 23:35:40 open_ai.py:452] good request:https://uu722127-b80a-4e3f9d5d.cqa1.seetacloud.com:8443:good,request._id=198,input=647,output=191
DEBUG 08-14 23:35:40 open_ai.py:452] good request:127.0.0.1:8001:good,request._id=300,input=33,output=99
DEBUG 08-14 23:35:40 metrics_store.py:131] update_metrics:request_id=198
DEBUG 08-14 23:35:40 metrics_store.py:131] update_metrics:request_id=300
DEBUG 08-14 23:35:40 shared.py:180] Removed task for request 198 on https://uu722127-b80a-4e3f9d5d.cqa1.seetacloud.com:8443
DEBUG 08-14 23:35:40 shared.py:180] Removed task for request 300 on 127.0.0.1:8001
DEBUG 08-14 23:35:40 replica.py:171] complete_request_decode:num_saved_toekens=96
DEBUG 08-14 23:35:40 open_ai.py:452] good request:https://u722127-b80a-4e3f9d5d.cqa1.seetacloud.com:8443:good,request._id=414,input=74,output=96
DEBUG 08-14 23:35:40 metrics_store.py:131] update_metrics:request_id=414
DEBUG 08-14 23:35:40 shared.py:180] Removed task for request 414 on https://u722127-b80a-4e3f9d5d.cqa1.seetacloud.com:8443
DEBUG 08-14 23:35:40 replica.py:171] complete_request_decode:num_saved_toekens=96
DEBUG 08-14 23:35:40 open_ai.py:452] good request:https://u722127-b80a-4e3f9d5d.cqa1.seetacloud.com:8443:good,request._id=431,input=621,output=91
DEBUG 08-14 23:35:40 metrics_store.py:131] update_metrics:request_id=431
DEBUG 08-14 23:35:40 shared.py:180] Removed task for request 431 on https://u722127-b80a-4e3f9d5d.cqa1.seetacloud.com:8443
DEBUG 08-14 23:35:40 replica.py:171] complete_request_decode:num_saved_toekens=128
DEBUG 08-14 23:35:40 open_ai.py:452] good request:127.0.0.1:8000:good,request._id=179,input=131,output=131
DEBUG 08-14 23:35:40 metrics_store.py:131] update_metrics:request_id=179
DEBUG 08-14 23:35:40 shared.py:180] Removed task for request 179 on 127.0.0.1:8000
DEBUG 08-14 23:35:40 replica.py:171] complete_request_decode:num_saved_toekens=80
DEBUG 08-14 23:35:40 open_ai.py:452] good request:127.0.0.1:8000:good,request._id=416,input=15,output=71
DEBUG 08-14 23:35:40 metrics_store.py:131] update_metrics:request_id=416
DEBUG 08-14 23:35:40 shared.py:180] Removed task for request 416 on 127.0.0.1:8000
DEBUG 08-14 23:35:40 replica.py:171] complete_request_decode:num_saved_toekens=32
DEBUG 08-14 23:35:40 open_ai.py:452] good request:127.0.0.1:8001:good,request._id=485,input=11,output=35
DEBUG 08-14 23:35:40 metrics_store.py:131] update_metrics:request_id=485
DEBUG 08-14 23:35:40 shared.py:180] Removed task for request 485 on 127.0.0.1:8001
DEBUG 08-14 23:35:41 replica.py:171] complete_request_decode:num_saved_toekens=144
DEBUG 08-14 23:35:41 open_ai.py:452] good request:https://u722127-8cb5-f6dc13db.nmb1.seetacloud.com:8443:good,request._id=102,input=349,output=145
DEBUG 08-14 23:35:41 metrics_store.py:131] update_metrics:request_id=102
DEBUG 08-14 23:35:41 shared.py:180] Removed task for request 102 on https://u722127-8cb5-f6dc13db.nmb1.seetacloud.com:8443
DEBUG 08-14 23:35:41 replica.py:171] complete_request_decode:num_saved_toekens=320
DEBUG 08-14 23:35:41 replica.py:171] complete_request_decode:num_saved_toekens=48
DEBUG 08-14 23:35:41 open_ai.py:452] good request:127.0.0.1:8001:good,request._id=461,input=86,output=46
DEBUG 08-14 23:35:41 open_ai.py:452] good request:https://uu722127-b80a-4e3f9d5d.cqa1.seetacloud.com:8443:good,request._id=20,input=485,output=327
DEBUG 08-14 23:35:41 metrics_store.py:131] update_metrics:request_id=461
DEBUG 08-14 23:35:41 metrics_store.py:131] update_metrics:request_id=20
DEBUG 08-14 23:35:41 shared.py:180] Removed task for request 461 on 127.0.0.1:8001
DEBUG 08-14 23:35:41 shared.py:180] Removed task for request 20 on https://uu722127-b80a-4e3f9d5d.cqa1.seetacloud.com:8443
DEBUG 08-14 23:35:41 replica.py:171] complete_request_decode:num_saved_toekens=48
DEBUG 08-14 23:35:41 open_ai.py:452] good request:https://u722127-8cb5-f6dc13db.nmb1.seetacloud.com:8443:good,request._id=438,input=34,output=54
DEBUG 08-14 23:35:41 metrics_store.py:131] update_metrics:request_id=438
DEBUG 08-14 23:35:41 shared.py:180] Removed task for request 438 on https://u722127-8cb5-f6dc13db.nmb1.seetacloud.com:8443
DEBUG 08-14 23:35:41 replica.py:171] complete_request_decode:num_saved_toekens=64
DEBUG 08-14 23:35:41 open_ai.py:452] good request:127.0.0.1:8001:good,request._id=422,input=150,output=67
DEBUG 08-14 23:35:41 metrics_store.py:131] update_metrics:request_id=422
DEBUG 08-14 23:35:41 shared.py:180] Removed task for request 422 on 127.0.0.1:8001
DEBUG 08-14 23:35:41 replica.py:171] complete_request_decode:num_saved_toekens=64
DEBUG 08-14 23:35:41 open_ai.py:452] good request:127.0.0.1:8001:good,request._id=425,input=16,output=68
DEBUG 08-14 23:35:41 metrics_store.py:131] update_metrics:request_id=425
DEBUG 08-14 23:35:41 shared.py:180] Removed task for request 425 on 127.0.0.1:8001
DEBUG 08-14 23:35:41 replica.py:171] complete_request_decode:num_saved_toekens=96
DEBUG 08-14 23:35:41 open_ai.py:452] good request:127.0.0.1:8001:good,request._id=368,input=45,output=95
DEBUG 08-14 23:35:41 metrics_store.py:131] update_metrics:request_id=368
DEBUG 08-14 23:35:41 shared.py:180] Removed task for request 368 on 127.0.0.1:8001
DEBUG 08-14 23:35:41 replica.py:171] complete_request_decode:num_saved_toekens=256
DEBUG 08-14 23:35:41 open_ai.py:452] good request:https://uu722127-b80a-4e3f9d5d.cqa1.seetacloud.com:8443:good,request._id=113,input=25,output=262
DEBUG 08-14 23:35:41 metrics_store.py:131] update_metrics:request_id=113
DEBUG 08-14 23:35:41 shared.py:180] Removed task for request 113 on https://uu722127-b80a-4e3f9d5d.cqa1.seetacloud.com:8443
DEBUG 08-14 23:35:41 replica.py:171] complete_request_decode:num_saved_toekens=112
DEBUG 08-14 23:35:41 open_ai.py:452] good request:https://uu722127-b80a-4e3f9d5d.cqa1.seetacloud.com:8443:good,request._id=437,input=248,output=115
DEBUG 08-14 23:35:41 metrics_store.py:131] update_metrics:request_id=437
DEBUG 08-14 23:35:41 shared.py:180] Removed task for request 437 on https://uu722127-b80a-4e3f9d5d.cqa1.seetacloud.com:8443
DEBUG 08-14 23:35:41 replica.py:171] complete_request_decode:num_saved_toekens=352
DEBUG 08-14 23:35:41 open_ai.py:452] good request:https://u722127-b80a-4e3f9d5d.cqa1.seetacloud.com:8443:good,request._id=13,input=354,output=363
DEBUG 08-14 23:35:41 metrics_store.py:131] update_metrics:request_id=13
DEBUG 08-14 23:35:41 shared.py:180] Removed task for request 13 on https://u722127-b80a-4e3f9d5d.cqa1.seetacloud.com:8443
DEBUG 08-14 23:35:41 replica.py:171] complete_request_decode:num_saved_toekens=128
DEBUG 08-14 23:35:41 open_ai.py:452] good request:https://u722127-b80a-4e3f9d5d.cqa1.seetacloud.com:8443:good,request._id=447,input=444,output=125
DEBUG 08-14 23:35:41 metrics_store.py:131] update_metrics:request_id=447
DEBUG 08-14 23:35:41 shared.py:180] Removed task for request 447 on https://u722127-b80a-4e3f9d5d.cqa1.seetacloud.com:8443
DEBUG 08-14 23:35:41 replica.py:171] complete_request_decode:num_saved_toekens=176
DEBUG 08-14 23:35:41 open_ai.py:452] good request:https://uu722127-b80a-4e3f9d5d.cqa1.seetacloud.com:8443:good,request._id=354,input=141,output=172
DEBUG 08-14 23:35:41 metrics_store.py:131] update_metrics:request_id=354
DEBUG 08-14 23:35:41 shared.py:180] Removed task for request 354 on https://uu722127-b80a-4e3f9d5d.cqa1.seetacloud.com:8443
DEBUG 08-14 23:35:41 replica.py:171] complete_request_decode:num_saved_toekens=320
DEBUG 08-14 23:35:41 open_ai.py:452] good request:https://uu722127-b80a-4e3f9d5d.cqa1.seetacloud.com:8443:good,request._id=86,input=363,output=310
DEBUG 08-14 23:35:41 metrics_store.py:131] update_metrics:request_id=86
DEBUG 08-14 23:35:41 shared.py:180] Removed task for request 86 on https://uu722127-b80a-4e3f9d5d.cqa1.seetacloud.com:8443
DEBUG 08-14 23:35:41 replica.py:171] complete_request_decode:num_saved_toekens=160
DEBUG 08-14 23:35:41 open_ai.py:452] good request:127.0.0.1:8001:good,request._id=284,input=13,output=148
DEBUG 08-14 23:35:41 metrics_store.py:131] update_metrics:request_id=284
DEBUG 08-14 23:35:41 shared.py:180] Removed task for request 284 on 127.0.0.1:8001
DEBUG 08-14 23:35:41 replica.py:171] complete_request_decode:num_saved_toekens=208
DEBUG 08-14 23:35:41 open_ai.py:452] good request:https://u722127-b80a-4e3f9d5d.cqa1.seetacloud.com:8443:good,request._id=305,input=99,output=214
DEBUG 08-14 23:35:41 metrics_store.py:131] update_metrics:request_id=305
DEBUG 08-14 23:35:41 shared.py:180] Removed task for request 305 on https://u722127-b80a-4e3f9d5d.cqa1.seetacloud.com:8443
DEBUG 08-14 23:35:41 replica.py:171] complete_request_decode:num_saved_toekens=160
DEBUG 08-14 23:35:41 open_ai.py:452] good request:127.0.0.1:8001:good,request._id=241,input=388,output=161
DEBUG 08-14 23:35:41 metrics_store.py:131] update_metrics:request_id=241
DEBUG 08-14 23:35:41 shared.py:180] Removed task for request 241 on 127.0.0.1:8001
DEBUG 08-14 23:35:41 replica.py:171] complete_request_decode:num_saved_toekens=192
DEBUG 08-14 23:35:41 open_ai.py:452] good request:https://u722127-8cb5-f6dc13db.nmb1.seetacloud.com:8443:good,request._id=87,input=347,output=194
DEBUG 08-14 23:35:41 metrics_store.py:131] update_metrics:request_id=87
DEBUG 08-14 23:35:41 shared.py:180] Removed task for request 87 on https://u722127-8cb5-f6dc13db.nmb1.seetacloud.com:8443
DEBUG 08-14 23:35:41 replica.py:171] complete_request_decode:num_saved_toekens=384
DEBUG 08-14 23:35:41 open_ai.py:452] good request:https://u722127-b80a-4e3f9d5d.cqa1.seetacloud.com:8443:good,request._id=52,input=44,output=374
DEBUG 08-14 23:35:41 metrics_store.py:131] update_metrics:request_id=52
DEBUG 08-14 23:35:41 shared.py:180] Removed task for request 52 on https://u722127-b80a-4e3f9d5d.cqa1.seetacloud.com:8443
DEBUG 08-14 23:35:42 replica.py:171] complete_request_decode:num_saved_toekens=0
DEBUG 08-14 23:35:42 open_ai.py:452] good request:https://uu722127-b80a-4e3f9d5d.cqa1.seetacloud.com:8443:good,request._id=205,input=25,output=262
DEBUG 08-14 23:35:42 metrics_store.py:131] update_metrics:request_id=205
DEBUG 08-14 23:35:42 shared.py:180] Removed task for request 205 on https://uu722127-b80a-4e3f9d5d.cqa1.seetacloud.com:8443
DEBUG 08-14 23:35:42 replica.py:171] complete_request_decode:num_saved_toekens=128
DEBUG 08-14 23:35:42 open_ai.py:452] good request:127.0.0.1:8001:good,request._id=395,input=398,output=118
DEBUG 08-14 23:35:42 metrics_store.py:131] update_metrics:request_id=395
DEBUG 08-14 23:35:42 shared.py:180] Removed task for request 395 on 127.0.0.1:8001
DEBUG 08-14 23:35:42 replica.py:171] complete_request_decode:num_saved_toekens=144
DEBUG 08-14 23:35:42 open_ai.py:452] good request:https://u722127-8cb5-f6dc13db.nmb1.seetacloud.com:8443:good,request._id=227,input=156,output=146
DEBUG 08-14 23:35:42 metrics_store.py:131] update_metrics:request_id=227
DEBUG 08-14 23:35:42 shared.py:180] Removed task for request 227 on https://u722127-8cb5-f6dc13db.nmb1.seetacloud.com:8443
DEBUG 08-14 23:35:42 replica.py:171] complete_request_decode:num_saved_toekens=112
DEBUG 08-14 23:35:42 open_ai.py:452] good request:127.0.0.1:8000:good,request._id=477,input=252,output=103
DEBUG 08-14 23:35:42 metrics_store.py:131] update_metrics:request_id=477
DEBUG 08-14 23:35:42 shared.py:180] Removed task for request 477 on 127.0.0.1:8000
DEBUG 08-14 23:35:42 replica.py:171] complete_request_decode:num_saved_toekens=176
DEBUG 08-14 23:35:42 open_ai.py:452] good request:https://u722127-8cb5-f6dc13db.nmb1.seetacloud.com:8443:good,request._id=149,input=295,output=175
DEBUG 08-14 23:35:42 metrics_store.py:131] update_metrics:request_id=149
DEBUG 08-14 23:35:42 shared.py:180] Removed task for request 149 on https://u722127-8cb5-f6dc13db.nmb1.seetacloud.com:8443
DEBUG 08-14 23:35:42 replica.py:171] complete_request_decode:num_saved_toekens=144
DEBUG 08-14 23:35:42 open_ai.py:452] good request:127.0.0.1:8001:good,request._id=357,input=57,output=146
DEBUG 08-14 23:35:42 metrics_store.py:131] update_metrics:request_id=357
DEBUG 08-14 23:35:42 shared.py:180] Removed task for request 357 on 127.0.0.1:8001
DEBUG 08-14 23:35:42 replica.py:171] complete_request_decode:num_saved_toekens=256
DEBUG 08-14 23:35:42 open_ai.py:452] good request:https://uu722127-b80a-4e3f9d5d.cqa1.seetacloud.com:8443:good,request._id=295,input=145,output=266
DEBUG 08-14 23:35:42 metrics_store.py:131] update_metrics:request_id=295
DEBUG 08-14 23:35:42 shared.py:180] Removed task for request 295 on https://uu722127-b80a-4e3f9d5d.cqa1.seetacloud.com:8443
DEBUG 08-14 23:35:42 replica.py:171] complete_request_decode:num_saved_toekens=320
DEBUG 08-14 23:35:42 open_ai.py:452] good request:https://u722127-b80a-4e3f9d5d.cqa1.seetacloud.com:8443:good,request._id=162,input=363,output=310
DEBUG 08-14 23:35:42 metrics_store.py:131] update_metrics:request_id=162
DEBUG 08-14 23:35:42 shared.py:180] Removed task for request 162 on https://u722127-b80a-4e3f9d5d.cqa1.seetacloud.com:8443
DEBUG 08-14 23:35:42 replica.py:171] complete_request_decode:num_saved_toekens=112
DEBUG 08-14 23:35:42 open_ai.py:452] good request:https://u722127-8cb5-f6dc13db.nmb1.seetacloud.com:8443:good,request._id=376,input=177,output=116
DEBUG 08-14 23:35:42 metrics_store.py:131] update_metrics:request_id=376
DEBUG 08-14 23:35:42 shared.py:180] Removed task for request 376 on https://u722127-8cb5-f6dc13db.nmb1.seetacloud.com:8443
DEBUG 08-14 23:35:42 replica.py:171] complete_request_decode:num_saved_toekens=304
DEBUG 08-14 23:35:42 open_ai.py:452] good request:https://uu722127-b80a-4e3f9d5d.cqa1.seetacloud.com:8443:good,request._id=188,input=44,output=310
DEBUG 08-14 23:35:42 metrics_store.py:131] update_metrics:request_id=188
DEBUG 08-14 23:35:42 shared.py:180] Removed task for request 188 on https://uu722127-b80a-4e3f9d5d.cqa1.seetacloud.com:8443
DEBUG 08-14 23:35:42 replica.py:171] complete_request_decode:num_saved_toekens=192
DEBUG 08-14 23:35:42 open_ai.py:452] good request:https://u722127-8cb5-f6dc13db.nmb1.seetacloud.com:8443:good,request._id=155,input=45,output=185
DEBUG 08-14 23:35:42 metrics_store.py:131] update_metrics:request_id=155
DEBUG 08-14 23:35:42 shared.py:180] Removed task for request 155 on https://u722127-8cb5-f6dc13db.nmb1.seetacloud.com:8443
DEBUG 08-14 23:35:42 replica.py:171] complete_request_decode:num_saved_toekens=272
DEBUG 08-14 23:35:42 open_ai.py:452] good request:https://uu722127-b80a-4e3f9d5d.cqa1.seetacloud.com:8443:good,request._id=327,input=26,output=272
DEBUG 08-14 23:35:42 metrics_store.py:131] update_metrics:request_id=327
DEBUG 08-14 23:35:42 shared.py:180] Removed task for request 327 on https://uu722127-b80a-4e3f9d5d.cqa1.seetacloud.com:8443
DEBUG 08-14 23:35:42 replica.py:171] complete_request_decode:num_saved_toekens=320
DEBUG 08-14 23:35:42 open_ai.py:452] good request:https://u722127-b80a-4e3f9d5d.cqa1.seetacloud.com:8443:good,request._id=178,input=16,output=328
DEBUG 08-14 23:35:42 metrics_store.py:131] update_metrics:request_id=178
DEBUG 08-14 23:35:42 shared.py:180] Removed task for request 178 on https://u722127-b80a-4e3f9d5d.cqa1.seetacloud.com:8443
DEBUG 08-14 23:35:42 replica.py:171] complete_request_decode:num_saved_toekens=416
DEBUG 08-14 23:35:42 open_ai.py:452] good request:https://uu722127-b80a-4e3f9d5d.cqa1.seetacloud.com:8443:good,request._id=60,input=71,output=420
DEBUG 08-14 23:35:42 metrics_store.py:131] update_metrics:request_id=60
DEBUG 08-14 23:35:42 shared.py:180] Removed task for request 60 on https://uu722127-b80a-4e3f9d5d.cqa1.seetacloud.com:8443
DEBUG 08-14 23:35:42 replica.py:171] complete_request_decode:num_saved_toekens=288
DEBUG 08-14 23:35:42 open_ai.py:452] good request:https://uu722127-b80a-4e3f9d5d.cqa1.seetacloud.com:8443:good,request._id=318,input=92,output=285
DEBUG 08-14 23:35:42 metrics_store.py:131] update_metrics:request_id=318
DEBUG 08-14 23:35:42 shared.py:180] Removed task for request 318 on https://uu722127-b80a-4e3f9d5d.cqa1.seetacloud.com:8443
DEBUG 08-14 23:35:42 replica.py:171] complete_request_decode:num_saved_toekens=160
DEBUG 08-14 23:35:42 open_ai.py:452] good request:127.0.0.1:8000:good,request._id=432,input=12,output=148
DEBUG 08-14 23:35:42 metrics_store.py:131] update_metrics:request_id=432
DEBUG 08-14 23:35:42 shared.py:180] Removed task for request 432 on 127.0.0.1:8000
DEBUG 08-14 23:35:43 replica.py:171] complete_request_decode:num_saved_toekens=304
DEBUG 08-14 23:35:43 open_ai.py:452] good request:127.0.0.1:8000:good,request._id=68,input=19,output=313
DEBUG 08-14 23:35:43 metrics_store.py:131] update_metrics:request_id=68
DEBUG 08-14 23:35:43 shared.py:180] Removed task for request 68 on 127.0.0.1:8000
DEBUG 08-14 23:35:43 replica.py:171] complete_request_decode:num_saved_toekens=304
DEBUG 08-14 23:35:43 open_ai.py:452] good request:https://uu722127-b80a-4e3f9d5d.cqa1.seetacloud.com:8443:good,request._id=319,input=87,output=297
DEBUG 08-14 23:35:43 metrics_store.py:131] update_metrics:request_id=319
DEBUG 08-14 23:35:43 shared.py:180] Removed task for request 319 on https://uu722127-b80a-4e3f9d5d.cqa1.seetacloud.com:8443
DEBUG 08-14 23:35:43 replica.py:171] complete_request_decode:num_saved_toekens=368
DEBUG 08-14 23:35:43 replica.py:171] complete_request_decode:num_saved_toekens=176
DEBUG 08-14 23:35:43 open_ai.py:452] good request:127.0.0.1:8001:good,request._id=373,input=36,output=176
DEBUG 08-14 23:35:43 replica.py:171] complete_request_decode:num_saved_toekens=272
DEBUG 08-14 23:35:43 open_ai.py:452] good request:https://u722127-b80a-4e3f9d5d.cqa1.seetacloud.com:8443:good,request._id=120,input=54,output=366
DEBUG 08-14 23:35:43 metrics_store.py:131] update_metrics:request_id=373
DEBUG 08-14 23:35:43 shared.py:180] Removed task for request 373 on 127.0.0.1:8001
DEBUG 08-14 23:35:43 replica.py:171] complete_request_decode:num_saved_toekens=368
DEBUG 08-14 23:35:43 open_ai.py:452] good request:https://uu722127-b80a-4e3f9d5d.cqa1.seetacloud.com:8443:good,request._id=166,input=252,output=357
DEBUG 08-14 23:35:43 open_ai.py:452] good request:127.0.0.1:8001:good,request._id=150,input=79,output=265
DEBUG 08-14 23:35:43 metrics_store.py:131] update_metrics:request_id=120
DEBUG 08-14 23:35:43 metrics_store.py:131] update_metrics:request_id=166
DEBUG 08-14 23:35:43 metrics_store.py:131] update_metrics:request_id=150
DEBUG 08-14 23:35:43 shared.py:180] Removed task for request 120 on https://u722127-b80a-4e3f9d5d.cqa1.seetacloud.com:8443
DEBUG 08-14 23:35:43 shared.py:180] Removed task for request 166 on https://uu722127-b80a-4e3f9d5d.cqa1.seetacloud.com:8443
DEBUG 08-14 23:35:43 shared.py:180] Removed task for request 150 on 127.0.0.1:8001
DEBUG 08-14 23:35:43 replica.py:171] complete_request_decode:num_saved_toekens=288
DEBUG 08-14 23:35:43 open_ai.py:452] good request:https://uu722127-b80a-4e3f9d5d.cqa1.seetacloud.com:8443:good,request._id=347,input=14,output=287
DEBUG 08-14 23:35:43 metrics_store.py:131] update_metrics:request_id=347
DEBUG 08-14 23:35:43 shared.py:180] Removed task for request 347 on https://uu722127-b80a-4e3f9d5d.cqa1.seetacloud.com:8443
DEBUG 08-14 23:35:43 replica.py:171] complete_request_decode:num_saved_toekens=160
DEBUG 08-14 23:35:43 open_ai.py:452] good request:https://u722127-8cb5-f6dc13db.nmb1.seetacloud.com:8443:good,request._id=331,input=49,output=159
DEBUG 08-14 23:35:43 metrics_store.py:131] update_metrics:request_id=331
DEBUG 08-14 23:35:43 shared.py:180] Removed task for request 331 on https://u722127-8cb5-f6dc13db.nmb1.seetacloud.com:8443
DEBUG 08-14 23:35:43 replica.py:171] complete_request_decode:num_saved_toekens=304
DEBUG 08-14 23:35:43 open_ai.py:452] good request:https://u722127-b80a-4e3f9d5d.cqa1.seetacloud.com:8443:good,request._id=343,input=24,output=302
DEBUG 08-14 23:35:43 metrics_store.py:131] update_metrics:request_id=343
DEBUG 08-14 23:35:43 shared.py:180] Removed task for request 343 on https://u722127-b80a-4e3f9d5d.cqa1.seetacloud.com:8443
DEBUG 08-14 23:35:43 replica.py:171] complete_request_decode:num_saved_toekens=272
DEBUG 08-14 23:35:43 open_ai.py:452] good request:https://uu722127-b80a-4e3f9d5d.cqa1.seetacloud.com:8443:good,request._id=358,input=49,output=286
DEBUG 08-14 23:35:43 metrics_store.py:131] update_metrics:request_id=358
DEBUG 08-14 23:35:43 shared.py:180] Removed task for request 358 on https://uu722127-b80a-4e3f9d5d.cqa1.seetacloud.com:8443
DEBUG 08-14 23:35:43 replica.py:171] complete_request_decode:num_saved_toekens=352
DEBUG 08-14 23:35:43 open_ai.py:452] good request:https://uu722127-b80a-4e3f9d5d.cqa1.seetacloud.com:8443:good,request._id=251,input=148,output=348
DEBUG 08-14 23:35:43 metrics_store.py:131] update_metrics:request_id=251
DEBUG 08-14 23:35:43 shared.py:180] Removed task for request 251 on https://uu722127-b80a-4e3f9d5d.cqa1.seetacloud.com:8443
DEBUG 08-14 23:35:43 replica.py:171] complete_request_decode:num_saved_toekens=368
DEBUG 08-14 23:35:43 open_ai.py:452] good request:https://u722127-b80a-4e3f9d5d.cqa1.seetacloud.com:8443:good,request._id=211,input=87,output=362
DEBUG 08-14 23:35:43 metrics_store.py:131] update_metrics:request_id=211
DEBUG 08-14 23:35:43 shared.py:180] Removed task for request 211 on https://u722127-b80a-4e3f9d5d.cqa1.seetacloud.com:8443
DEBUG 08-14 23:35:43 replica.py:171] complete_request_decode:num_saved_toekens=368
DEBUG 08-14 23:35:43 open_ai.py:452] good request:https://u722127-b80a-4e3f9d5d.cqa1.seetacloud.com:8443:good,request._id=194,input=137,output=373
DEBUG 08-14 23:35:43 metrics_store.py:131] update_metrics:request_id=194
DEBUG 08-14 23:35:43 shared.py:180] Removed task for request 194 on https://u722127-b80a-4e3f9d5d.cqa1.seetacloud.com:8443
DEBUG 08-14 23:35:43 replica.py:171] complete_request_decode:num_saved_toekens=336
DEBUG 08-14 23:35:43 open_ai.py:452] good request:https://uu722127-b80a-4e3f9d5d.cqa1.seetacloud.com:8443:good,request._id=311,input=49,output=336
DEBUG 08-14 23:35:43 metrics_store.py:131] update_metrics:request_id=311
DEBUG 08-14 23:35:43 shared.py:180] Removed task for request 311 on https://uu722127-b80a-4e3f9d5d.cqa1.seetacloud.com:8443
DEBUG 08-14 23:35:43 replica.py:171] complete_request_decode:num_saved_toekens=400
DEBUG 08-14 23:35:43 open_ai.py:452] good request:https://uu722127-b80a-4e3f9d5d.cqa1.seetacloud.com:8443:good,request._id=122,input=361,output=395
DEBUG 08-14 23:35:43 metrics_store.py:131] update_metrics:request_id=122
DEBUG 08-14 23:35:43 shared.py:180] Removed task for request 122 on https://uu722127-b80a-4e3f9d5d.cqa1.seetacloud.com:8443
DEBUG 08-14 23:35:43 replica.py:171] complete_request_decode:num_saved_toekens=128
DEBUG 08-14 23:35:43 open_ai.py:452] good request:https://u722127-8cb5-f6dc13db.nmb1.seetacloud.com:8443:good,request._id=498,input=161,output=128
DEBUG 08-14 23:35:43 metrics_store.py:131] update_metrics:request_id=498
DEBUG 08-14 23:35:43 shared.py:180] Removed task for request 498 on https://u722127-8cb5-f6dc13db.nmb1.seetacloud.com:8443
DEBUG 08-14 23:35:43 replica.py:171] complete_request_decode:num_saved_toekens=336
DEBUG 08-14 23:35:43 open_ai.py:452] good request:https://uu722127-b80a-4e3f9d5d.cqa1.seetacloud.com:8443:good,request._id=335,input=442,output=332
DEBUG 08-14 23:35:43 metrics_store.py:131] update_metrics:request_id=335
DEBUG 08-14 23:35:43 shared.py:180] Removed task for request 335 on https://uu722127-b80a-4e3f9d5d.cqa1.seetacloud.com:8443
DEBUG 08-14 23:35:44 replica.py:171] complete_request_decode:num_saved_toekens=400
DEBUG 08-14 23:35:44 open_ai.py:452] good request:127.0.0.1:8001:good,request._id=40,input=30,output=394
DEBUG 08-14 23:35:44 metrics_store.py:131] update_metrics:request_id=40
DEBUG 08-14 23:35:44 shared.py:180] Removed task for request 40 on 127.0.0.1:8001
DEBUG 08-14 23:35:44 replica.py:171] complete_request_decode:num_saved_toekens=512
DEBUG 08-14 23:35:44 open_ai.py:452] good request:https://u722127-b80a-4e3f9d5d.cqa1.seetacloud.com:8443:good,request._id=49,input=222,output=502
DEBUG 08-14 23:35:44 metrics_store.py:131] update_metrics:request_id=49
DEBUG 08-14 23:35:44 shared.py:180] Removed task for request 49 on https://u722127-b80a-4e3f9d5d.cqa1.seetacloud.com:8443
DEBUG 08-14 23:35:44 replica.py:171] complete_request_decode:num_saved_toekens=240
DEBUG 08-14 23:35:44 open_ai.py:452] good request:127.0.0.1:8000:good,request._id=215,input=20,output=246
DEBUG 08-14 23:35:44 metrics_store.py:131] update_metrics:request_id=215
DEBUG 08-14 23:35:44 shared.py:180] Removed task for request 215 on 127.0.0.1:8000
DEBUG 08-14 23:35:44 replica.py:171] complete_request_decode:num_saved_toekens=288
DEBUG 08-14 23:35:44 open_ai.py:452] good request:https://u722127-b80a-4e3f9d5d.cqa1.seetacloud.com:8443:good,request._id=451,input=10,output=284
DEBUG 08-14 23:35:44 metrics_store.py:131] update_metrics:request_id=451
DEBUG 08-14 23:35:44 shared.py:180] Removed task for request 451 on https://u722127-b80a-4e3f9d5d.cqa1.seetacloud.com:8443
DEBUG 08-14 23:35:44 replica.py:171] complete_request_decode:num_saved_toekens=320
DEBUG 08-14 23:35:44 open_ai.py:452] good request:https://u722127-b80a-4e3f9d5d.cqa1.seetacloud.com:8443:good,request._id=379,input=17,output=329
DEBUG 08-14 23:35:44 metrics_store.py:131] update_metrics:request_id=379
DEBUG 08-14 23:35:44 shared.py:180] Removed task for request 379 on https://u722127-b80a-4e3f9d5d.cqa1.seetacloud.com:8443
DEBUG 08-14 23:35:44 replica.py:171] complete_request_decode:num_saved_toekens=112
DEBUG 08-14 23:35:44 open_ai.py:452] good request:127.0.0.1:8001:good,request._id=478,input=399,output=190
DEBUG 08-14 23:35:44 metrics_store.py:131] update_metrics:request_id=478
DEBUG 08-14 23:35:44 shared.py:180] Removed task for request 478 on 127.0.0.1:8001
DEBUG 08-14 23:35:44 replica.py:171] complete_request_decode:num_saved_toekens=272
DEBUG 08-14 23:35:44 open_ai.py:452] good request:127.0.0.1:8001:good,request._id=249,input=36,output=281
DEBUG 08-14 23:35:44 metrics_store.py:131] update_metrics:request_id=249
DEBUG 08-14 23:35:44 shared.py:180] Removed task for request 249 on 127.0.0.1:8001
DEBUG 08-14 23:35:44 replica.py:171] complete_request_decode:num_saved_toekens=368
DEBUG 08-14 23:35:44 open_ai.py:452] good request:https://u722127-b80a-4e3f9d5d.cqa1.seetacloud.com:8443:good,request._id=332,input=252,output=357
DEBUG 08-14 23:35:44 metrics_store.py:131] update_metrics:request_id=332
DEBUG 08-14 23:35:44 shared.py:180] Removed task for request 332 on https://u722127-b80a-4e3f9d5d.cqa1.seetacloud.com:8443
DEBUG 08-14 23:35:44 replica.py:171] complete_request_decode:num_saved_toekens=384
DEBUG 08-14 23:35:44 open_ai.py:452] good request:https://u722127-b80a-4e3f9d5d.cqa1.seetacloud.com:8443:good,request._id=325,input=111,output=375
DEBUG 08-14 23:35:44 metrics_store.py:131] update_metrics:request_id=325
DEBUG 08-14 23:35:44 shared.py:180] Removed task for request 325 on https://u722127-b80a-4e3f9d5d.cqa1.seetacloud.com:8443
DEBUG 08-14 23:35:44 replica.py:171] complete_request_decode:num_saved_toekens=496
DEBUG 08-14 23:35:44 open_ai.py:452] good request:https://uu722127-b80a-4e3f9d5d.cqa1.seetacloud.com:8443:good,request._id=89,input=13,output=494
DEBUG 08-14 23:35:44 metrics_store.py:131] update_metrics:request_id=89
DEBUG 08-14 23:35:44 shared.py:180] Removed task for request 89 on https://uu722127-b80a-4e3f9d5d.cqa1.seetacloud.com:8443
DEBUG 08-14 23:35:44 replica.py:171] complete_request_decode:num_saved_toekens=304
DEBUG 08-14 23:35:44 open_ai.py:452] good request:127.0.0.1:8001:good,request._id=202,input=36,output=305
DEBUG 08-14 23:35:44 metrics_store.py:131] update_metrics:request_id=202
DEBUG 08-14 23:35:44 shared.py:180] Removed task for request 202 on 127.0.0.1:8001
DEBUG 08-14 23:35:44 replica.py:171] complete_request_decode:num_saved_toekens=432
DEBUG 08-14 23:35:44 open_ai.py:452] good request:https://u722127-b80a-4e3f9d5d.cqa1.seetacloud.com:8443:good,request._id=228,input=24,output=438
DEBUG 08-14 23:35:44 metrics_store.py:131] update_metrics:request_id=228
DEBUG 08-14 23:35:44 shared.py:180] Removed task for request 228 on https://u722127-b80a-4e3f9d5d.cqa1.seetacloud.com:8443
DEBUG 08-14 23:35:44 replica.py:171] complete_request_decode:num_saved_toekens=304
DEBUG 08-14 23:35:44 open_ai.py:452] good request:127.0.0.1:8001:good,request._id=256,input=1062,output=299
DEBUG 08-14 23:35:44 metrics_store.py:131] update_metrics:request_id=256
DEBUG 08-14 23:35:44 shared.py:180] Removed task for request 256 on 127.0.0.1:8001
DEBUG 08-14 23:35:44 replica.py:171] complete_request_decode:num_saved_toekens=432
DEBUG 08-14 23:35:44 open_ai.py:452] good request:https://u722127-b80a-4e3f9d5d.cqa1.seetacloud.com:8443:good,request._id=212,input=16,output=438
DEBUG 08-14 23:35:44 metrics_store.py:131] update_metrics:request_id=212
DEBUG 08-14 23:35:44 shared.py:180] Removed task for request 212 on https://u722127-b80a-4e3f9d5d.cqa1.seetacloud.com:8443
DEBUG 08-14 23:35:44 replica.py:171] complete_request_decode:num_saved_toekens=400
DEBUG 08-14 23:35:44 open_ai.py:452] good request:https://uu722127-b80a-4e3f9d5d.cqa1.seetacloud.com:8443:good,request._id=334,input=132,output=404
DEBUG 08-14 23:35:44 metrics_store.py:131] update_metrics:request_id=334
DEBUG 08-14 23:35:44 shared.py:180] Removed task for request 334 on https://uu722127-b80a-4e3f9d5d.cqa1.seetacloud.com:8443
DEBUG 08-14 23:35:44 replica.py:171] complete_request_decode:num_saved_toekens=432
DEBUG 08-14 23:35:44 open_ai.py:452] good request:https://u722127-b80a-4e3f9d5d.cqa1.seetacloud.com:8443:good,request._id=257,input=25,output=435
DEBUG 08-14 23:35:44 metrics_store.py:131] update_metrics:request_id=257
DEBUG 08-14 23:35:44 shared.py:180] Removed task for request 257 on https://u722127-b80a-4e3f9d5d.cqa1.seetacloud.com:8443
DEBUG 08-14 23:35:44 replica.py:171] complete_request_decode:num_saved_toekens=176
DEBUG 08-14 23:35:44 open_ai.py:452] good request:https://u722127-8cb5-f6dc13db.nmb1.seetacloud.com:8443:good,request._id=445,input=126,output=177
DEBUG 08-14 23:35:44 metrics_store.py:131] update_metrics:request_id=445
DEBUG 08-14 23:35:44 shared.py:180] Removed task for request 445 on https://u722127-8cb5-f6dc13db.nmb1.seetacloud.com:8443
DEBUG 08-14 23:35:45 replica.py:171] complete_request_decode:num_saved_toekens=480
DEBUG 08-14 23:35:45 open_ai.py:452] good request:https://u722127-b80a-4e3f9d5d.cqa1.seetacloud.com:8443:good,request._id=119,input=22,output=480
DEBUG 08-14 23:35:45 metrics_store.py:131] update_metrics:request_id=119
DEBUG 08-14 23:35:45 shared.py:180] Removed task for request 119 on https://u722127-b80a-4e3f9d5d.cqa1.seetacloud.com:8443
DEBUG 08-14 23:35:45 replica.py:171] complete_request_decode:num_saved_toekens=496
DEBUG 08-14 23:35:45 open_ai.py:452] good request:https://uu722127-b80a-4e3f9d5d.cqa1.seetacloud.com:8443:good,request._id=128,input=45,output=486
DEBUG 08-14 23:35:45 metrics_store.py:131] update_metrics:request_id=128
DEBUG 08-14 23:35:45 shared.py:180] Removed task for request 128 on https://uu722127-b80a-4e3f9d5d.cqa1.seetacloud.com:8443
DEBUG 08-14 23:35:45 replica.py:171] complete_request_decode:num_saved_toekens=288
DEBUG 08-14 23:35:45 open_ai.py:452] good request:127.0.0.1:8001:good,request._id=348,input=120,output=289
DEBUG 08-14 23:35:45 metrics_store.py:131] update_metrics:request_id=348
DEBUG 08-14 23:35:45 shared.py:180] Removed task for request 348 on 127.0.0.1:8001
DEBUG 08-14 23:35:45 replica.py:171] complete_request_decode:num_saved_toekens=512
DEBUG 08-14 23:35:45 open_ai.py:452] good request:https://u722127-b80a-4e3f9d5d.cqa1.seetacloud.com:8443:good,request._id=104,input=21,output=515
DEBUG 08-14 23:35:45 metrics_store.py:131] update_metrics:request_id=104
DEBUG 08-14 23:35:45 shared.py:180] Removed task for request 104 on https://u722127-b80a-4e3f9d5d.cqa1.seetacloud.com:8443
DEBUG 08-14 23:35:45 replica.py:171] complete_request_decode:num_saved_toekens=496
DEBUG 08-14 23:35:45 open_ai.py:452] good request:https://uu722127-b80a-4e3f9d5d.cqa1.seetacloud.com:8443:good,request._id=148,input=50,output=494
DEBUG 08-14 23:35:45 metrics_store.py:131] update_metrics:request_id=148
DEBUG 08-14 23:35:45 replica.py:171] complete_request_decode:num_saved_toekens=304
DEBUG 08-14 23:35:45 open_ai.py:452] good request:127.0.0.1:8000:good,request._id=208,input=38,output=299
DEBUG 08-14 23:35:45 metrics_store.py:131] update_metrics:request_id=208
DEBUG 08-14 23:35:45 shared.py:180] Removed task for request 148 on https://uu722127-b80a-4e3f9d5d.cqa1.seetacloud.com:8443
DEBUG 08-14 23:35:45 shared.py:180] Removed task for request 208 on 127.0.0.1:8000
DEBUG 08-14 23:35:45 replica.py:171] complete_request_decode:num_saved_toekens=480
DEBUG 08-14 23:35:45 replica.py:171] complete_request_decode:num_saved_toekens=240
DEBUG 08-14 23:35:45 open_ai.py:452] good request:https://u722127-8cb5-f6dc13db.nmb1.seetacloud.com:8443:good,request._id=302,input=14,output=235
DEBUG 08-14 23:35:45 open_ai.py:452] good request:https://uu722127-b80a-4e3f9d5d.cqa1.seetacloud.com:8443:good,request._id=230,input=29,output=470
DEBUG 08-14 23:35:45 metrics_store.py:131] update_metrics:request_id=302
DEBUG 08-14 23:35:45 metrics_store.py:131] update_metrics:request_id=230
DEBUG 08-14 23:35:45 shared.py:180] Removed task for request 302 on https://u722127-8cb5-f6dc13db.nmb1.seetacloud.com:8443
DEBUG 08-14 23:35:45 shared.py:180] Removed task for request 230 on https://uu722127-b80a-4e3f9d5d.cqa1.seetacloud.com:8443
DEBUG 08-14 23:35:45 replica.py:171] complete_request_decode:num_saved_toekens=288
DEBUG 08-14 23:35:45 replica.py:171] complete_request_decode:num_saved_toekens=464
DEBUG 08-14 23:35:45 open_ai.py:452] good request:https://u722127-b80a-4e3f9d5d.cqa1.seetacloud.com:8443:good,request._id=248,input=86,output=473
DEBUG 08-14 23:35:45 open_ai.py:452] good request:https://u722127-8cb5-f6dc13db.nmb1.seetacloud.com:8443:good,request._id=110,input=48,output=290
DEBUG 08-14 23:35:45 metrics_store.py:131] update_metrics:request_id=248
DEBUG 08-14 23:35:45 metrics_store.py:131] update_metrics:request_id=110
DEBUG 08-14 23:35:45 shared.py:180] Removed task for request 248 on https://u722127-b80a-4e3f9d5d.cqa1.seetacloud.com:8443
DEBUG 08-14 23:35:45 shared.py:180] Removed task for request 110 on https://u722127-8cb5-f6dc13db.nmb1.seetacloud.com:8443
DEBUG 08-14 23:35:45 replica.py:171] complete_request_decode:num_saved_toekens=432
DEBUG 08-14 23:35:45 open_ai.py:452] good request:https://uu722127-b80a-4e3f9d5d.cqa1.seetacloud.com:8443:good,request._id=345,input=84,output=429
DEBUG 08-14 23:35:45 metrics_store.py:131] update_metrics:request_id=345
DEBUG 08-14 23:35:45 replica.py:171] complete_request_decode:num_saved_toekens=336
DEBUG 08-14 23:35:45 open_ai.py:452] good request:127.0.0.1:8001:good,request._id=234,input=87,output=341
DEBUG 08-14 23:35:45 metrics_store.py:131] update_metrics:request_id=234
DEBUG 08-14 23:35:45 shared.py:180] Removed task for request 345 on https://uu722127-b80a-4e3f9d5d.cqa1.seetacloud.com:8443
DEBUG 08-14 23:35:45 shared.py:180] Removed task for request 234 on 127.0.0.1:8001
DEBUG 08-14 23:35:45 replica.py:171] complete_request_decode:num_saved_toekens=496
DEBUG 08-14 23:35:45 open_ai.py:452] good request:https://u722127-b80a-4e3f9d5d.cqa1.seetacloud.com:8443:good,request._id=187,input=71,output=502
DEBUG 08-14 23:35:45 metrics_store.py:131] update_metrics:request_id=187
DEBUG 08-14 23:35:45 shared.py:180] Removed task for request 187 on https://u722127-b80a-4e3f9d5d.cqa1.seetacloud.com:8443
DEBUG 08-14 23:35:45 replica.py:171] complete_request_decode:num_saved_toekens=432
DEBUG 08-14 23:35:45 open_ai.py:452] good request:https://u722127-b80a-4e3f9d5d.cqa1.seetacloud.com:8443:good,request._id=365,input=84,output=431
DEBUG 08-14 23:35:45 metrics_store.py:131] update_metrics:request_id=365
DEBUG 08-14 23:35:45 shared.py:180] Removed task for request 365 on https://u722127-b80a-4e3f9d5d.cqa1.seetacloud.com:8443
DEBUG 08-14 23:35:45 replica.py:171] complete_request_decode:num_saved_toekens=432
DEBUG 08-14 23:35:45 open_ai.py:452] good request:https://uu722127-b80a-4e3f9d5d.cqa1.seetacloud.com:8443:good,request._id=355,input=36,output=436
DEBUG 08-14 23:35:45 metrics_store.py:131] update_metrics:request_id=355
DEBUG 08-14 23:35:45 shared.py:180] Removed task for request 355 on https://uu722127-b80a-4e3f9d5d.cqa1.seetacloud.com:8443
DEBUG 08-14 23:35:45 replica.py:171] complete_request_decode:num_saved_toekens=256
DEBUG 08-14 23:35:45 open_ai.py:452] good request:https://u722127-8cb5-f6dc13db.nmb1.seetacloud.com:8443:good,request._id=226,input=36,output=267
DEBUG 08-14 23:35:45 metrics_store.py:131] update_metrics:request_id=226
DEBUG 08-14 23:35:45 shared.py:180] Removed task for request 226 on https://u722127-8cb5-f6dc13db.nmb1.seetacloud.com:8443
DEBUG 08-14 23:35:45 replica.py:171] complete_request_decode:num_saved_toekens=448
DEBUG 08-14 23:35:45 open_ai.py:452] good request:https://u722127-b80a-4e3f9d5d.cqa1.seetacloud.com:8443:good,request._id=344,input=87,output=455
DEBUG 08-14 23:35:45 metrics_store.py:131] update_metrics:request_id=344
DEBUG 08-14 23:35:45 shared.py:180] Removed task for request 344 on https://u722127-b80a-4e3f9d5d.cqa1.seetacloud.com:8443
DEBUG 08-14 23:35:45 replica.py:171] complete_request_decode:num_saved_toekens=304
DEBUG 08-14 23:35:45 open_ai.py:452] good request:127.0.0.1:8001:good,request._id=369,input=132,output=304
DEBUG 08-14 23:35:45 metrics_store.py:131] update_metrics:request_id=369
DEBUG 08-14 23:35:45 shared.py:180] Removed task for request 369 on 127.0.0.1:8001
DEBUG 08-14 23:35:45 replica.py:171] complete_request_decode:num_saved_toekens=400
DEBUG 08-14 23:35:45 open_ai.py:452] good request:https://uu722127-b80a-4e3f9d5d.cqa1.seetacloud.com:8443:good,request._id=455,input=22,output=395
DEBUG 08-14 23:35:45 metrics_store.py:131] update_metrics:request_id=455
DEBUG 08-14 23:35:45 shared.py:180] Removed task for request 455 on https://uu722127-b80a-4e3f9d5d.cqa1.seetacloud.com:8443
DEBUG 08-14 23:35:45 replica.py:171] complete_request_decode:num_saved_toekens=304
DEBUG 08-14 23:35:45 open_ai.py:452] good request:127.0.0.1:8000:good,request._id=287,input=58,output=298
DEBUG 08-14 23:35:45 metrics_store.py:131] update_metrics:request_id=287
DEBUG 08-14 23:35:45 shared.py:180] Removed task for request 287 on 127.0.0.1:8000
DEBUG 08-14 23:35:46 replica.py:171] complete_request_decode:num_saved_toekens=544
DEBUG 08-14 23:35:46 open_ai.py:452] good request:https://uu722127-b80a-4e3f9d5d.cqa1.seetacloud.com:8443:good,request._id=133,input=305,output=548
DEBUG 08-14 23:35:46 metrics_store.py:131] update_metrics:request_id=133
DEBUG 08-14 23:35:46 shared.py:180] Removed task for request 133 on https://uu722127-b80a-4e3f9d5d.cqa1.seetacloud.com:8443
DEBUG 08-14 23:35:46 replica.py:171] complete_request_decode:num_saved_toekens=272
DEBUG 08-14 23:35:46 open_ai.py:452] good request:127.0.0.1:8000:good,request._id=454,input=10,output=269
DEBUG 08-14 23:35:46 metrics_store.py:131] update_metrics:request_id=454
DEBUG 08-14 23:35:46 shared.py:180] Removed task for request 454 on 127.0.0.1:8000
DEBUG 08-14 23:35:46 replica.py:171] complete_request_decode:num_saved_toekens=448
DEBUG 08-14 23:35:46 open_ai.py:452] good request:https://uu722127-b80a-4e3f9d5d.cqa1.seetacloud.com:8443:good,request._id=374,input=247,output=454
DEBUG 08-14 23:35:46 metrics_store.py:131] update_metrics:request_id=374
DEBUG 08-14 23:35:46 shared.py:180] Removed task for request 374 on https://uu722127-b80a-4e3f9d5d.cqa1.seetacloud.com:8443
DEBUG 08-14 23:35:46 replica.py:171] complete_request_decode:num_saved_toekens=640
DEBUG 08-14 23:35:46 open_ai.py:452] good request:https://u722127-b80a-4e3f9d5d.cqa1.seetacloud.com:8443:good,request._id=64,input=28,output=636
DEBUG 08-14 23:35:46 metrics_store.py:131] update_metrics:request_id=64
DEBUG 08-14 23:35:46 shared.py:180] Removed task for request 64 on https://u722127-b80a-4e3f9d5d.cqa1.seetacloud.com:8443
DEBUG 08-14 23:35:46 replica.py:171] complete_request_decode:num_saved_toekens=544
DEBUG 08-14 23:35:46 open_ai.py:452] good request:https://uu722127-b80a-4e3f9d5d.cqa1.seetacloud.com:8443:good,request._id=159,input=85,output=550
DEBUG 08-14 23:35:46 metrics_store.py:131] update_metrics:request_id=159
DEBUG 08-14 23:35:46 shared.py:180] Removed task for request 159 on https://uu722127-b80a-4e3f9d5d.cqa1.seetacloud.com:8443
DEBUG 08-14 23:35:46 replica.py:171] complete_request_decode:num_saved_toekens=400
DEBUG 08-14 23:35:46 open_ai.py:452] good request:https://uu722127-b80a-4e3f9d5d.cqa1.seetacloud.com:8443:good,request._id=476,input=50,output=405
DEBUG 08-14 23:35:46 metrics_store.py:131] update_metrics:request_id=476
DEBUG 08-14 23:35:46 shared.py:180] Removed task for request 476 on https://uu722127-b80a-4e3f9d5d.cqa1.seetacloud.com:8443
DEBUG 08-14 23:35:46 replica.py:171] complete_request_decode:num_saved_toekens=528
DEBUG 08-14 23:35:46 open_ai.py:452] good request:https://u722127-b80a-4e3f9d5d.cqa1.seetacloud.com:8443:good,request._id=213,input=112,output=539
DEBUG 08-14 23:35:46 metrics_store.py:131] update_metrics:request_id=213
DEBUG 08-14 23:35:46 shared.py:180] Removed task for request 213 on https://u722127-b80a-4e3f9d5d.cqa1.seetacloud.com:8443
DEBUG 08-14 23:35:46 replica.py:171] complete_request_decode:num_saved_toekens=448
DEBUG 08-14 23:35:46 open_ai.py:452] good request:https://uu722127-b80a-4e3f9d5d.cqa1.seetacloud.com:8443:good,request._id=387,input=22,output=453
DEBUG 08-14 23:35:46 metrics_store.py:131] update_metrics:request_id=387
DEBUG 08-14 23:35:46 shared.py:180] Removed task for request 387 on https://uu722127-b80a-4e3f9d5d.cqa1.seetacloud.com:8443
DEBUG 08-14 23:35:46 replica.py:171] complete_request_decode:num_saved_toekens=432
DEBUG 08-14 23:35:46 open_ai.py:452] good request:127.0.0.1:8001:good,request._id=112,input=46,output=421
DEBUG 08-14 23:35:46 metrics_store.py:131] update_metrics:request_id=112
DEBUG 08-14 23:35:46 shared.py:180] Removed task for request 112 on 127.0.0.1:8001
DEBUG 08-14 23:35:46 replica.py:171] complete_request_decode:num_saved_toekens=304
DEBUG 08-14 23:35:46 open_ai.py:452] good request:https://u722127-8cb5-f6dc13db.nmb1.seetacloud.com:8443:good,request._id=174,input=525,output=302
DEBUG 08-14 23:35:46 metrics_store.py:131] update_metrics:request_id=174
DEBUG 08-14 23:35:46 shared.py:180] Removed task for request 174 on https://u722127-8cb5-f6dc13db.nmb1.seetacloud.com:8443
DEBUG 08-14 23:35:46 replica.py:171] complete_request_decode:num_saved_toekens=512
DEBUG 08-14 23:35:46 open_ai.py:452] good request:127.0.0.1:8001:good,request._id=11,input=51,output=513
DEBUG 08-14 23:35:46 metrics_store.py:131] update_metrics:request_id=11
DEBUG 08-14 23:35:46 shared.py:180] Removed task for request 11 on 127.0.0.1:8001
DEBUG 08-14 23:35:46 replica.py:171] complete_request_decode:num_saved_toekens=416
DEBUG 08-14 23:35:46 open_ai.py:452] good request:https://u722127-b80a-4e3f9d5d.cqa1.seetacloud.com:8443:good,request._id=468,input=80,output=424
DEBUG 08-14 23:35:46 metrics_store.py:131] update_metrics:request_id=468
DEBUG 08-14 23:35:46 shared.py:180] Removed task for request 468 on https://u722127-b80a-4e3f9d5d.cqa1.seetacloud.com:8443
DEBUG 08-14 23:35:46 replica.py:171] complete_request_decode:num_saved_toekens=432
DEBUG 08-14 23:35:46 open_ai.py:452] good request:https://uu722127-b80a-4e3f9d5d.cqa1.seetacloud.com:8443:good,request._id=456,input=86,output=427
DEBUG 08-14 23:35:46 metrics_store.py:131] update_metrics:request_id=456
DEBUG 08-14 23:35:46 shared.py:180] Removed task for request 456 on https://uu722127-b80a-4e3f9d5d.cqa1.seetacloud.com:8443
DEBUG 08-14 23:35:46 replica.py:171] complete_request_decode:num_saved_toekens=320
DEBUG 08-14 23:35:46 open_ai.py:452] good request:https://u722127-8cb5-f6dc13db.nmb1.seetacloud.com:8443:good,request._id=139,input=34,output=318
DEBUG 08-14 23:35:46 metrics_store.py:131] update_metrics:request_id=139
DEBUG 08-14 23:35:46 shared.py:180] Removed task for request 139 on https://u722127-8cb5-f6dc13db.nmb1.seetacloud.com:8443
DEBUG 08-14 23:35:46 replica.py:171] complete_request_decode:num_saved_toekens=432
DEBUG 08-14 23:35:46 open_ai.py:452] good request:https://u722127-b80a-4e3f9d5d.cqa1.seetacloud.com:8443:good,request._id=474,input=61,output=432
DEBUG 08-14 23:35:46 metrics_store.py:131] update_metrics:request_id=474
DEBUG 08-14 23:35:46 replica.py:171] complete_request_decode:num_saved_toekens=448
DEBUG 08-14 23:35:46 open_ai.py:452] good request:https://u722127-b80a-4e3f9d5d.cqa1.seetacloud.com:8443:good,request._id=484,input=47,output=433
DEBUG 08-14 23:35:46 metrics_store.py:131] update_metrics:request_id=484
DEBUG 08-14 23:35:46 shared.py:180] Removed task for request 474 on https://u722127-b80a-4e3f9d5d.cqa1.seetacloud.com:8443
DEBUG 08-14 23:35:46 shared.py:180] Removed task for request 484 on https://u722127-b80a-4e3f9d5d.cqa1.seetacloud.com:8443
DEBUG 08-14 23:35:46 replica.py:171] complete_request_decode:num_saved_toekens=304
DEBUG 08-14 23:35:46 open_ai.py:452] good request:127.0.0.1:8000:good,request._id=424,input=33,output=305
DEBUG 08-14 23:35:46 metrics_store.py:131] update_metrics:request_id=424
DEBUG 08-14 23:35:46 shared.py:180] Removed task for request 424 on 127.0.0.1:8000
DEBUG 08-14 23:35:46 replica.py:171] complete_request_decode:num_saved_toekens=592
DEBUG 08-14 23:35:46 open_ai.py:452] good request:https://uu722127-b80a-4e3f9d5d.cqa1.seetacloud.com:8443:good,request._id=138,input=21,output=596
DEBUG 08-14 23:35:46 metrics_store.py:131] update_metrics:request_id=138
DEBUG 08-14 23:35:46 replica.py:171] complete_request_decode:num_saved_toekens=512
DEBUG 08-14 23:35:46 open_ai.py:452] good request:https://u722127-b80a-4e3f9d5d.cqa1.seetacloud.com:8443:good,request._id=352,input=21,output=512
DEBUG 08-14 23:35:46 metrics_store.py:131] update_metrics:request_id=352
DEBUG 08-14 23:35:46 shared.py:180] Removed task for request 138 on https://uu722127-b80a-4e3f9d5d.cqa1.seetacloud.com:8443
DEBUG 08-14 23:35:46 shared.py:180] Removed task for request 352 on https://u722127-b80a-4e3f9d5d.cqa1.seetacloud.com:8443
DEBUG 08-14 23:35:46 replica.py:171] complete_request_decode:num_saved_toekens=576
DEBUG 08-14 23:35:46 open_ai.py:452] good request:https://u722127-b80a-4e3f9d5d.cqa1.seetacloud.com:8443:good,request._id=169,input=368,output=589
DEBUG 08-14 23:35:46 metrics_store.py:131] update_metrics:request_id=169
DEBUG 08-14 23:35:46 shared.py:180] Removed task for request 169 on https://u722127-b80a-4e3f9d5d.cqa1.seetacloud.com:8443
DEBUG 08-14 23:35:46 replica.py:171] complete_request_decode:num_saved_toekens=560
DEBUG 08-14 23:35:46 open_ai.py:452] good request:https://u722127-b80a-4e3f9d5d.cqa1.seetacloud.com:8443:good,request._id=268,input=126,output=560
DEBUG 08-14 23:35:46 metrics_store.py:131] update_metrics:request_id=268
DEBUG 08-14 23:35:46 shared.py:180] Removed task for request 268 on https://u722127-b80a-4e3f9d5d.cqa1.seetacloud.com:8443
DEBUG 08-14 23:35:46 replica.py:171] complete_request_decode:num_saved_toekens=400
DEBUG 08-14 23:35:46 open_ai.py:452] good request:127.0.0.1:8000:good,request._id=126,input=379,output=389
DEBUG 08-14 23:35:46 metrics_store.py:131] update_metrics:request_id=126
DEBUG 08-14 23:35:46 shared.py:180] Removed task for request 126 on 127.0.0.1:8000
DEBUG 08-14 23:35:46 replica.py:171] complete_request_decode:num_saved_toekens=592
DEBUG 08-14 23:35:46 open_ai.py:452] good request:https://uu722127-b80a-4e3f9d5d.cqa1.seetacloud.com:8443:good,request._id=224,input=28,output=586
DEBUG 08-14 23:35:46 metrics_store.py:131] update_metrics:request_id=224
DEBUG 08-14 23:35:46 shared.py:180] Removed task for request 224 on https://uu722127-b80a-4e3f9d5d.cqa1.seetacloud.com:8443
DEBUG 08-14 23:35:47 replica.py:171] complete_request_decode:num_saved_toekens=592
DEBUG 08-14 23:35:47 open_ai.py:452] good request:https://u722127-b80a-4e3f9d5d.cqa1.seetacloud.com:8443:good,request._id=201,input=20,output=597
DEBUG 08-14 23:35:47 metrics_store.py:131] update_metrics:request_id=201
DEBUG 08-14 23:35:47 shared.py:180] Removed task for request 201 on https://u722127-b80a-4e3f9d5d.cqa1.seetacloud.com:8443
DEBUG 08-14 23:35:47 replica.py:171] complete_request_decode:num_saved_toekens=592
DEBUG 08-14 23:35:47 open_ai.py:452] good request:https://uu722127-b80a-4e3f9d5d.cqa1.seetacloud.com:8443:good,request._id=219,input=18,output=599
DEBUG 08-14 23:35:47 metrics_store.py:131] update_metrics:request_id=219
DEBUG 08-14 23:35:47 shared.py:180] Removed task for request 219 on https://uu722127-b80a-4e3f9d5d.cqa1.seetacloud.com:8443
DEBUG 08-14 23:35:47 replica.py:171] complete_request_decode:num_saved_toekens=400
DEBUG 08-14 23:35:47 open_ai.py:452] good request:https://u722127-8cb5-f6dc13db.nmb1.seetacloud.com:8443:good,request._id=42,input=52,output=405
DEBUG 08-14 23:35:47 metrics_store.py:131] update_metrics:request_id=42
DEBUG 08-14 23:35:47 shared.py:180] Removed task for request 42 on https://u722127-8cb5-f6dc13db.nmb1.seetacloud.com:8443
DEBUG 08-14 23:35:47 replica.py:171] complete_request_decode:num_saved_toekens=496
DEBUG 08-14 23:35:47 open_ai.py:452] good request:https://uu722127-b80a-4e3f9d5d.cqa1.seetacloud.com:8443:good,request._id=433,input=185,output=498
DEBUG 08-14 23:35:47 metrics_store.py:131] update_metrics:request_id=433
DEBUG 08-14 23:35:47 shared.py:180] Removed task for request 433 on https://uu722127-b80a-4e3f9d5d.cqa1.seetacloud.com:8443
DEBUG 08-14 23:35:47 replica.py:171] complete_request_decode:num_saved_toekens=592
DEBUG 08-14 23:35:47 open_ai.py:452] good request:https://uu722127-b80a-4e3f9d5d.cqa1.seetacloud.com:8443:good,request._id=286,input=41,output=586
DEBUG 08-14 23:35:47 metrics_store.py:131] update_metrics:request_id=286
DEBUG 08-14 23:35:47 replica.py:171] complete_request_decode:num_saved_toekens=496
DEBUG 08-14 23:35:47 shared.py:180] Removed task for request 286 on https://uu722127-b80a-4e3f9d5d.cqa1.seetacloud.com:8443
DEBUG 08-14 23:35:47 open_ai.py:452] good request:https://u722127-b80a-4e3f9d5d.cqa1.seetacloud.com:8443:good,request._id=463,input=107,output=492
DEBUG 08-14 23:35:47 metrics_store.py:131] update_metrics:request_id=463
DEBUG 08-14 23:35:47 shared.py:180] Removed task for request 463 on https://u722127-b80a-4e3f9d5d.cqa1.seetacloud.com:8443
DEBUG 08-14 23:35:47 replica.py:171] complete_request_decode:num_saved_toekens=480
DEBUG 08-14 23:35:47 open_ai.py:452] good request:https://u722127-b80a-4e3f9d5d.cqa1.seetacloud.com:8443:good,request._id=487,input=305,output=480
DEBUG 08-14 23:35:47 metrics_store.py:131] update_metrics:request_id=487
DEBUG 08-14 23:35:47 shared.py:180] Removed task for request 487 on https://u722127-b80a-4e3f9d5d.cqa1.seetacloud.com:8443
DEBUG 08-14 23:35:47 replica.py:171] complete_request_decode:num_saved_toekens=544
DEBUG 08-14 23:35:47 open_ai.py:452] good request:https://uu722127-b80a-4e3f9d5d.cqa1.seetacloud.com:8443:good,request._id=350,input=389,output=547
DEBUG 08-14 23:35:47 metrics_store.py:131] update_metrics:request_id=350
DEBUG 08-14 23:35:47 shared.py:180] Removed task for request 350 on https://uu722127-b80a-4e3f9d5d.cqa1.seetacloud.com:8443
DEBUG 08-14 23:35:47 replica.py:171] complete_request_decode:num_saved_toekens=656
DEBUG 08-14 23:35:47 open_ai.py:452] good request:https://uu722127-b80a-4e3f9d5d.cqa1.seetacloud.com:8443:good,request._id=121,input=239,output=652
DEBUG 08-14 23:35:47 metrics_store.py:131] update_metrics:request_id=121
DEBUG 08-14 23:35:47 shared.py:180] Removed task for request 121 on https://uu722127-b80a-4e3f9d5d.cqa1.seetacloud.com:8443
DEBUG 08-14 23:35:47 replica.py:171] complete_request_decode:num_saved_toekens=384
DEBUG 08-14 23:35:47 open_ai.py:452] good request:127.0.0.1:8001:good,request._id=359,input=56,output=390
DEBUG 08-14 23:35:47 metrics_store.py:131] update_metrics:request_id=359
DEBUG 08-14 23:35:47 shared.py:180] Removed task for request 359 on 127.0.0.1:8001
DEBUG 08-14 23:35:47 replica.py:171] complete_request_decode:num_saved_toekens=672
DEBUG 08-14 23:35:47 open_ai.py:452] good request:https://uu722127-b80a-4e3f9d5d.cqa1.seetacloud.com:8443:good,request._id=109,input=86,output=669
DEBUG 08-14 23:35:47 metrics_store.py:131] update_metrics:request_id=109
DEBUG 08-14 23:35:47 shared.py:180] Removed task for request 109 on https://uu722127-b80a-4e3f9d5d.cqa1.seetacloud.com:8443
DEBUG 08-14 23:35:47 replica.py:171] complete_request_decode:num_saved_toekens=432
DEBUG 08-14 23:35:47 open_ai.py:452] good request:127.0.0.1:8000:good,request._id=116,input=84,output=431
DEBUG 08-14 23:35:47 metrics_store.py:131] update_metrics:request_id=116
DEBUG 08-14 23:35:47 shared.py:180] Removed task for request 116 on 127.0.0.1:8000
DEBUG 08-14 23:35:47 replica.py:171] complete_request_decode:num_saved_toekens=464
DEBUG 08-14 23:35:47 open_ai.py:452] good request:127.0.0.1:8001:good,request._id=192,input=11,output=458
DEBUG 08-14 23:35:47 metrics_store.py:131] update_metrics:request_id=192
DEBUG 08-14 23:35:47 shared.py:180] Removed task for request 192 on 127.0.0.1:8001
DEBUG 08-14 23:35:47 replica.py:171] complete_request_decode:num_saved_toekens=384
DEBUG 08-14 23:35:47 replica.py:171] complete_request_decode:num_saved_toekens=416
DEBUG 08-14 23:35:47 replica.py:171] complete_request_decode:num_saved_toekens=368
DEBUG 08-14 23:35:47 open_ai.py:452] good request:127.0.0.1:8001:good,request._id=453,input=87,output=362
DEBUG 08-14 23:35:47 open_ai.py:452] good request:127.0.0.1:8000:good,request._id=240,input=16,output=390
DEBUG 08-14 23:35:47 open_ai.py:452] good request:127.0.0.1:8001:good,request._id=320,input=20,output=419
DEBUG 08-14 23:35:47 metrics_store.py:131] update_metrics:request_id=453
DEBUG 08-14 23:35:47 metrics_store.py:131] update_metrics:request_id=240
DEBUG 08-14 23:35:47 metrics_store.py:131] update_metrics:request_id=320
DEBUG 08-14 23:35:47 shared.py:180] Removed task for request 453 on 127.0.0.1:8001
DEBUG 08-14 23:35:47 shared.py:180] Removed task for request 240 on 127.0.0.1:8000
DEBUG 08-14 23:35:47 shared.py:180] Removed task for request 320 on 127.0.0.1:8001
DEBUG 08-14 23:35:47 replica.py:171] complete_request_decode:num_saved_toekens=528
DEBUG 08-14 23:35:47 open_ai.py:452] good request:https://u722127-b80a-4e3f9d5d.cqa1.seetacloud.com:8443:good,request._id=475,input=10,output=522
DEBUG 08-14 23:35:47 metrics_store.py:131] update_metrics:request_id=475
DEBUG 08-14 23:35:47 shared.py:180] Removed task for request 475 on https://u722127-b80a-4e3f9d5d.cqa1.seetacloud.com:8443
DEBUG 08-14 23:35:47 replica.py:171] complete_request_decode:num_saved_toekens=560
DEBUG 08-14 23:35:47 open_ai.py:452] good request:https://uu722127-b80a-4e3f9d5d.cqa1.seetacloud.com:8443:good,request._id=403,input=21,output=566
DEBUG 08-14 23:35:47 metrics_store.py:131] update_metrics:request_id=403
DEBUG 08-14 23:35:47 shared.py:180] Removed task for request 403 on https://uu722127-b80a-4e3f9d5d.cqa1.seetacloud.com:8443
DEBUG 08-14 23:35:47 replica.py:171] complete_request_decode:num_saved_toekens=640
DEBUG 08-14 23:35:47 open_ai.py:452] good request:https://uu722127-b80a-4e3f9d5d.cqa1.seetacloud.com:8443:good,request._id=289,input=37,output=638
DEBUG 08-14 23:35:47 metrics_store.py:131] update_metrics:request_id=289
DEBUG 08-14 23:35:47 shared.py:180] Removed task for request 289 on https://uu722127-b80a-4e3f9d5d.cqa1.seetacloud.com:8443
DEBUG 08-14 23:35:47 replica.py:171] complete_request_decode:num_saved_toekens=592
DEBUG 08-14 23:35:47 open_ai.py:452] good request:https://u722127-b80a-4e3f9d5d.cqa1.seetacloud.com:8443:good,request._id=372,input=61,output=591
DEBUG 08-14 23:35:47 metrics_store.py:131] update_metrics:request_id=372
DEBUG 08-14 23:35:47 shared.py:180] Removed task for request 372 on https://u722127-b80a-4e3f9d5d.cqa1.seetacloud.com:8443
DEBUG 08-14 23:35:48 replica.py:171] complete_request_decode:num_saved_toekens=432
DEBUG 08-14 23:35:48 open_ai.py:452] good request:https://u722127-8cb5-f6dc13db.nmb1.seetacloud.com:8443:good,request._id=62,input=86,output=427
DEBUG 08-14 23:35:48 metrics_store.py:131] update_metrics:request_id=62
DEBUG 08-14 23:35:48 shared.py:180] Removed task for request 62 on https://u722127-8cb5-f6dc13db.nmb1.seetacloud.com:8443
DEBUG 08-14 23:35:48 replica.py:171] complete_request_decode:num_saved_toekens=576
DEBUG 08-14 23:35:48 open_ai.py:452] good request:127.0.0.1:8001:good,request._id=58,input=16,output=581
DEBUG 08-14 23:35:48 metrics_store.py:131] update_metrics:request_id=58
DEBUG 08-14 23:35:48 shared.py:180] Removed task for request 58 on 127.0.0.1:8001
DEBUG 08-14 23:35:48 replica.py:171] complete_request_decode:num_saved_toekens=384
DEBUG 08-14 23:35:48 open_ai.py:452] good request:127.0.0.1:8001:good,request._id=499,input=123,output=378
DEBUG 08-14 23:35:48 metrics_store.py:131] update_metrics:request_id=499
DEBUG 08-14 23:35:48 shared.py:180] Removed task for request 499 on 127.0.0.1:8001
DEBUG 08-14 23:35:48 replica.py:171] complete_request_decode:num_saved_toekens=480
DEBUG 08-14 23:35:48 open_ai.py:452] good request:127.0.0.1:8001:good,request._id=244,input=101,output=478
DEBUG 08-14 23:35:48 metrics_store.py:131] update_metrics:request_id=244
DEBUG 08-14 23:35:48 shared.py:180] Removed task for request 244 on 127.0.0.1:8001
DEBUG 08-14 23:35:48 replica.py:171] complete_request_decode:num_saved_toekens=368
DEBUG 08-14 23:35:48 open_ai.py:452] good request:127.0.0.1:8000:good,request._id=489,input=89,output=361
DEBUG 08-14 23:35:48 metrics_store.py:131] update_metrics:request_id=489
DEBUG 08-14 23:35:48 replica.py:171] complete_request_decode:num_saved_toekens=336
DEBUG 08-14 23:35:48 open_ai.py:452] good request:127.0.0.1:8000:good,request._id=401,input=16,output=390
DEBUG 08-14 23:35:48 metrics_store.py:131] update_metrics:request_id=401
DEBUG 08-14 23:35:48 replica.py:171] complete_request_decode:num_saved_toekens=688
DEBUG 08-14 23:35:48 open_ai.py:452] good request:https://u722127-b80a-4e3f9d5d.cqa1.seetacloud.com:8443:good,request._id=221,input=33,output=698
DEBUG 08-14 23:35:48 metrics_store.py:131] update_metrics:request_id=221
DEBUG 08-14 23:35:48 shared.py:180] Removed task for request 489 on 127.0.0.1:8000
DEBUG 08-14 23:35:48 shared.py:180] Removed task for request 401 on 127.0.0.1:8000
DEBUG 08-14 23:35:48 shared.py:180] Removed task for request 221 on https://u722127-b80a-4e3f9d5d.cqa1.seetacloud.com:8443
DEBUG 08-14 23:35:48 replica.py:171] complete_request_decode:num_saved_toekens=704
DEBUG 08-14 23:35:48 open_ai.py:452] good request:https://uu722127-b80a-4e3f9d5d.cqa1.seetacloud.com:8443:good,request._id=261,input=31,output=694
DEBUG 08-14 23:35:48 metrics_store.py:131] update_metrics:request_id=261
DEBUG 08-14 23:35:48 shared.py:180] Removed task for request 261 on https://uu722127-b80a-4e3f9d5d.cqa1.seetacloud.com:8443
DEBUG 08-14 23:35:48 replica.py:171] complete_request_decode:num_saved_toekens=384
DEBUG 08-14 23:35:48 open_ai.py:452] good request:127.0.0.1:8001:good,request._id=486,input=89,output=386
DEBUG 08-14 23:35:48 metrics_store.py:131] update_metrics:request_id=486
DEBUG 08-14 23:35:48 shared.py:180] Removed task for request 486 on 127.0.0.1:8001
DEBUG 08-14 23:35:48 replica.py:171] complete_request_decode:num_saved_toekens=480
DEBUG 08-14 23:35:48 open_ai.py:452] good request:127.0.0.1:8001:good,request._id=222,input=32,output=491
DEBUG 08-14 23:35:48 metrics_store.py:131] update_metrics:request_id=222
DEBUG 08-14 23:35:48 shared.py:180] Removed task for request 222 on 127.0.0.1:8001
DEBUG 08-14 23:35:48 replica.py:171] complete_request_decode:num_saved_toekens=400
DEBUG 08-14 23:35:48 open_ai.py:452] good request:127.0.0.1:8000:good,request._id=423,input=14,output=391
DEBUG 08-14 23:35:48 metrics_store.py:131] update_metrics:request_id=423
DEBUG 08-14 23:35:48 shared.py:180] Removed task for request 423 on 127.0.0.1:8000
DEBUG 08-14 23:35:48 replica.py:171] complete_request_decode:num_saved_toekens=448
DEBUG 08-14 23:35:48 open_ai.py:452] good request:127.0.0.1:8001:good,request._id=353,input=85,output=456
DEBUG 08-14 23:35:48 metrics_store.py:131] update_metrics:request_id=353
DEBUG 08-14 23:35:48 shared.py:180] Removed task for request 353 on 127.0.0.1:8001
DEBUG 08-14 23:35:49 replica.py:171] complete_request_decode:num_saved_toekens=624
DEBUG 08-14 23:35:49 open_ai.py:452] good request:127.0.0.1:8001:good,request._id=50,input=37,output=627
DEBUG 08-14 23:35:49 metrics_store.py:131] update_metrics:request_id=50
DEBUG 08-14 23:35:49 shared.py:180] Removed task for request 50 on 127.0.0.1:8001
DEBUG 08-14 23:35:49 replica.py:171] complete_request_decode:num_saved_toekens=688
DEBUG 08-14 23:35:49 open_ai.py:452] good request:https://u722127-b80a-4e3f9d5d.cqa1.seetacloud.com:8443:good,request._id=356,input=18,output=689
DEBUG 08-14 23:35:49 metrics_store.py:131] update_metrics:request_id=356
DEBUG 08-14 23:35:49 shared.py:180] Removed task for request 356 on https://u722127-b80a-4e3f9d5d.cqa1.seetacloud.com:8443
DEBUG 08-14 23:35:49 replica.py:171] complete_request_decode:num_saved_toekens=416
DEBUG 08-14 23:35:49 open_ai.py:452] good request:127.0.0.1:8000:good,request._id=381,input=69,output=426
DEBUG 08-14 23:35:49 metrics_store.py:131] update_metrics:request_id=381
DEBUG 08-14 23:35:49 shared.py:180] Removed task for request 381 on 127.0.0.1:8000
DEBUG 08-14 23:35:49 replica.py:171] complete_request_decode:num_saved_toekens=752
DEBUG 08-14 23:35:49 open_ai.py:452] good request:https://u722127-b80a-4e3f9d5d.cqa1.seetacloud.com:8443:good,request._id=206,input=56,output=762
DEBUG 08-14 23:35:49 metrics_store.py:131] update_metrics:request_id=206
DEBUG 08-14 23:35:49 shared.py:180] Removed task for request 206 on https://u722127-b80a-4e3f9d5d.cqa1.seetacloud.com:8443
DEBUG 08-14 23:35:49 replica.py:171] complete_request_decode:num_saved_toekens=320
DEBUG 08-14 23:35:49 open_ai.py:452] good request:https://u722127-8cb5-f6dc13db.nmb1.seetacloud.com:8443:good,request._id=470,input=42,output=316
DEBUG 08-14 23:35:49 metrics_store.py:131] update_metrics:request_id=470
DEBUG 08-14 23:35:49 shared.py:180] Removed task for request 470 on https://u722127-8cb5-f6dc13db.nmb1.seetacloud.com:8443
DEBUG 08-14 23:35:49 replica.py:171] complete_request_decode:num_saved_toekens=688
DEBUG 08-14 23:35:49 open_ai.py:452] good request:https://uu722127-b80a-4e3f9d5d.cqa1.seetacloud.com:8443:good,request._id=391,input=335,output=680
DEBUG 08-14 23:35:49 metrics_store.py:131] update_metrics:request_id=391
DEBUG 08-14 23:35:49 shared.py:180] Removed task for request 391 on https://uu722127-b80a-4e3f9d5d.cqa1.seetacloud.com:8443
DEBUG 08-14 23:35:49 replica.py:171] complete_request_decode:num_saved_toekens=448
DEBUG 08-14 23:35:49 open_ai.py:452] good request:127.0.0.1:8001:good,request._id=413,input=87,output=455
DEBUG 08-14 23:35:49 metrics_store.py:131] update_metrics:request_id=413
DEBUG 08-14 23:35:49 shared.py:180] Removed task for request 413 on 127.0.0.1:8001
DEBUG 08-14 23:35:49 replica.py:171] complete_request_decode:num_saved_toekens=496
DEBUG 08-14 23:35:49 open_ai.py:452] good request:127.0.0.1:8001:good,request._id=333,input=107,output=492
DEBUG 08-14 23:35:49 metrics_store.py:131] update_metrics:request_id=333
DEBUG 08-14 23:35:49 shared.py:180] Removed task for request 333 on 127.0.0.1:8001
DEBUG 08-14 23:35:49 replica.py:171] complete_request_decode:num_saved_toekens=688
DEBUG 08-14 23:35:49 replica.py:171] complete_request_decode:num_saved_toekens=640
DEBUG 08-14 23:35:49 open_ai.py:452] good request:https://u722127-b80a-4e3f9d5d.cqa1.seetacloud.com:8443:good,request._id=483,input=54,output=639
DEBUG 08-14 23:35:49 metrics_store.py:131] update_metrics:request_id=483
DEBUG 08-14 23:35:49 open_ai.py:452] good request:https://u722127-b80a-4e3f9d5d.cqa1.seetacloud.com:8443:good,request._id=399,input=335,output=680
DEBUG 08-14 23:35:49 metrics_store.py:131] update_metrics:request_id=399
DEBUG 08-14 23:35:49 shared.py:180] Removed task for request 483 on https://u722127-b80a-4e3f9d5d.cqa1.seetacloud.com:8443
DEBUG 08-14 23:35:49 shared.py:180] Removed task for request 399 on https://u722127-b80a-4e3f9d5d.cqa1.seetacloud.com:8443
DEBUG 08-14 23:35:49 replica.py:171] complete_request_decode:num_saved_toekens=432
DEBUG 08-14 23:35:49 open_ai.py:452] good request:127.0.0.1:8001:good,request._id=493,input=58,output=431
DEBUG 08-14 23:35:49 metrics_store.py:131] update_metrics:request_id=493
DEBUG 08-14 23:35:49 shared.py:180] Removed task for request 493 on 127.0.0.1:8001
DEBUG 08-14 23:35:49 replica.py:171] complete_request_decode:num_saved_toekens=688
DEBUG 08-14 23:35:49 open_ai.py:452] good request:https://u722127-b80a-4e3f9d5d.cqa1.seetacloud.com:8443:good,request._id=398,input=23,output=687
DEBUG 08-14 23:35:49 metrics_store.py:131] update_metrics:request_id=398
DEBUG 08-14 23:35:49 shared.py:180] Removed task for request 398 on https://u722127-b80a-4e3f9d5d.cqa1.seetacloud.com:8443
DEBUG 08-14 23:35:49 replica.py:171] complete_request_decode:num_saved_toekens=416
DEBUG 08-14 23:35:49 open_ai.py:452] good request:127.0.0.1:8000:good,request._id=469,input=56,output=415
DEBUG 08-14 23:35:49 metrics_store.py:131] update_metrics:request_id=469
DEBUG 08-14 23:35:49 shared.py:180] Removed task for request 469 on 127.0.0.1:8000
DEBUG 08-14 23:35:49 replica.py:171] complete_request_decode:num_saved_toekens=480
DEBUG 08-14 23:35:49 open_ai.py:452] good request:127.0.0.1:8001:good,request._id=370,input=49,output=485
DEBUG 08-14 23:35:49 metrics_store.py:131] update_metrics:request_id=370
DEBUG 08-14 23:35:49 shared.py:180] Removed task for request 370 on 127.0.0.1:8001
DEBUG 08-14 23:35:49 replica.py:171] complete_request_decode:num_saved_toekens=496
DEBUG 08-14 23:35:49 open_ai.py:452] good request:https://u722127-8cb5-f6dc13db.nmb1.seetacloud.com:8443:good,request._id=44,input=86,output=500
DEBUG 08-14 23:35:49 metrics_store.py:131] update_metrics:request_id=44
DEBUG 08-14 23:35:49 shared.py:180] Removed task for request 44 on https://u722127-8cb5-f6dc13db.nmb1.seetacloud.com:8443
DEBUG 08-14 23:35:49 replica.py:171] complete_request_decode:num_saved_toekens=784
DEBUG 08-14 23:35:49 open_ai.py:452] good request:https://uu722127-b80a-4e3f9d5d.cqa1.seetacloud.com:8443:good,request._id=337,input=348,output=776
DEBUG 08-14 23:35:49 metrics_store.py:131] update_metrics:request_id=337
DEBUG 08-14 23:35:49 shared.py:180] Removed task for request 337 on https://uu722127-b80a-4e3f9d5d.cqa1.seetacloud.com:8443
DEBUG 08-14 23:35:49 replica.py:171] complete_request_decode:num_saved_toekens=432
DEBUG 08-14 23:35:49 open_ai.py:452] good request:https://u722127-8cb5-f6dc13db.nmb1.seetacloud.com:8443:good,request._id=182,input=24,output=425
DEBUG 08-14 23:35:49 metrics_store.py:131] update_metrics:request_id=182
DEBUG 08-14 23:35:49 shared.py:180] Removed task for request 182 on https://u722127-8cb5-f6dc13db.nmb1.seetacloud.com:8443
DEBUG 08-14 23:35:50 replica.py:171] complete_request_decode:num_saved_toekens=832
DEBUG 08-14 23:35:50 open_ai.py:452] good request:https://u722127-b80a-4e3f9d5d.cqa1.seetacloud.com:8443:good,request._id=191,input=711,output=831
DEBUG 08-14 23:35:50 metrics_store.py:131] update_metrics:request_id=191
DEBUG 08-14 23:35:50 shared.py:180] Removed task for request 191 on https://u722127-b80a-4e3f9d5d.cqa1.seetacloud.com:8443
DEBUG 08-14 23:35:50 replica.py:171] complete_request_decode:num_saved_toekens=480
DEBUG 08-14 23:35:50 open_ai.py:452] good request:127.0.0.1:8000:good,request._id=291,input=35,output=478
DEBUG 08-14 23:35:50 metrics_store.py:131] update_metrics:request_id=291
DEBUG 08-14 23:35:50 shared.py:180] Removed task for request 291 on 127.0.0.1:8000
DEBUG 08-14 23:35:50 replica.py:171] complete_request_decode:num_saved_toekens=480
DEBUG 08-14 23:35:50 open_ai.py:452] good request:127.0.0.1:8001:good,request._id=492,input=15,output=474
DEBUG 08-14 23:35:50 metrics_store.py:131] update_metrics:request_id=492
DEBUG 08-14 23:35:50 shared.py:180] Removed task for request 492 on 127.0.0.1:8001
DEBUG 08-14 23:35:50 replica.py:171] complete_request_decode:num_saved_toekens=544
DEBUG 08-14 23:35:50 open_ai.py:452] good request:127.0.0.1:8001:good,request._id=328,input=239,output=542
DEBUG 08-14 23:35:50 metrics_store.py:131] update_metrics:request_id=328
DEBUG 08-14 23:35:50 shared.py:180] Removed task for request 328 on 127.0.0.1:8001
DEBUG 08-14 23:35:50 replica.py:171] complete_request_decode:num_saved_toekens=752
DEBUG 08-14 23:35:50 open_ai.py:452] good request:https://u722127-b80a-4e3f9d5d.cqa1.seetacloud.com:8443:good,request._id=410,input=35,output=751
DEBUG 08-14 23:35:50 metrics_store.py:131] update_metrics:request_id=410
DEBUG 08-14 23:35:50 shared.py:180] Removed task for request 410 on https://u722127-b80a-4e3f9d5d.cqa1.seetacloud.com:8443
DEBUG 08-14 23:35:50 replica.py:171] complete_request_decode:num_saved_toekens=544
DEBUG 08-14 23:35:50 open_ai.py:452] good request:127.0.0.1:8000:good,request._id=146,input=31,output=541
DEBUG 08-14 23:35:50 metrics_store.py:131] update_metrics:request_id=146
DEBUG 08-14 23:35:50 shared.py:180] Removed task for request 146 on 127.0.0.1:8000
DEBUG 08-14 23:35:50 replica.py:171] complete_request_decode:num_saved_toekens=848
DEBUG 08-14 23:35:50 replica.py:171] complete_request_decode:num_saved_toekens=448
DEBUG 08-14 23:35:50 open_ai.py:452] good request:https://u722127-8cb5-f6dc13db.nmb1.seetacloud.com:8443:good,request._id=186,input=17,output=452
DEBUG 08-14 23:35:50 open_ai.py:452] good request:https://u722127-b80a-4e3f9d5d.cqa1.seetacloud.com:8443:good,request._id=250,input=32,output=859
DEBUG 08-14 23:35:50 metrics_store.py:131] update_metrics:request_id=186
DEBUG 08-14 23:35:50 metrics_store.py:131] update_metrics:request_id=250
DEBUG 08-14 23:35:50 shared.py:180] Removed task for request 186 on https://u722127-8cb5-f6dc13db.nmb1.seetacloud.com:8443
DEBUG 08-14 23:35:50 shared.py:180] Removed task for request 250 on https://u722127-b80a-4e3f9d5d.cqa1.seetacloud.com:8443
DEBUG 08-14 23:35:50 replica.py:171] complete_request_decode:num_saved_toekens=608
DEBUG 08-14 23:35:50 open_ai.py:452] good request:127.0.0.1:8001:good,request._id=218,input=71,output=601
DEBUG 08-14 23:35:50 metrics_store.py:131] update_metrics:request_id=218
DEBUG 08-14 23:35:50 replica.py:171] complete_request_decode:num_saved_toekens=496
DEBUG 08-14 23:35:50 replica.py:171] complete_request_decode:num_saved_toekens=640
DEBUG 08-14 23:35:50 open_ai.py:452] good request:127.0.0.1:8001:good,request._id=107,input=71,output=641
DEBUG 08-14 23:35:50 shared.py:180] Removed task for request 218 on 127.0.0.1:8001
DEBUG 08-14 23:35:50 open_ai.py:452] good request:127.0.0.1:8001:good,request._id=490,input=33,output=496
DEBUG 08-14 23:35:50 metrics_store.py:131] update_metrics:request_id=107
DEBUG 08-14 23:35:50 metrics_store.py:131] update_metrics:request_id=490
DEBUG 08-14 23:35:50 shared.py:180] Removed task for request 107 on 127.0.0.1:8001
DEBUG 08-14 23:35:50 shared.py:180] Removed task for request 490 on 127.0.0.1:8001
DEBUG 08-14 23:35:50 replica.py:171] complete_request_decode:num_saved_toekens=480
DEBUG 08-14 23:35:50 open_ai.py:452] good request:127.0.0.1:8000:good,request._id=396,input=112,output=493
DEBUG 08-14 23:35:50 metrics_store.py:131] update_metrics:request_id=396
DEBUG 08-14 23:35:50 shared.py:180] Removed task for request 396 on 127.0.0.1:8000
DEBUG 08-14 23:35:50 replica.py:171] complete_request_decode:num_saved_toekens=432
DEBUG 08-14 23:35:50 open_ai.py:452] good request:https://u722127-8cb5-f6dc13db.nmb1.seetacloud.com:8443:good,request._id=270,input=89,output=434
DEBUG 08-14 23:35:50 metrics_store.py:131] update_metrics:request_id=270
DEBUG 08-14 23:35:50 shared.py:180] Removed task for request 270 on https://u722127-8cb5-f6dc13db.nmb1.seetacloud.com:8443
DEBUG 08-14 23:35:50 replica.py:171] complete_request_decode:num_saved_toekens=496
DEBUG 08-14 23:35:50 open_ai.py:452] good request:127.0.0.1:8000:good,request._id=390,input=32,output=499
DEBUG 08-14 23:35:50 metrics_store.py:131] update_metrics:request_id=390
DEBUG 08-14 23:35:50 shared.py:180] Removed task for request 390 on 127.0.0.1:8000
DEBUG 08-14 23:35:50 replica.py:171] complete_request_decode:num_saved_toekens=544
DEBUG 08-14 23:35:50 open_ai.py:452] good request:127.0.0.1:8001:good,request._id=380,input=39,output=551
DEBUG 08-14 23:35:50 metrics_store.py:131] update_metrics:request_id=380
DEBUG 08-14 23:35:50 shared.py:180] Removed task for request 380 on 127.0.0.1:8001
DEBUG 08-14 23:35:51 replica.py:171] complete_request_decode:num_saved_toekens=768
DEBUG 08-14 23:35:51 open_ai.py:452] good request:https://u722127-b80a-4e3f9d5d.cqa1.seetacloud.com:8443:good,request._id=497,input=52,output=776
DEBUG 08-14 23:35:51 metrics_store.py:131] update_metrics:request_id=497
DEBUG 08-14 23:35:51 shared.py:180] Removed task for request 497 on https://u722127-b80a-4e3f9d5d.cqa1.seetacloud.com:8443
DEBUG 08-14 23:35:51 replica.py:171] complete_request_decode:num_saved_toekens=608
DEBUG 08-14 23:35:51 open_ai.py:452] good request:127.0.0.1:8001:good,request._id=276,input=481,output=613
DEBUG 08-14 23:35:51 metrics_store.py:131] update_metrics:request_id=276
DEBUG 08-14 23:35:51 shared.py:180] Removed task for request 276 on 127.0.0.1:8001
DEBUG 08-14 23:35:51 replica.py:171] complete_request_decode:num_saved_toekens=544
DEBUG 08-14 23:35:51 open_ai.py:452] good request:127.0.0.1:8000:good,request._id=278,input=15,output=529
DEBUG 08-14 23:35:51 metrics_store.py:131] update_metrics:request_id=278
DEBUG 08-14 23:35:51 shared.py:180] Removed task for request 278 on 127.0.0.1:8000
DEBUG 08-14 23:35:51 replica.py:171] complete_request_decode:num_saved_toekens=560
DEBUG 08-14 23:35:51 open_ai.py:452] good request:127.0.0.1:8000:good,request._id=216,input=15,output=557
DEBUG 08-14 23:35:51 metrics_store.py:131] update_metrics:request_id=216
DEBUG 08-14 23:35:51 shared.py:180] Removed task for request 216 on 127.0.0.1:8000
DEBUG 08-14 23:35:51 replica.py:171] complete_request_decode:num_saved_toekens=544
DEBUG 08-14 23:35:51 open_ai.py:452] good request:127.0.0.1:8001:good,request._id=494,input=14,output=539
DEBUG 08-14 23:35:51 metrics_store.py:131] update_metrics:request_id=494
DEBUG 08-14 23:35:51 shared.py:180] Removed task for request 494 on 127.0.0.1:8001
DEBUG 08-14 23:35:51 replica.py:171] complete_request_decode:num_saved_toekens=688
DEBUG 08-14 23:35:51 open_ai.py:452] good request:127.0.0.1:8000:good,request._id=47,input=23,output=687
DEBUG 08-14 23:35:51 metrics_store.py:131] update_metrics:request_id=47
DEBUG 08-14 23:35:51 shared.py:180] Removed task for request 47 on 127.0.0.1:8000
DEBUG 08-14 23:35:51 replica.py:171] complete_request_decode:num_saved_toekens=528
DEBUG 08-14 23:35:51 open_ai.py:452] good request:127.0.0.1:8000:good,request._id=417,input=83,output=525
DEBUG 08-14 23:35:51 metrics_store.py:131] update_metrics:request_id=417
DEBUG 08-14 23:35:51 shared.py:180] Removed task for request 417 on 127.0.0.1:8000
DEBUG 08-14 23:35:51 replica.py:171] complete_request_decode:num_saved_toekens=576
DEBUG 08-14 23:35:51 open_ai.py:452] good request:127.0.0.1:8001:good,request._id=412,input=20,output=575
DEBUG 08-14 23:35:51 metrics_store.py:131] update_metrics:request_id=412
DEBUG 08-14 23:35:51 shared.py:180] Removed task for request 412 on 127.0.0.1:8001
DEBUG 08-14 23:35:51 replica.py:171] complete_request_decode:num_saved_toekens=864
DEBUG 08-14 23:35:51 open_ai.py:452] good request:https://u722127-b80a-4e3f9d5d.cqa1.seetacloud.com:8443:good,request._id=393,input=475,output=858
DEBUG 08-14 23:35:51 metrics_store.py:131] update_metrics:request_id=393
DEBUG 08-14 23:35:51 replica.py:171] complete_request_decode:num_saved_toekens=1008
DEBUG 08-14 23:35:51 shared.py:180] Removed task for request 393 on https://u722127-b80a-4e3f9d5d.cqa1.seetacloud.com:8443
DEBUG 08-14 23:35:51 open_ai.py:452] good request:https://uu722127-b80a-4e3f9d5d.cqa1.seetacloud.com:8443:good,request._id=88,input=85,output=1025
DEBUG 08-14 23:35:51 metrics_store.py:131] update_metrics:request_id=88
DEBUG 08-14 23:35:51 shared.py:180] Removed task for request 88 on https://uu722127-b80a-4e3f9d5d.cqa1.seetacloud.com:8443
DEBUG 08-14 23:35:51 replica.py:171] complete_request_decode:num_saved_toekens=512
DEBUG 08-14 23:35:51 open_ai.py:452] good request:127.0.0.1:8000:good,request._id=429,input=848,output=526
DEBUG 08-14 23:35:51 metrics_store.py:131] update_metrics:request_id=429
DEBUG 08-14 23:35:51 shared.py:180] Removed task for request 429 on 127.0.0.1:8000
DEBUG 08-14 23:35:51 replica.py:171] complete_request_decode:num_saved_toekens=848
DEBUG 08-14 23:35:51 open_ai.py:452] good request:https://uu722127-b80a-4e3f9d5d.cqa1.seetacloud.com:8443:good,request._id=442,input=70,output=844
DEBUG 08-14 23:35:51 metrics_store.py:131] update_metrics:request_id=442
DEBUG 08-14 23:35:51 shared.py:180] Removed task for request 442 on https://uu722127-b80a-4e3f9d5d.cqa1.seetacloud.com:8443
DEBUG 08-14 23:35:51 replica.py:171] complete_request_decode:num_saved_toekens=496
DEBUG 08-14 23:35:51 open_ai.py:452] good request:https://u722127-8cb5-f6dc13db.nmb1.seetacloud.com:8443:good,request._id=99,input=32,output=508
DEBUG 08-14 23:35:51 metrics_store.py:131] update_metrics:request_id=99
DEBUG 08-14 23:35:51 shared.py:180] Removed task for request 99 on https://u722127-8cb5-f6dc13db.nmb1.seetacloud.com:8443
DEBUG 08-14 23:35:51 replica.py:171] complete_request_decode:num_saved_toekens=400
DEBUG 08-14 23:35:51 open_ai.py:452] good request:https://u722127-8cb5-f6dc13db.nmb1.seetacloud.com:8443:good,request._id=473,input=85,output=404
DEBUG 08-14 23:35:51 metrics_store.py:131] update_metrics:request_id=473
DEBUG 08-14 23:35:51 shared.py:180] Removed task for request 473 on https://u722127-8cb5-f6dc13db.nmb1.seetacloud.com:8443
DEBUG 08-14 23:35:51 replica.py:171] complete_request_decode:num_saved_toekens=704
DEBUG 08-14 23:35:51 open_ai.py:452] good request:127.0.0.1:8001:good,request._id=132,input=14,output=694
DEBUG 08-14 23:35:51 metrics_store.py:131] update_metrics:request_id=132
DEBUG 08-14 23:35:51 shared.py:180] Removed task for request 132 on 127.0.0.1:8001
DEBUG 08-14 23:35:51 replica.py:171] complete_request_decode:num_saved_toekens=544
DEBUG 08-14 23:35:51 open_ai.py:452] good request:127.0.0.1:8000:good,request._id=389,input=25,output=549
DEBUG 08-14 23:35:51 metrics_store.py:131] update_metrics:request_id=389
DEBUG 08-14 23:35:51 shared.py:180] Removed task for request 389 on 127.0.0.1:8000
DEBUG 08-14 23:35:51 replica.py:171] complete_request_decode:num_saved_toekens=416
DEBUG 08-14 23:35:51 open_ai.py:452] good request:https://u722127-8cb5-f6dc13db.nmb1.seetacloud.com:8443:good,request._id=480,input=15,output=404
DEBUG 08-14 23:35:51 metrics_store.py:131] update_metrics:request_id=480
DEBUG 08-14 23:35:51 shared.py:180] Removed task for request 480 on https://u722127-8cb5-f6dc13db.nmb1.seetacloud.com:8443
DEBUG 08-14 23:35:52 replica.py:171] complete_request_decode:num_saved_toekens=1024
DEBUG 08-14 23:35:52 open_ai.py:452] good request:https://u722127-b80a-4e3f9d5d.cqa1.seetacloud.com:8443:good,request._id=134,input=292,output=1025
DEBUG 08-14 23:35:52 metrics_store.py:131] update_metrics:request_id=134
DEBUG 08-14 23:35:52 shared.py:180] Removed task for request 134 on https://u722127-b80a-4e3f9d5d.cqa1.seetacloud.com:8443
DEBUG 08-14 23:35:52 replica.py:171] complete_request_decode:num_saved_toekens=624
DEBUG 08-14 23:35:52 open_ai.py:452] good request:127.0.0.1:8001:good,request._id=386,input=35,output=625
DEBUG 08-14 23:35:52 metrics_store.py:131] update_metrics:request_id=386
DEBUG 08-14 23:35:52 shared.py:180] Removed task for request 386 on 127.0.0.1:8001
DEBUG 08-14 23:35:52 replica.py:171] complete_request_decode:num_saved_toekens=1024
DEBUG 08-14 23:35:52 open_ai.py:452] good request:https://uu722127-b80a-4e3f9d5d.cqa1.seetacloud.com:8443:good,request._id=165,input=27,output=1025
DEBUG 08-14 23:35:52 metrics_store.py:131] update_metrics:request_id=165
DEBUG 08-14 23:35:52 shared.py:180] Removed task for request 165 on https://uu722127-b80a-4e3f9d5d.cqa1.seetacloud.com:8443
DEBUG 08-14 23:35:52 replica.py:171] complete_request_decode:num_saved_toekens=480
DEBUG 08-14 23:35:52 open_ai.py:452] good request:https://u722127-8cb5-f6dc13db.nmb1.seetacloud.com:8443:good,request._id=290,input=17,output=483
DEBUG 08-14 23:35:52 metrics_store.py:131] update_metrics:request_id=290
DEBUG 08-14 23:35:52 shared.py:180] Removed task for request 290 on https://u722127-8cb5-f6dc13db.nmb1.seetacloud.com:8443
DEBUG 08-14 23:35:52 replica.py:171] complete_request_decode:num_saved_toekens=528
DEBUG 08-14 23:35:52 open_ai.py:452] good request:https://u722127-8cb5-f6dc13db.nmb1.seetacloud.com:8443:good,request._id=151,input=83,output=525
DEBUG 08-14 23:35:52 metrics_store.py:131] update_metrics:request_id=151
DEBUG 08-14 23:35:52 shared.py:180] Removed task for request 151 on https://u722127-8cb5-f6dc13db.nmb1.seetacloud.com:8443
DEBUG 08-14 23:35:52 replica.py:171] complete_request_decode:num_saved_toekens=448
DEBUG 08-14 23:35:52 open_ai.py:452] good request:https://u722127-8cb5-f6dc13db.nmb1.seetacloud.com:8443:good,request._id=404,input=85,output=456
DEBUG 08-14 23:35:52 metrics_store.py:131] update_metrics:request_id=404
DEBUG 08-14 23:35:52 shared.py:180] Removed task for request 404 on https://u722127-8cb5-f6dc13db.nmb1.seetacloud.com:8443
DEBUG 08-14 23:35:52 replica.py:171] complete_request_decode:num_saved_toekens=1024
DEBUG 08-14 23:35:52 replica.py:171] complete_request_decode:num_saved_toekens=1024
DEBUG 08-14 23:35:52 open_ai.py:452] good request:https://uu722127-b80a-4e3f9d5d.cqa1.seetacloud.com:8443:good,request._id=266,input=27,output=1025
DEBUG 08-14 23:35:52 metrics_store.py:131] update_metrics:request_id=266
DEBUG 08-14 23:35:52 open_ai.py:452] good request:https://uu722127-b80a-4e3f9d5d.cqa1.seetacloud.com:8443:good,request._id=273,input=2325,output=1025
DEBUG 08-14 23:35:52 metrics_store.py:131] update_metrics:request_id=273
DEBUG 08-14 23:35:52 shared.py:180] Removed task for request 266 on https://uu722127-b80a-4e3f9d5d.cqa1.seetacloud.com:8443
DEBUG 08-14 23:35:52 shared.py:180] Removed task for request 273 on https://uu722127-b80a-4e3f9d5d.cqa1.seetacloud.com:8443
DEBUG 08-14 23:35:52 replica.py:171] complete_request_decode:num_saved_toekens=1024
DEBUG 08-14 23:35:52 open_ai.py:452] good request:https://u722127-b80a-4e3f9d5d.cqa1.seetacloud.com:8443:good,request._id=280,input=39,output=1025
DEBUG 08-14 23:35:52 metrics_store.py:131] update_metrics:request_id=280
DEBUG 08-14 23:35:52 shared.py:180] Removed task for request 280 on https://u722127-b80a-4e3f9d5d.cqa1.seetacloud.com:8443
DEBUG 08-14 23:35:52 replica.py:171] complete_request_decode:num_saved_toekens=512
DEBUG 08-14 23:35:52 open_ai.py:452] good request:https://u722127-8cb5-f6dc13db.nmb1.seetacloud.com:8443:good,request._id=243,input=21,output=512
DEBUG 08-14 23:35:52 metrics_store.py:131] update_metrics:request_id=243
DEBUG 08-14 23:35:52 shared.py:180] Removed task for request 243 on https://u722127-8cb5-f6dc13db.nmb1.seetacloud.com:8443
DEBUG 08-14 23:35:52 replica.py:171] complete_request_decode:num_saved_toekens=752
DEBUG 08-14 23:35:53 open_ai.py:452] good request:127.0.0.1:8000:good,request._id=70,input=119,output=757
DEBUG 08-14 23:35:53 metrics_store.py:131] update_metrics:request_id=70
DEBUG 08-14 23:35:53 shared.py:180] Removed task for request 70 on 127.0.0.1:8000
DEBUG 08-14 23:35:53 replica.py:171] complete_request_decode:num_saved_toekens=1024
DEBUG 08-14 23:35:53 open_ai.py:452] good request:https://uu722127-b80a-4e3f9d5d.cqa1.seetacloud.com:8443:good,request._id=375,input=68,output=1025
DEBUG 08-14 23:35:53 metrics_store.py:131] update_metrics:request_id=375
DEBUG 08-14 23:35:53 shared.py:180] Removed task for request 375 on https://uu722127-b80a-4e3f9d5d.cqa1.seetacloud.com:8443
DEBUG 08-14 23:35:53 replica.py:171] complete_request_decode:num_saved_toekens=720
DEBUG 08-14 23:35:53 open_ai.py:452] good request:127.0.0.1:8001:good,request._id=336,input=125,output=720
DEBUG 08-14 23:35:53 metrics_store.py:131] update_metrics:request_id=336
DEBUG 08-14 23:35:53 shared.py:180] Removed task for request 336 on 127.0.0.1:8001
DEBUG 08-14 23:35:53 replica.py:171] complete_request_decode:num_saved_toekens=656
DEBUG 08-14 23:35:53 open_ai.py:452] good request:127.0.0.1:8000:good,request._id=236,input=499,output=669
DEBUG 08-14 23:35:53 metrics_store.py:131] update_metrics:request_id=236
DEBUG 08-14 23:35:53 replica.py:171] complete_request_decode:num_saved_toekens=688
DEBUG 08-14 23:35:53 open_ai.py:452] good request:127.0.0.1:8000:good,request._id=189,input=346,output=688
DEBUG 08-14 23:35:53 metrics_store.py:131] update_metrics:request_id=189
DEBUG 08-14 23:35:53 shared.py:180] Removed task for request 236 on 127.0.0.1:8000
DEBUG 08-14 23:35:53 shared.py:180] Removed task for request 189 on 127.0.0.1:8000
DEBUG 08-14 23:35:53 replica.py:171] complete_request_decode:num_saved_toekens=528
DEBUG 08-14 23:35:53 open_ai.py:452] good request:https://u722127-8cb5-f6dc13db.nmb1.seetacloud.com:8443:good,request._id=285,input=17,output=534
DEBUG 08-14 23:35:53 metrics_store.py:131] update_metrics:request_id=285
DEBUG 08-14 23:35:53 shared.py:180] Removed task for request 285 on https://u722127-8cb5-f6dc13db.nmb1.seetacloud.com:8443
DEBUG 08-14 23:35:53 replica.py:171] complete_request_decode:num_saved_toekens=656
DEBUG 08-14 23:35:53 open_ai.py:452] good request:127.0.0.1:8000:good,request._id=405,input=311,output=649
DEBUG 08-14 23:35:53 metrics_store.py:131] update_metrics:request_id=405
DEBUG 08-14 23:35:53 shared.py:180] Removed task for request 405 on 127.0.0.1:8000
DEBUG 08-14 23:35:53 replica.py:171] complete_request_decode:num_saved_toekens=1024
DEBUG 08-14 23:35:53 open_ai.py:452] good request:https://u722127-b80a-4e3f9d5d.cqa1.seetacloud.com:8443:good,request._id=472,input=18,output=1025
DEBUG 08-14 23:35:53 metrics_store.py:131] update_metrics:request_id=472
DEBUG 08-14 23:35:53 shared.py:180] Removed task for request 472 on https://u722127-b80a-4e3f9d5d.cqa1.seetacloud.com:8443
DEBUG 08-14 23:35:53 replica.py:171] complete_request_decode:num_saved_toekens=1024
DEBUG 08-14 23:35:53 open_ai.py:452] good request:https://uu722127-b80a-4e3f9d5d.cqa1.seetacloud.com:8443:good,request._id=496,input=903,output=1025
DEBUG 08-14 23:35:53 metrics_store.py:131] update_metrics:request_id=496
DEBUG 08-14 23:35:53 shared.py:180] Removed task for request 496 on https://uu722127-b80a-4e3f9d5d.cqa1.seetacloud.com:8443
DEBUG 08-14 23:35:54 replica.py:171] complete_request_decode:num_saved_toekens=1024
DEBUG 08-14 23:35:54 open_ai.py:452] good request:https://uu722127-b80a-4e3f9d5d.cqa1.seetacloud.com:8443:good,request._id=488,input=87,output=1025
DEBUG 08-14 23:35:54 metrics_store.py:131] update_metrics:request_id=488
DEBUG 08-14 23:35:54 shared.py:180] Removed task for request 488 on https://uu722127-b80a-4e3f9d5d.cqa1.seetacloud.com:8443
DEBUG 08-14 23:35:54 replica.py:171] complete_request_decode:num_saved_toekens=768
DEBUG 08-14 23:35:54 open_ai.py:452] good request:127.0.0.1:8001:good,request._id=304,input=24,output=769
DEBUG 08-14 23:35:54 metrics_store.py:131] update_metrics:request_id=304
DEBUG 08-14 23:35:54 shared.py:180] Removed task for request 304 on 127.0.0.1:8001
DEBUG 08-14 23:35:54 replica.py:171] complete_request_decode:num_saved_toekens=496
DEBUG 08-14 23:35:54 open_ai.py:452] good request:https://u722127-8cb5-f6dc13db.nmb1.seetacloud.com:8443:good,request._id=482,input=31,output=496
DEBUG 08-14 23:35:54 metrics_store.py:131] update_metrics:request_id=482
DEBUG 08-14 23:35:54 shared.py:180] Removed task for request 482 on https://u722127-8cb5-f6dc13db.nmb1.seetacloud.com:8443
DEBUG 08-14 23:35:54 replica.py:171] complete_request_decode:num_saved_toekens=688
DEBUG 08-14 23:35:54 open_ai.py:452] good request:127.0.0.1:8000:good,request._id=371,input=18,output=689
DEBUG 08-14 23:35:54 metrics_store.py:131] update_metrics:request_id=371
DEBUG 08-14 23:35:54 shared.py:180] Removed task for request 371 on 127.0.0.1:8000
DEBUG 08-14 23:35:54 replica.py:171] complete_request_decode:num_saved_toekens=848
DEBUG 08-14 23:35:54 open_ai.py:452] good request:127.0.0.1:8001:good,request._id=161,input=42,output=850
DEBUG 08-14 23:35:54 metrics_store.py:131] update_metrics:request_id=161
DEBUG 08-14 23:35:54 shared.py:180] Removed task for request 161 on 127.0.0.1:8001
DEBUG 08-14 23:35:54 replica.py:171] complete_request_decode:num_saved_toekens=864
DEBUG 08-14 23:35:54 open_ai.py:452] good request:127.0.0.1:8000:good,request._id=69,input=475,output=858
DEBUG 08-14 23:35:54 metrics_store.py:131] update_metrics:request_id=69
DEBUG 08-14 23:35:54 shared.py:180] Removed task for request 69 on 127.0.0.1:8000
DEBUG 08-14 23:35:54 replica.py:171] complete_request_decode:num_saved_toekens=624
DEBUG 08-14 23:35:54 open_ai.py:452] good request:https://u722127-8cb5-f6dc13db.nmb1.seetacloud.com:8443:good,request._id=142,input=93,output=623
DEBUG 08-14 23:35:54 metrics_store.py:131] update_metrics:request_id=142
DEBUG 08-14 23:35:54 shared.py:180] Removed task for request 142 on https://u722127-8cb5-f6dc13db.nmb1.seetacloud.com:8443
DEBUG 08-14 23:35:55 replica.py:171] complete_request_decode:num_saved_toekens=832
DEBUG 08-14 23:35:55 open_ai.py:452] good request:127.0.0.1:8001:good,request._id=316,input=47,output=830
DEBUG 08-14 23:35:55 metrics_store.py:131] update_metrics:request_id=316
DEBUG 08-14 23:35:55 shared.py:180] Removed task for request 316 on 127.0.0.1:8001
DEBUG 08-14 23:35:55 replica.py:171] complete_request_decode:num_saved_toekens=896
DEBUG 08-14 23:35:55 open_ai.py:452] good request:127.0.0.1:8001:good,request._id=180,input=468,output=896
DEBUG 08-14 23:35:55 metrics_store.py:131] update_metrics:request_id=180
DEBUG 08-14 23:35:55 shared.py:180] Removed task for request 180 on 127.0.0.1:8001
DEBUG 08-14 23:35:55 replica.py:171] complete_request_decode:num_saved_toekens=800
DEBUG 08-14 23:35:55 open_ai.py:452] good request:127.0.0.1:8001:good,request._id=471,input=186,output=791
DEBUG 08-14 23:35:55 metrics_store.py:131] update_metrics:request_id=471
DEBUG 08-14 23:35:55 shared.py:180] Removed task for request 471 on 127.0.0.1:8001
DEBUG 08-14 23:35:55 replica.py:171] complete_request_decode:num_saved_toekens=832
DEBUG 08-14 23:35:55 open_ai.py:452] good request:127.0.0.1:8001:good,request._id=430,input=1211,output=822
DEBUG 08-14 23:35:55 metrics_store.py:131] update_metrics:request_id=430
DEBUG 08-14 23:35:55 shared.py:180] Removed task for request 430 on 127.0.0.1:8001
DEBUG 08-14 23:35:56 replica.py:171] complete_request_decode:num_saved_toekens=784
DEBUG 08-14 23:35:56 open_ai.py:452] good request:127.0.0.1:8000:good,request._id=467,input=213,output=789
DEBUG 08-14 23:35:56 metrics_store.py:131] update_metrics:request_id=467
DEBUG 08-14 23:35:56 shared.py:180] Removed task for request 467 on 127.0.0.1:8000
DEBUG 08-14 23:35:56 replica.py:171] complete_request_decode:num_saved_toekens=992
DEBUG 08-14 23:35:56 open_ai.py:452] good request:127.0.0.1:8001:good,request._id=175,input=87,output=995
DEBUG 08-14 23:35:56 metrics_store.py:131] update_metrics:request_id=175
DEBUG 08-14 23:35:56 shared.py:180] Removed task for request 175 on 127.0.0.1:8001
DEBUG 08-14 23:35:57 replica.py:171] complete_request_decode:num_saved_toekens=944
DEBUG 08-14 23:35:57 open_ai.py:452] good request:127.0.0.1:8001:good,request._id=308,input=33,output=955
DEBUG 08-14 23:35:57 metrics_store.py:131] update_metrics:request_id=308
DEBUG 08-14 23:35:57 shared.py:180] Removed task for request 308 on 127.0.0.1:8001
DEBUG 08-14 23:35:57 replica.py:171] complete_request_decode:num_saved_toekens=880
DEBUG 08-14 23:35:57 replica.py:171] complete_request_decode:num_saved_toekens=768
DEBUG 08-14 23:35:57 open_ai.py:452] good request:https://u722127-8cb5-f6dc13db.nmb1.seetacloud.com:8443:good,request._id=51,input=39,output=767
DEBUG 08-14 23:35:57 open_ai.py:452] good request:127.0.0.1:8000:good,request._id=190,input=506,output=890
DEBUG 08-14 23:35:57 metrics_store.py:131] update_metrics:request_id=51
DEBUG 08-14 23:35:57 metrics_store.py:131] update_metrics:request_id=190
DEBUG 08-14 23:35:57 shared.py:180] Removed task for request 51 on https://u722127-8cb5-f6dc13db.nmb1.seetacloud.com:8443
DEBUG 08-14 23:35:57 shared.py:180] Removed task for request 190 on 127.0.0.1:8000
DEBUG 08-14 23:35:57 replica.py:171] complete_request_decode:num_saved_toekens=832
DEBUG 08-14 23:35:57 open_ai.py:452] good request:127.0.0.1:8000:good,request._id=495,input=45,output=824
DEBUG 08-14 23:35:57 metrics_store.py:131] update_metrics:request_id=495
DEBUG 08-14 23:35:57 shared.py:180] Removed task for request 495 on 127.0.0.1:8000
DEBUG 08-14 23:35:57 replica.py:171] complete_request_decode:num_saved_toekens=624
DEBUG 08-14 23:35:57 open_ai.py:452] good request:https://u722127-8cb5-f6dc13db.nmb1.seetacloud.com:8443:good,request._id=481,input=46,output=618
DEBUG 08-14 23:35:57 metrics_store.py:131] update_metrics:request_id=481
DEBUG 08-14 23:35:57 shared.py:180] Removed task for request 481 on https://u722127-8cb5-f6dc13db.nmb1.seetacloud.com:8443
DEBUG 08-14 23:35:57 replica.py:171] complete_request_decode:num_saved_toekens=1024
DEBUG 08-14 23:35:57 open_ai.py:452] good request:127.0.0.1:8001:good,request._id=197,input=56,output=1025
DEBUG 08-14 23:35:57 metrics_store.py:131] update_metrics:request_id=197
DEBUG 08-14 23:35:57 shared.py:180] Removed task for request 197 on 127.0.0.1:8001
DEBUG 08-14 23:35:58 replica.py:171] complete_request_decode:num_saved_toekens=1024
DEBUG 08-14 23:35:58 open_ai.py:452] good request:127.0.0.1:8001:good,request._id=409,input=53,output=1025
DEBUG 08-14 23:35:58 metrics_store.py:131] update_metrics:request_id=409
DEBUG 08-14 23:35:58 shared.py:180] Removed task for request 409 on 127.0.0.1:8001
DEBUG 08-14 23:35:58 replica.py:171] complete_request_decode:num_saved_toekens=736
DEBUG 08-14 23:35:58 open_ai.py:452] good request:https://u722127-8cb5-f6dc13db.nmb1.seetacloud.com:8443:good,request._id=317,input=19,output=734
DEBUG 08-14 23:35:58 metrics_store.py:131] update_metrics:request_id=317
DEBUG 08-14 23:35:58 shared.py:180] Removed task for request 317 on https://u722127-8cb5-f6dc13db.nmb1.seetacloud.com:8443
DEBUG 08-14 23:35:59 replica.py:171] complete_request_decode:num_saved_toekens=976
DEBUG 08-14 23:35:59 open_ai.py:452] good request:127.0.0.1:8000:good,request._id=363,input=676,output=981
DEBUG 08-14 23:35:59 metrics_store.py:131] update_metrics:request_id=363
DEBUG 08-14 23:35:59 shared.py:180] Removed task for request 363 on 127.0.0.1:8000
DEBUG 08-14 23:35:59 replica.py:171] complete_request_decode:num_saved_toekens=976
DEBUG 08-14 23:35:59 open_ai.py:452] good request:127.0.0.1:8000:good,request._id=388,input=18,output=978
DEBUG 08-14 23:35:59 metrics_store.py:131] update_metrics:request_id=388
DEBUG 08-14 23:35:59 shared.py:180] Removed task for request 388 on 127.0.0.1:8000
DEBUG 08-14 23:35:59 replica.py:171] complete_request_decode:num_saved_toekens=1024
DEBUG 08-14 23:35:59 open_ai.py:452] good request:127.0.0.1:8000:good,request._id=203,input=509,output=1025
DEBUG 08-14 23:35:59 metrics_store.py:131] update_metrics:request_id=203
DEBUG 08-14 23:35:59 shared.py:180] Removed task for request 203 on 127.0.0.1:8000
DEBUG 08-14 23:35:59 replica.py:171] complete_request_decode:num_saved_toekens=1024
DEBUG 08-14 23:35:59 open_ai.py:452] good request:127.0.0.1:8000:good,request._id=245,input=10846,output=1024
DEBUG 08-14 23:35:59 metrics_store.py:131] update_metrics:request_id=245
DEBUG 08-14 23:35:59 shared.py:180] Removed task for request 245 on 127.0.0.1:8000
DEBUG 08-14 23:35:59 replica.py:171] complete_request_decode:num_saved_toekens=1024
DEBUG 08-14 23:35:59 replica.py:171] complete_request_decode:num_saved_toekens=1024
DEBUG 08-14 23:35:59 replica.py:171] complete_request_decode:num_saved_toekens=1024
DEBUG 08-14 23:35:59 open_ai.py:452] good request:127.0.0.1:8000:good,request._id=306,input=5768,output=1025
DEBUG 08-14 23:35:59 metrics_store.py:131] update_metrics:request_id=306
DEBUG 08-14 23:35:59 open_ai.py:452] good request:127.0.0.1:8000:good,request._id=338,input=27,output=1025
DEBUG 08-14 23:35:59 metrics_store.py:131] update_metrics:request_id=338
DEBUG 08-14 23:35:59 open_ai.py:452] good request:127.0.0.1:8000:good,request._id=323,input=33,output=1025
DEBUG 08-14 23:35:59 metrics_store.py:131] update_metrics:request_id=323
DEBUG 08-14 23:35:59 shared.py:180] Removed task for request 306 on 127.0.0.1:8000
DEBUG 08-14 23:35:59 shared.py:180] Removed task for request 338 on 127.0.0.1:8000
DEBUG 08-14 23:35:59 shared.py:180] Removed task for request 323 on 127.0.0.1:8000
DEBUG 08-14 23:36:00 replica.py:171] complete_request_decode:num_saved_toekens=800
DEBUG 08-14 23:36:00 open_ai.py:452] good request:https://u722127-8cb5-f6dc13db.nmb1.seetacloud.com:8443:good,request._id=282,input=182,output=804
DEBUG 08-14 23:36:00 metrics_store.py:131] update_metrics:request_id=282
DEBUG 08-14 23:36:00 shared.py:180] Removed task for request 282 on https://u722127-8cb5-f6dc13db.nmb1.seetacloud.com:8443
DEBUG 08-14 23:36:00 replica.py:171] complete_request_decode:num_saved_toekens=800
DEBUG 08-14 23:36:00 open_ai.py:452] good request:https://u722127-8cb5-f6dc13db.nmb1.seetacloud.com:8443:good,request._id=329,input=36,output=799
DEBUG 08-14 23:36:00 metrics_store.py:131] update_metrics:request_id=329
DEBUG 08-14 23:36:00 shared.py:180] Removed task for request 329 on https://u722127-8cb5-f6dc13db.nmb1.seetacloud.com:8443
DEBUG 08-14 23:36:03 replica.py:171] complete_request_decode:num_saved_toekens=848
DEBUG 08-14 23:36:03 open_ai.py:452] good request:https://u722127-8cb5-f6dc13db.nmb1.seetacloud.com:8443:good,request._id=491,input=817,output=860
DEBUG 08-14 23:36:03 metrics_store.py:131] update_metrics:request_id=491
DEBUG 08-14 23:36:03 shared.py:180] Removed task for request 491 on https://u722127-8cb5-f6dc13db.nmb1.seetacloud.com:8443
DEBUG 08-14 23:36:05 replica.py:171] complete_request_decode:num_saved_toekens=1024
DEBUG 08-14 23:36:05 open_ai.py:452] good request:https://u722127-8cb5-f6dc13db.nmb1.seetacloud.com:8443:good,request._id=195,input=43,output=1025
DEBUG 08-14 23:36:05 metrics_store.py:131] update_metrics:request_id=195
DEBUG 08-14 23:36:05 shared.py:180] Removed task for request 195 on https://u722127-8cb5-f6dc13db.nmb1.seetacloud.com:8443
DEBUG 08-14 23:36:05 replica.py:171] complete_request_decode:num_saved_toekens=992
DEBUG 08-14 23:36:05 open_ai.py:452] good request:https://u722127-8cb5-f6dc13db.nmb1.seetacloud.com:8443:good,request._id=400,input=11,output=988
DEBUG 08-14 23:36:05 metrics_store.py:131] update_metrics:request_id=400
DEBUG 08-14 23:36:05 shared.py:180] Removed task for request 400 on https://u722127-8cb5-f6dc13db.nmb1.seetacloud.com:8443
DEBUG 08-14 23:36:06 replica.py:171] complete_request_decode:num_saved_toekens=1024
DEBUG 08-14 23:36:06 open_ai.py:452] good request:https://u722127-8cb5-f6dc13db.nmb1.seetacloud.com:8443:good,request._id=314,input=167,output=1025
DEBUG 08-14 23:36:06 metrics_store.py:131] update_metrics:request_id=314
DEBUG 08-14 23:36:06 shared.py:180] Removed task for request 314 on https://u722127-8cb5-f6dc13db.nmb1.seetacloud.com:8443
DEBUG 08-14 23:36:06 replica.py:171] complete_request_decode:num_saved_toekens=1024
DEBUG 08-14 23:36:06 open_ai.py:452] good request:https://u722127-8cb5-f6dc13db.nmb1.seetacloud.com:8443:good,request._id=407,input=213,output=1025
DEBUG 08-14 23:36:06 metrics_store.py:131] update_metrics:request_id=407
DEBUG 08-14 23:36:06 shared.py:180] Removed task for request 407 on https://u722127-8cb5-f6dc13db.nmb1.seetacloud.com:8443
INFO 08-14 23:36:08 run_cluster.py:404] Validation passed: rows=500 successes=500 unique=500
