INFO 08-14 23:21:33 launcher.py:102] init_router: ravel_unified
INFO 08-14 23:21:33 request_generator.py:339] Generating 500 JITServe requests with SLO profile=paper_e2e, ratio=(3.0, 5.0, 2.0), native_mean_gap=0.4013s, time_scale=1.0000, arrival_speedup=1.0000
INFO 08-14 23:21:34 shared.py:299] Adding task for request 0 to replica 2,session_id=0
DEBUG 08-14 23:21:34 replica.py:226] add_request - replica_id=[2], request=0,self.replica_slo_budget-sum_pending_tokens==current_budget:True,1048576-18==1048558
INFO 08-14 23:21:34 open_ai.py:115] async_send_request:request._id=0,session=0,https://u722127-b80a-4e3f9d5d.cqa1.seetacloud.com:8443
DEBUG 08-14 23:21:34 open_ai.py:335] async_send_request: request finish prefill, 0
INFO 08-14 23:21:34 open_ai.py:352] async_send_request: prefill completed: req=0,replica_id=2
DEBUG 08-14 23:21:34 replica.py:146] complete_request_prefill: replica_id=[2], request=0, current_budget=18,last_prefill_completed_at=30614902.57751683,last_ttft=0.2111
DEBUG 08-14 23:21:34 replica.py:153] complete_request_prefill - replica_id=[2], request=0,self.replica_slo_budget-sum_pending_tokens==current_budget:True,1048576-0==1048576
INFO 08-14 23:21:34 shared.py:299] Adding task for request 1 to replica 3,session_id=1
DEBUG 08-14 23:21:34 replica.py:226] add_request - replica_id=[3], request=1,self.replica_slo_budget-sum_pending_tokens==current_budget:True,1048576-203==1048373
INFO 08-14 23:21:34 open_ai.py:115] async_send_request:request._id=1,session=1,https://uu722127-b80a-4e3f9d5d.cqa1.seetacloud.com:8443
DEBUG 08-14 23:21:34 replica.py:171] complete_request_decode:num_saved_toekens=16
DEBUG 08-14 23:21:34 open_ai.py:452] good request:https://u722127-b80a-4e3f9d5d.cqa1.seetacloud.com:8443:good,request._id=0,input=18,output=17
DEBUG 08-14 23:21:34 metrics_store.py:131] update_metrics:request_id=0
DEBUG 08-14 23:21:34 shared.py:180] Removed task for request 0 on https://u722127-b80a-4e3f9d5d.cqa1.seetacloud.com:8443
DEBUG 08-14 23:21:34 open_ai.py:335] async_send_request: request finish prefill, 1
INFO 08-14 23:21:34 open_ai.py:352] async_send_request: prefill completed: req=1,replica_id=3
DEBUG 08-14 23:21:34 replica.py:146] complete_request_prefill: replica_id=[3], request=1, current_budget=203,last_prefill_completed_at=30614903.010692406,last_ttft=0.2072
DEBUG 08-14 23:21:34 replica.py:153] complete_request_prefill - replica_id=[3], request=1,self.replica_slo_budget-sum_pending_tokens==current_budget:True,1048576-0==1048576
INFO 08-14 23:21:35 shared.py:299] Adding task for request 2 to replica 3,session_id=2
DEBUG 08-14 23:21:35 replica.py:226] add_request - replica_id=[3], request=2,self.replica_slo_budget-sum_pending_tokens==current_budget:True,1048576-60==1048516
INFO 08-14 23:21:35 open_ai.py:115] async_send_request:request._id=2,session=2,https://uu722127-b80a-4e3f9d5d.cqa1.seetacloud.com:8443
DEBUG 08-14 23:21:35 replica.py:171] complete_request_decode:num_saved_toekens=32
DEBUG 08-14 23:21:35 open_ai.py:452] good request:https://uu722127-b80a-4e3f9d5d.cqa1.seetacloud.com:8443:good,request._id=1,input=203,output=22
DEBUG 08-14 23:21:35 metrics_store.py:131] update_metrics:request_id=1
DEBUG 08-14 23:21:35 shared.py:180] Removed task for request 1 on https://uu722127-b80a-4e3f9d5d.cqa1.seetacloud.com:8443
DEBUG 08-14 23:21:35 open_ai.py:335] async_send_request: request finish prefill, 2
INFO 08-14 23:21:35 open_ai.py:352] async_send_request: prefill completed: req=2,replica_id=3
DEBUG 08-14 23:21:35 replica.py:146] complete_request_prefill: replica_id=[3], request=2, current_budget=60,last_prefill_completed_at=30614903.340120494,last_ttft=0.1578
DEBUG 08-14 23:21:35 replica.py:153] complete_request_prefill - replica_id=[3], request=2,self.replica_slo_budget-sum_pending_tokens==current_budget:True,1048576-0==1048576
DEBUG 08-14 23:21:35 replica.py:171] complete_request_decode:num_saved_toekens=32
DEBUG 08-14 23:21:35 open_ai.py:452] good request:https://uu722127-b80a-4e3f9d5d.cqa1.seetacloud.com:8443:good,request._id=2,input=60,output=24
DEBUG 08-14 23:21:35 metrics_store.py:131] update_metrics:request_id=2
DEBUG 08-14 23:21:35 shared.py:180] Removed task for request 2 on https://uu722127-b80a-4e3f9d5d.cqa1.seetacloud.com:8443
INFO 08-14 23:21:35 shared.py:299] Adding task for request 3 to replica 0,session_id=3
DEBUG 08-14 23:21:35 replica.py:226] add_request - replica_id=[0], request=3,self.replica_slo_budget-sum_pending_tokens==current_budget:True,1048576-31==1048545
INFO 08-14 23:21:35 open_ai.py:115] async_send_request:request._id=3,session=3,127.0.0.1:8000
DEBUG 08-14 23:21:35 open_ai.py:335] async_send_request: request finish prefill, 3
INFO 08-14 23:21:35 open_ai.py:352] async_send_request: prefill completed: req=3,replica_id=0
DEBUG 08-14 23:21:35 replica.py:146] complete_request_prefill: replica_id=[0], request=3, current_budget=31,last_prefill_completed_at=30614903.680340424,last_ttft=0.0531
DEBUG 08-14 23:21:35 replica.py:153] complete_request_prefill - replica_id=[0], request=3,self.replica_slo_budget-sum_pending_tokens==current_budget:True,1048576-0==1048576
INFO 08-14 23:21:35 shared.py:299] Adding task for request 4 to replica 1,session_id=4
DEBUG 08-14 23:21:35 replica.py:226] add_request - replica_id=[1], request=4,self.replica_slo_budget-sum_pending_tokens==current_budget:True,1048576-18==1048558
INFO 08-14 23:21:35 open_ai.py:115] async_send_request:request._id=4,session=4,127.0.0.1:8001
DEBUG 08-14 23:21:35 open_ai.py:335] async_send_request: request finish prefill, 4
INFO 08-14 23:21:35 open_ai.py:352] async_send_request: prefill completed: req=4,replica_id=1
DEBUG 08-14 23:21:35 replica.py:146] complete_request_prefill: replica_id=[1], request=4, current_budget=18,last_prefill_completed_at=30614904.06492679,last_ttft=0.0566
DEBUG 08-14 23:21:35 replica.py:153] complete_request_prefill - replica_id=[1], request=4,self.replica_slo_budget-sum_pending_tokens==current_budget:True,1048576-0==1048576
DEBUG 08-14 23:21:35 replica.py:171] complete_request_decode:num_saved_toekens=32
DEBUG 08-14 23:21:35 open_ai.py:452] good request:127.0.0.1:8000:good,request._id=3,input=31,output=24
DEBUG 08-14 23:21:35 metrics_store.py:131] update_metrics:request_id=3
DEBUG 08-14 23:21:35 shared.py:180] Removed task for request 3 on 127.0.0.1:8000
INFO 08-14 23:21:36 shared.py:299] Adding task for request 5 to replica 3,session_id=5
DEBUG 08-14 23:21:36 replica.py:226] add_request - replica_id=[3], request=5,self.replica_slo_budget-sum_pending_tokens==current_budget:True,1048576-36==1048540
INFO 08-14 23:21:36 open_ai.py:115] async_send_request:request._id=5,session=5,https://uu722127-b80a-4e3f9d5d.cqa1.seetacloud.com:8443
DEBUG 08-14 23:21:36 replica.py:171] complete_request_decode:num_saved_toekens=16
DEBUG 08-14 23:21:36 open_ai.py:452] good request:127.0.0.1:8001:good,request._id=4,input=18,output=22
DEBUG 08-14 23:21:36 metrics_store.py:131] update_metrics:request_id=4
DEBUG 08-14 23:21:36 shared.py:180] Removed task for request 4 on 127.0.0.1:8001
DEBUG 08-14 23:21:36 open_ai.py:335] async_send_request: request finish prefill, 5
INFO 08-14 23:21:36 open_ai.py:352] async_send_request: prefill completed: req=5,replica_id=3
DEBUG 08-14 23:21:36 replica.py:146] complete_request_prefill: replica_id=[3], request=5, current_budget=36,last_prefill_completed_at=30614904.499709297,last_ttft=0.0844
DEBUG 08-14 23:21:36 replica.py:153] complete_request_prefill - replica_id=[3], request=5,self.replica_slo_budget-sum_pending_tokens==current_budget:True,1048576-0==1048576
DEBUG 08-14 23:21:36 replica.py:171] complete_request_decode:num_saved_toekens=16
DEBUG 08-14 23:21:36 open_ai.py:452] good request:https://uu722127-b80a-4e3f9d5d.cqa1.seetacloud.com:8443:good,request._id=5,input=36,output=18
DEBUG 08-14 23:21:36 metrics_store.py:131] update_metrics:request_id=5
DEBUG 08-14 23:21:36 shared.py:180] Removed task for request 5 on https://uu722127-b80a-4e3f9d5d.cqa1.seetacloud.com:8443
INFO 08-14 23:21:36 shared.py:299] Adding task for request 6 to replica 2,session_id=6
DEBUG 08-14 23:21:36 replica.py:226] add_request - replica_id=[2], request=6,self.replica_slo_budget-sum_pending_tokens==current_budget:True,1048576-14==1048562
INFO 08-14 23:21:36 open_ai.py:115] async_send_request:request._id=6,session=6,https://u722127-b80a-4e3f9d5d.cqa1.seetacloud.com:8443
DEBUG 08-14 23:21:36 open_ai.py:335] async_send_request: request finish prefill, 6
INFO 08-14 23:21:36 open_ai.py:352] async_send_request: prefill completed: req=6,replica_id=2
DEBUG 08-14 23:21:36 replica.py:146] complete_request_prefill: replica_id=[2], request=6, current_budget=14,last_prefill_completed_at=30614904.909455094,last_ttft=0.0882
DEBUG 08-14 23:21:36 replica.py:153] complete_request_prefill - replica_id=[2], request=6,self.replica_slo_budget-sum_pending_tokens==current_budget:True,1048576-0==1048576
INFO 08-14 23:21:37 shared.py:299] Adding task for request 7 to replica 3,session_id=7
DEBUG 08-14 23:21:37 replica.py:226] add_request - replica_id=[3], request=7,self.replica_slo_budget-sum_pending_tokens==current_budget:True,1048576-43==1048533
INFO 08-14 23:21:37 open_ai.py:115] async_send_request:request._id=7,session=7,https://uu722127-b80a-4e3f9d5d.cqa1.seetacloud.com:8443
DEBUG 08-14 23:21:37 open_ai.py:335] async_send_request: request finish prefill, 7
INFO 08-14 23:21:37 open_ai.py:352] async_send_request: prefill completed: req=7,replica_id=3
DEBUG 08-14 23:21:37 replica.py:146] complete_request_prefill: replica_id=[3], request=7, current_budget=43,last_prefill_completed_at=30614905.26880957,last_ttft=0.0865
DEBUG 08-14 23:21:37 replica.py:153] complete_request_prefill - replica_id=[3], request=7,self.replica_slo_budget-sum_pending_tokens==current_budget:True,1048576-0==1048576
DEBUG 08-14 23:21:37 replica.py:171] complete_request_decode:num_saved_toekens=48
DEBUG 08-14 23:21:37 open_ai.py:452] good request:https://u722127-b80a-4e3f9d5d.cqa1.seetacloud.com:8443:good,request._id=6,input=14,output=41
DEBUG 08-14 23:21:37 metrics_store.py:131] update_metrics:request_id=6
DEBUG 08-14 23:21:37 shared.py:180] Removed task for request 6 on https://u722127-b80a-4e3f9d5d.cqa1.seetacloud.com:8443
INFO 08-14 23:21:37 shared.py:299] Adding task for request 8 to replica 0,session_id=8
DEBUG 08-14 23:21:37 replica.py:226] add_request - replica_id=[0], request=8,self.replica_slo_budget-sum_pending_tokens==current_budget:True,1048576-550==1048026
INFO 08-14 23:21:37 open_ai.py:115] async_send_request:request._id=8,session=8,127.0.0.1:8000
DEBUG 08-14 23:21:37 open_ai.py:335] async_send_request: request finish prefill, 8
INFO 08-14 23:21:37 open_ai.py:352] async_send_request: prefill completed: req=8,replica_id=0
DEBUG 08-14 23:21:37 replica.py:146] complete_request_prefill: replica_id=[0], request=8, current_budget=550,last_prefill_completed_at=30614905.62477703,last_ttft=0.0453
DEBUG 08-14 23:21:37 replica.py:153] complete_request_prefill - replica_id=[0], request=8,self.replica_slo_budget-sum_pending_tokens==current_budget:True,1048576-0==1048576
DEBUG 08-14 23:21:37 replica.py:171] complete_request_decode:num_saved_toekens=0
DEBUG 08-14 23:21:37 open_ai.py:452] good request:127.0.0.1:8000:good,request._id=8,input=550,output=8
DEBUG 08-14 23:21:37 metrics_store.py:131] update_metrics:request_id=8
DEBUG 08-14 23:21:37 shared.py:180] Removed task for request 8 on 127.0.0.1:8000
INFO 08-14 23:21:37 shared.py:299] Adding task for request 9 to replica 2,session_id=9
DEBUG 08-14 23:21:37 replica.py:226] add_request - replica_id=[2], request=9,self.replica_slo_budget-sum_pending_tokens==current_budget:True,1048576-18==1048558
INFO 08-14 23:21:37 open_ai.py:115] async_send_request:request._id=9,session=9,https://u722127-b80a-4e3f9d5d.cqa1.seetacloud.com:8443
DEBUG 08-14 23:21:37 open_ai.py:335] async_send_request: request finish prefill, 9
INFO 08-14 23:21:37 open_ai.py:352] async_send_request: prefill completed: req=9,replica_id=2
DEBUG 08-14 23:21:37 replica.py:146] complete_request_prefill: replica_id=[2], request=9, current_budget=18,last_prefill_completed_at=30614906.079794407,last_ttft=0.0896
DEBUG 08-14 23:21:37 replica.py:153] complete_request_prefill - replica_id=[2], request=9,self.replica_slo_budget-sum_pending_tokens==current_budget:True,1048576-0==1048576
DEBUG 08-14 23:21:38 replica.py:171] complete_request_decode:num_saved_toekens=0
DEBUG 08-14 23:21:38 open_ai.py:452] good request:https://u722127-b80a-4e3f9d5d.cqa1.seetacloud.com:8443:good,request._id=9,input=18,output=2
DEBUG 08-14 23:21:38 metrics_store.py:131] update_metrics:request_id=9
DEBUG 08-14 23:21:38 shared.py:180] Removed task for request 9 on https://u722127-b80a-4e3f9d5d.cqa1.seetacloud.com:8443
INFO 08-14 23:21:38 shared.py:299] Adding task for request 10 to replica 2,session_id=10
DEBUG 08-14 23:21:38 replica.py:226] add_request - replica_id=[2], request=10,self.replica_slo_budget-sum_pending_tokens==current_budget:True,1048576-170==1048406
INFO 08-14 23:21:38 open_ai.py:115] async_send_request:request._id=10,session=10,https://u722127-b80a-4e3f9d5d.cqa1.seetacloud.com:8443
DEBUG 08-14 23:21:38 open_ai.py:335] async_send_request: request finish prefill, 10
INFO 08-14 23:21:38 open_ai.py:352] async_send_request: prefill completed: req=10,replica_id=2
DEBUG 08-14 23:21:38 replica.py:146] complete_request_prefill: replica_id=[2], request=10, current_budget=170,last_prefill_completed_at=30614906.495502654,last_ttft=0.0942
DEBUG 08-14 23:21:38 replica.py:153] complete_request_prefill - replica_id=[2], request=10,self.replica_slo_budget-sum_pending_tokens==current_budget:True,1048576-0==1048576
DEBUG 08-14 23:21:38 replica.py:171] complete_request_decode:num_saved_toekens=16
DEBUG 08-14 23:21:38 open_ai.py:452] good request:https://u722127-b80a-4e3f9d5d.cqa1.seetacloud.com:8443:good,request._id=10,input=170,output=6
DEBUG 08-14 23:21:38 metrics_store.py:131] update_metrics:request_id=10
DEBUG 08-14 23:21:38 shared.py:180] Removed task for request 10 on https://u722127-b80a-4e3f9d5d.cqa1.seetacloud.com:8443
INFO 08-14 23:21:38 shared.py:299] Adding task for request 11 to replica 2,session_id=11
DEBUG 08-14 23:21:38 replica.py:226] add_request - replica_id=[2], request=11,self.replica_slo_budget-sum_pending_tokens==current_budget:True,1048576-51==1048525
INFO 08-14 23:21:38 open_ai.py:115] async_send_request:request._id=11,session=11,https://u722127-b80a-4e3f9d5d.cqa1.seetacloud.com:8443
DEBUG 08-14 23:21:38 open_ai.py:335] async_send_request: request finish prefill, 11
INFO 08-14 23:21:38 open_ai.py:352] async_send_request: prefill completed: req=11,replica_id=2
DEBUG 08-14 23:21:38 replica.py:146] complete_request_prefill: replica_id=[2], request=11, current_budget=51,last_prefill_completed_at=30614906.90600665,last_ttft=0.0877
DEBUG 08-14 23:21:38 replica.py:153] complete_request_prefill - replica_id=[2], request=11,self.replica_slo_budget-sum_pending_tokens==current_budget:True,1048576-0==1048576
INFO 08-14 23:21:39 shared.py:299] Adding task for request 12 to replica 3,session_id=12
DEBUG 08-14 23:21:39 replica.py:226] add_request - replica_id=[3], request=12,self.replica_slo_budget-sum_pending_tokens==current_budget:True,1048576-9==1048567
INFO 08-14 23:21:39 open_ai.py:115] async_send_request:request._id=12,session=12,https://uu722127-b80a-4e3f9d5d.cqa1.seetacloud.com:8443
DEBUG 08-14 23:21:39 open_ai.py:335] async_send_request: request finish prefill, 12
INFO 08-14 23:21:39 open_ai.py:352] async_send_request: prefill completed: req=12,replica_id=3
DEBUG 08-14 23:21:39 replica.py:146] complete_request_prefill: replica_id=[3], request=12, current_budget=9,last_prefill_completed_at=30614907.31058412,last_ttft=0.0893
DEBUG 08-14 23:21:39 replica.py:153] complete_request_prefill - replica_id=[3], request=12,self.replica_slo_budget-sum_pending_tokens==current_budget:True,1048576-0==1048576
DEBUG 08-14 23:21:39 replica.py:171] complete_request_decode:num_saved_toekens=16
DEBUG 08-14 23:21:39 open_ai.py:452] good request:https://uu722127-b80a-4e3f9d5d.cqa1.seetacloud.com:8443:good,request._id=12,input=9,output=10
DEBUG 08-14 23:21:39 metrics_store.py:131] update_metrics:request_id=12
DEBUG 08-14 23:21:39 shared.py:180] Removed task for request 12 on https://uu722127-b80a-4e3f9d5d.cqa1.seetacloud.com:8443
DEBUG 08-14 23:21:39 replica.py:171] complete_request_decode:num_saved_toekens=192
DEBUG 08-14 23:21:39 open_ai.py:452] good request:https://uu722127-b80a-4e3f9d5d.cqa1.seetacloud.com:8443:good,request._id=7,input=43,output=194
DEBUG 08-14 23:21:39 metrics_store.py:131] update_metrics:request_id=7
DEBUG 08-14 23:21:39 shared.py:180] Removed task for request 7 on https://uu722127-b80a-4e3f9d5d.cqa1.seetacloud.com:8443
INFO 08-14 23:21:39 shared.py:299] Adding task for request 13 to replica 3,session_id=13
DEBUG 08-14 23:21:39 replica.py:226] add_request - replica_id=[3], request=13,self.replica_slo_budget-sum_pending_tokens==current_budget:True,1048576-354==1048222
INFO 08-14 23:21:39 open_ai.py:115] async_send_request:request._id=13,session=13,https://uu722127-b80a-4e3f9d5d.cqa1.seetacloud.com:8443
DEBUG 08-14 23:21:39 open_ai.py:335] async_send_request: request finish prefill, 13
INFO 08-14 23:21:39 open_ai.py:352] async_send_request: prefill completed: req=13,replica_id=3
DEBUG 08-14 23:21:39 replica.py:146] complete_request_prefill: replica_id=[3], request=13, current_budget=354,last_prefill_completed_at=30614907.72043601,last_ttft=0.091
DEBUG 08-14 23:21:39 replica.py:153] complete_request_prefill - replica_id=[3], request=13,self.replica_slo_budget-sum_pending_tokens==current_budget:True,1048576-0==1048576
INFO 08-14 23:21:39 shared.py:299] Adding task for request 14 to replica 0,session_id=14
DEBUG 08-14 23:21:39 replica.py:226] add_request - replica_id=[0], request=14,self.replica_slo_budget-sum_pending_tokens==current_budget:True,1048576-35==1048541
INFO 08-14 23:21:39 open_ai.py:115] async_send_request:request._id=14,session=14,127.0.0.1:8000
DEBUG 08-14 23:21:39 open_ai.py:335] async_send_request: request finish prefill, 14
INFO 08-14 23:21:39 open_ai.py:352] async_send_request: prefill completed: req=14,replica_id=0
DEBUG 08-14 23:21:39 replica.py:146] complete_request_prefill: replica_id=[0], request=14, current_budget=35,last_prefill_completed_at=30614908.115500316,last_ttft=0.0443
DEBUG 08-14 23:21:39 replica.py:153] complete_request_prefill - replica_id=[0], request=14,self.replica_slo_budget-sum_pending_tokens==current_budget:True,1048576-0==1048576
DEBUG 08-14 23:21:40 replica.py:171] complete_request_decode:num_saved_toekens=16
DEBUG 08-14 23:21:40 open_ai.py:452] good request:127.0.0.1:8000:good,request._id=14,input=35,output=20
DEBUG 08-14 23:21:40 metrics_store.py:131] update_metrics:request_id=14
DEBUG 08-14 23:21:40 shared.py:180] Removed task for request 14 on 127.0.0.1:8000
INFO 08-14 23:21:40 shared.py:299] Adding task for request 15 to replica 4,session_id=15
DEBUG 08-14 23:21:40 replica.py:226] add_request - replica_id=[4], request=15,self.replica_slo_budget-sum_pending_tokens==current_budget:True,1048576-10==1048566
INFO 08-14 23:21:40 open_ai.py:115] async_send_request:request._id=15,session=15,https://u722127-8cb5-f6dc13db.nmb1.seetacloud.com:8443
DEBUG 08-14 23:21:40 open_ai.py:335] async_send_request: request finish prefill, 15
INFO 08-14 23:21:40 open_ai.py:352] async_send_request: prefill completed: req=15,replica_id=4
DEBUG 08-14 23:21:40 replica.py:146] complete_request_prefill: replica_id=[4], request=15, current_budget=10,last_prefill_completed_at=30614908.6314776,last_ttft=0.1672
DEBUG 08-14 23:21:40 replica.py:153] complete_request_prefill - replica_id=[4], request=15,self.replica_slo_budget-sum_pending_tokens==current_budget:True,1048576-0==1048576
DEBUG 08-14 23:21:40 replica.py:171] complete_request_decode:num_saved_toekens=16
DEBUG 08-14 23:21:40 open_ai.py:452] good request:https://u722127-8cb5-f6dc13db.nmb1.seetacloud.com:8443:good,request._id=15,input=10,output=12
DEBUG 08-14 23:21:40 metrics_store.py:131] update_metrics:request_id=15
DEBUG 08-14 23:21:40 shared.py:180] Removed task for request 15 on https://u722127-8cb5-f6dc13db.nmb1.seetacloud.com:8443
INFO 08-14 23:21:40 shared.py:299] Adding task for request 16 to replica 0,session_id=16
DEBUG 08-14 23:21:40 replica.py:226] add_request - replica_id=[0], request=16,self.replica_slo_budget-sum_pending_tokens==current_budget:True,1048576-40==1048536
INFO 08-14 23:21:40 open_ai.py:115] async_send_request:request._id=16,session=16,127.0.0.1:8000
DEBUG 08-14 23:21:40 open_ai.py:335] async_send_request: request finish prefill, 16
INFO 08-14 23:21:40 open_ai.py:352] async_send_request: prefill completed: req=16,replica_id=0
DEBUG 08-14 23:21:40 replica.py:146] complete_request_prefill: replica_id=[0], request=16, current_budget=40,last_prefill_completed_at=30614908.92653568,last_ttft=0.0392
DEBUG 08-14 23:21:40 replica.py:153] complete_request_prefill - replica_id=[0], request=16,self.replica_slo_budget-sum_pending_tokens==current_budget:True,1048576-0==1048576
INFO 08-14 23:21:41 shared.py:299] Adding task for request 17 to replica 2,session_id=17
DEBUG 08-14 23:21:41 replica.py:226] add_request - replica_id=[2], request=17,self.replica_slo_budget-sum_pending_tokens==current_budget:True,1048576-41==1048535
INFO 08-14 23:21:41 open_ai.py:115] async_send_request:request._id=17,session=17,https://u722127-b80a-4e3f9d5d.cqa1.seetacloud.com:8443
DEBUG 08-14 23:21:41 open_ai.py:335] async_send_request: request finish prefill, 17
INFO 08-14 23:21:41 open_ai.py:352] async_send_request: prefill completed: req=17,replica_id=2
DEBUG 08-14 23:21:41 replica.py:146] complete_request_prefill: replica_id=[2], request=17, current_budget=41,last_prefill_completed_at=30614909.4418493,last_ttft=0.1715
DEBUG 08-14 23:21:41 replica.py:153] complete_request_prefill - replica_id=[2], request=17,self.replica_slo_budget-sum_pending_tokens==current_budget:True,1048576-0==1048576
INFO 08-14 23:21:41 shared.py:299] Adding task for request 18 to replica 1,session_id=18
DEBUG 08-14 23:21:41 replica.py:226] add_request - replica_id=[1], request=18,self.replica_slo_budget-sum_pending_tokens==current_budget:True,1048576-39==1048537
INFO 08-14 23:21:41 open_ai.py:115] async_send_request:request._id=18,session=18,127.0.0.1:8001
DEBUG 08-14 23:21:41 open_ai.py:335] async_send_request: request finish prefill, 18
INFO 08-14 23:21:41 open_ai.py:352] async_send_request: prefill completed: req=18,replica_id=1
DEBUG 08-14 23:21:41 replica.py:146] complete_request_prefill: replica_id=[1], request=18, current_budget=39,last_prefill_completed_at=30614909.70745779,last_ttft=0.0442
DEBUG 08-14 23:21:41 replica.py:153] complete_request_prefill - replica_id=[1], request=18,self.replica_slo_budget-sum_pending_tokens==current_budget:True,1048576-0==1048576
DEBUG 08-14 23:21:41 replica.py:171] complete_request_decode:num_saved_toekens=64
DEBUG 08-14 23:21:41 open_ai.py:452] good request:127.0.0.1:8000:good,request._id=16,input=40,output=66
DEBUG 08-14 23:21:41 metrics_store.py:131] update_metrics:request_id=16
DEBUG 08-14 23:21:41 shared.py:180] Removed task for request 16 on 127.0.0.1:8000
INFO 08-14 23:21:41 shared.py:299] Adding task for request 19 to replica 0,session_id=19
DEBUG 08-14 23:21:41 replica.py:226] add_request - replica_id=[0], request=19,self.replica_slo_budget-sum_pending_tokens==current_budget:True,1048576-20==1048556
INFO 08-14 23:21:41 open_ai.py:115] async_send_request:request._id=19,session=19,127.0.0.1:8000
DEBUG 08-14 23:21:41 open_ai.py:335] async_send_request: request finish prefill, 19
INFO 08-14 23:21:41 open_ai.py:352] async_send_request: prefill completed: req=19,replica_id=0
DEBUG 08-14 23:21:41 replica.py:146] complete_request_prefill: replica_id=[0], request=19, current_budget=20,last_prefill_completed_at=30614910.071478255,last_ttft=0.0363
DEBUG 08-14 23:21:41 replica.py:153] complete_request_prefill - replica_id=[0], request=19,self.replica_slo_budget-sum_pending_tokens==current_budget:True,1048576-0==1048576
DEBUG 08-14 23:21:42 replica.py:171] complete_request_decode:num_saved_toekens=32
DEBUG 08-14 23:21:42 open_ai.py:452] good request:127.0.0.1:8001:good,request._id=18,input=39,output=36
DEBUG 08-14 23:21:42 metrics_store.py:131] update_metrics:request_id=18
DEBUG 08-14 23:21:42 shared.py:180] Removed task for request 18 on 127.0.0.1:8001
INFO 08-14 23:21:42 shared.py:299] Adding task for request 20 to replica 1,session_id=20
DEBUG 08-14 23:21:42 replica.py:226] add_request - replica_id=[1], request=20,self.replica_slo_budget-sum_pending_tokens==current_budget:True,1048576-485==1048091
INFO 08-14 23:21:42 open_ai.py:115] async_send_request:request._id=20,session=20,127.0.0.1:8001
DEBUG 08-14 23:21:42 open_ai.py:335] async_send_request: request finish prefill, 20
INFO 08-14 23:21:42 open_ai.py:352] async_send_request: prefill completed: req=20,replica_id=1
DEBUG 08-14 23:21:42 replica.py:146] complete_request_prefill: replica_id=[1], request=20, current_budget=485,last_prefill_completed_at=30614910.4844229,last_ttft=0.0469
DEBUG 08-14 23:21:42 replica.py:153] complete_request_prefill - replica_id=[1], request=20,self.replica_slo_budget-sum_pending_tokens==current_budget:True,1048576-0==1048576
DEBUG 08-14 23:21:42 replica.py:171] complete_request_decode:num_saved_toekens=32
DEBUG 08-14 23:21:42 open_ai.py:452] good request:127.0.0.1:8000:good,request._id=19,input=20,output=32
DEBUG 08-14 23:21:42 metrics_store.py:131] update_metrics:request_id=19
DEBUG 08-14 23:21:42 shared.py:180] Removed task for request 19 on 127.0.0.1:8000
INFO 08-14 23:21:42 shared.py:299] Adding task for request 21 to replica 0,session_id=21
DEBUG 08-14 23:21:42 replica.py:226] add_request - replica_id=[0], request=21,self.replica_slo_budget-sum_pending_tokens==current_budget:True,1048576-35==1048541
INFO 08-14 23:21:42 open_ai.py:115] async_send_request:request._id=21,session=21,127.0.0.1:8000
DEBUG 08-14 23:21:42 open_ai.py:335] async_send_request: request finish prefill, 21
INFO 08-14 23:21:42 open_ai.py:352] async_send_request: prefill completed: req=21,replica_id=0
DEBUG 08-14 23:21:42 replica.py:146] complete_request_prefill: replica_id=[0], request=21, current_budget=35,last_prefill_completed_at=30614910.853094354,last_ttft=0.0388
DEBUG 08-14 23:21:42 replica.py:153] complete_request_prefill - replica_id=[0], request=21,self.replica_slo_budget-sum_pending_tokens==current_budget:True,1048576-0==1048576
INFO 08-14 23:21:43 shared.py:299] Adding task for request 22 to replica 3,session_id=22
DEBUG 08-14 23:21:43 replica.py:226] add_request - replica_id=[3], request=22,self.replica_slo_budget-sum_pending_tokens==current_budget:True,1048576-183==1048393
INFO 08-14 23:21:43 open_ai.py:115] async_send_request:request._id=22,session=22,https://uu722127-b80a-4e3f9d5d.cqa1.seetacloud.com:8443
DEBUG 08-14 23:21:43 open_ai.py:335] async_send_request: request finish prefill, 22
INFO 08-14 23:21:43 open_ai.py:352] async_send_request: prefill completed: req=22,replica_id=3
DEBUG 08-14 23:21:43 replica.py:146] complete_request_prefill: replica_id=[3], request=22, current_budget=183,last_prefill_completed_at=30614911.32066837,last_ttft=0.1083
DEBUG 08-14 23:21:43 replica.py:153] complete_request_prefill - replica_id=[3], request=22,self.replica_slo_budget-sum_pending_tokens==current_budget:True,1048576-0==1048576
DEBUG 08-14 23:21:43 replica.py:171] complete_request_decode:num_saved_toekens=16
DEBUG 08-14 23:21:43 open_ai.py:452] good request:https://uu722127-b80a-4e3f9d5d.cqa1.seetacloud.com:8443:good,request._id=22,input=183,output=9
DEBUG 08-14 23:21:43 metrics_store.py:131] update_metrics:request_id=22
DEBUG 08-14 23:21:43 shared.py:180] Removed task for request 22 on https://uu722127-b80a-4e3f9d5d.cqa1.seetacloud.com:8443
INFO 08-14 23:21:43 shared.py:299] Adding task for request 23 to replica 3,session_id=23
DEBUG 08-14 23:21:43 replica.py:226] add_request - replica_id=[3], request=23,self.replica_slo_budget-sum_pending_tokens==current_budget:True,1048576-35==1048541
INFO 08-14 23:21:43 open_ai.py:115] async_send_request:request._id=23,session=23,https://uu722127-b80a-4e3f9d5d.cqa1.seetacloud.com:8443
DEBUG 08-14 23:21:43 open_ai.py:335] async_send_request: request finish prefill, 23
INFO 08-14 23:21:43 open_ai.py:352] async_send_request: prefill completed: req=23,replica_id=3
DEBUG 08-14 23:21:43 replica.py:146] complete_request_prefill: replica_id=[3], request=23, current_budget=35,last_prefill_completed_at=30614911.724143896,last_ttft=0.0898
DEBUG 08-14 23:21:43 replica.py:153] complete_request_prefill - replica_id=[3], request=23,self.replica_slo_budget-sum_pending_tokens==current_budget:True,1048576-0==1048576
DEBUG 08-14 23:21:43 replica.py:171] complete_request_decode:num_saved_toekens=16
DEBUG 08-14 23:21:43 open_ai.py:452] good request:https://uu722127-b80a-4e3f9d5d.cqa1.seetacloud.com:8443:good,request._id=23,input=35,output=18
DEBUG 08-14 23:21:43 metrics_store.py:131] update_metrics:request_id=23
DEBUG 08-14 23:21:43 shared.py:180] Removed task for request 23 on https://uu722127-b80a-4e3f9d5d.cqa1.seetacloud.com:8443
INFO 08-14 23:21:43 shared.py:299] Adding task for request 24 to replica 2,session_id=24
DEBUG 08-14 23:21:43 replica.py:226] add_request - replica_id=[2], request=24,self.replica_slo_budget-sum_pending_tokens==current_budget:True,1048576-93==1048483
INFO 08-14 23:21:43 open_ai.py:115] async_send_request:request._id=24,session=24,https://u722127-b80a-4e3f9d5d.cqa1.seetacloud.com:8443
DEBUG 08-14 23:21:44 open_ai.py:335] async_send_request: request finish prefill, 24
INFO 08-14 23:21:44 open_ai.py:352] async_send_request: prefill completed: req=24,replica_id=2
DEBUG 08-14 23:21:44 replica.py:146] complete_request_prefill: replica_id=[2], request=24, current_budget=93,last_prefill_completed_at=30614912.214289643,last_ttft=0.1699
DEBUG 08-14 23:21:44 replica.py:153] complete_request_prefill - replica_id=[2], request=24,self.replica_slo_budget-sum_pending_tokens==current_budget:True,1048576-0==1048576
DEBUG 08-14 23:21:44 replica.py:171] complete_request_decode:num_saved_toekens=16
DEBUG 08-14 23:21:44 open_ai.py:452] good request:https://u722127-b80a-4e3f9d5d.cqa1.seetacloud.com:8443:good,request._id=24,input=93,output=18
DEBUG 08-14 23:21:44 metrics_store.py:131] update_metrics:request_id=24
DEBUG 08-14 23:21:44 shared.py:180] Removed task for request 24 on https://u722127-b80a-4e3f9d5d.cqa1.seetacloud.com:8443
INFO 08-14 23:21:44 shared.py:299] Adding task for request 25 to replica 3,session_id=25
DEBUG 08-14 23:21:44 replica.py:226] add_request - replica_id=[3], request=25,self.replica_slo_budget-sum_pending_tokens==current_budget:True,1048576-10==1048566
INFO 08-14 23:21:44 open_ai.py:115] async_send_request:request._id=25,session=25,https://uu722127-b80a-4e3f9d5d.cqa1.seetacloud.com:8443
DEBUG 08-14 23:21:44 open_ai.py:335] async_send_request: request finish prefill, 25
INFO 08-14 23:21:44 open_ai.py:352] async_send_request: prefill completed: req=25,replica_id=3
DEBUG 08-14 23:21:44 replica.py:146] complete_request_prefill: replica_id=[3], request=25, current_budget=10,last_prefill_completed_at=30614912.550825953,last_ttft=0.0802
DEBUG 08-14 23:21:44 replica.py:153] complete_request_prefill - replica_id=[3], request=25,self.replica_slo_budget-sum_pending_tokens==current_budget:True,1048576-0==1048576
DEBUG 08-14 23:21:44 replica.py:171] complete_request_decode:num_saved_toekens=112
DEBUG 08-14 23:21:44 open_ai.py:452] good request:127.0.0.1:8000:good,request._id=21,input=35,output=117
DEBUG 08-14 23:21:44 metrics_store.py:131] update_metrics:request_id=21
DEBUG 08-14 23:21:44 shared.py:180] Removed task for request 21 on 127.0.0.1:8000
DEBUG 08-14 23:21:44 replica.py:171] complete_request_decode:num_saved_toekens=288
DEBUG 08-14 23:21:44 open_ai.py:452] good request:https://u722127-b80a-4e3f9d5d.cqa1.seetacloud.com:8443:good,request._id=17,input=41,output=286
DEBUG 08-14 23:21:44 metrics_store.py:131] update_metrics:request_id=17
DEBUG 08-14 23:21:44 shared.py:180] Removed task for request 17 on https://u722127-b80a-4e3f9d5d.cqa1.seetacloud.com:8443
INFO 08-14 23:21:44 shared.py:299] Adding task for request 26 to replica 0,session_id=26
DEBUG 08-14 23:21:44 replica.py:226] add_request - replica_id=[0], request=26,self.replica_slo_budget-sum_pending_tokens==current_budget:True,1048576-44==1048532
INFO 08-14 23:21:44 open_ai.py:115] async_send_request:request._id=26,session=26,127.0.0.1:8000
DEBUG 08-14 23:21:44 replica.py:171] complete_request_decode:num_saved_toekens=32
DEBUG 08-14 23:21:44 open_ai.py:452] good request:https://uu722127-b80a-4e3f9d5d.cqa1.seetacloud.com:8443:good,request._id=25,input=10,output=31
DEBUG 08-14 23:21:44 metrics_store.py:131] update_metrics:request_id=25
DEBUG 08-14 23:21:44 shared.py:180] Removed task for request 25 on https://uu722127-b80a-4e3f9d5d.cqa1.seetacloud.com:8443
DEBUG 08-14 23:21:44 open_ai.py:335] async_send_request: request finish prefill, 26
INFO 08-14 23:21:44 open_ai.py:352] async_send_request: prefill completed: req=26,replica_id=0
DEBUG 08-14 23:21:44 replica.py:146] complete_request_prefill: replica_id=[0], request=26, current_budget=44,last_prefill_completed_at=30614912.916279744,last_ttft=0.0463
DEBUG 08-14 23:21:44 replica.py:153] complete_request_prefill - replica_id=[0], request=26,self.replica_slo_budget-sum_pending_tokens==current_budget:True,1048576-0==1048576
DEBUG 08-14 23:21:44 replica.py:171] complete_request_decode:num_saved_toekens=352
DEBUG 08-14 23:21:44 open_ai.py:452] good request:https://uu722127-b80a-4e3f9d5d.cqa1.seetacloud.com:8443:good,request._id=13,input=354,output=363
DEBUG 08-14 23:21:44 metrics_store.py:131] update_metrics:request_id=13
DEBUG 08-14 23:21:44 shared.py:180] Removed task for request 13 on https://uu722127-b80a-4e3f9d5d.cqa1.seetacloud.com:8443
DEBUG 08-14 23:21:44 replica.py:171] complete_request_decode:num_saved_toekens=16
DEBUG 08-14 23:21:44 open_ai.py:452] good request:127.0.0.1:8000:good,request._id=26,input=44,output=8
DEBUG 08-14 23:21:44 metrics_store.py:131] update_metrics:request_id=26
DEBUG 08-14 23:21:44 shared.py:180] Removed task for request 26 on 127.0.0.1:8000
DEBUG 08-14 23:21:45 replica.py:171] complete_request_decode:num_saved_toekens=496
DEBUG 08-14 23:21:45 open_ai.py:452] good request:https://u722127-b80a-4e3f9d5d.cqa1.seetacloud.com:8443:good,request._id=11,input=51,output=513
DEBUG 08-14 23:21:45 metrics_store.py:131] update_metrics:request_id=11
DEBUG 08-14 23:21:45 shared.py:180] Removed task for request 11 on https://u722127-b80a-4e3f9d5d.cqa1.seetacloud.com:8443
INFO 08-14 23:21:45 shared.py:299] Adding task for request 27 to replica 2,session_id=27
DEBUG 08-14 23:21:45 replica.py:226] add_request - replica_id=[2], request=27,self.replica_slo_budget-sum_pending_tokens==current_budget:True,1048576-128==1048448
INFO 08-14 23:21:45 open_ai.py:115] async_send_request:request._id=27,session=27,https://u722127-b80a-4e3f9d5d.cqa1.seetacloud.com:8443
DEBUG 08-14 23:21:45 open_ai.py:335] async_send_request: request finish prefill, 27
INFO 08-14 23:21:45 open_ai.py:352] async_send_request: prefill completed: req=27,replica_id=2
DEBUG 08-14 23:21:45 replica.py:146] complete_request_prefill: replica_id=[2], request=27, current_budget=128,last_prefill_completed_at=30614913.339161377,last_ttft=0.0818
DEBUG 08-14 23:21:45 replica.py:153] complete_request_prefill - replica_id=[2], request=27,self.replica_slo_budget-sum_pending_tokens==current_budget:True,1048576-0==1048576
INFO 08-14 23:21:45 shared.py:299] Adding task for request 28 to replica 3,session_id=28
DEBUG 08-14 23:21:45 replica.py:226] add_request - replica_id=[3], request=28,self.replica_slo_budget-sum_pending_tokens==current_budget:True,1048576-31==1048545
INFO 08-14 23:21:45 open_ai.py:115] async_send_request:request._id=28,session=28,https://uu722127-b80a-4e3f9d5d.cqa1.seetacloud.com:8443
DEBUG 08-14 23:21:45 replica.py:171] complete_request_decode:num_saved_toekens=32
DEBUG 08-14 23:21:45 open_ai.py:452] good request:https://u722127-b80a-4e3f9d5d.cqa1.seetacloud.com:8443:good,request._id=27,input=128,output=38
DEBUG 08-14 23:21:45 metrics_store.py:131] update_metrics:request_id=27
DEBUG 08-14 23:21:45 shared.py:180] Removed task for request 27 on https://u722127-b80a-4e3f9d5d.cqa1.seetacloud.com:8443
DEBUG 08-14 23:21:45 open_ai.py:335] async_send_request: request finish prefill, 28
INFO 08-14 23:21:45 open_ai.py:352] async_send_request: prefill completed: req=28,replica_id=3
DEBUG 08-14 23:21:45 replica.py:146] complete_request_prefill: replica_id=[3], request=28, current_budget=31,last_prefill_completed_at=30614913.77570532,last_ttft=0.0808
DEBUG 08-14 23:21:45 replica.py:153] complete_request_prefill - replica_id=[3], request=28,self.replica_slo_budget-sum_pending_tokens==current_budget:True,1048576-0==1048576
DEBUG 08-14 23:21:45 replica.py:171] complete_request_decode:num_saved_toekens=16
DEBUG 08-14 23:21:45 open_ai.py:452] good request:https://uu722127-b80a-4e3f9d5d.cqa1.seetacloud.com:8443:good,request._id=28,input=31,output=7
DEBUG 08-14 23:21:45 metrics_store.py:131] update_metrics:request_id=28
DEBUG 08-14 23:21:45 shared.py:180] Removed task for request 28 on https://uu722127-b80a-4e3f9d5d.cqa1.seetacloud.com:8443
INFO 08-14 23:21:45 shared.py:299] Adding task for request 29 to replica 2,session_id=29
DEBUG 08-14 23:21:45 replica.py:226] add_request - replica_id=[2], request=29,self.replica_slo_budget-sum_pending_tokens==current_budget:True,1048576-347==1048229
INFO 08-14 23:21:45 open_ai.py:115] async_send_request:request._id=29,session=29,https://u722127-b80a-4e3f9d5d.cqa1.seetacloud.com:8443
DEBUG 08-14 23:21:46 open_ai.py:335] async_send_request: request finish prefill, 29
INFO 08-14 23:21:46 open_ai.py:352] async_send_request: prefill completed: req=29,replica_id=2
DEBUG 08-14 23:21:46 replica.py:146] complete_request_prefill: replica_id=[2], request=29, current_budget=347,last_prefill_completed_at=30614914.198899426,last_ttft=0.0885
DEBUG 08-14 23:21:46 replica.py:153] complete_request_prefill - replica_id=[2], request=29,self.replica_slo_budget-sum_pending_tokens==current_budget:True,1048576-0==1048576
INFO 08-14 23:21:46 shared.py:299] Adding task for request 30 to replica 4,session_id=30
DEBUG 08-14 23:21:46 replica.py:226] add_request - replica_id=[4], request=30,self.replica_slo_budget-sum_pending_tokens==current_budget:True,1048576-80==1048496
INFO 08-14 23:21:46 open_ai.py:115] async_send_request:request._id=30,session=30,https://u722127-8cb5-f6dc13db.nmb1.seetacloud.com:8443
DEBUG 08-14 23:21:46 open_ai.py:335] async_send_request: request finish prefill, 30
INFO 08-14 23:21:46 open_ai.py:352] async_send_request: prefill completed: req=30,replica_id=4
DEBUG 08-14 23:21:46 replica.py:146] complete_request_prefill: replica_id=[4], request=30, current_budget=80,last_prefill_completed_at=30614914.630736556,last_ttft=0.1024
DEBUG 08-14 23:21:46 replica.py:153] complete_request_prefill - replica_id=[4], request=30,self.replica_slo_budget-sum_pending_tokens==current_budget:True,1048576-0==1048576
INFO 08-14 23:21:46 shared.py:299] Adding task for request 31 to replica 1,session_id=31
DEBUG 08-14 23:21:46 replica.py:226] add_request - replica_id=[1], request=31,self.replica_slo_budget-sum_pending_tokens==current_budget:True,1048576-1227==1047349
INFO 08-14 23:21:46 open_ai.py:115] async_send_request:request._id=31,session=31,127.0.0.1:8001
DEBUG 08-14 23:21:46 open_ai.py:335] async_send_request: request finish prefill, 31
INFO 08-14 23:21:46 open_ai.py:352] async_send_request: prefill completed: req=31,replica_id=1
DEBUG 08-14 23:21:46 replica.py:146] complete_request_prefill: replica_id=[1], request=31, current_budget=1227,last_prefill_completed_at=30614914.997578677,last_ttft=0.0697
DEBUG 08-14 23:21:46 replica.py:153] complete_request_prefill - replica_id=[1], request=31,self.replica_slo_budget-sum_pending_tokens==current_budget:True,1048576-0==1048576
DEBUG 08-14 23:21:46 replica.py:171] complete_request_decode:num_saved_toekens=16
DEBUG 08-14 23:21:46 open_ai.py:452] good request:https://u722127-8cb5-f6dc13db.nmb1.seetacloud.com:8443:good,request._id=30,input=80,output=18
DEBUG 08-14 23:21:46 metrics_store.py:131] update_metrics:request_id=30
DEBUG 08-14 23:21:46 shared.py:180] Removed task for request 30 on https://u722127-8cb5-f6dc13db.nmb1.seetacloud.com:8443
DEBUG 08-14 23:21:47 replica.py:171] complete_request_decode:num_saved_toekens=16
DEBUG 08-14 23:21:47 open_ai.py:452] good request:127.0.0.1:8001:good,request._id=31,input=1227,output=14
DEBUG 08-14 23:21:47 metrics_store.py:131] update_metrics:request_id=31
DEBUG 08-14 23:21:47 shared.py:180] Removed task for request 31 on 127.0.0.1:8001
INFO 08-14 23:21:47 shared.py:299] Adding task for request 32 to replica 3,session_id=32
DEBUG 08-14 23:21:47 replica.py:226] add_request - replica_id=[3], request=32,self.replica_slo_budget-sum_pending_tokens==current_budget:True,1048576-44==1048532
INFO 08-14 23:21:47 open_ai.py:115] async_send_request:request._id=32,session=32,https://uu722127-b80a-4e3f9d5d.cqa1.seetacloud.com:8443
DEBUG 08-14 23:21:47 open_ai.py:335] async_send_request: request finish prefill, 32
INFO 08-14 23:21:47 open_ai.py:352] async_send_request: prefill completed: req=32,replica_id=3
DEBUG 08-14 23:21:47 replica.py:146] complete_request_prefill: replica_id=[3], request=32, current_budget=44,last_prefill_completed_at=30614915.39155547,last_ttft=0.0863
DEBUG 08-14 23:21:47 replica.py:153] complete_request_prefill - replica_id=[3], request=32,self.replica_slo_budget-sum_pending_tokens==current_budget:True,1048576-0==1048576
DEBUG 08-14 23:21:47 replica.py:171] complete_request_decode:num_saved_toekens=320
DEBUG 08-14 23:21:47 open_ai.py:452] good request:127.0.0.1:8001:good,request._id=20,input=485,output=327
DEBUG 08-14 23:21:47 metrics_store.py:131] update_metrics:request_id=20
DEBUG 08-14 23:21:47 shared.py:180] Removed task for request 20 on 127.0.0.1:8001
DEBUG 08-14 23:21:47 replica.py:171] complete_request_decode:num_saved_toekens=128
DEBUG 08-14 23:21:47 open_ai.py:452] good request:https://u722127-b80a-4e3f9d5d.cqa1.seetacloud.com:8443:good,request._id=29,input=347,output=122
DEBUG 08-14 23:21:47 metrics_store.py:131] update_metrics:request_id=29
DEBUG 08-14 23:21:47 shared.py:180] Removed task for request 29 on https://u722127-b80a-4e3f9d5d.cqa1.seetacloud.com:8443
INFO 08-14 23:21:47 shared.py:299] Adding task for request 33 to replica 0,session_id=33
DEBUG 08-14 23:21:47 replica.py:226] add_request - replica_id=[0], request=33,self.replica_slo_budget-sum_pending_tokens==current_budget:True,1048576-12==1048564
INFO 08-14 23:21:47 open_ai.py:115] async_send_request:request._id=33,session=33,127.0.0.1:8000
DEBUG 08-14 23:21:47 open_ai.py:335] async_send_request: request finish prefill, 33
INFO 08-14 23:21:47 open_ai.py:352] async_send_request: prefill completed: req=33,replica_id=0
DEBUG 08-14 23:21:47 replica.py:146] complete_request_prefill: replica_id=[0], request=33, current_budget=12,last_prefill_completed_at=30614915.755252235,last_ttft=0.0413
DEBUG 08-14 23:21:47 replica.py:153] complete_request_prefill - replica_id=[0], request=33,self.replica_slo_budget-sum_pending_tokens==current_budget:True,1048576-0==1048576
INFO 08-14 23:21:47 shared.py:299] Adding task for request 34 to replica 2,session_id=34
DEBUG 08-14 23:21:47 replica.py:226] add_request - replica_id=[2], request=34,self.replica_slo_budget-sum_pending_tokens==current_budget:True,1048576-12==1048564
INFO 08-14 23:21:47 open_ai.py:115] async_send_request:request._id=34,session=34,https://u722127-b80a-4e3f9d5d.cqa1.seetacloud.com:8443
DEBUG 08-14 23:21:48 open_ai.py:335] async_send_request: request finish prefill, 34
INFO 08-14 23:21:48 open_ai.py:352] async_send_request: prefill completed: req=34,replica_id=2
DEBUG 08-14 23:21:48 replica.py:146] complete_request_prefill: replica_id=[2], request=34, current_budget=12,last_prefill_completed_at=30614916.191513,last_ttft=0.0813
DEBUG 08-14 23:21:48 replica.py:153] complete_request_prefill - replica_id=[2], request=34,self.replica_slo_budget-sum_pending_tokens==current_budget:True,1048576-0==1048576
DEBUG 08-14 23:21:48 replica.py:171] complete_request_decode:num_saved_toekens=80
DEBUG 08-14 23:21:48 open_ai.py:452] good request:https://uu722127-b80a-4e3f9d5d.cqa1.seetacloud.com:8443:good,request._id=32,input=44,output=78
DEBUG 08-14 23:21:48 metrics_store.py:131] update_metrics:request_id=32
DEBUG 08-14 23:21:48 shared.py:180] Removed task for request 32 on https://uu722127-b80a-4e3f9d5d.cqa1.seetacloud.com:8443
INFO 08-14 23:21:48 shared.py:299] Adding task for request 35 to replica 4,session_id=35
DEBUG 08-14 23:21:48 replica.py:226] add_request - replica_id=[4], request=35,self.replica_slo_budget-sum_pending_tokens==current_budget:True,1048576-45==1048531
INFO 08-14 23:21:48 open_ai.py:115] async_send_request:request._id=35,session=35,https://u722127-8cb5-f6dc13db.nmb1.seetacloud.com:8443
DEBUG 08-14 23:21:48 open_ai.py:335] async_send_request: request finish prefill, 35
INFO 08-14 23:21:48 open_ai.py:352] async_send_request: prefill completed: req=35,replica_id=4
DEBUG 08-14 23:21:48 replica.py:146] complete_request_prefill: replica_id=[4], request=35, current_budget=45,last_prefill_completed_at=30614916.62186891,last_ttft=0.0975
DEBUG 08-14 23:21:48 replica.py:153] complete_request_prefill - replica_id=[4], request=35,self.replica_slo_budget-sum_pending_tokens==current_budget:True,1048576-0==1048576
INFO 08-14 23:21:48 shared.py:299] Adding task for request 36 to replica 3,session_id=36
DEBUG 08-14 23:21:48 replica.py:226] add_request - replica_id=[3], request=36,self.replica_slo_budget-sum_pending_tokens==current_budget:True,1048576-9==1048567
INFO 08-14 23:21:48 open_ai.py:115] async_send_request:request._id=36,session=36,https://uu722127-b80a-4e3f9d5d.cqa1.seetacloud.com:8443
DEBUG 08-14 23:21:48 open_ai.py:335] async_send_request: request finish prefill, 36
INFO 08-14 23:21:48 open_ai.py:352] async_send_request: prefill completed: req=36,replica_id=3
DEBUG 08-14 23:21:48 replica.py:146] complete_request_prefill: replica_id=[3], request=36, current_budget=9,last_prefill_completed_at=30614916.983660296,last_ttft=0.0804
DEBUG 08-14 23:21:48 replica.py:153] complete_request_prefill - replica_id=[3], request=36,self.replica_slo_budget-sum_pending_tokens==current_budget:True,1048576-0==1048576
DEBUG 08-14 23:21:48 replica.py:171] complete_request_decode:num_saved_toekens=32
DEBUG 08-14 23:21:48 open_ai.py:452] good request:https://u722127-8cb5-f6dc13db.nmb1.seetacloud.com:8443:good,request._id=35,input=45,output=19
DEBUG 08-14 23:21:48 metrics_store.py:131] update_metrics:request_id=35
DEBUG 08-14 23:21:48 shared.py:180] Removed task for request 35 on https://u722127-8cb5-f6dc13db.nmb1.seetacloud.com:8443
DEBUG 08-14 23:21:48 replica.py:171] complete_request_decode:num_saved_toekens=0
DEBUG 08-14 23:21:48 open_ai.py:452] good request:https://uu722127-b80a-4e3f9d5d.cqa1.seetacloud.com:8443:good,request._id=36,input=9,output=10
DEBUG 08-14 23:21:48 metrics_store.py:131] update_metrics:request_id=36
DEBUG 08-14 23:21:48 shared.py:180] Removed task for request 36 on https://uu722127-b80a-4e3f9d5d.cqa1.seetacloud.com:8443
INFO 08-14 23:21:49 shared.py:299] Adding task for request 37 to replica 1,session_id=37
DEBUG 08-14 23:21:49 replica.py:226] add_request - replica_id=[1], request=37,self.replica_slo_budget-sum_pending_tokens==current_budget:True,1048576-442==1048134
INFO 08-14 23:21:49 open_ai.py:115] async_send_request:request._id=37,session=37,127.0.0.1:8001
DEBUG 08-14 23:21:49 open_ai.py:335] async_send_request: request finish prefill, 37
INFO 08-14 23:21:49 open_ai.py:352] async_send_request: prefill completed: req=37,replica_id=1
DEBUG 08-14 23:21:49 replica.py:146] complete_request_prefill: replica_id=[1], request=37, current_budget=442,last_prefill_completed_at=30614917.367058873,last_ttft=0.0455
DEBUG 08-14 23:21:49 replica.py:153] complete_request_prefill - replica_id=[1], request=37,self.replica_slo_budget-sum_pending_tokens==current_budget:True,1048576-0==1048576
DEBUG 08-14 23:21:49 replica.py:171] complete_request_decode:num_saved_toekens=16
DEBUG 08-14 23:21:49 open_ai.py:452] good request:127.0.0.1:8001:good,request._id=37,input=442,output=19
DEBUG 08-14 23:21:49 metrics_store.py:131] update_metrics:request_id=37
DEBUG 08-14 23:21:49 shared.py:180] Removed task for request 37 on 127.0.0.1:8001
INFO 08-14 23:21:49 shared.py:299] Adding task for request 38 to replica 3,session_id=38
DEBUG 08-14 23:21:49 replica.py:226] add_request - replica_id=[3], request=38,self.replica_slo_budget-sum_pending_tokens==current_budget:True,1048576-550==1048026
INFO 08-14 23:21:49 open_ai.py:115] async_send_request:request._id=38,session=38,https://uu722127-b80a-4e3f9d5d.cqa1.seetacloud.com:8443
DEBUG 08-14 23:21:49 open_ai.py:335] async_send_request: request finish prefill, 38
INFO 08-14 23:21:49 open_ai.py:352] async_send_request: prefill completed: req=38,replica_id=3
DEBUG 08-14 23:21:49 replica.py:146] complete_request_prefill: replica_id=[3], request=38, current_budget=550,last_prefill_completed_at=30614917.805022977,last_ttft=0.0974
DEBUG 08-14 23:21:49 replica.py:153] complete_request_prefill - replica_id=[3], request=38,self.replica_slo_budget-sum_pending_tokens==current_budget:True,1048576-0==1048576
DEBUG 08-14 23:21:49 replica.py:171] complete_request_decode:num_saved_toekens=144
DEBUG 08-14 23:21:49 open_ai.py:452] good request:127.0.0.1:8000:good,request._id=33,input=12,output=134
DEBUG 08-14 23:21:49 metrics_store.py:131] update_metrics:request_id=33
DEBUG 08-14 23:21:49 shared.py:180] Removed task for request 33 on 127.0.0.1:8000
DEBUG 08-14 23:21:49 replica.py:171] complete_request_decode:num_saved_toekens=0
DEBUG 08-14 23:21:49 open_ai.py:452] good request:https://uu722127-b80a-4e3f9d5d.cqa1.seetacloud.com:8443:good,request._id=38,input=550,output=8
DEBUG 08-14 23:21:49 metrics_store.py:131] update_metrics:request_id=38
DEBUG 08-14 23:21:49 shared.py:180] Removed task for request 38 on https://uu722127-b80a-4e3f9d5d.cqa1.seetacloud.com:8443
INFO 08-14 23:21:49 shared.py:299] Adding task for request 39 to replica 3,session_id=39
DEBUG 08-14 23:21:49 replica.py:226] add_request - replica_id=[3], request=39,self.replica_slo_budget-sum_pending_tokens==current_budget:True,1048576-156==1048420
INFO 08-14 23:21:49 open_ai.py:115] async_send_request:request._id=39,session=39,https://uu722127-b80a-4e3f9d5d.cqa1.seetacloud.com:8443
DEBUG 08-14 23:21:49 replica.py:171] complete_request_decode:num_saved_toekens=176
DEBUG 08-14 23:21:49 open_ai.py:452] good request:https://u722127-b80a-4e3f9d5d.cqa1.seetacloud.com:8443:good,request._id=34,input=12,output=165
DEBUG 08-14 23:21:49 metrics_store.py:131] update_metrics:request_id=34
DEBUG 08-14 23:21:49 shared.py:180] Removed task for request 34 on https://u722127-b80a-4e3f9d5d.cqa1.seetacloud.com:8443
DEBUG 08-14 23:21:50 open_ai.py:335] async_send_request: request finish prefill, 39
INFO 08-14 23:21:50 open_ai.py:352] async_send_request: prefill completed: req=39,replica_id=3
DEBUG 08-14 23:21:50 replica.py:146] complete_request_prefill: replica_id=[3], request=39, current_budget=156,last_prefill_completed_at=30614918.179108962,last_ttft=0.0808
DEBUG 08-14 23:21:50 replica.py:153] complete_request_prefill - replica_id=[3], request=39,self.replica_slo_budget-sum_pending_tokens==current_budget:True,1048576-0==1048576
INFO 08-14 23:21:50 shared.py:299] Adding task for request 40 to replica 2,session_id=40
DEBUG 08-14 23:21:50 replica.py:226] add_request - replica_id=[2], request=40,self.replica_slo_budget-sum_pending_tokens==current_budget:True,1048576-30==1048546
INFO 08-14 23:21:50 open_ai.py:115] async_send_request:request._id=40,session=40,https://u722127-b80a-4e3f9d5d.cqa1.seetacloud.com:8443
DEBUG 08-14 23:21:50 open_ai.py:335] async_send_request: request finish prefill, 40
INFO 08-14 23:21:50 open_ai.py:352] async_send_request: prefill completed: req=40,replica_id=2
DEBUG 08-14 23:21:50 replica.py:146] complete_request_prefill: replica_id=[2], request=40, current_budget=30,last_prefill_completed_at=30614918.565706406,last_ttft=0.0885
DEBUG 08-14 23:21:50 replica.py:153] complete_request_prefill - replica_id=[2], request=40,self.replica_slo_budget-sum_pending_tokens==current_budget:True,1048576-0==1048576
INFO 08-14 23:21:50 shared.py:299] Adding task for request 41 to replica 3,session_id=41
DEBUG 08-14 23:21:50 replica.py:226] add_request - replica_id=[3], request=41,self.replica_slo_budget-sum_pending_tokens==current_budget:True,1048576-12==1048564
INFO 08-14 23:21:50 open_ai.py:115] async_send_request:request._id=41,session=41,https://uu722127-b80a-4e3f9d5d.cqa1.seetacloud.com:8443
DEBUG 08-14 23:21:50 open_ai.py:335] async_send_request: request finish prefill, 41
INFO 08-14 23:21:50 open_ai.py:352] async_send_request: prefill completed: req=41,replica_id=3
DEBUG 08-14 23:21:50 replica.py:146] complete_request_prefill: replica_id=[3], request=41, current_budget=12,last_prefill_completed_at=30614918.96222408,last_ttft=0.0889
DEBUG 08-14 23:21:50 replica.py:153] complete_request_prefill - replica_id=[3], request=41,self.replica_slo_budget-sum_pending_tokens==current_budget:True,1048576-0==1048576
DEBUG 08-14 23:21:51 replica.py:171] complete_request_decode:num_saved_toekens=16
DEBUG 08-14 23:21:51 open_ai.py:452] good request:https://uu722127-b80a-4e3f9d5d.cqa1.seetacloud.com:8443:good,request._id=41,input=12,output=18
DEBUG 08-14 23:21:51 metrics_store.py:131] update_metrics:request_id=41
DEBUG 08-14 23:21:51 shared.py:180] Removed task for request 41 on https://uu722127-b80a-4e3f9d5d.cqa1.seetacloud.com:8443
INFO 08-14 23:21:51 shared.py:299] Adding task for request 42 to replica 4,session_id=42
DEBUG 08-14 23:21:51 replica.py:226] add_request - replica_id=[4], request=42,self.replica_slo_budget-sum_pending_tokens==current_budget:True,1048576-52==1048524
INFO 08-14 23:21:51 open_ai.py:115] async_send_request:request._id=42,session=42,https://u722127-8cb5-f6dc13db.nmb1.seetacloud.com:8443
DEBUG 08-14 23:21:51 open_ai.py:335] async_send_request: request finish prefill, 42
INFO 08-14 23:21:51 open_ai.py:352] async_send_request: prefill completed: req=42,replica_id=4
DEBUG 08-14 23:21:51 replica.py:146] complete_request_prefill: replica_id=[4], request=42, current_budget=52,last_prefill_completed_at=30614919.303340744,last_ttft=0.0951
DEBUG 08-14 23:21:51 replica.py:153] complete_request_prefill - replica_id=[4], request=42,self.replica_slo_budget-sum_pending_tokens==current_budget:True,1048576-0==1048576
INFO 08-14 23:21:51 shared.py:299] Adding task for request 43 to replica 3,session_id=43
DEBUG 08-14 23:21:51 replica.py:226] add_request - replica_id=[3], request=43,self.replica_slo_budget-sum_pending_tokens==current_budget:True,1048576-39==1048537
INFO 08-14 23:21:51 open_ai.py:115] async_send_request:request._id=43,session=43,https://uu722127-b80a-4e3f9d5d.cqa1.seetacloud.com:8443
DEBUG 08-14 23:21:51 open_ai.py:335] async_send_request: request finish prefill, 43
INFO 08-14 23:21:51 open_ai.py:352] async_send_request: prefill completed: req=43,replica_id=3
DEBUG 08-14 23:21:51 replica.py:146] complete_request_prefill: replica_id=[3], request=43, current_budget=39,last_prefill_completed_at=30614919.716434058,last_ttft=0.0879
DEBUG 08-14 23:21:51 replica.py:153] complete_request_prefill - replica_id=[3], request=43,self.replica_slo_budget-sum_pending_tokens==current_budget:True,1048576-0==1048576
DEBUG 08-14 23:21:51 replica.py:171] complete_request_decode:num_saved_toekens=16
DEBUG 08-14 23:21:51 open_ai.py:452] good request:https://uu722127-b80a-4e3f9d5d.cqa1.seetacloud.com:8443:good,request._id=43,input=39,output=9
DEBUG 08-14 23:21:51 metrics_store.py:131] update_metrics:request_id=43
DEBUG 08-14 23:21:51 shared.py:180] Removed task for request 43 on https://uu722127-b80a-4e3f9d5d.cqa1.seetacloud.com:8443
DEBUG 08-14 23:21:51 replica.py:171] complete_request_decode:num_saved_toekens=144
DEBUG 08-14 23:21:51 open_ai.py:452] good request:https://uu722127-b80a-4e3f9d5d.cqa1.seetacloud.com:8443:good,request._id=39,input=156,output=143
DEBUG 08-14 23:21:51 metrics_store.py:131] update_metrics:request_id=39
DEBUG 08-14 23:21:51 shared.py:180] Removed task for request 39 on https://uu722127-b80a-4e3f9d5d.cqa1.seetacloud.com:8443
INFO 08-14 23:21:51 shared.py:299] Adding task for request 44 to replica 3,session_id=44
DEBUG 08-14 23:21:51 replica.py:226] add_request - replica_id=[3], request=44,self.replica_slo_budget-sum_pending_tokens==current_budget:True,1048576-86==1048490
INFO 08-14 23:21:51 open_ai.py:115] async_send_request:request._id=44,session=44,https://uu722127-b80a-4e3f9d5d.cqa1.seetacloud.com:8443
DEBUG 08-14 23:21:51 open_ai.py:335] async_send_request: request finish prefill, 44
INFO 08-14 23:21:51 open_ai.py:352] async_send_request: prefill completed: req=44,replica_id=3
DEBUG 08-14 23:21:51 replica.py:146] complete_request_prefill: replica_id=[3], request=44, current_budget=86,last_prefill_completed_at=30614920.117251374,last_ttft=0.082
DEBUG 08-14 23:21:51 replica.py:153] complete_request_prefill - replica_id=[3], request=44,self.replica_slo_budget-sum_pending_tokens==current_budget:True,1048576-0==1048576
INFO 08-14 23:21:52 shared.py:299] Adding task for request 45 to replica 0,session_id=45
DEBUG 08-14 23:21:52 replica.py:226] add_request - replica_id=[0], request=45,self.replica_slo_budget-sum_pending_tokens==current_budget:True,1048576-91==1048485
INFO 08-14 23:21:52 open_ai.py:115] async_send_request:request._id=45,session=45,127.0.0.1:8000
DEBUG 08-14 23:21:52 open_ai.py:335] async_send_request: request finish prefill, 45
INFO 08-14 23:21:52 open_ai.py:352] async_send_request: prefill completed: req=45,replica_id=0
DEBUG 08-14 23:21:52 replica.py:146] complete_request_prefill: replica_id=[0], request=45, current_budget=91,last_prefill_completed_at=30614920.452447265,last_ttft=0.0423
DEBUG 08-14 23:21:52 replica.py:153] complete_request_prefill - replica_id=[0], request=45,self.replica_slo_budget-sum_pending_tokens==current_budget:True,1048576-0==1048576
DEBUG 08-14 23:21:52 replica.py:171] complete_request_decode:num_saved_toekens=16
DEBUG 08-14 23:21:52 open_ai.py:452] good request:127.0.0.1:8000:good,request._id=45,input=91,output=18
DEBUG 08-14 23:21:52 metrics_store.py:131] update_metrics:request_id=45
DEBUG 08-14 23:21:52 shared.py:180] Removed task for request 45 on 127.0.0.1:8000
INFO 08-14 23:21:52 shared.py:299] Adding task for request 46 to replica 1,session_id=46
DEBUG 08-14 23:21:52 replica.py:226] add_request - replica_id=[1], request=46,self.replica_slo_budget-sum_pending_tokens==current_budget:True,1048576-36==1048540
INFO 08-14 23:21:52 open_ai.py:115] async_send_request:request._id=46,session=46,127.0.0.1:8001
DEBUG 08-14 23:21:52 open_ai.py:335] async_send_request: request finish prefill, 46
INFO 08-14 23:21:52 open_ai.py:352] async_send_request: prefill completed: req=46,replica_id=1
DEBUG 08-14 23:21:52 replica.py:146] complete_request_prefill: replica_id=[1], request=46, current_budget=36,last_prefill_completed_at=30614920.859711394,last_ttft=0.0404
DEBUG 08-14 23:21:52 replica.py:153] complete_request_prefill - replica_id=[1], request=46,self.replica_slo_budget-sum_pending_tokens==current_budget:True,1048576-0==1048576
INFO 08-14 23:21:53 shared.py:299] Adding task for request 47 to replica 0,session_id=47
DEBUG 08-14 23:21:53 replica.py:226] add_request - replica_id=[0], request=47,self.replica_slo_budget-sum_pending_tokens==current_budget:True,1048576-23==1048553
INFO 08-14 23:21:53 open_ai.py:115] async_send_request:request._id=47,session=47,127.0.0.1:8000
DEBUG 08-14 23:21:53 open_ai.py:335] async_send_request: request finish prefill, 47
INFO 08-14 23:21:53 open_ai.py:352] async_send_request: prefill completed: req=47,replica_id=0
DEBUG 08-14 23:21:53 replica.py:146] complete_request_prefill: replica_id=[0], request=47, current_budget=23,last_prefill_completed_at=30614921.258927688,last_ttft=0.0367
DEBUG 08-14 23:21:53 replica.py:153] complete_request_prefill - replica_id=[0], request=47,self.replica_slo_budget-sum_pending_tokens==current_budget:True,1048576-0==1048576
DEBUG 08-14 23:21:53 replica.py:171] complete_request_decode:num_saved_toekens=48
DEBUG 08-14 23:21:53 open_ai.py:452] good request:127.0.0.1:8001:good,request._id=46,input=36,output=44
DEBUG 08-14 23:21:53 metrics_store.py:131] update_metrics:request_id=46
DEBUG 08-14 23:21:53 shared.py:180] Removed task for request 46 on 127.0.0.1:8001
INFO 08-14 23:21:53 shared.py:299] Adding task for request 48 to replica 3,session_id=48
DEBUG 08-14 23:21:53 replica.py:226] add_request - replica_id=[3], request=48,self.replica_slo_budget-sum_pending_tokens==current_budget:True,1048576-16==1048560
INFO 08-14 23:21:53 open_ai.py:115] async_send_request:request._id=48,session=48,https://uu722127-b80a-4e3f9d5d.cqa1.seetacloud.com:8443
DEBUG 08-14 23:21:53 open_ai.py:335] async_send_request: request finish prefill, 48
INFO 08-14 23:21:53 open_ai.py:352] async_send_request: prefill completed: req=48,replica_id=3
DEBUG 08-14 23:21:53 replica.py:146] complete_request_prefill: replica_id=[3], request=48, current_budget=16,last_prefill_completed_at=30614921.710930556,last_ttft=0.0827
DEBUG 08-14 23:21:53 replica.py:153] complete_request_prefill - replica_id=[3], request=48,self.replica_slo_budget-sum_pending_tokens==current_budget:True,1048576-0==1048576
INFO 08-14 23:21:53 shared.py:299] Adding task for request 49 to replica 2,session_id=49
DEBUG 08-14 23:21:53 replica.py:226] add_request - replica_id=[2], request=49,self.replica_slo_budget-sum_pending_tokens==current_budget:True,1048576-222==1048354
INFO 08-14 23:21:53 open_ai.py:115] async_send_request:request._id=49,session=49,https://u722127-b80a-4e3f9d5d.cqa1.seetacloud.com:8443
DEBUG 08-14 23:21:53 open_ai.py:335] async_send_request: request finish prefill, 49
INFO 08-14 23:21:53 open_ai.py:352] async_send_request: prefill completed: req=49,replica_id=2
DEBUG 08-14 23:21:53 replica.py:146] complete_request_prefill: replica_id=[2], request=49, current_budget=222,last_prefill_completed_at=30614922.108987994,last_ttft=0.0958
DEBUG 08-14 23:21:53 replica.py:153] complete_request_prefill - replica_id=[2], request=49,self.replica_slo_budget-sum_pending_tokens==current_budget:True,1048576-0==1048576
INFO 08-14 23:21:54 shared.py:299] Adding task for request 50 to replica 1,session_id=50
DEBUG 08-14 23:21:54 replica.py:226] add_request - replica_id=[1], request=50,self.replica_slo_budget-sum_pending_tokens==current_budget:True,1048576-37==1048539
INFO 08-14 23:21:54 open_ai.py:115] async_send_request:request._id=50,session=50,127.0.0.1:8001
DEBUG 08-14 23:21:54 open_ai.py:335] async_send_request: request finish prefill, 50
INFO 08-14 23:21:54 open_ai.py:352] async_send_request: prefill completed: req=50,replica_id=1
DEBUG 08-14 23:21:54 replica.py:146] complete_request_prefill: replica_id=[1], request=50, current_budget=37,last_prefill_completed_at=30614922.472986735,last_ttft=0.0429
DEBUG 08-14 23:21:54 replica.py:153] complete_request_prefill - replica_id=[1], request=50,self.replica_slo_budget-sum_pending_tokens==current_budget:True,1048576-0==1048576
INFO 08-14 23:21:54 shared.py:299] Adding task for request 51 to replica 4,session_id=51
DEBUG 08-14 23:21:54 replica.py:226] add_request - replica_id=[4], request=51,self.replica_slo_budget-sum_pending_tokens==current_budget:True,1048576-39==1048537
INFO 08-14 23:21:54 open_ai.py:115] async_send_request:request._id=51,session=51,https://u722127-8cb5-f6dc13db.nmb1.seetacloud.com:8443
DEBUG 08-14 23:21:54 open_ai.py:335] async_send_request: request finish prefill, 51
INFO 08-14 23:21:54 open_ai.py:352] async_send_request: prefill completed: req=51,replica_id=4
DEBUG 08-14 23:21:54 replica.py:146] complete_request_prefill: replica_id=[4], request=51, current_budget=39,last_prefill_completed_at=30614922.956568394,last_ttft=0.1355
DEBUG 08-14 23:21:54 replica.py:153] complete_request_prefill - replica_id=[4], request=51,self.replica_slo_budget-sum_pending_tokens==current_budget:True,1048576-0==1048576
DEBUG 08-14 23:21:54 replica.py:171] complete_request_decode:num_saved_toekens=400
DEBUG 08-14 23:21:54 open_ai.py:452] good request:https://u722127-b80a-4e3f9d5d.cqa1.seetacloud.com:8443:good,request._id=40,input=30,output=394
DEBUG 08-14 23:21:54 metrics_store.py:131] update_metrics:request_id=40
DEBUG 08-14 23:21:54 shared.py:180] Removed task for request 40 on https://u722127-b80a-4e3f9d5d.cqa1.seetacloud.com:8443
INFO 08-14 23:21:55 shared.py:299] Adding task for request 52 to replica 2,session_id=52
DEBUG 08-14 23:21:55 replica.py:226] add_request - replica_id=[2], request=52,self.replica_slo_budget-sum_pending_tokens==current_budget:True,1048576-44==1048532
INFO 08-14 23:21:55 open_ai.py:115] async_send_request:request._id=52,session=52,https://u722127-b80a-4e3f9d5d.cqa1.seetacloud.com:8443
DEBUG 08-14 23:21:55 open_ai.py:335] async_send_request: request finish prefill, 52
INFO 08-14 23:21:55 open_ai.py:352] async_send_request: prefill completed: req=52,replica_id=2
DEBUG 08-14 23:21:55 replica.py:146] complete_request_prefill: replica_id=[2], request=52, current_budget=44,last_prefill_completed_at=30614923.332171936,last_ttft=0.0938
DEBUG 08-14 23:21:55 replica.py:153] complete_request_prefill - replica_id=[2], request=52,self.replica_slo_budget-sum_pending_tokens==current_budget:True,1048576-0==1048576
INFO 08-14 23:21:55 shared.py:299] Adding task for request 53 to replica 1,session_id=53
DEBUG 08-14 23:21:55 replica.py:226] add_request - replica_id=[1], request=53,self.replica_slo_budget-sum_pending_tokens==current_budget:True,1048576-9==1048567
INFO 08-14 23:21:55 open_ai.py:115] async_send_request:request._id=53,session=53,127.0.0.1:8001
DEBUG 08-14 23:21:55 open_ai.py:335] async_send_request: request finish prefill, 53
INFO 08-14 23:21:55 open_ai.py:352] async_send_request: prefill completed: req=53,replica_id=1
DEBUG 08-14 23:21:55 replica.py:146] complete_request_prefill: replica_id=[1], request=53, current_budget=9,last_prefill_completed_at=30614923.65158375,last_ttft=0.0364
DEBUG 08-14 23:21:55 replica.py:153] complete_request_prefill - replica_id=[1], request=53,self.replica_slo_budget-sum_pending_tokens==current_budget:True,1048576-0==1048576
DEBUG 08-14 23:21:55 replica.py:171] complete_request_decode:num_saved_toekens=16
DEBUG 08-14 23:21:55 open_ai.py:452] good request:127.0.0.1:8001:good,request._id=53,input=9,output=10
DEBUG 08-14 23:21:55 metrics_store.py:131] update_metrics:request_id=53
DEBUG 08-14 23:21:55 shared.py:180] Removed task for request 53 on 127.0.0.1:8001
INFO 08-14 23:21:55 shared.py:299] Adding task for request 54 to replica 0,session_id=54
DEBUG 08-14 23:21:55 replica.py:226] add_request - replica_id=[0], request=54,self.replica_slo_budget-sum_pending_tokens==current_budget:True,1048576-21==1048555
INFO 08-14 23:21:55 open_ai.py:115] async_send_request:request._id=54,session=54,127.0.0.1:8000
DEBUG 08-14 23:21:55 open_ai.py:335] async_send_request: request finish prefill, 54
INFO 08-14 23:21:55 open_ai.py:352] async_send_request: prefill completed: req=54,replica_id=0
DEBUG 08-14 23:21:55 replica.py:146] complete_request_prefill: replica_id=[0], request=54, current_budget=21,last_prefill_completed_at=30614924.037592433,last_ttft=0.0393
DEBUG 08-14 23:21:55 replica.py:153] complete_request_prefill - replica_id=[0], request=54,self.replica_slo_budget-sum_pending_tokens==current_budget:True,1048576-0==1048576
DEBUG 08-14 23:21:56 replica.py:171] complete_request_decode:num_saved_toekens=208
DEBUG 08-14 23:21:56 open_ai.py:452] good request:https://uu722127-b80a-4e3f9d5d.cqa1.seetacloud.com:8443:good,request._id=48,input=16,output=211
DEBUG 08-14 23:21:56 metrics_store.py:131] update_metrics:request_id=48
DEBUG 08-14 23:21:56 shared.py:180] Removed task for request 48 on https://uu722127-b80a-4e3f9d5d.cqa1.seetacloud.com:8443
INFO 08-14 23:21:56 shared.py:299] Adding task for request 55 to replica 1,session_id=55
DEBUG 08-14 23:21:56 replica.py:226] add_request - replica_id=[1], request=55,self.replica_slo_budget-sum_pending_tokens==current_budget:True,1048576-43==1048533
INFO 08-14 23:21:56 open_ai.py:115] async_send_request:request._id=55,session=55,127.0.0.1:8001
DEBUG 08-14 23:21:56 open_ai.py:335] async_send_request: request finish prefill, 55
INFO 08-14 23:21:56 open_ai.py:352] async_send_request: prefill completed: req=55,replica_id=1
DEBUG 08-14 23:21:56 replica.py:146] complete_request_prefill: replica_id=[1], request=55, current_budget=43,last_prefill_completed_at=30614924.435952812,last_ttft=0.0448
DEBUG 08-14 23:21:56 replica.py:153] complete_request_prefill - replica_id=[1], request=55,self.replica_slo_budget-sum_pending_tokens==current_budget:True,1048576-0==1048576
DEBUG 08-14 23:21:56 replica.py:171] complete_request_decode:num_saved_toekens=16
DEBUG 08-14 23:21:56 open_ai.py:452] good request:127.0.0.1:8001:good,request._id=55,input=43,output=18
DEBUG 08-14 23:21:56 metrics_store.py:131] update_metrics:request_id=55
DEBUG 08-14 23:21:56 shared.py:180] Removed task for request 55 on 127.0.0.1:8001
INFO 08-14 23:21:56 shared.py:299] Adding task for request 56 to replica 1,session_id=56
DEBUG 08-14 23:21:56 replica.py:226] add_request - replica_id=[1], request=56,self.replica_slo_budget-sum_pending_tokens==current_budget:True,1048576-56==1048520
INFO 08-14 23:21:56 open_ai.py:115] async_send_request:request._id=56,session=56,127.0.0.1:8001
DEBUG 08-14 23:21:56 open_ai.py:335] async_send_request: request finish prefill, 56
INFO 08-14 23:21:56 open_ai.py:352] async_send_request: prefill completed: req=56,replica_id=1
DEBUG 08-14 23:21:56 replica.py:146] complete_request_prefill: replica_id=[1], request=56, current_budget=56,last_prefill_completed_at=30614924.798336927,last_ttft=0.0372
DEBUG 08-14 23:21:56 replica.py:153] complete_request_prefill - replica_id=[1], request=56,self.replica_slo_budget-sum_pending_tokens==current_budget:True,1048576-0==1048576
DEBUG 08-14 23:21:56 replica.py:171] complete_request_decode:num_saved_toekens=16
DEBUG 08-14 23:21:56 open_ai.py:452] good request:127.0.0.1:8001:good,request._id=56,input=56,output=18
DEBUG 08-14 23:21:56 metrics_store.py:131] update_metrics:request_id=56
DEBUG 08-14 23:21:56 shared.py:180] Removed task for request 56 on 127.0.0.1:8001
INFO 08-14 23:21:57 shared.py:299] Adding task for request 57 to replica 2,session_id=57
DEBUG 08-14 23:21:57 replica.py:226] add_request - replica_id=[2], request=57,self.replica_slo_budget-sum_pending_tokens==current_budget:True,1048576-231==1048345
INFO 08-14 23:21:57 open_ai.py:115] async_send_request:request._id=57,session=57,https://u722127-b80a-4e3f9d5d.cqa1.seetacloud.com:8443
DEBUG 08-14 23:21:57 replica.py:171] complete_request_decode:num_saved_toekens=64
DEBUG 08-14 23:21:57 open_ai.py:452] good request:127.0.0.1:8000:good,request._id=54,input=21,output=74
DEBUG 08-14 23:21:57 metrics_store.py:131] update_metrics:request_id=54
DEBUG 08-14 23:21:57 shared.py:180] Removed task for request 54 on 127.0.0.1:8000
DEBUG 08-14 23:21:57 open_ai.py:335] async_send_request: request finish prefill, 57
INFO 08-14 23:21:57 open_ai.py:352] async_send_request: prefill completed: req=57,replica_id=2
DEBUG 08-14 23:21:57 replica.py:146] complete_request_prefill: replica_id=[2], request=57, current_budget=231,last_prefill_completed_at=30614925.2515129,last_ttft=0.0853
DEBUG 08-14 23:21:57 replica.py:153] complete_request_prefill - replica_id=[2], request=57,self.replica_slo_budget-sum_pending_tokens==current_budget:True,1048576-0==1048576
DEBUG 08-14 23:21:57 replica.py:171] complete_request_decode:num_saved_toekens=0
DEBUG 08-14 23:21:57 open_ai.py:452] good request:https://u722127-b80a-4e3f9d5d.cqa1.seetacloud.com:8443:good,request._id=57,input=231,output=4
DEBUG 08-14 23:21:57 metrics_store.py:131] update_metrics:request_id=57
DEBUG 08-14 23:21:57 shared.py:180] Removed task for request 57 on https://u722127-b80a-4e3f9d5d.cqa1.seetacloud.com:8443
INFO 08-14 23:21:57 shared.py:299] Adding task for request 58 to replica 1,session_id=58
DEBUG 08-14 23:21:57 replica.py:226] add_request - replica_id=[1], request=58,self.replica_slo_budget-sum_pending_tokens==current_budget:True,1048576-16==1048560
INFO 08-14 23:21:57 open_ai.py:115] async_send_request:request._id=58,session=58,127.0.0.1:8001
DEBUG 08-14 23:21:57 open_ai.py:335] async_send_request: request finish prefill, 58
INFO 08-14 23:21:57 open_ai.py:352] async_send_request: prefill completed: req=58,replica_id=1
DEBUG 08-14 23:21:57 replica.py:146] complete_request_prefill: replica_id=[1], request=58, current_budget=16,last_prefill_completed_at=30614925.577047966,last_ttft=0.0399
DEBUG 08-14 23:21:57 replica.py:153] complete_request_prefill - replica_id=[1], request=58,self.replica_slo_budget-sum_pending_tokens==current_budget:True,1048576-0==1048576
INFO 08-14 23:21:57 shared.py:299] Adding task for request 59 to replica 1,session_id=59
DEBUG 08-14 23:21:57 replica.py:226] add_request - replica_id=[1], request=59,self.replica_slo_budget-sum_pending_tokens==current_budget:True,1048576-252==1048324
INFO 08-14 23:21:57 open_ai.py:115] async_send_request:request._id=59,session=59,127.0.0.1:8001
DEBUG 08-14 23:21:57 replica.py:171] complete_request_decode:num_saved_toekens=496
DEBUG 08-14 23:21:57 open_ai.py:452] good request:https://uu722127-b80a-4e3f9d5d.cqa1.seetacloud.com:8443:good,request._id=44,input=86,output=500
DEBUG 08-14 23:21:57 metrics_store.py:131] update_metrics:request_id=44
DEBUG 08-14 23:21:57 shared.py:180] Removed task for request 44 on https://uu722127-b80a-4e3f9d5d.cqa1.seetacloud.com:8443
DEBUG 08-14 23:21:57 open_ai.py:335] async_send_request: request finish prefill, 59
INFO 08-14 23:21:57 open_ai.py:352] async_send_request: prefill completed: req=59,replica_id=1
DEBUG 08-14 23:21:57 replica.py:146] complete_request_prefill: replica_id=[1], request=59, current_budget=252,last_prefill_completed_at=30614925.975008093,last_ttft=0.0418
DEBUG 08-14 23:21:57 replica.py:153] complete_request_prefill - replica_id=[1], request=59,self.replica_slo_budget-sum_pending_tokens==current_budget:True,1048576-0==1048576
INFO 08-14 23:21:58 shared.py:299] Adding task for request 60 to replica 3,session_id=60
DEBUG 08-14 23:21:58 replica.py:226] add_request - replica_id=[3], request=60,self.replica_slo_budget-sum_pending_tokens==current_budget:True,1048576-71==1048505
INFO 08-14 23:21:58 open_ai.py:115] async_send_request:request._id=60,session=60,https://uu722127-b80a-4e3f9d5d.cqa1.seetacloud.com:8443
DEBUG 08-14 23:21:58 open_ai.py:335] async_send_request: request finish prefill, 60
INFO 08-14 23:21:58 open_ai.py:352] async_send_request: prefill completed: req=60,replica_id=3
DEBUG 08-14 23:21:58 replica.py:146] complete_request_prefill: replica_id=[3], request=60, current_budget=71,last_prefill_completed_at=30614926.440077312,last_ttft=0.0859
DEBUG 08-14 23:21:58 replica.py:153] complete_request_prefill - replica_id=[3], request=60,self.replica_slo_budget-sum_pending_tokens==current_budget:True,1048576-0==1048576
INFO 08-14 23:21:58 shared.py:299] Adding task for request 61 to replica 3,session_id=61
DEBUG 08-14 23:21:58 replica.py:226] add_request - replica_id=[3], request=61,self.replica_slo_budget-sum_pending_tokens==current_budget:True,1048576-459==1048117
INFO 08-14 23:21:58 open_ai.py:115] async_send_request:request._id=61,session=61,https://uu722127-b80a-4e3f9d5d.cqa1.seetacloud.com:8443
DEBUG 08-14 23:21:58 open_ai.py:335] async_send_request: request finish prefill, 61
INFO 08-14 23:21:58 open_ai.py:352] async_send_request: prefill completed: req=61,replica_id=3
DEBUG 08-14 23:21:58 replica.py:146] complete_request_prefill: replica_id=[3], request=61, current_budget=459,last_prefill_completed_at=30614926.833050903,last_ttft=0.0929
DEBUG 08-14 23:21:58 replica.py:153] complete_request_prefill - replica_id=[3], request=61,self.replica_slo_budget-sum_pending_tokens==current_budget:True,1048576-0==1048576
INFO 08-14 23:21:58 shared.py:299] Adding task for request 62 to replica 4,session_id=62
DEBUG 08-14 23:21:58 replica.py:226] add_request - replica_id=[4], request=62,self.replica_slo_budget-sum_pending_tokens==current_budget:True,1048576-86==1048490
INFO 08-14 23:21:58 open_ai.py:115] async_send_request:request._id=62,session=62,https://u722127-8cb5-f6dc13db.nmb1.seetacloud.com:8443
DEBUG 08-14 23:21:59 open_ai.py:335] async_send_request: request finish prefill, 62
INFO 08-14 23:21:59 open_ai.py:352] async_send_request: prefill completed: req=62,replica_id=4
DEBUG 08-14 23:21:59 replica.py:146] complete_request_prefill: replica_id=[4], request=62, current_budget=86,last_prefill_completed_at=30614927.274298545,last_ttft=0.1391
DEBUG 08-14 23:21:59 replica.py:153] complete_request_prefill - replica_id=[4], request=62,self.replica_slo_budget-sum_pending_tokens==current_budget:True,1048576-0==1048576
INFO 08-14 23:21:59 shared.py:299] Adding task for request 63 to replica 0,session_id=63
DEBUG 08-14 23:21:59 replica.py:226] add_request - replica_id=[0], request=63,self.replica_slo_budget-sum_pending_tokens==current_budget:True,1048576-34==1048542
INFO 08-14 23:21:59 open_ai.py:115] async_send_request:request._id=63,session=63,127.0.0.1:8000
DEBUG 08-14 23:21:59 open_ai.py:335] async_send_request: request finish prefill, 63
INFO 08-14 23:21:59 open_ai.py:352] async_send_request: prefill completed: req=63,replica_id=0
DEBUG 08-14 23:21:59 replica.py:146] complete_request_prefill: replica_id=[0], request=63, current_budget=34,last_prefill_completed_at=30614927.582875814,last_ttft=0.0478
DEBUG 08-14 23:21:59 replica.py:153] complete_request_prefill - replica_id=[0], request=63,self.replica_slo_budget-sum_pending_tokens==current_budget:True,1048576-0==1048576
DEBUG 08-14 23:21:59 replica.py:171] complete_request_decode:num_saved_toekens=384
DEBUG 08-14 23:21:59 open_ai.py:452] good request:https://u722127-b80a-4e3f9d5d.cqa1.seetacloud.com:8443:good,request._id=52,input=44,output=374
DEBUG 08-14 23:21:59 metrics_store.py:131] update_metrics:request_id=52
DEBUG 08-14 23:21:59 shared.py:180] Removed task for request 52 on https://u722127-b80a-4e3f9d5d.cqa1.seetacloud.com:8443
DEBUG 08-14 23:21:59 replica.py:171] complete_request_decode:num_saved_toekens=96
DEBUG 08-14 23:21:59 open_ai.py:452] good request:https://uu722127-b80a-4e3f9d5d.cqa1.seetacloud.com:8443:good,request._id=61,input=459,output=94
DEBUG 08-14 23:21:59 metrics_store.py:131] update_metrics:request_id=61
DEBUG 08-14 23:21:59 shared.py:180] Removed task for request 61 on https://uu722127-b80a-4e3f9d5d.cqa1.seetacloud.com:8443
INFO 08-14 23:21:59 shared.py:299] Adding task for request 64 to replica 2,session_id=64
DEBUG 08-14 23:21:59 replica.py:226] add_request - replica_id=[2], request=64,self.replica_slo_budget-sum_pending_tokens==current_budget:True,1048576-28==1048548
INFO 08-14 23:21:59 open_ai.py:115] async_send_request:request._id=64,session=64,https://u722127-b80a-4e3f9d5d.cqa1.seetacloud.com:8443
DEBUG 08-14 23:21:59 replica.py:171] complete_request_decode:num_saved_toekens=512
DEBUG 08-14 23:21:59 open_ai.py:452] good request:https://u722127-b80a-4e3f9d5d.cqa1.seetacloud.com:8443:good,request._id=49,input=222,output=502
DEBUG 08-14 23:21:59 metrics_store.py:131] update_metrics:request_id=49
DEBUG 08-14 23:21:59 shared.py:180] Removed task for request 49 on https://u722127-b80a-4e3f9d5d.cqa1.seetacloud.com:8443
DEBUG 08-14 23:21:59 open_ai.py:335] async_send_request: request finish prefill, 64
INFO 08-14 23:21:59 open_ai.py:352] async_send_request: prefill completed: req=64,replica_id=2
DEBUG 08-14 23:21:59 replica.py:146] complete_request_prefill: replica_id=[2], request=64, current_budget=28,last_prefill_completed_at=30614928.028318863,last_ttft=0.0808
DEBUG 08-14 23:21:59 replica.py:153] complete_request_prefill - replica_id=[2], request=64,self.replica_slo_budget-sum_pending_tokens==current_budget:True,1048576-0==1048576
INFO 08-14 23:22:00 shared.py:299] Adding task for request 65 to replica 1,session_id=65
DEBUG 08-14 23:22:00 replica.py:226] add_request - replica_id=[1], request=65,self.replica_slo_budget-sum_pending_tokens==current_budget:True,1048576-36==1048540
INFO 08-14 23:22:00 open_ai.py:115] async_send_request:request._id=65,session=65,127.0.0.1:8001
DEBUG 08-14 23:22:00 open_ai.py:335] async_send_request: request finish prefill, 65
INFO 08-14 23:22:00 open_ai.py:352] async_send_request: prefill completed: req=65,replica_id=1
DEBUG 08-14 23:22:00 replica.py:146] complete_request_prefill: replica_id=[1], request=65, current_budget=36,last_prefill_completed_at=30614928.37983144,last_ttft=0.0505
DEBUG 08-14 23:22:00 replica.py:153] complete_request_prefill - replica_id=[1], request=65,self.replica_slo_budget-sum_pending_tokens==current_budget:True,1048576-0==1048576
DEBUG 08-14 23:22:00 replica.py:171] complete_request_decode:num_saved_toekens=64
DEBUG 08-14 23:22:00 open_ai.py:452] good request:127.0.0.1:8000:good,request._id=63,input=34,output=62
DEBUG 08-14 23:22:00 metrics_store.py:131] update_metrics:request_id=63
DEBUG 08-14 23:22:00 shared.py:180] Removed task for request 63 on 127.0.0.1:8000
INFO 08-14 23:22:00 shared.py:299] Adding task for request 66 to replica 2,session_id=66
DEBUG 08-14 23:22:00 replica.py:226] add_request - replica_id=[2], request=66,self.replica_slo_budget-sum_pending_tokens==current_budget:True,1048576-40==1048536
INFO 08-14 23:22:00 open_ai.py:115] async_send_request:request._id=66,session=66,https://u722127-b80a-4e3f9d5d.cqa1.seetacloud.com:8443
DEBUG 08-14 23:22:00 open_ai.py:335] async_send_request: request finish prefill, 66
INFO 08-14 23:22:00 open_ai.py:352] async_send_request: prefill completed: req=66,replica_id=2
DEBUG 08-14 23:22:00 replica.py:146] complete_request_prefill: replica_id=[2], request=66, current_budget=40,last_prefill_completed_at=30614928.801412992,last_ttft=0.0842
DEBUG 08-14 23:22:00 replica.py:153] complete_request_prefill - replica_id=[2], request=66,self.replica_slo_budget-sum_pending_tokens==current_budget:True,1048576-0==1048576
DEBUG 08-14 23:22:00 replica.py:171] complete_request_decode:num_saved_toekens=400
DEBUG 08-14 23:22:00 open_ai.py:452] good request:https://u722127-8cb5-f6dc13db.nmb1.seetacloud.com:8443:good,request._id=42,input=52,output=405
DEBUG 08-14 23:22:00 metrics_store.py:131] update_metrics:request_id=42
DEBUG 08-14 23:22:00 shared.py:180] Removed task for request 42 on https://u722127-8cb5-f6dc13db.nmb1.seetacloud.com:8443
DEBUG 08-14 23:22:00 replica.py:171] complete_request_decode:num_saved_toekens=16
DEBUG 08-14 23:22:00 open_ai.py:452] good request:https://u722127-b80a-4e3f9d5d.cqa1.seetacloud.com:8443:good,request._id=66,input=40,output=19
DEBUG 08-14 23:22:00 metrics_store.py:131] update_metrics:request_id=66
DEBUG 08-14 23:22:00 shared.py:180] Removed task for request 66 on https://u722127-b80a-4e3f9d5d.cqa1.seetacloud.com:8443
DEBUG 08-14 23:22:00 replica.py:171] complete_request_decode:num_saved_toekens=32
DEBUG 08-14 23:22:00 open_ai.py:452] good request:127.0.0.1:8001:good,request._id=65,input=36,output=43
DEBUG 08-14 23:22:00 metrics_store.py:131] update_metrics:request_id=65
DEBUG 08-14 23:22:00 shared.py:180] Removed task for request 65 on 127.0.0.1:8001
INFO 08-14 23:22:00 shared.py:299] Adding task for request 67 to replica 2,session_id=67
DEBUG 08-14 23:22:00 replica.py:226] add_request - replica_id=[2], request=67,self.replica_slo_budget-sum_pending_tokens==current_budget:True,1048576-67==1048509
INFO 08-14 23:22:00 open_ai.py:115] async_send_request:request._id=67,session=67,https://u722127-b80a-4e3f9d5d.cqa1.seetacloud.com:8443
DEBUG 08-14 23:22:01 open_ai.py:335] async_send_request: request finish prefill, 67
INFO 08-14 23:22:01 open_ai.py:352] async_send_request: prefill completed: req=67,replica_id=2
DEBUG 08-14 23:22:01 replica.py:146] complete_request_prefill: replica_id=[2], request=67, current_budget=67,last_prefill_completed_at=30614929.20501707,last_ttft=0.0869
DEBUG 08-14 23:22:01 replica.py:153] complete_request_prefill - replica_id=[2], request=67,self.replica_slo_budget-sum_pending_tokens==current_budget:True,1048576-0==1048576
DEBUG 08-14 23:22:01 replica.py:171] complete_request_decode:num_saved_toekens=224
DEBUG 08-14 23:22:01 open_ai.py:452] good request:127.0.0.1:8001:good,request._id=59,input=252,output=214
DEBUG 08-14 23:22:01 metrics_store.py:131] update_metrics:request_id=59
DEBUG 08-14 23:22:01 shared.py:180] Removed task for request 59 on 127.0.0.1:8001
DEBUG 08-14 23:22:01 replica.py:171] complete_request_decode:num_saved_toekens=16
DEBUG 08-14 23:22:01 open_ai.py:452] good request:https://u722127-b80a-4e3f9d5d.cqa1.seetacloud.com:8443:good,request._id=67,input=67,output=22
DEBUG 08-14 23:22:01 metrics_store.py:131] update_metrics:request_id=67
DEBUG 08-14 23:22:01 shared.py:180] Removed task for request 67 on https://u722127-b80a-4e3f9d5d.cqa1.seetacloud.com:8443
INFO 08-14 23:22:01 shared.py:299] Adding task for request 68 to replica 2,session_id=68
DEBUG 08-14 23:22:01 replica.py:226] add_request - replica_id=[2], request=68,self.replica_slo_budget-sum_pending_tokens==current_budget:True,1048576-19==1048557
INFO 08-14 23:22:01 open_ai.py:115] async_send_request:request._id=68,session=68,https://u722127-b80a-4e3f9d5d.cqa1.seetacloud.com:8443
DEBUG 08-14 23:22:01 open_ai.py:335] async_send_request: request finish prefill, 68
INFO 08-14 23:22:01 open_ai.py:352] async_send_request: prefill completed: req=68,replica_id=2
DEBUG 08-14 23:22:01 replica.py:146] complete_request_prefill: replica_id=[2], request=68, current_budget=19,last_prefill_completed_at=30614929.598830353,last_ttft=0.0836
DEBUG 08-14 23:22:01 replica.py:153] complete_request_prefill - replica_id=[2], request=68,self.replica_slo_budget-sum_pending_tokens==current_budget:True,1048576-0==1048576
INFO 08-14 23:22:01 shared.py:299] Adding task for request 69 to replica 3,session_id=69
DEBUG 08-14 23:22:01 replica.py:226] add_request - replica_id=[3], request=69,self.replica_slo_budget-sum_pending_tokens==current_budget:True,1048576-475==1048101
INFO 08-14 23:22:01 open_ai.py:115] async_send_request:request._id=69,session=69,https://uu722127-b80a-4e3f9d5d.cqa1.seetacloud.com:8443
DEBUG 08-14 23:22:02 open_ai.py:335] async_send_request: request finish prefill, 69
INFO 08-14 23:22:02 open_ai.py:352] async_send_request: prefill completed: req=69,replica_id=3
DEBUG 08-14 23:22:02 replica.py:146] complete_request_prefill: replica_id=[3], request=69, current_budget=475,last_prefill_completed_at=30614930.168950558,last_ttft=0.2456
DEBUG 08-14 23:22:02 replica.py:153] complete_request_prefill - replica_id=[3], request=69,self.replica_slo_budget-sum_pending_tokens==current_budget:True,1048576-0==1048576
INFO 08-14 23:22:02 shared.py:299] Adding task for request 70 to replica 0,session_id=70
DEBUG 08-14 23:22:02 replica.py:226] add_request - replica_id=[0], request=70,self.replica_slo_budget-sum_pending_tokens==current_budget:True,1048576-119==1048457
INFO 08-14 23:22:02 open_ai.py:115] async_send_request:request._id=70,session=70,127.0.0.1:8000
DEBUG 08-14 23:22:02 open_ai.py:335] async_send_request: request finish prefill, 70
INFO 08-14 23:22:02 open_ai.py:352] async_send_request: prefill completed: req=70,replica_id=0
DEBUG 08-14 23:22:02 replica.py:146] complete_request_prefill: replica_id=[0], request=70, current_budget=119,last_prefill_completed_at=30614930.384478584,last_ttft=0.0614
DEBUG 08-14 23:22:02 replica.py:153] complete_request_prefill - replica_id=[0], request=70,self.replica_slo_budget-sum_pending_tokens==current_budget:True,1048576-0==1048576
INFO 08-14 23:22:02 shared.py:299] Adding task for request 71 to replica 1,session_id=71
DEBUG 08-14 23:22:02 replica.py:226] add_request - replica_id=[1], request=71,self.replica_slo_budget-sum_pending_tokens==current_budget:True,1048576-9==1048567
INFO 08-14 23:22:02 open_ai.py:115] async_send_request:request._id=71,session=71,127.0.0.1:8001
DEBUG 08-14 23:22:02 open_ai.py:335] async_send_request: request finish prefill, 71
INFO 08-14 23:22:02 open_ai.py:352] async_send_request: prefill completed: req=71,replica_id=1
DEBUG 08-14 23:22:02 replica.py:146] complete_request_prefill: replica_id=[1], request=71, current_budget=9,last_prefill_completed_at=30614930.743069537,last_ttft=0.0469
DEBUG 08-14 23:22:02 replica.py:153] complete_request_prefill - replica_id=[1], request=71,self.replica_slo_budget-sum_pending_tokens==current_budget:True,1048576-0==1048576
DEBUG 08-14 23:22:02 replica.py:171] complete_request_decode:num_saved_toekens=16
DEBUG 08-14 23:22:02 open_ai.py:452] good request:127.0.0.1:8001:good,request._id=71,input=9,output=10
DEBUG 08-14 23:22:02 metrics_store.py:131] update_metrics:request_id=71
DEBUG 08-14 23:22:02 shared.py:180] Removed task for request 71 on 127.0.0.1:8001
INFO 08-14 23:22:02 shared.py:299] Adding task for request 72 to replica 1,session_id=72
DEBUG 08-14 23:22:02 replica.py:226] add_request - replica_id=[1], request=72,self.replica_slo_budget-sum_pending_tokens==current_budget:True,1048576-87==1048489
INFO 08-14 23:22:02 open_ai.py:115] async_send_request:request._id=72,session=72,127.0.0.1:8001
DEBUG 08-14 23:22:03 open_ai.py:335] async_send_request: request finish prefill, 72
INFO 08-14 23:22:03 open_ai.py:352] async_send_request: prefill completed: req=72,replica_id=1
DEBUG 08-14 23:22:03 replica.py:146] complete_request_prefill: replica_id=[1], request=72, current_budget=87,last_prefill_completed_at=30614931.166896425,last_ttft=0.0517
DEBUG 08-14 23:22:03 replica.py:153] complete_request_prefill - replica_id=[1], request=72,self.replica_slo_budget-sum_pending_tokens==current_budget:True,1048576-0==1048576
DEBUG 08-14 23:22:03 replica.py:171] complete_request_decode:num_saved_toekens=416
DEBUG 08-14 23:22:03 open_ai.py:452] good request:https://uu722127-b80a-4e3f9d5d.cqa1.seetacloud.com:8443:good,request._id=60,input=71,output=420
DEBUG 08-14 23:22:03 metrics_store.py:131] update_metrics:request_id=60
DEBUG 08-14 23:22:03 shared.py:180] Removed task for request 60 on https://uu722127-b80a-4e3f9d5d.cqa1.seetacloud.com:8443
INFO 08-14 23:22:03 shared.py:299] Adding task for request 73 to replica 3,session_id=73
DEBUG 08-14 23:22:03 replica.py:226] add_request - replica_id=[3], request=73,self.replica_slo_budget-sum_pending_tokens==current_budget:True,1048576-73==1048503
INFO 08-14 23:22:03 open_ai.py:115] async_send_request:request._id=73,session=73,https://uu722127-b80a-4e3f9d5d.cqa1.seetacloud.com:8443
DEBUG 08-14 23:22:03 open_ai.py:335] async_send_request: request finish prefill, 73
INFO 08-14 23:22:03 open_ai.py:352] async_send_request: prefill completed: req=73,replica_id=3
DEBUG 08-14 23:22:03 replica.py:146] complete_request_prefill: replica_id=[3], request=73, current_budget=73,last_prefill_completed_at=30614931.601434436,last_ttft=0.0943
DEBUG 08-14 23:22:03 replica.py:153] complete_request_prefill - replica_id=[3], request=73,self.replica_slo_budget-sum_pending_tokens==current_budget:True,1048576-0==1048576
DEBUG 08-14 23:22:03 replica.py:171] complete_request_decode:num_saved_toekens=16
DEBUG 08-14 23:22:03 open_ai.py:452] good request:https://uu722127-b80a-4e3f9d5d.cqa1.seetacloud.com:8443:good,request._id=73,input=73,output=7
DEBUG 08-14 23:22:03 metrics_store.py:131] update_metrics:request_id=73
DEBUG 08-14 23:22:03 shared.py:180] Removed task for request 73 on https://uu722127-b80a-4e3f9d5d.cqa1.seetacloud.com:8443
INFO 08-14 23:22:03 shared.py:299] Adding task for request 74 to replica 3,session_id=74
DEBUG 08-14 23:22:03 replica.py:226] add_request - replica_id=[3], request=74,self.replica_slo_budget-sum_pending_tokens==current_budget:True,1048576-11==1048565
INFO 08-14 23:22:03 open_ai.py:115] async_send_request:request._id=74,session=74,https://uu722127-b80a-4e3f9d5d.cqa1.seetacloud.com:8443
DEBUG 08-14 23:22:03 open_ai.py:335] async_send_request: request finish prefill, 74
INFO 08-14 23:22:03 open_ai.py:352] async_send_request: prefill completed: req=74,replica_id=3
DEBUG 08-14 23:22:03 replica.py:146] complete_request_prefill: replica_id=[3], request=74, current_budget=11,last_prefill_completed_at=30614932.017211847,last_ttft=0.0821
DEBUG 08-14 23:22:03 replica.py:153] complete_request_prefill - replica_id=[3], request=74,self.replica_slo_budget-sum_pending_tokens==current_budget:True,1048576-0==1048576
DEBUG 08-14 23:22:04 replica.py:171] complete_request_decode:num_saved_toekens=688
DEBUG 08-14 23:22:04 open_ai.py:452] good request:127.0.0.1:8000:good,request._id=47,input=23,output=687
DEBUG 08-14 23:22:04 metrics_store.py:131] update_metrics:request_id=47
DEBUG 08-14 23:22:04 shared.py:180] Removed task for request 47 on 127.0.0.1:8000
DEBUG 08-14 23:22:04 replica.py:171] complete_request_decode:num_saved_toekens=16
DEBUG 08-14 23:22:04 open_ai.py:452] good request:https://uu722127-b80a-4e3f9d5d.cqa1.seetacloud.com:8443:good,request._id=74,input=11,output=19
DEBUG 08-14 23:22:04 metrics_store.py:131] update_metrics:request_id=74
DEBUG 08-14 23:22:04 shared.py:180] Removed task for request 74 on https://uu722127-b80a-4e3f9d5d.cqa1.seetacloud.com:8443
INFO 08-14 23:22:04 shared.py:299] Adding task for request 75 to replica 0,session_id=75
DEBUG 08-14 23:22:04 replica.py:226] add_request - replica_id=[0], request=75,self.replica_slo_budget-sum_pending_tokens==current_budget:True,1048576-399==1048177
INFO 08-14 23:22:04 open_ai.py:115] async_send_request:request._id=75,session=75,127.0.0.1:8000
DEBUG 08-14 23:22:04 open_ai.py:335] async_send_request: request finish prefill, 75
INFO 08-14 23:22:04 open_ai.py:352] async_send_request: prefill completed: req=75,replica_id=0
DEBUG 08-14 23:22:04 replica.py:146] complete_request_prefill: replica_id=[0], request=75, current_budget=399,last_prefill_completed_at=30614932.35741449,last_ttft=0.0532
DEBUG 08-14 23:22:04 replica.py:153] complete_request_prefill - replica_id=[0], request=75,self.replica_slo_budget-sum_pending_tokens==current_budget:True,1048576-0==1048576
DEBUG 08-14 23:22:04 replica.py:171] complete_request_decode:num_saved_toekens=624
DEBUG 08-14 23:22:04 open_ai.py:452] good request:127.0.0.1:8001:good,request._id=50,input=37,output=627
DEBUG 08-14 23:22:04 metrics_store.py:131] update_metrics:request_id=50
DEBUG 08-14 23:22:04 shared.py:180] Removed task for request 50 on 127.0.0.1:8001
INFO 08-14 23:22:04 shared.py:299] Adding task for request 76 to replica 3,session_id=76
DEBUG 08-14 23:22:04 replica.py:226] add_request - replica_id=[3], request=76,self.replica_slo_budget-sum_pending_tokens==current_budget:True,1048576-23==1048553
INFO 08-14 23:22:04 open_ai.py:115] async_send_request:request._id=76,session=76,https://uu722127-b80a-4e3f9d5d.cqa1.seetacloud.com:8443
DEBUG 08-14 23:22:04 open_ai.py:335] async_send_request: request finish prefill, 76
INFO 08-14 23:22:04 open_ai.py:352] async_send_request: prefill completed: req=76,replica_id=3
DEBUG 08-14 23:22:04 replica.py:146] complete_request_prefill: replica_id=[3], request=76, current_budget=23,last_prefill_completed_at=30614932.80754984,last_ttft=0.0814
DEBUG 08-14 23:22:04 replica.py:153] complete_request_prefill - replica_id=[3], request=76,self.replica_slo_budget-sum_pending_tokens==current_budget:True,1048576-0==1048576
INFO 08-14 23:22:04 shared.py:299] Adding task for request 77 to replica 2,session_id=77
DEBUG 08-14 23:22:04 replica.py:226] add_request - replica_id=[2], request=77,self.replica_slo_budget-sum_pending_tokens==current_budget:True,1048576-45==1048531
INFO 08-14 23:22:04 open_ai.py:115] async_send_request:request._id=77,session=77,https://u722127-b80a-4e3f9d5d.cqa1.seetacloud.com:8443
DEBUG 08-14 23:22:04 replica.py:171] complete_request_decode:num_saved_toekens=32
DEBUG 08-14 23:22:04 open_ai.py:452] good request:https://uu722127-b80a-4e3f9d5d.cqa1.seetacloud.com:8443:good,request._id=76,input=23,output=29
DEBUG 08-14 23:22:04 metrics_store.py:131] update_metrics:request_id=76
DEBUG 08-14 23:22:04 shared.py:180] Removed task for request 76 on https://uu722127-b80a-4e3f9d5d.cqa1.seetacloud.com:8443
DEBUG 08-14 23:22:05 open_ai.py:335] async_send_request: request finish prefill, 77
INFO 08-14 23:22:05 open_ai.py:352] async_send_request: prefill completed: req=77,replica_id=2
DEBUG 08-14 23:22:05 replica.py:146] complete_request_prefill: replica_id=[2], request=77, current_budget=45,last_prefill_completed_at=30614933.214579064,last_ttft=0.0925
DEBUG 08-14 23:22:05 replica.py:153] complete_request_prefill - replica_id=[2], request=77,self.replica_slo_budget-sum_pending_tokens==current_budget:True,1048576-0==1048576
DEBUG 08-14 23:22:05 replica.py:171] complete_request_decode:num_saved_toekens=304
DEBUG 08-14 23:22:05 open_ai.py:452] good request:https://u722127-b80a-4e3f9d5d.cqa1.seetacloud.com:8443:good,request._id=68,input=19,output=313
DEBUG 08-14 23:22:05 metrics_store.py:131] update_metrics:request_id=68
DEBUG 08-14 23:22:05 shared.py:180] Removed task for request 68 on https://u722127-b80a-4e3f9d5d.cqa1.seetacloud.com:8443
INFO 08-14 23:22:05 shared.py:299] Adding task for request 78 to replica 3,session_id=78
DEBUG 08-14 23:22:05 replica.py:226] add_request - replica_id=[3], request=78,self.replica_slo_budget-sum_pending_tokens==current_budget:True,1048576-106==1048470
INFO 08-14 23:22:05 open_ai.py:115] async_send_request:request._id=78,session=78,https://uu722127-b80a-4e3f9d5d.cqa1.seetacloud.com:8443
DEBUG 08-14 23:22:05 open_ai.py:335] async_send_request: request finish prefill, 78
INFO 08-14 23:22:05 open_ai.py:352] async_send_request: prefill completed: req=78,replica_id=3
DEBUG 08-14 23:22:05 replica.py:146] complete_request_prefill: replica_id=[3], request=78, current_budget=106,last_prefill_completed_at=30614933.59118972,last_ttft=0.083
DEBUG 08-14 23:22:05 replica.py:153] complete_request_prefill - replica_id=[3], request=78,self.replica_slo_budget-sum_pending_tokens==current_budget:True,1048576-0==1048576
DEBUG 08-14 23:22:05 replica.py:171] complete_request_decode:num_saved_toekens=48
DEBUG 08-14 23:22:05 open_ai.py:452] good request:https://u722127-b80a-4e3f9d5d.cqa1.seetacloud.com:8443:good,request._id=77,input=45,output=40
DEBUG 08-14 23:22:05 metrics_store.py:131] update_metrics:request_id=77
DEBUG 08-14 23:22:05 shared.py:180] Removed task for request 77 on https://u722127-b80a-4e3f9d5d.cqa1.seetacloud.com:8443
DEBUG 08-14 23:22:05 replica.py:171] complete_request_decode:num_saved_toekens=16
DEBUG 08-14 23:22:05 open_ai.py:452] good request:https://uu722127-b80a-4e3f9d5d.cqa1.seetacloud.com:8443:good,request._id=78,input=106,output=21
DEBUG 08-14 23:22:05 metrics_store.py:131] update_metrics:request_id=78
DEBUG 08-14 23:22:05 shared.py:180] Removed task for request 78 on https://uu722127-b80a-4e3f9d5d.cqa1.seetacloud.com:8443
INFO 08-14 23:22:05 shared.py:299] Adding task for request 79 to replica 4,session_id=79
DEBUG 08-14 23:22:05 replica.py:226] add_request - replica_id=[4], request=79,self.replica_slo_budget-sum_pending_tokens==current_budget:True,1048576-111==1048465
INFO 08-14 23:22:05 open_ai.py:115] async_send_request:request._id=79,session=79,https://u722127-8cb5-f6dc13db.nmb1.seetacloud.com:8443
DEBUG 08-14 23:22:05 open_ai.py:335] async_send_request: request finish prefill, 79
INFO 08-14 23:22:05 open_ai.py:352] async_send_request: prefill completed: req=79,replica_id=4
DEBUG 08-14 23:22:05 replica.py:146] complete_request_prefill: replica_id=[4], request=79, current_budget=111,last_prefill_completed_at=30614934.001460228,last_ttft=0.0984
DEBUG 08-14 23:22:05 replica.py:153] complete_request_prefill - replica_id=[4], request=79,self.replica_slo_budget-sum_pending_tokens==current_budget:True,1048576-0==1048576
INFO 08-14 23:22:06 shared.py:299] Adding task for request 80 to replica 0,session_id=80
DEBUG 08-14 23:22:06 replica.py:226] add_request - replica_id=[0], request=80,self.replica_slo_budget-sum_pending_tokens==current_budget:True,1048576-65==1048511
INFO 08-14 23:22:06 open_ai.py:115] async_send_request:request._id=80,session=80,127.0.0.1:8000
DEBUG 08-14 23:22:06 open_ai.py:335] async_send_request: request finish prefill, 80
INFO 08-14 23:22:06 open_ai.py:352] async_send_request: prefill completed: req=80,replica_id=0
DEBUG 08-14 23:22:06 replica.py:146] complete_request_prefill: replica_id=[0], request=80, current_budget=65,last_prefill_completed_at=30614934.375870086,last_ttft=0.0597
DEBUG 08-14 23:22:06 replica.py:153] complete_request_prefill - replica_id=[0], request=80,self.replica_slo_budget-sum_pending_tokens==current_budget:True,1048576-0==1048576
DEBUG 08-14 23:22:06 replica.py:171] complete_request_decode:num_saved_toekens=208
DEBUG 08-14 23:22:06 open_ai.py:452] good request:127.0.0.1:8001:good,request._id=72,input=87,output=206
DEBUG 08-14 23:22:06 metrics_store.py:131] update_metrics:request_id=72
DEBUG 08-14 23:22:06 shared.py:180] Removed task for request 72 on 127.0.0.1:8001
DEBUG 08-14 23:22:06 replica.py:171] complete_request_decode:num_saved_toekens=32
DEBUG 08-14 23:22:06 open_ai.py:452] good request:https://u722127-8cb5-f6dc13db.nmb1.seetacloud.com:8443:good,request._id=79,input=111,output=24
DEBUG 08-14 23:22:06 metrics_store.py:131] update_metrics:request_id=79
DEBUG 08-14 23:22:06 shared.py:180] Removed task for request 79 on https://u722127-8cb5-f6dc13db.nmb1.seetacloud.com:8443
DEBUG 08-14 23:22:06 replica.py:171] complete_request_decode:num_saved_toekens=16
DEBUG 08-14 23:22:06 open_ai.py:452] good request:127.0.0.1:8000:good,request._id=80,input=65,output=18
DEBUG 08-14 23:22:06 metrics_store.py:131] update_metrics:request_id=80
DEBUG 08-14 23:22:06 shared.py:180] Removed task for request 80 on 127.0.0.1:8000
INFO 08-14 23:22:06 shared.py:299] Adding task for request 81 to replica 1,session_id=81
DEBUG 08-14 23:22:06 replica.py:226] add_request - replica_id=[1], request=81,self.replica_slo_budget-sum_pending_tokens==current_budget:True,1048576-272==1048304
INFO 08-14 23:22:06 open_ai.py:115] async_send_request:request._id=81,session=81,127.0.0.1:8001
DEBUG 08-14 23:22:06 open_ai.py:335] async_send_request: request finish prefill, 81
INFO 08-14 23:22:06 open_ai.py:352] async_send_request: prefill completed: req=81,replica_id=1
DEBUG 08-14 23:22:06 replica.py:146] complete_request_prefill: replica_id=[1], request=81, current_budget=272,last_prefill_completed_at=30614934.76522595,last_ttft=0.0549
DEBUG 08-14 23:22:06 replica.py:153] complete_request_prefill - replica_id=[1], request=81,self.replica_slo_budget-sum_pending_tokens==current_budget:True,1048576-0==1048576
DEBUG 08-14 23:22:06 replica.py:171] complete_request_decode:num_saved_toekens=576
DEBUG 08-14 23:22:06 open_ai.py:452] good request:127.0.0.1:8001:good,request._id=58,input=16,output=581
DEBUG 08-14 23:22:06 metrics_store.py:131] update_metrics:request_id=58
DEBUG 08-14 23:22:06 shared.py:180] Removed task for request 58 on 127.0.0.1:8001
INFO 08-14 23:22:06 shared.py:299] Adding task for request 82 to replica 2,session_id=82
DEBUG 08-14 23:22:06 replica.py:226] add_request - replica_id=[2], request=82,self.replica_slo_budget-sum_pending_tokens==current_budget:True,1048576-63==1048513
INFO 08-14 23:22:06 open_ai.py:115] async_send_request:request._id=82,session=82,https://u722127-b80a-4e3f9d5d.cqa1.seetacloud.com:8443
DEBUG 08-14 23:22:07 open_ai.py:335] async_send_request: request finish prefill, 82
INFO 08-14 23:22:07 open_ai.py:352] async_send_request: prefill completed: req=82,replica_id=2
DEBUG 08-14 23:22:07 replica.py:146] complete_request_prefill: replica_id=[2], request=82, current_budget=63,last_prefill_completed_at=30614935.201490887,last_ttft=0.0884
DEBUG 08-14 23:22:07 replica.py:153] complete_request_prefill - replica_id=[2], request=82,self.replica_slo_budget-sum_pending_tokens==current_budget:True,1048576-0==1048576
DEBUG 08-14 23:22:07 replica.py:171] complete_request_decode:num_saved_toekens=32
DEBUG 08-14 23:22:07 open_ai.py:452] good request:127.0.0.1:8001:good,request._id=81,input=272,output=42
DEBUG 08-14 23:22:07 metrics_store.py:131] update_metrics:request_id=81
DEBUG 08-14 23:22:07 shared.py:180] Removed task for request 81 on 127.0.0.1:8001
DEBUG 08-14 23:22:07 replica.py:171] complete_request_decode:num_saved_toekens=640
DEBUG 08-14 23:22:07 open_ai.py:452] good request:https://u722127-b80a-4e3f9d5d.cqa1.seetacloud.com:8443:good,request._id=64,input=28,output=636
DEBUG 08-14 23:22:07 metrics_store.py:131] update_metrics:request_id=64
DEBUG 08-14 23:22:07 replica.py:171] complete_request_decode:num_saved_toekens=192
DEBUG 08-14 23:22:07 open_ai.py:452] good request:127.0.0.1:8000:good,request._id=75,input=399,output=190
DEBUG 08-14 23:22:07 metrics_store.py:131] update_metrics:request_id=75
DEBUG 08-14 23:22:07 shared.py:180] Removed task for request 64 on https://u722127-b80a-4e3f9d5d.cqa1.seetacloud.com:8443
DEBUG 08-14 23:22:07 shared.py:180] Removed task for request 75 on 127.0.0.1:8000
INFO 08-14 23:22:07 shared.py:299] Adding task for request 83 to replica 1,session_id=83
DEBUG 08-14 23:22:07 replica.py:226] add_request - replica_id=[1], request=83,self.replica_slo_budget-sum_pending_tokens==current_budget:True,1048576-259==1048317
INFO 08-14 23:22:07 open_ai.py:115] async_send_request:request._id=83,session=83,127.0.0.1:8001
DEBUG 08-14 23:22:07 open_ai.py:335] async_send_request: request finish prefill, 83
INFO 08-14 23:22:07 open_ai.py:352] async_send_request: prefill completed: req=83,replica_id=1
DEBUG 08-14 23:22:07 replica.py:146] complete_request_prefill: replica_id=[1], request=83, current_budget=259,last_prefill_completed_at=30614935.528592553,last_ttft=0.0373
DEBUG 08-14 23:22:07 replica.py:153] complete_request_prefill - replica_id=[1], request=83,self.replica_slo_budget-sum_pending_tokens==current_budget:True,1048576-0==1048576
DEBUG 08-14 23:22:07 replica.py:171] complete_request_decode:num_saved_toekens=48
DEBUG 08-14 23:22:07 open_ai.py:452] good request:https://u722127-b80a-4e3f9d5d.cqa1.seetacloud.com:8443:good,request._id=82,input=63,output=36
DEBUG 08-14 23:22:07 metrics_store.py:131] update_metrics:request_id=82
DEBUG 08-14 23:22:07 shared.py:180] Removed task for request 82 on https://u722127-b80a-4e3f9d5d.cqa1.seetacloud.com:8443
INFO 08-14 23:22:07 shared.py:299] Adding task for request 84 to replica 2,session_id=84
DEBUG 08-14 23:22:07 replica.py:226] add_request - replica_id=[2], request=84,self.replica_slo_budget-sum_pending_tokens==current_budget:True,1048576-26==1048550
INFO 08-14 23:22:07 open_ai.py:115] async_send_request:request._id=84,session=84,https://u722127-b80a-4e3f9d5d.cqa1.seetacloud.com:8443
DEBUG 08-14 23:22:07 open_ai.py:335] async_send_request: request finish prefill, 84
INFO 08-14 23:22:07 open_ai.py:352] async_send_request: prefill completed: req=84,replica_id=2
DEBUG 08-14 23:22:07 replica.py:146] complete_request_prefill: replica_id=[2], request=84, current_budget=26,last_prefill_completed_at=30614935.990608413,last_ttft=0.0863
DEBUG 08-14 23:22:07 replica.py:153] complete_request_prefill - replica_id=[2], request=84,self.replica_slo_budget-sum_pending_tokens==current_budget:True,1048576-0==1048576
DEBUG 08-14 23:22:08 replica.py:171] complete_request_decode:num_saved_toekens=16
DEBUG 08-14 23:22:08 open_ai.py:452] good request:https://u722127-b80a-4e3f9d5d.cqa1.seetacloud.com:8443:good,request._id=84,input=26,output=17
DEBUG 08-14 23:22:08 metrics_store.py:131] update_metrics:request_id=84
DEBUG 08-14 23:22:08 shared.py:180] Removed task for request 84 on https://u722127-b80a-4e3f9d5d.cqa1.seetacloud.com:8443
INFO 08-14 23:22:08 shared.py:299] Adding task for request 85 to replica 2,session_id=85
DEBUG 08-14 23:22:08 replica.py:226] add_request - replica_id=[2], request=85,self.replica_slo_budget-sum_pending_tokens==current_budget:True,1048576-102==1048474
INFO 08-14 23:22:08 open_ai.py:115] async_send_request:request._id=85,session=85,https://u722127-b80a-4e3f9d5d.cqa1.seetacloud.com:8443
DEBUG 08-14 23:22:08 open_ai.py:335] async_send_request: request finish prefill, 85
INFO 08-14 23:22:08 open_ai.py:352] async_send_request: prefill completed: req=85,replica_id=2
DEBUG 08-14 23:22:08 replica.py:146] complete_request_prefill: replica_id=[2], request=85, current_budget=102,last_prefill_completed_at=30614936.38213997,last_ttft=0.081
DEBUG 08-14 23:22:08 replica.py:153] complete_request_prefill - replica_id=[2], request=85,self.replica_slo_budget-sum_pending_tokens==current_budget:True,1048576-0==1048576
INFO 08-14 23:22:08 shared.py:299] Adding task for request 86 to replica 0,session_id=86
DEBUG 08-14 23:22:08 replica.py:226] add_request - replica_id=[0], request=86,self.replica_slo_budget-sum_pending_tokens==current_budget:True,1048576-363==1048213
INFO 08-14 23:22:08 open_ai.py:115] async_send_request:request._id=86,session=86,127.0.0.1:8000
DEBUG 08-14 23:22:08 open_ai.py:335] async_send_request: request finish prefill, 86
INFO 08-14 23:22:08 open_ai.py:352] async_send_request: prefill completed: req=86,replica_id=0
DEBUG 08-14 23:22:08 replica.py:146] complete_request_prefill: replica_id=[0], request=86, current_budget=363,last_prefill_completed_at=30614936.743219137,last_ttft=0.0469
DEBUG 08-14 23:22:08 replica.py:153] complete_request_prefill - replica_id=[0], request=86,self.replica_slo_budget-sum_pending_tokens==current_budget:True,1048576-0==1048576
DEBUG 08-14 23:22:08 replica.py:171] complete_request_decode:num_saved_toekens=96
DEBUG 08-14 23:22:08 open_ai.py:452] good request:127.0.0.1:8001:good,request._id=83,input=259,output=100
DEBUG 08-14 23:22:08 metrics_store.py:131] update_metrics:request_id=83
DEBUG 08-14 23:22:08 shared.py:180] Removed task for request 83 on 127.0.0.1:8001
INFO 08-14 23:22:08 shared.py:299] Adding task for request 87 to replica 4,session_id=87
DEBUG 08-14 23:22:08 replica.py:226] add_request - replica_id=[4], request=87,self.replica_slo_budget-sum_pending_tokens==current_budget:True,1048576-347==1048229
INFO 08-14 23:22:08 open_ai.py:115] async_send_request:request._id=87,session=87,https://u722127-8cb5-f6dc13db.nmb1.seetacloud.com:8443
DEBUG 08-14 23:22:09 open_ai.py:335] async_send_request: request finish prefill, 87
INFO 08-14 23:22:09 open_ai.py:352] async_send_request: prefill completed: req=87,replica_id=4
DEBUG 08-14 23:22:09 replica.py:146] complete_request_prefill: replica_id=[4], request=87, current_budget=347,last_prefill_completed_at=30614937.23086943,last_ttft=0.0954
DEBUG 08-14 23:22:09 replica.py:153] complete_request_prefill - replica_id=[4], request=87,self.replica_slo_budget-sum_pending_tokens==current_budget:True,1048576-0==1048576
DEBUG 08-14 23:22:09 replica.py:171] complete_request_decode:num_saved_toekens=432
DEBUG 08-14 23:22:09 open_ai.py:452] good request:https://u722127-8cb5-f6dc13db.nmb1.seetacloud.com:8443:good,request._id=62,input=86,output=427
DEBUG 08-14 23:22:09 metrics_store.py:131] update_metrics:request_id=62
DEBUG 08-14 23:22:09 shared.py:180] Removed task for request 62 on https://u722127-8cb5-f6dc13db.nmb1.seetacloud.com:8443
INFO 08-14 23:22:09 shared.py:299] Adding task for request 88 to replica 1,session_id=88
DEBUG 08-14 23:22:09 replica.py:226] add_request - replica_id=[1], request=88,self.replica_slo_budget-sum_pending_tokens==current_budget:True,1048576-85==1048491
INFO 08-14 23:22:09 open_ai.py:115] async_send_request:request._id=88,session=88,127.0.0.1:8001
DEBUG 08-14 23:22:09 open_ai.py:335] async_send_request: request finish prefill, 88
INFO 08-14 23:22:09 open_ai.py:352] async_send_request: prefill completed: req=88,replica_id=1
DEBUG 08-14 23:22:09 replica.py:146] complete_request_prefill: replica_id=[1], request=88, current_budget=85,last_prefill_completed_at=30614937.582570076,last_ttft=0.0394
DEBUG 08-14 23:22:09 replica.py:153] complete_request_prefill - replica_id=[1], request=88,self.replica_slo_budget-sum_pending_tokens==current_budget:True,1048576-0==1048576
INFO 08-14 23:22:09 shared.py:299] Adding task for request 89 to replica 3,session_id=89
DEBUG 08-14 23:22:09 replica.py:226] add_request - replica_id=[3], request=89,self.replica_slo_budget-sum_pending_tokens==current_budget:True,1048576-13==1048563
INFO 08-14 23:22:09 open_ai.py:115] async_send_request:request._id=89,session=89,https://uu722127-b80a-4e3f9d5d.cqa1.seetacloud.com:8443
DEBUG 08-14 23:22:09 open_ai.py:335] async_send_request: request finish prefill, 89
INFO 08-14 23:22:09 open_ai.py:352] async_send_request: prefill completed: req=89,replica_id=3
DEBUG 08-14 23:22:09 replica.py:146] complete_request_prefill: replica_id=[3], request=89, current_budget=13,last_prefill_completed_at=30614938.048745096,last_ttft=0.0835
DEBUG 08-14 23:22:09 replica.py:153] complete_request_prefill - replica_id=[3], request=89,self.replica_slo_budget-sum_pending_tokens==current_budget:True,1048576-0==1048576
INFO 08-14 23:22:10 shared.py:299] Adding task for request 90 to replica 2,session_id=90
DEBUG 08-14 23:22:10 replica.py:226] add_request - replica_id=[2], request=90,self.replica_slo_budget-sum_pending_tokens==current_budget:True,1048576-15==1048561
INFO 08-14 23:22:10 open_ai.py:115] async_send_request:request._id=90,session=90,https://u722127-b80a-4e3f9d5d.cqa1.seetacloud.com:8443
DEBUG 08-14 23:22:10 replica.py:171] complete_request_decode:num_saved_toekens=176
DEBUG 08-14 23:22:10 open_ai.py:452] good request:https://u722127-b80a-4e3f9d5d.cqa1.seetacloud.com:8443:good,request._id=85,input=102,output=182
DEBUG 08-14 23:22:10 metrics_store.py:131] update_metrics:request_id=85
DEBUG 08-14 23:22:10 shared.py:180] Removed task for request 85 on https://u722127-b80a-4e3f9d5d.cqa1.seetacloud.com:8443
DEBUG 08-14 23:22:10 open_ai.py:335] async_send_request: request finish prefill, 90
INFO 08-14 23:22:10 open_ai.py:352] async_send_request: prefill completed: req=90,replica_id=2
DEBUG 08-14 23:22:10 replica.py:146] complete_request_prefill: replica_id=[2], request=90, current_budget=15,last_prefill_completed_at=30614938.47434482,last_ttft=0.0913
DEBUG 08-14 23:22:10 replica.py:153] complete_request_prefill - replica_id=[2], request=90,self.replica_slo_budget-sum_pending_tokens==current_budget:True,1048576-0==1048576
INFO 08-14 23:22:10 shared.py:299] Adding task for request 91 to replica 2,session_id=91
DEBUG 08-14 23:22:10 replica.py:226] add_request - replica_id=[2], request=91,self.replica_slo_budget-sum_pending_tokens==current_budget:True,1048576-17==1048559
INFO 08-14 23:22:10 open_ai.py:115] async_send_request:request._id=91,session=91,https://u722127-b80a-4e3f9d5d.cqa1.seetacloud.com:8443
DEBUG 08-14 23:22:10 replica.py:171] complete_request_decode:num_saved_toekens=64
DEBUG 08-14 23:22:10 open_ai.py:452] good request:https://u722127-b80a-4e3f9d5d.cqa1.seetacloud.com:8443:good,request._id=90,input=15,output=53
DEBUG 08-14 23:22:10 metrics_store.py:131] update_metrics:request_id=90
DEBUG 08-14 23:22:10 shared.py:180] Removed task for request 90 on https://u722127-b80a-4e3f9d5d.cqa1.seetacloud.com:8443
DEBUG 08-14 23:22:10 open_ai.py:335] async_send_request: request finish prefill, 91
INFO 08-14 23:22:10 open_ai.py:352] async_send_request: prefill completed: req=91,replica_id=2
DEBUG 08-14 23:22:10 replica.py:146] complete_request_prefill: replica_id=[2], request=91, current_budget=17,last_prefill_completed_at=30614939.11408652,last_ttft=0.3308
DEBUG 08-14 23:22:10 replica.py:153] complete_request_prefill - replica_id=[2], request=91,self.replica_slo_budget-sum_pending_tokens==current_budget:True,1048576-0==1048576
INFO 08-14 23:22:11 shared.py:299] Adding task for request 92 to replica 2,session_id=92
DEBUG 08-14 23:22:11 replica.py:226] add_request - replica_id=[2], request=92,self.replica_slo_budget-sum_pending_tokens==current_budget:True,1048576-584==1047992
INFO 08-14 23:22:11 open_ai.py:115] async_send_request:request._id=92,session=92,https://u722127-b80a-4e3f9d5d.cqa1.seetacloud.com:8443
DEBUG 08-14 23:22:11 replica.py:171] complete_request_decode:num_saved_toekens=0
DEBUG 08-14 23:22:11 open_ai.py:452] good request:https://u722127-b80a-4e3f9d5d.cqa1.seetacloud.com:8443:good,request._id=91,input=17,output=9
DEBUG 08-14 23:22:11 metrics_store.py:131] update_metrics:request_id=91
DEBUG 08-14 23:22:11 shared.py:180] Removed task for request 91 on https://u722127-b80a-4e3f9d5d.cqa1.seetacloud.com:8443
DEBUG 08-14 23:22:11 open_ai.py:335] async_send_request: request finish prefill, 92
INFO 08-14 23:22:11 open_ai.py:352] async_send_request: prefill completed: req=92,replica_id=2
DEBUG 08-14 23:22:11 replica.py:146] complete_request_prefill: replica_id=[2], request=92, current_budget=584,last_prefill_completed_at=30614939.27656158,last_ttft=0.0893
DEBUG 08-14 23:22:11 replica.py:153] complete_request_prefill - replica_id=[2], request=92,self.replica_slo_budget-sum_pending_tokens==current_budget:True,1048576-0==1048576
DEBUG 08-14 23:22:11 replica.py:171] complete_request_decode:num_saved_toekens=16
DEBUG 08-14 23:22:11 open_ai.py:452] good request:https://u722127-b80a-4e3f9d5d.cqa1.seetacloud.com:8443:good,request._id=92,input=584,output=17
DEBUG 08-14 23:22:11 metrics_store.py:131] update_metrics:request_id=92
DEBUG 08-14 23:22:11 shared.py:180] Removed task for request 92 on https://u722127-b80a-4e3f9d5d.cqa1.seetacloud.com:8443
INFO 08-14 23:22:11 shared.py:299] Adding task for request 93 to replica 2,session_id=93
DEBUG 08-14 23:22:11 replica.py:226] add_request - replica_id=[2], request=93,self.replica_slo_budget-sum_pending_tokens==current_budget:True,1048576-10==1048566
INFO 08-14 23:22:11 open_ai.py:115] async_send_request:request._id=93,session=93,https://u722127-b80a-4e3f9d5d.cqa1.seetacloud.com:8443
DEBUG 08-14 23:22:11 open_ai.py:335] async_send_request: request finish prefill, 93
INFO 08-14 23:22:11 open_ai.py:352] async_send_request: prefill completed: req=93,replica_id=2
DEBUG 08-14 23:22:11 replica.py:146] complete_request_prefill: replica_id=[2], request=93, current_budget=10,last_prefill_completed_at=30614939.647155102,last_ttft=0.0801
DEBUG 08-14 23:22:11 replica.py:153] complete_request_prefill - replica_id=[2], request=93,self.replica_slo_budget-sum_pending_tokens==current_budget:True,1048576-0==1048576
DEBUG 08-14 23:22:11 replica.py:171] complete_request_decode:num_saved_toekens=16
DEBUG 08-14 23:22:11 open_ai.py:452] good request:https://u722127-b80a-4e3f9d5d.cqa1.seetacloud.com:8443:good,request._id=93,input=10,output=10
DEBUG 08-14 23:22:11 metrics_store.py:131] update_metrics:request_id=93
DEBUG 08-14 23:22:11 shared.py:180] Removed task for request 93 on https://u722127-b80a-4e3f9d5d.cqa1.seetacloud.com:8443
INFO 08-14 23:22:11 shared.py:299] Adding task for request 94 to replica 2,session_id=94
DEBUG 08-14 23:22:11 replica.py:226] add_request - replica_id=[2], request=94,self.replica_slo_budget-sum_pending_tokens==current_budget:True,1048576-87==1048489
INFO 08-14 23:22:11 open_ai.py:115] async_send_request:request._id=94,session=94,https://u722127-b80a-4e3f9d5d.cqa1.seetacloud.com:8443
DEBUG 08-14 23:22:11 open_ai.py:335] async_send_request: request finish prefill, 94
INFO 08-14 23:22:11 open_ai.py:352] async_send_request: prefill completed: req=94,replica_id=2
DEBUG 08-14 23:22:11 replica.py:146] complete_request_prefill: replica_id=[2], request=94, current_budget=87,last_prefill_completed_at=30614940.021091934,last_ttft=0.0838
DEBUG 08-14 23:22:11 replica.py:153] complete_request_prefill - replica_id=[2], request=94,self.replica_slo_budget-sum_pending_tokens==current_budget:True,1048576-0==1048576
DEBUG 08-14 23:22:11 replica.py:171] complete_request_decode:num_saved_toekens=0
DEBUG 08-14 23:22:11 open_ai.py:452] good request:https://u722127-b80a-4e3f9d5d.cqa1.seetacloud.com:8443:good,request._id=94,input=87,output=2
DEBUG 08-14 23:22:11 metrics_store.py:131] update_metrics:request_id=94
DEBUG 08-14 23:22:11 shared.py:180] Removed task for request 94 on https://u722127-b80a-4e3f9d5d.cqa1.seetacloud.com:8443
DEBUG 08-14 23:22:12 replica.py:171] complete_request_decode:num_saved_toekens=864
DEBUG 08-14 23:22:12 open_ai.py:452] good request:https://uu722127-b80a-4e3f9d5d.cqa1.seetacloud.com:8443:good,request._id=69,input=475,output=858
DEBUG 08-14 23:22:12 metrics_store.py:131] update_metrics:request_id=69
DEBUG 08-14 23:22:12 shared.py:180] Removed task for request 69 on https://uu722127-b80a-4e3f9d5d.cqa1.seetacloud.com:8443
INFO 08-14 23:22:12 shared.py:299] Adding task for request 95 to replica 1,session_id=95
DEBUG 08-14 23:22:12 replica.py:226] add_request - replica_id=[1], request=95,self.replica_slo_budget-sum_pending_tokens==current_budget:True,1048576-363==1048213
INFO 08-14 23:22:12 open_ai.py:115] async_send_request:request._id=95,session=95,127.0.0.1:8001
DEBUG 08-14 23:22:12 open_ai.py:335] async_send_request: request finish prefill, 95
INFO 08-14 23:22:12 open_ai.py:352] async_send_request: prefill completed: req=95,replica_id=1
DEBUG 08-14 23:22:12 replica.py:146] complete_request_prefill: replica_id=[1], request=95, current_budget=363,last_prefill_completed_at=30614940.341273066,last_ttft=0.0459
DEBUG 08-14 23:22:12 replica.py:153] complete_request_prefill - replica_id=[1], request=95,self.replica_slo_budget-sum_pending_tokens==current_budget:True,1048576-0==1048576
INFO 08-14 23:22:12 shared.py:299] Adding task for request 96 to replica 2,session_id=96
DEBUG 08-14 23:22:12 replica.py:226] add_request - replica_id=[2], request=96,self.replica_slo_budget-sum_pending_tokens==current_budget:True,1048576-2315==1046261
INFO 08-14 23:22:12 open_ai.py:115] async_send_request:request._id=96,session=96,https://u722127-b80a-4e3f9d5d.cqa1.seetacloud.com:8443
DEBUG 08-14 23:22:12 replica.py:171] complete_request_decode:num_saved_toekens=32
DEBUG 08-14 23:22:12 open_ai.py:452] good request:127.0.0.1:8001:good,request._id=95,input=363,output=25
DEBUG 08-14 23:22:12 metrics_store.py:131] update_metrics:request_id=95
DEBUG 08-14 23:22:12 shared.py:180] Removed task for request 95 on 127.0.0.1:8001
DEBUG 08-14 23:22:12 open_ai.py:335] async_send_request: request finish prefill, 96
INFO 08-14 23:22:12 open_ai.py:352] async_send_request: prefill completed: req=96,replica_id=2
DEBUG 08-14 23:22:12 replica.py:146] complete_request_prefill: replica_id=[2], request=96, current_budget=2315,last_prefill_completed_at=30614940.824763466,last_ttft=0.1431
DEBUG 08-14 23:22:12 replica.py:153] complete_request_prefill - replica_id=[2], request=96,self.replica_slo_budget-sum_pending_tokens==current_budget:True,1048576-0==1048576
DEBUG 08-14 23:22:12 replica.py:171] complete_request_decode:num_saved_toekens=768
DEBUG 08-14 23:22:12 open_ai.py:452] good request:https://u722127-8cb5-f6dc13db.nmb1.seetacloud.com:8443:good,request._id=51,input=39,output=767
DEBUG 08-14 23:22:12 metrics_store.py:131] update_metrics:request_id=51
DEBUG 08-14 23:22:12 shared.py:180] Removed task for request 51 on https://u722127-8cb5-f6dc13db.nmb1.seetacloud.com:8443
INFO 08-14 23:22:12 shared.py:299] Adding task for request 97 to replica 3,session_id=97
DEBUG 08-14 23:22:12 replica.py:226] add_request - replica_id=[3], request=97,self.replica_slo_budget-sum_pending_tokens==current_budget:True,1048576-38==1048538
INFO 08-14 23:22:12 open_ai.py:115] async_send_request:request._id=97,session=97,https://uu722127-b80a-4e3f9d5d.cqa1.seetacloud.com:8443
DEBUG 08-14 23:22:13 open_ai.py:335] async_send_request: request finish prefill, 97
INFO 08-14 23:22:13 open_ai.py:352] async_send_request: prefill completed: req=97,replica_id=3
DEBUG 08-14 23:22:13 replica.py:146] complete_request_prefill: replica_id=[3], request=97, current_budget=38,last_prefill_completed_at=30614941.2063627,last_ttft=0.0941
DEBUG 08-14 23:22:13 replica.py:153] complete_request_prefill - replica_id=[3], request=97,self.replica_slo_budget-sum_pending_tokens==current_budget:True,1048576-0==1048576
DEBUG 08-14 23:22:13 replica.py:171] complete_request_decode:num_saved_toekens=16
DEBUG 08-14 23:22:13 open_ai.py:452] good request:https://uu722127-b80a-4e3f9d5d.cqa1.seetacloud.com:8443:good,request._id=97,input=38,output=18
DEBUG 08-14 23:22:13 metrics_store.py:131] update_metrics:request_id=97
DEBUG 08-14 23:22:13 shared.py:180] Removed task for request 97 on https://uu722127-b80a-4e3f9d5d.cqa1.seetacloud.com:8443
INFO 08-14 23:22:13 shared.py:299] Adding task for request 98 to replica 3,session_id=98
DEBUG 08-14 23:22:13 replica.py:226] add_request - replica_id=[3], request=98,self.replica_slo_budget-sum_pending_tokens==current_budget:True,1048576-72==1048504
INFO 08-14 23:22:13 open_ai.py:115] async_send_request:request._id=98,session=98,https://uu722127-b80a-4e3f9d5d.cqa1.seetacloud.com:8443
DEBUG 08-14 23:22:13 open_ai.py:335] async_send_request: request finish prefill, 98
INFO 08-14 23:22:13 open_ai.py:352] async_send_request: prefill completed: req=98,replica_id=3
DEBUG 08-14 23:22:13 replica.py:146] complete_request_prefill: replica_id=[3], request=98, current_budget=72,last_prefill_completed_at=30614941.612546995,last_ttft=0.0953
DEBUG 08-14 23:22:13 replica.py:153] complete_request_prefill - replica_id=[3], request=98,self.replica_slo_budget-sum_pending_tokens==current_budget:True,1048576-0==1048576
DEBUG 08-14 23:22:13 replica.py:171] complete_request_decode:num_saved_toekens=192
DEBUG 08-14 23:22:13 open_ai.py:452] good request:https://u722127-8cb5-f6dc13db.nmb1.seetacloud.com:8443:good,request._id=87,input=347,output=194
DEBUG 08-14 23:22:13 metrics_store.py:131] update_metrics:request_id=87
DEBUG 08-14 23:22:13 shared.py:180] Removed task for request 87 on https://u722127-8cb5-f6dc13db.nmb1.seetacloud.com:8443
DEBUG 08-14 23:22:13 replica.py:171] complete_request_decode:num_saved_toekens=320
DEBUG 08-14 23:22:13 open_ai.py:452] good request:127.0.0.1:8000:good,request._id=86,input=363,output=310
DEBUG 08-14 23:22:13 metrics_store.py:131] update_metrics:request_id=86
DEBUG 08-14 23:22:13 shared.py:180] Removed task for request 86 on 127.0.0.1:8000
INFO 08-14 23:22:13 shared.py:299] Adding task for request 99 to replica 4,session_id=99
DEBUG 08-14 23:22:13 replica.py:226] add_request - replica_id=[4], request=99,self.replica_slo_budget-sum_pending_tokens==current_budget:True,1048576-32==1048544
INFO 08-14 23:22:13 open_ai.py:115] async_send_request:request._id=99,session=99,https://u722127-8cb5-f6dc13db.nmb1.seetacloud.com:8443
DEBUG 08-14 23:22:13 replica.py:171] complete_request_decode:num_saved_toekens=32
DEBUG 08-14 23:22:13 open_ai.py:452] good request:https://uu722127-b80a-4e3f9d5d.cqa1.seetacloud.com:8443:good,request._id=98,input=72,output=29
DEBUG 08-14 23:22:13 metrics_store.py:131] update_metrics:request_id=98
DEBUG 08-14 23:22:13 shared.py:180] Removed task for request 98 on https://uu722127-b80a-4e3f9d5d.cqa1.seetacloud.com:8443
DEBUG 08-14 23:22:13 open_ai.py:335] async_send_request: request finish prefill, 99
INFO 08-14 23:22:13 open_ai.py:352] async_send_request: prefill completed: req=99,replica_id=4
DEBUG 08-14 23:22:13 replica.py:146] complete_request_prefill: replica_id=[4], request=99, current_budget=32,last_prefill_completed_at=30614941.99968999,last_ttft=0.0964
DEBUG 08-14 23:22:13 replica.py:153] complete_request_prefill - replica_id=[4], request=99,self.replica_slo_budget-sum_pending_tokens==current_budget:True,1048576-0==1048576
INFO 08-14 23:22:14 shared.py:299] Adding task for request 100 to replica 2,session_id=100
DEBUG 08-14 23:22:14 replica.py:226] add_request - replica_id=[2], request=100,self.replica_slo_budget-sum_pending_tokens==current_budget:True,1048576-87==1048489
INFO 08-14 23:22:14 open_ai.py:115] async_send_request:request._id=100,session=100,https://u722127-b80a-4e3f9d5d.cqa1.seetacloud.com:8443
DEBUG 08-14 23:22:14 open_ai.py:335] async_send_request: request finish prefill, 100
INFO 08-14 23:22:14 open_ai.py:352] async_send_request: prefill completed: req=100,replica_id=2
DEBUG 08-14 23:22:14 replica.py:146] complete_request_prefill: replica_id=[2], request=100, current_budget=87,last_prefill_completed_at=30614942.391261753,last_ttft=0.0979
DEBUG 08-14 23:22:14 replica.py:153] complete_request_prefill - replica_id=[2], request=100,self.replica_slo_budget-sum_pending_tokens==current_budget:True,1048576-0==1048576
DEBUG 08-14 23:22:14 replica.py:171] complete_request_decode:num_saved_toekens=0
DEBUG 08-14 23:22:14 open_ai.py:452] good request:https://u722127-b80a-4e3f9d5d.cqa1.seetacloud.com:8443:good,request._id=100,input=87,output=2
DEBUG 08-14 23:22:14 metrics_store.py:131] update_metrics:request_id=100
DEBUG 08-14 23:22:14 shared.py:180] Removed task for request 100 on https://u722127-b80a-4e3f9d5d.cqa1.seetacloud.com:8443
DEBUG 08-14 23:22:14 replica.py:171] complete_request_decode:num_saved_toekens=752
INFO 08-14 23:22:14 shared.py:299] Adding task for request 101 to replica 3,session_id=101
DEBUG 08-14 23:22:14 replica.py:226] add_request - replica_id=[3], request=101,self.replica_slo_budget-sum_pending_tokens==current_budget:True,1048576-241==1048335
INFO 08-14 23:22:14 open_ai.py:115] async_send_request:request._id=101,session=101,https://uu722127-b80a-4e3f9d5d.cqa1.seetacloud.com:8443
DEBUG 08-14 23:22:14 open_ai.py:452] good request:127.0.0.1:8000:good,request._id=70,input=119,output=757
DEBUG 08-14 23:22:14 metrics_store.py:131] update_metrics:request_id=70
DEBUG 08-14 23:22:14 shared.py:180] Removed task for request 70 on 127.0.0.1:8000
DEBUG 08-14 23:22:14 open_ai.py:335] async_send_request: request finish prefill, 101
INFO 08-14 23:22:14 open_ai.py:352] async_send_request: prefill completed: req=101,replica_id=3
DEBUG 08-14 23:22:14 replica.py:146] complete_request_prefill: replica_id=[3], request=101, current_budget=241,last_prefill_completed_at=30614942.806088023,last_ttft=0.0937
DEBUG 08-14 23:22:14 replica.py:153] complete_request_prefill - replica_id=[3], request=101,self.replica_slo_budget-sum_pending_tokens==current_budget:True,1048576-0==1048576
DEBUG 08-14 23:22:14 replica.py:171] complete_request_decode:num_saved_toekens=0
DEBUG 08-14 23:22:14 open_ai.py:452] good request:https://uu722127-b80a-4e3f9d5d.cqa1.seetacloud.com:8443:good,request._id=101,input=241,output=5
DEBUG 08-14 23:22:14 metrics_store.py:131] update_metrics:request_id=101
DEBUG 08-14 23:22:14 shared.py:180] Removed task for request 101 on https://uu722127-b80a-4e3f9d5d.cqa1.seetacloud.com:8443
DEBUG 08-14 23:22:14 replica.py:171] complete_request_decode:num_saved_toekens=176
DEBUG 08-14 23:22:14 open_ai.py:452] good request:https://u722127-b80a-4e3f9d5d.cqa1.seetacloud.com:8443:good,request._id=96,input=2315,output=180
DEBUG 08-14 23:22:14 metrics_store.py:131] update_metrics:request_id=96
DEBUG 08-14 23:22:14 shared.py:180] Removed task for request 96 on https://u722127-b80a-4e3f9d5d.cqa1.seetacloud.com:8443
INFO 08-14 23:22:14 shared.py:299] Adding task for request 102 to replica 2,session_id=102
DEBUG 08-14 23:22:14 replica.py:226] add_request - replica_id=[2], request=102,self.replica_slo_budget-sum_pending_tokens==current_budget:True,1048576-349==1048227
INFO 08-14 23:22:14 open_ai.py:115] async_send_request:request._id=102,session=102,https://u722127-b80a-4e3f9d5d.cqa1.seetacloud.com:8443
DEBUG 08-14 23:22:15 open_ai.py:335] async_send_request: request finish prefill, 102
INFO 08-14 23:22:15 open_ai.py:352] async_send_request: prefill completed: req=102,replica_id=2
DEBUG 08-14 23:22:15 replica.py:146] complete_request_prefill: replica_id=[2], request=102, current_budget=349,last_prefill_completed_at=30614943.204372983,last_ttft=0.0879
DEBUG 08-14 23:22:15 replica.py:153] complete_request_prefill - replica_id=[2], request=102,self.replica_slo_budget-sum_pending_tokens==current_budget:True,1048576-0==1048576
INFO 08-14 23:22:15 shared.py:299] Adding task for request 103 to replica 3,session_id=103
DEBUG 08-14 23:22:15 replica.py:226] add_request - replica_id=[3], request=103,self.replica_slo_budget-sum_pending_tokens==current_budget:True,1048576-80==1048496
INFO 08-14 23:22:15 open_ai.py:115] async_send_request:request._id=103,session=103,https://uu722127-b80a-4e3f9d5d.cqa1.seetacloud.com:8443
DEBUG 08-14 23:22:15 open_ai.py:335] async_send_request: request finish prefill, 103
INFO 08-14 23:22:15 open_ai.py:352] async_send_request: prefill completed: req=103,replica_id=3
DEBUG 08-14 23:22:15 replica.py:146] complete_request_prefill: replica_id=[3], request=103, current_budget=80,last_prefill_completed_at=30614943.584812947,last_ttft=0.0856
DEBUG 08-14 23:22:15 replica.py:153] complete_request_prefill - replica_id=[3], request=103,self.replica_slo_budget-sum_pending_tokens==current_budget:True,1048576-0==1048576
DEBUG 08-14 23:22:15 replica.py:171] complete_request_decode:num_saved_toekens=496
DEBUG 08-14 23:22:15 open_ai.py:452] good request:https://uu722127-b80a-4e3f9d5d.cqa1.seetacloud.com:8443:good,request._id=89,input=13,output=494
DEBUG 08-14 23:22:15 metrics_store.py:131] update_metrics:request_id=89
DEBUG 08-14 23:22:15 shared.py:180] Removed task for request 89 on https://uu722127-b80a-4e3f9d5d.cqa1.seetacloud.com:8443
DEBUG 08-14 23:22:15 replica.py:171] complete_request_decode:num_saved_toekens=16
DEBUG 08-14 23:22:15 open_ai.py:452] good request:https://uu722127-b80a-4e3f9d5d.cqa1.seetacloud.com:8443:good,request._id=103,input=80,output=18
DEBUG 08-14 23:22:15 metrics_store.py:131] update_metrics:request_id=103
DEBUG 08-14 23:22:15 shared.py:180] Removed task for request 103 on https://uu722127-b80a-4e3f9d5d.cqa1.seetacloud.com:8443
INFO 08-14 23:22:15 shared.py:299] Adding task for request 104 to replica 3,session_id=104
DEBUG 08-14 23:22:15 replica.py:226] add_request - replica_id=[3], request=104,self.replica_slo_budget-sum_pending_tokens==current_budget:True,1048576-21==1048555
INFO 08-14 23:22:15 open_ai.py:115] async_send_request:request._id=104,session=104,https://uu722127-b80a-4e3f9d5d.cqa1.seetacloud.com:8443
DEBUG 08-14 23:22:15 open_ai.py:335] async_send_request: request finish prefill, 104
INFO 08-14 23:22:15 open_ai.py:352] async_send_request: prefill completed: req=104,replica_id=3
DEBUG 08-14 23:22:15 replica.py:146] complete_request_prefill: replica_id=[3], request=104, current_budget=21,last_prefill_completed_at=30614943.9994658,last_ttft=0.0792
DEBUG 08-14 23:22:15 replica.py:153] complete_request_prefill - replica_id=[3], request=104,self.replica_slo_budget-sum_pending_tokens==current_budget:True,1048576-0==1048576
INFO 08-14 23:22:16 shared.py:299] Adding task for request 105 to replica 3,session_id=105
DEBUG 08-14 23:22:16 replica.py:226] add_request - replica_id=[3], request=105,self.replica_slo_budget-sum_pending_tokens==current_budget:True,1048576-17==1048559
INFO 08-14 23:22:16 open_ai.py:115] async_send_request:request._id=105,session=105,https://uu722127-b80a-4e3f9d5d.cqa1.seetacloud.com:8443
DEBUG 08-14 23:22:16 open_ai.py:335] async_send_request: request finish prefill, 105
INFO 08-14 23:22:16 open_ai.py:352] async_send_request: prefill completed: req=105,replica_id=3
DEBUG 08-14 23:22:16 replica.py:146] complete_request_prefill: replica_id=[3], request=105, current_budget=17,last_prefill_completed_at=30614944.400546286,last_ttft=0.0773
DEBUG 08-14 23:22:16 replica.py:153] complete_request_prefill - replica_id=[3], request=105,self.replica_slo_budget-sum_pending_tokens==current_budget:True,1048576-0==1048576
INFO 08-14 23:22:16 shared.py:299] Adding task for request 106 to replica 1,session_id=106
DEBUG 08-14 23:22:16 replica.py:226] add_request - replica_id=[1], request=106,self.replica_slo_budget-sum_pending_tokens==current_budget:True,1048576-9==1048567
INFO 08-14 23:22:16 open_ai.py:115] async_send_request:request._id=106,session=106,127.0.0.1:8001
DEBUG 08-14 23:22:16 replica.py:171] complete_request_decode:num_saved_toekens=16
DEBUG 08-14 23:22:16 open_ai.py:452] good request:https://uu722127-b80a-4e3f9d5d.cqa1.seetacloud.com:8443:good,request._id=105,input=17,output=29
DEBUG 08-14 23:22:16 metrics_store.py:131] update_metrics:request_id=105
DEBUG 08-14 23:22:16 shared.py:180] Removed task for request 105 on https://uu722127-b80a-4e3f9d5d.cqa1.seetacloud.com:8443
DEBUG 08-14 23:22:16 open_ai.py:335] async_send_request: request finish prefill, 106
INFO 08-14 23:22:16 open_ai.py:352] async_send_request: prefill completed: req=106,replica_id=1
DEBUG 08-14 23:22:16 replica.py:146] complete_request_prefill: replica_id=[1], request=106, current_budget=9,last_prefill_completed_at=30614944.746040814,last_ttft=0.0439
DEBUG 08-14 23:22:16 replica.py:153] complete_request_prefill - replica_id=[1], request=106,self.replica_slo_budget-sum_pending_tokens==current_budget:True,1048576-0==1048576
DEBUG 08-14 23:22:16 replica.py:171] complete_request_decode:num_saved_toekens=144
DEBUG 08-14 23:22:16 open_ai.py:452] good request:https://u722127-b80a-4e3f9d5d.cqa1.seetacloud.com:8443:good,request._id=102,input=349,output=145
DEBUG 08-14 23:22:16 metrics_store.py:131] update_metrics:request_id=102
DEBUG 08-14 23:22:16 shared.py:180] Removed task for request 102 on https://u722127-b80a-4e3f9d5d.cqa1.seetacloud.com:8443
DEBUG 08-14 23:22:16 replica.py:171] complete_request_decode:num_saved_toekens=0
DEBUG 08-14 23:22:16 open_ai.py:452] good request:127.0.0.1:8001:good,request._id=106,input=9,output=10
DEBUG 08-14 23:22:16 metrics_store.py:131] update_metrics:request_id=106
DEBUG 08-14 23:22:16 shared.py:180] Removed task for request 106 on 127.0.0.1:8001
INFO 08-14 23:22:16 shared.py:299] Adding task for request 107 to replica 2,session_id=107
DEBUG 08-14 23:22:16 replica.py:226] add_request - replica_id=[2], request=107,self.replica_slo_budget-sum_pending_tokens==current_budget:True,1048576-71==1048505
INFO 08-14 23:22:16 open_ai.py:115] async_send_request:request._id=107,session=107,https://u722127-b80a-4e3f9d5d.cqa1.seetacloud.com:8443
DEBUG 08-14 23:22:17 open_ai.py:335] async_send_request: request finish prefill, 107
INFO 08-14 23:22:17 open_ai.py:352] async_send_request: prefill completed: req=107,replica_id=2
DEBUG 08-14 23:22:17 replica.py:146] complete_request_prefill: replica_id=[2], request=107, current_budget=71,last_prefill_completed_at=30614945.155944988,last_ttft=0.0838
DEBUG 08-14 23:22:17 replica.py:153] complete_request_prefill - replica_id=[2], request=107,self.replica_slo_budget-sum_pending_tokens==current_budget:True,1048576-0==1048576
INFO 08-14 23:22:17 shared.py:299] Adding task for request 108 to replica 0,session_id=108
DEBUG 08-14 23:22:17 replica.py:226] add_request - replica_id=[0], request=108,self.replica_slo_budget-sum_pending_tokens==current_budget:True,1048576-61==1048515
INFO 08-14 23:22:17 open_ai.py:115] async_send_request:request._id=108,session=108,127.0.0.1:8000
DEBUG 08-14 23:22:17 open_ai.py:335] async_send_request: request finish prefill, 108
INFO 08-14 23:22:17 open_ai.py:352] async_send_request: prefill completed: req=108,replica_id=0
DEBUG 08-14 23:22:17 replica.py:146] complete_request_prefill: replica_id=[0], request=108, current_budget=61,last_prefill_completed_at=30614945.518053908,last_ttft=0.0419
DEBUG 08-14 23:22:17 replica.py:153] complete_request_prefill - replica_id=[0], request=108,self.replica_slo_budget-sum_pending_tokens==current_budget:True,1048576-0==1048576
DEBUG 08-14 23:22:17 replica.py:171] complete_request_decode:num_saved_toekens=16
DEBUG 08-14 23:22:17 open_ai.py:452] good request:127.0.0.1:8000:good,request._id=108,input=61,output=18
DEBUG 08-14 23:22:17 metrics_store.py:131] update_metrics:request_id=108
DEBUG 08-14 23:22:17 shared.py:180] Removed task for request 108 on 127.0.0.1:8000
INFO 08-14 23:22:17 shared.py:299] Adding task for request 109 to replica 3,session_id=109
DEBUG 08-14 23:22:17 replica.py:226] add_request - replica_id=[3], request=109,self.replica_slo_budget-sum_pending_tokens==current_budget:True,1048576-86==1048490
INFO 08-14 23:22:17 open_ai.py:115] async_send_request:request._id=109,session=109,https://uu722127-b80a-4e3f9d5d.cqa1.seetacloud.com:8443
DEBUG 08-14 23:22:17 open_ai.py:335] async_send_request: request finish prefill, 109
INFO 08-14 23:22:17 open_ai.py:352] async_send_request: prefill completed: req=109,replica_id=3
DEBUG 08-14 23:22:17 replica.py:146] complete_request_prefill: replica_id=[3], request=109, current_budget=86,last_prefill_completed_at=30614945.97421237,last_ttft=0.0895
DEBUG 08-14 23:22:17 replica.py:153] complete_request_prefill - replica_id=[3], request=109,self.replica_slo_budget-sum_pending_tokens==current_budget:True,1048576-0==1048576
INFO 08-14 23:22:18 shared.py:299] Adding task for request 110 to replica 4,session_id=110
DEBUG 08-14 23:22:18 replica.py:226] add_request - replica_id=[4], request=110,self.replica_slo_budget-sum_pending_tokens==current_budget:True,1048576-48==1048528
INFO 08-14 23:22:18 open_ai.py:115] async_send_request:request._id=110,session=110,https://u722127-8cb5-f6dc13db.nmb1.seetacloud.com:8443
DEBUG 08-14 23:22:18 open_ai.py:335] async_send_request: request finish prefill, 110
INFO 08-14 23:22:18 open_ai.py:352] async_send_request: prefill completed: req=110,replica_id=4
DEBUG 08-14 23:22:18 replica.py:146] complete_request_prefill: replica_id=[4], request=110, current_budget=48,last_prefill_completed_at=30614946.356372777,last_ttft=0.099
DEBUG 08-14 23:22:18 replica.py:153] complete_request_prefill - replica_id=[4], request=110,self.replica_slo_budget-sum_pending_tokens==current_budget:True,1048576-0==1048576
INFO 08-14 23:22:18 shared.py:299] Adding task for request 111 to replica 0,session_id=111
DEBUG 08-14 23:22:18 replica.py:226] add_request - replica_id=[0], request=111,self.replica_slo_budget-sum_pending_tokens==current_budget:True,1048576-35==1048541
INFO 08-14 23:22:18 open_ai.py:115] async_send_request:request._id=111,session=111,127.0.0.1:8000
DEBUG 08-14 23:22:18 open_ai.py:335] async_send_request: request finish prefill, 111
INFO 08-14 23:22:18 open_ai.py:352] async_send_request: prefill completed: req=111,replica_id=0
DEBUG 08-14 23:22:18 replica.py:146] complete_request_prefill: replica_id=[0], request=111, current_budget=35,last_prefill_completed_at=30614946.688685067,last_ttft=0.0416
DEBUG 08-14 23:22:18 replica.py:153] complete_request_prefill - replica_id=[0], request=111,self.replica_slo_budget-sum_pending_tokens==current_budget:True,1048576-0==1048576
INFO 08-14 23:22:18 shared.py:299] Adding task for request 112 to replica 1,session_id=112
DEBUG 08-14 23:22:18 replica.py:226] add_request - replica_id=[1], request=112,self.replica_slo_budget-sum_pending_tokens==current_budget:True,1048576-46==1048530
INFO 08-14 23:22:18 open_ai.py:115] async_send_request:request._id=112,session=112,127.0.0.1:8001
DEBUG 08-14 23:22:18 open_ai.py:335] async_send_request: request finish prefill, 112
INFO 08-14 23:22:18 open_ai.py:352] async_send_request: prefill completed: req=112,replica_id=1
DEBUG 08-14 23:22:18 replica.py:146] complete_request_prefill: replica_id=[1], request=112, current_budget=46,last_prefill_completed_at=30614947.087427694,last_ttft=0.0481
DEBUG 08-14 23:22:18 replica.py:153] complete_request_prefill - replica_id=[1], request=112,self.replica_slo_budget-sum_pending_tokens==current_budget:True,1048576-0==1048576
INFO 08-14 23:22:19 shared.py:299] Adding task for request 113 to replica 2,session_id=113
DEBUG 08-14 23:22:19 replica.py:226] add_request - replica_id=[2], request=113,self.replica_slo_budget-sum_pending_tokens==current_budget:True,1048576-25==1048551
INFO 08-14 23:22:19 open_ai.py:115] async_send_request:request._id=113,session=113,https://u722127-b80a-4e3f9d5d.cqa1.seetacloud.com:8443
DEBUG 08-14 23:22:19 open_ai.py:335] async_send_request: request finish prefill, 113
INFO 08-14 23:22:19 open_ai.py:352] async_send_request: prefill completed: req=113,replica_id=2
DEBUG 08-14 23:22:19 replica.py:146] complete_request_prefill: replica_id=[2], request=113, current_budget=25,last_prefill_completed_at=30614947.52092265,last_ttft=0.0847
DEBUG 08-14 23:22:19 replica.py:153] complete_request_prefill - replica_id=[2], request=113,self.replica_slo_budget-sum_pending_tokens==current_budget:True,1048576-0==1048576
INFO 08-14 23:22:19 shared.py:299] Adding task for request 114 to replica 2,session_id=114
DEBUG 08-14 23:22:19 replica.py:226] add_request - replica_id=[2], request=114,self.replica_slo_budget-sum_pending_tokens==current_budget:True,1048576-41==1048535
INFO 08-14 23:22:19 open_ai.py:115] async_send_request:request._id=114,session=114,https://u722127-b80a-4e3f9d5d.cqa1.seetacloud.com:8443
DEBUG 08-14 23:22:19 open_ai.py:335] async_send_request: request finish prefill, 114
INFO 08-14 23:22:19 open_ai.py:352] async_send_request: prefill completed: req=114,replica_id=2
DEBUG 08-14 23:22:19 replica.py:146] complete_request_prefill: replica_id=[2], request=114, current_budget=41,last_prefill_completed_at=30614947.94603903,last_ttft=0.0978
DEBUG 08-14 23:22:19 replica.py:153] complete_request_prefill - replica_id=[2], request=114,self.replica_slo_budget-sum_pending_tokens==current_budget:True,1048576-0==1048576
DEBUG 08-14 23:22:19 replica.py:171] complete_request_decode:num_saved_toekens=80
DEBUG 08-14 23:22:19 open_ai.py:452] good request:127.0.0.1:8000:good,request._id=111,input=35,output=89
DEBUG 08-14 23:22:19 metrics_store.py:131] update_metrics:request_id=111
DEBUG 08-14 23:22:19 shared.py:180] Removed task for request 111 on 127.0.0.1:8000
DEBUG 08-14 23:22:19 replica.py:171] complete_request_decode:num_saved_toekens=16
DEBUG 08-14 23:22:20 open_ai.py:452] good request:https://u722127-b80a-4e3f9d5d.cqa1.seetacloud.com:8443:good,request._id=114,input=41,output=18
DEBUG 08-14 23:22:20 metrics_store.py:131] update_metrics:request_id=114
DEBUG 08-14 23:22:20 shared.py:180] Removed task for request 114 on https://u722127-b80a-4e3f9d5d.cqa1.seetacloud.com:8443
INFO 08-14 23:22:20 shared.py:299] Adding task for request 115 to replica 0,session_id=115
DEBUG 08-14 23:22:20 replica.py:226] add_request - replica_id=[0], request=115,self.replica_slo_budget-sum_pending_tokens==current_budget:True,1048576-24==1048552
INFO 08-14 23:22:20 open_ai.py:115] async_send_request:request._id=115,session=115,127.0.0.1:8000
DEBUG 08-14 23:22:20 open_ai.py:335] async_send_request: request finish prefill, 115
INFO 08-14 23:22:20 open_ai.py:352] async_send_request: prefill completed: req=115,replica_id=0
DEBUG 08-14 23:22:20 replica.py:146] complete_request_prefill: replica_id=[0], request=115, current_budget=24,last_prefill_completed_at=30614948.264588226,last_ttft=0.0395
DEBUG 08-14 23:22:20 replica.py:153] complete_request_prefill - replica_id=[0], request=115,self.replica_slo_budget-sum_pending_tokens==current_budget:True,1048576-0==1048576
INFO 08-14 23:22:20 shared.py:299] Adding task for request 116 to replica 2,session_id=116
DEBUG 08-14 23:22:20 replica.py:226] add_request - replica_id=[2], request=116,self.replica_slo_budget-sum_pending_tokens==current_budget:True,1048576-84==1048492
INFO 08-14 23:22:20 open_ai.py:115] async_send_request:request._id=116,session=116,https://u722127-b80a-4e3f9d5d.cqa1.seetacloud.com:8443
DEBUG 08-14 23:22:20 open_ai.py:335] async_send_request: request finish prefill, 116
INFO 08-14 23:22:20 open_ai.py:352] async_send_request: prefill completed: req=116,replica_id=2
DEBUG 08-14 23:22:20 replica.py:146] complete_request_prefill: replica_id=[2], request=116, current_budget=84,last_prefill_completed_at=30614948.7370065,last_ttft=0.0938
DEBUG 08-14 23:22:20 replica.py:153] complete_request_prefill - replica_id=[2], request=116,self.replica_slo_budget-sum_pending_tokens==current_budget:True,1048576-0==1048576
DEBUG 08-14 23:22:20 replica.py:171] complete_request_decode:num_saved_toekens=48
DEBUG 08-14 23:22:20 open_ai.py:452] good request:127.0.0.1:8000:good,request._id=115,input=24,output=45
DEBUG 08-14 23:22:20 metrics_store.py:131] update_metrics:request_id=115
DEBUG 08-14 23:22:20 shared.py:180] Removed task for request 115 on 127.0.0.1:8000
INFO 08-14 23:22:20 shared.py:299] Adding task for request 117 to replica 3,session_id=117
DEBUG 08-14 23:22:20 replica.py:226] add_request - replica_id=[3], request=117,self.replica_slo_budget-sum_pending_tokens==current_budget:True,1048576-61==1048515
INFO 08-14 23:22:20 open_ai.py:115] async_send_request:request._id=117,session=117,https://uu722127-b80a-4e3f9d5d.cqa1.seetacloud.com:8443
DEBUG 08-14 23:22:21 open_ai.py:335] async_send_request: request finish prefill, 117
INFO 08-14 23:22:21 open_ai.py:352] async_send_request: prefill completed: req=117,replica_id=3
DEBUG 08-14 23:22:21 replica.py:146] complete_request_prefill: replica_id=[3], request=117, current_budget=61,last_prefill_completed_at=30614949.191760127,last_ttft=0.1505
DEBUG 08-14 23:22:21 replica.py:153] complete_request_prefill - replica_id=[3], request=117,self.replica_slo_budget-sum_pending_tokens==current_budget:True,1048576-0==1048576
INFO 08-14 23:22:21 shared.py:299] Adding task for request 118 to replica 4,session_id=118
DEBUG 08-14 23:22:21 replica.py:226] add_request - replica_id=[4], request=118,self.replica_slo_budget-sum_pending_tokens==current_budget:True,1048576-596==1047980
INFO 08-14 23:22:21 open_ai.py:115] async_send_request:request._id=118,session=118,https://u722127-8cb5-f6dc13db.nmb1.seetacloud.com:8443
DEBUG 08-14 23:22:21 open_ai.py:335] async_send_request: request finish prefill, 118
INFO 08-14 23:22:21 open_ai.py:352] async_send_request: prefill completed: req=118,replica_id=4
DEBUG 08-14 23:22:21 replica.py:146] complete_request_prefill: replica_id=[4], request=118, current_budget=596,last_prefill_completed_at=30614949.54026932,last_ttft=0.0908
DEBUG 08-14 23:22:21 replica.py:153] complete_request_prefill - replica_id=[4], request=118,self.replica_slo_budget-sum_pending_tokens==current_budget:True,1048576-0==1048576
DEBUG 08-14 23:22:21 replica.py:171] complete_request_decode:num_saved_toekens=48
DEBUG 08-14 23:22:21 open_ai.py:452] good request:https://uu722127-b80a-4e3f9d5d.cqa1.seetacloud.com:8443:good,request._id=117,input=61,output=37
DEBUG 08-14 23:22:21 metrics_store.py:131] update_metrics:request_id=117
DEBUG 08-14 23:22:21 shared.py:180] Removed task for request 117 on https://uu722127-b80a-4e3f9d5d.cqa1.seetacloud.com:8443
INFO 08-14 23:22:21 shared.py:299] Adding task for request 119 to replica 0,session_id=119
DEBUG 08-14 23:22:21 replica.py:226] add_request - replica_id=[0], request=119,self.replica_slo_budget-sum_pending_tokens==current_budget:True,1048576-22==1048554
INFO 08-14 23:22:21 open_ai.py:115] async_send_request:request._id=119,session=119,127.0.0.1:8000
DEBUG 08-14 23:22:21 open_ai.py:335] async_send_request: request finish prefill, 119
INFO 08-14 23:22:21 open_ai.py:352] async_send_request: prefill completed: req=119,replica_id=0
DEBUG 08-14 23:22:21 replica.py:146] complete_request_prefill: replica_id=[0], request=119, current_budget=22,last_prefill_completed_at=30614949.888512474,last_ttft=0.0403
DEBUG 08-14 23:22:21 replica.py:153] complete_request_prefill - replica_id=[0], request=119,self.replica_slo_budget-sum_pending_tokens==current_budget:True,1048576-0==1048576
DEBUG 08-14 23:22:21 replica.py:171] complete_request_decode:num_saved_toekens=16
DEBUG 08-14 23:22:21 open_ai.py:452] good request:https://u722127-8cb5-f6dc13db.nmb1.seetacloud.com:8443:good,request._id=118,input=596,output=17
DEBUG 08-14 23:22:21 metrics_store.py:131] update_metrics:request_id=118
DEBUG 08-14 23:22:21 shared.py:180] Removed task for request 118 on https://u722127-8cb5-f6dc13db.nmb1.seetacloud.com:8443
DEBUG 08-14 23:22:21 replica.py:171] complete_request_decode:num_saved_toekens=512
DEBUG 08-14 23:22:21 open_ai.py:452] good request:https://uu722127-b80a-4e3f9d5d.cqa1.seetacloud.com:8443:good,request._id=104,input=21,output=515
DEBUG 08-14 23:22:21 metrics_store.py:131] update_metrics:request_id=104
DEBUG 08-14 23:22:21 shared.py:180] Removed task for request 104 on https://uu722127-b80a-4e3f9d5d.cqa1.seetacloud.com:8443
INFO 08-14 23:22:22 shared.py:299] Adding task for request 120 to replica 3,session_id=120
DEBUG 08-14 23:22:22 replica.py:226] add_request - replica_id=[3], request=120,self.replica_slo_budget-sum_pending_tokens==current_budget:True,1048576-54==1048522
INFO 08-14 23:22:22 open_ai.py:115] async_send_request:request._id=120,session=120,https://uu722127-b80a-4e3f9d5d.cqa1.seetacloud.com:8443
DEBUG 08-14 23:22:22 open_ai.py:335] async_send_request: request finish prefill, 120
INFO 08-14 23:22:22 open_ai.py:352] async_send_request: prefill completed: req=120,replica_id=3
DEBUG 08-14 23:22:22 replica.py:146] complete_request_prefill: replica_id=[3], request=120, current_budget=54,last_prefill_completed_at=30614950.367453873,last_ttft=0.0832
DEBUG 08-14 23:22:22 replica.py:153] complete_request_prefill - replica_id=[3], request=120,self.replica_slo_budget-sum_pending_tokens==current_budget:True,1048576-0==1048576
DEBUG 08-14 23:22:22 replica.py:171] complete_request_decode:num_saved_toekens=256
DEBUG 08-14 23:22:22 open_ai.py:452] good request:https://u722127-b80a-4e3f9d5d.cqa1.seetacloud.com:8443:good,request._id=113,input=25,output=262
DEBUG 08-14 23:22:22 metrics_store.py:131] update_metrics:request_id=113
DEBUG 08-14 23:22:22 shared.py:180] Removed task for request 113 on https://u722127-b80a-4e3f9d5d.cqa1.seetacloud.com:8443
INFO 08-14 23:22:22 shared.py:299] Adding task for request 121 to replica 3,session_id=121
DEBUG 08-14 23:22:22 replica.py:226] add_request - replica_id=[3], request=121,self.replica_slo_budget-sum_pending_tokens==current_budget:True,1048576-239==1048337
INFO 08-14 23:22:22 open_ai.py:115] async_send_request:request._id=121,session=121,https://uu722127-b80a-4e3f9d5d.cqa1.seetacloud.com:8443
DEBUG 08-14 23:22:22 open_ai.py:335] async_send_request: request finish prefill, 121
INFO 08-14 23:22:22 open_ai.py:352] async_send_request: prefill completed: req=121,replica_id=3
DEBUG 08-14 23:22:22 replica.py:146] complete_request_prefill: replica_id=[3], request=121, current_budget=239,last_prefill_completed_at=30614950.766770046,last_ttft=0.0734
DEBUG 08-14 23:22:22 replica.py:153] complete_request_prefill - replica_id=[3], request=121,self.replica_slo_budget-sum_pending_tokens==current_budget:True,1048576-0==1048576
INFO 08-14 23:22:22 shared.py:299] Adding task for request 122 to replica 4,session_id=122
DEBUG 08-14 23:22:22 replica.py:226] add_request - replica_id=[4], request=122,self.replica_slo_budget-sum_pending_tokens==current_budget:True,1048576-361==1048215
INFO 08-14 23:22:22 open_ai.py:115] async_send_request:request._id=122,session=122,https://u722127-8cb5-f6dc13db.nmb1.seetacloud.com:8443
DEBUG 08-14 23:22:23 open_ai.py:335] async_send_request: request finish prefill, 122
INFO 08-14 23:22:23 open_ai.py:352] async_send_request: prefill completed: req=122,replica_id=4
DEBUG 08-14 23:22:23 replica.py:146] complete_request_prefill: replica_id=[4], request=122, current_budget=361,last_prefill_completed_at=30614951.164855905,last_ttft=0.0905
DEBUG 08-14 23:22:23 replica.py:153] complete_request_prefill - replica_id=[4], request=122,self.replica_slo_budget-sum_pending_tokens==current_budget:True,1048576-0==1048576
INFO 08-14 23:22:23 shared.py:299] Adding task for request 123 to replica 0,session_id=123
DEBUG 08-14 23:22:23 replica.py:226] add_request - replica_id=[0], request=123,self.replica_slo_budget-sum_pending_tokens==current_budget:True,1048576-20==1048556
INFO 08-14 23:22:23 open_ai.py:115] async_send_request:request._id=123,session=123,127.0.0.1:8000
DEBUG 08-14 23:22:23 open_ai.py:335] async_send_request: request finish prefill, 123
INFO 08-14 23:22:23 open_ai.py:352] async_send_request: prefill completed: req=123,replica_id=0
DEBUG 08-14 23:22:23 replica.py:146] complete_request_prefill: replica_id=[0], request=123, current_budget=20,last_prefill_completed_at=30614951.484850887,last_ttft=0.0447
DEBUG 08-14 23:22:23 replica.py:153] complete_request_prefill - replica_id=[0], request=123,self.replica_slo_budget-sum_pending_tokens==current_budget:True,1048576-0==1048576
INFO 08-14 23:22:23 shared.py:299] Adding task for request 124 to replica 1,session_id=124
DEBUG 08-14 23:22:23 replica.py:226] add_request - replica_id=[1], request=124,self.replica_slo_budget-sum_pending_tokens==current_budget:True,1048576-67==1048509
INFO 08-14 23:22:23 open_ai.py:115] async_send_request:request._id=124,session=124,127.0.0.1:8001
DEBUG 08-14 23:22:23 open_ai.py:335] async_send_request: request finish prefill, 124
INFO 08-14 23:22:23 open_ai.py:352] async_send_request: prefill completed: req=124,replica_id=1
DEBUG 08-14 23:22:23 replica.py:146] complete_request_prefill: replica_id=[1], request=124, current_budget=67,last_prefill_completed_at=30614951.881821074,last_ttft=0.0496
DEBUG 08-14 23:22:23 replica.py:153] complete_request_prefill - replica_id=[1], request=124,self.replica_slo_budget-sum_pending_tokens==current_budget:True,1048576-0==1048576
INFO 08-14 23:22:24 shared.py:299] Adding task for request 125 to replica 2,session_id=125
DEBUG 08-14 23:22:24 replica.py:226] add_request - replica_id=[2], request=125,self.replica_slo_budget-sum_pending_tokens==current_budget:True,1048576-83==1048493
INFO 08-14 23:22:24 open_ai.py:115] async_send_request:request._id=125,session=125,https://u722127-b80a-4e3f9d5d.cqa1.seetacloud.com:8443
DEBUG 08-14 23:22:24 open_ai.py:335] async_send_request: request finish prefill, 125
INFO 08-14 23:22:24 open_ai.py:352] async_send_request: prefill completed: req=125,replica_id=2
DEBUG 08-14 23:22:24 replica.py:146] complete_request_prefill: replica_id=[2], request=125, current_budget=83,last_prefill_completed_at=30614952.33804011,last_ttft=0.0929
DEBUG 08-14 23:22:24 replica.py:153] complete_request_prefill - replica_id=[2], request=125,self.replica_slo_budget-sum_pending_tokens==current_budget:True,1048576-0==1048576
DEBUG 08-14 23:22:24 replica.py:171] complete_request_decode:num_saved_toekens=16
DEBUG 08-14 23:22:24 open_ai.py:452] good request:https://u722127-b80a-4e3f9d5d.cqa1.seetacloud.com:8443:good,request._id=125,input=83,output=13
DEBUG 08-14 23:22:24 metrics_store.py:131] update_metrics:request_id=125
DEBUG 08-14 23:22:24 shared.py:180] Removed task for request 125 on https://u722127-b80a-4e3f9d5d.cqa1.seetacloud.com:8443
DEBUG 08-14 23:22:24 replica.py:171] complete_request_decode:num_saved_toekens=64
DEBUG 08-14 23:22:24 open_ai.py:452] good request:127.0.0.1:8000:good,request._id=123,input=20,output=66
DEBUG 08-14 23:22:24 metrics_store.py:131] update_metrics:request_id=123
DEBUG 08-14 23:22:24 shared.py:180] Removed task for request 123 on 127.0.0.1:8000
INFO 08-14 23:22:24 shared.py:299] Adding task for request 126 to replica 0,session_id=126
DEBUG 08-14 23:22:24 replica.py:226] add_request - replica_id=[0], request=126,self.replica_slo_budget-sum_pending_tokens==current_budget:True,1048576-379==1048197
INFO 08-14 23:22:24 open_ai.py:115] async_send_request:request._id=126,session=126,127.0.0.1:8000
DEBUG 08-14 23:22:24 replica.py:171] complete_request_decode:num_saved_toekens=640
DEBUG 08-14 23:22:24 open_ai.py:452] good request:https://u722127-b80a-4e3f9d5d.cqa1.seetacloud.com:8443:good,request._id=107,input=71,output=641
DEBUG 08-14 23:22:24 metrics_store.py:131] update_metrics:request_id=107
DEBUG 08-14 23:22:24 shared.py:180] Removed task for request 107 on https://u722127-b80a-4e3f9d5d.cqa1.seetacloud.com:8443
DEBUG 08-14 23:22:24 open_ai.py:335] async_send_request: request finish prefill, 126
INFO 08-14 23:22:24 open_ai.py:352] async_send_request: prefill completed: req=126,replica_id=0
DEBUG 08-14 23:22:24 replica.py:146] complete_request_prefill: replica_id=[0], request=126, current_budget=379,last_prefill_completed_at=30614952.67702662,last_ttft=0.0499
DEBUG 08-14 23:22:24 replica.py:153] complete_request_prefill - replica_id=[0], request=126,self.replica_slo_budget-sum_pending_tokens==current_budget:True,1048576-0==1048576
DEBUG 08-14 23:22:24 replica.py:171] complete_request_decode:num_saved_toekens=48
DEBUG 08-14 23:22:24 open_ai.py:452] good request:127.0.0.1:8001:good,request._id=124,input=67,output=52
DEBUG 08-14 23:22:24 metrics_store.py:131] update_metrics:request_id=124
DEBUG 08-14 23:22:24 shared.py:180] Removed task for request 124 on 127.0.0.1:8001
INFO 08-14 23:22:24 shared.py:299] Adding task for request 127 to replica 2,session_id=127
DEBUG 08-14 23:22:24 replica.py:226] add_request - replica_id=[2], request=127,self.replica_slo_budget-sum_pending_tokens==current_budget:True,1048576-370==1048206
INFO 08-14 23:22:24 open_ai.py:115] async_send_request:request._id=127,session=127,https://u722127-b80a-4e3f9d5d.cqa1.seetacloud.com:8443
DEBUG 08-14 23:22:24 replica.py:171] complete_request_decode:num_saved_toekens=288
DEBUG 08-14 23:22:24 open_ai.py:335] async_send_request: request finish prefill, 127
INFO 08-14 23:22:24 open_ai.py:352] async_send_request: prefill completed: req=127,replica_id=2
DEBUG 08-14 23:22:24 replica.py:146] complete_request_prefill: replica_id=[2], request=127, current_budget=370,last_prefill_completed_at=30614953.12797552,last_ttft=0.0899
DEBUG 08-14 23:22:24 replica.py:153] complete_request_prefill - replica_id=[2], request=127,self.replica_slo_budget-sum_pending_tokens==current_budget:True,1048576-0==1048576
DEBUG 08-14 23:22:24 open_ai.py:452] good request:https://u722127-8cb5-f6dc13db.nmb1.seetacloud.com:8443:good,request._id=110,input=48,output=290
DEBUG 08-14 23:22:24 metrics_store.py:131] update_metrics:request_id=110
DEBUG 08-14 23:22:24 shared.py:180] Removed task for request 110 on https://u722127-8cb5-f6dc13db.nmb1.seetacloud.com:8443
DEBUG 08-14 23:22:25 replica.py:171] complete_request_decode:num_saved_toekens=0
DEBUG 08-14 23:22:25 open_ai.py:452] good request:https://u722127-b80a-4e3f9d5d.cqa1.seetacloud.com:8443:good,request._id=127,input=370,output=3
DEBUG 08-14 23:22:25 metrics_store.py:131] update_metrics:request_id=127
DEBUG 08-14 23:22:25 shared.py:180] Removed task for request 127 on https://u722127-b80a-4e3f9d5d.cqa1.seetacloud.com:8443
INFO 08-14 23:22:25 shared.py:299] Adding task for request 128 to replica 2,session_id=128
DEBUG 08-14 23:22:25 replica.py:226] add_request - replica_id=[2], request=128,self.replica_slo_budget-sum_pending_tokens==current_budget:True,1048576-45==1048531
INFO 08-14 23:22:25 open_ai.py:115] async_send_request:request._id=128,session=128,https://u722127-b80a-4e3f9d5d.cqa1.seetacloud.com:8443
DEBUG 08-14 23:22:25 open_ai.py:335] async_send_request: request finish prefill, 128
INFO 08-14 23:22:25 open_ai.py:352] async_send_request: prefill completed: req=128,replica_id=2
DEBUG 08-14 23:22:25 replica.py:146] complete_request_prefill: replica_id=[2], request=128, current_budget=45,last_prefill_completed_at=30614953.513779152,last_ttft=0.0915
DEBUG 08-14 23:22:25 replica.py:153] complete_request_prefill - replica_id=[2], request=128,self.replica_slo_budget-sum_pending_tokens==current_budget:True,1048576-0==1048576
DEBUG 08-14 23:22:25 replica.py:171] complete_request_decode:num_saved_toekens=1008
DEBUG 08-14 23:22:25 open_ai.py:452] good request:127.0.0.1:8001:good,request._id=88,input=85,output=1025
DEBUG 08-14 23:22:25 metrics_store.py:131] update_metrics:request_id=88
DEBUG 08-14 23:22:25 shared.py:180] Removed task for request 88 on 127.0.0.1:8001
DEBUG 08-14 23:22:25 replica.py:171] complete_request_decode:num_saved_toekens=496
DEBUG 08-14 23:22:25 open_ai.py:452] good request:https://u722127-8cb5-f6dc13db.nmb1.seetacloud.com:8443:good,request._id=99,input=32,output=508
DEBUG 08-14 23:22:25 metrics_store.py:131] update_metrics:request_id=99
DEBUG 08-14 23:22:25 shared.py:180] Removed task for request 99 on https://u722127-8cb5-f6dc13db.nmb1.seetacloud.com:8443
DEBUG 08-14 23:22:25 replica.py:171] complete_request_decode:num_saved_toekens=432
DEBUG 08-14 23:22:25 open_ai.py:452] good request:127.0.0.1:8001:good,request._id=112,input=46,output=421
DEBUG 08-14 23:22:25 metrics_store.py:131] update_metrics:request_id=112
DEBUG 08-14 23:22:25 shared.py:180] Removed task for request 112 on 127.0.0.1:8001
DEBUG 08-14 23:22:25 replica.py:171] complete_request_decode:num_saved_toekens=432
DEBUG 08-14 23:22:25 open_ai.py:452] good request:https://u722127-b80a-4e3f9d5d.cqa1.seetacloud.com:8443:good,request._id=116,input=84,output=431
DEBUG 08-14 23:22:25 metrics_store.py:131] update_metrics:request_id=116
DEBUG 08-14 23:22:25 shared.py:180] Removed task for request 116 on https://u722127-b80a-4e3f9d5d.cqa1.seetacloud.com:8443
INFO 08-14 23:22:25 shared.py:299] Adding task for request 129 to replica 2,session_id=129
DEBUG 08-14 23:22:25 replica.py:226] add_request - replica_id=[2], request=129,self.replica_slo_budget-sum_pending_tokens==current_budget:True,1048576-287==1048289
INFO 08-14 23:22:25 open_ai.py:115] async_send_request:request._id=129,session=129,https://u722127-b80a-4e3f9d5d.cqa1.seetacloud.com:8443
DEBUG 08-14 23:22:25 replica.py:171] complete_request_decode:num_saved_toekens=672
DEBUG 08-14 23:22:25 open_ai.py:452] good request:https://uu722127-b80a-4e3f9d5d.cqa1.seetacloud.com:8443:good,request._id=109,input=86,output=669
DEBUG 08-14 23:22:25 metrics_store.py:131] update_metrics:request_id=109
DEBUG 08-14 23:22:25 shared.py:180] Removed task for request 109 on https://uu722127-b80a-4e3f9d5d.cqa1.seetacloud.com:8443
DEBUG 08-14 23:22:25 open_ai.py:335] async_send_request: request finish prefill, 129
INFO 08-14 23:22:25 open_ai.py:352] async_send_request: prefill completed: req=129,replica_id=2
DEBUG 08-14 23:22:25 replica.py:146] complete_request_prefill: replica_id=[2], request=129, current_budget=287,last_prefill_completed_at=30614953.93528534,last_ttft=0.0951
DEBUG 08-14 23:22:25 replica.py:153] complete_request_prefill - replica_id=[2], request=129,self.replica_slo_budget-sum_pending_tokens==current_budget:True,1048576-0==1048576
INFO 08-14 23:22:26 shared.py:299] Adding task for request 130 to replica 1,session_id=130
DEBUG 08-14 23:22:26 replica.py:226] add_request - replica_id=[1], request=130,self.replica_slo_budget-sum_pending_tokens==current_budget:True,1048576-73==1048503
INFO 08-14 23:22:26 open_ai.py:115] async_send_request:request._id=130,session=130,127.0.0.1:8001
DEBUG 08-14 23:22:26 open_ai.py:335] async_send_request: request finish prefill, 130
INFO 08-14 23:22:26 open_ai.py:352] async_send_request: prefill completed: req=130,replica_id=1
DEBUG 08-14 23:22:26 replica.py:146] complete_request_prefill: replica_id=[1], request=130, current_budget=73,last_prefill_completed_at=30614954.285193283,last_ttft=0.049
DEBUG 08-14 23:22:26 replica.py:153] complete_request_prefill - replica_id=[1], request=130,self.replica_slo_budget-sum_pending_tokens==current_budget:True,1048576-0==1048576
DEBUG 08-14 23:22:26 replica.py:171] complete_request_decode:num_saved_toekens=48
DEBUG 08-14 23:22:26 open_ai.py:452] good request:https://u722127-b80a-4e3f9d5d.cqa1.seetacloud.com:8443:good,request._id=129,input=287,output=36
DEBUG 08-14 23:22:26 metrics_store.py:131] update_metrics:request_id=129
DEBUG 08-14 23:22:26 shared.py:180] Removed task for request 129 on https://u722127-b80a-4e3f9d5d.cqa1.seetacloud.com:8443
DEBUG 08-14 23:22:26 replica.py:171] complete_request_decode:num_saved_toekens=16
DEBUG 08-14 23:22:26 open_ai.py:452] good request:127.0.0.1:8001:good,request._id=130,input=73,output=7
DEBUG 08-14 23:22:26 metrics_store.py:131] update_metrics:request_id=130
DEBUG 08-14 23:22:26 shared.py:180] Removed task for request 130 on 127.0.0.1:8001
INFO 08-14 23:22:26 shared.py:299] Adding task for request 131 to replica 0,session_id=131
DEBUG 08-14 23:22:26 replica.py:226] add_request - replica_id=[0], request=131,self.replica_slo_budget-sum_pending_tokens==current_budget:True,1048576-12==1048564
INFO 08-14 23:22:26 open_ai.py:115] async_send_request:request._id=131,session=131,127.0.0.1:8000
DEBUG 08-14 23:22:26 open_ai.py:335] async_send_request: request finish prefill, 131
INFO 08-14 23:22:26 open_ai.py:352] async_send_request: prefill completed: req=131,replica_id=0
DEBUG 08-14 23:22:26 replica.py:146] complete_request_prefill: replica_id=[0], request=131, current_budget=12,last_prefill_completed_at=30614954.67648116,last_ttft=0.051
DEBUG 08-14 23:22:26 replica.py:153] complete_request_prefill - replica_id=[0], request=131,self.replica_slo_budget-sum_pending_tokens==current_budget:True,1048576-0==1048576
DEBUG 08-14 23:22:26 replica.py:171] complete_request_decode:num_saved_toekens=368
DEBUG 08-14 23:22:26 open_ai.py:452] good request:https://uu722127-b80a-4e3f9d5d.cqa1.seetacloud.com:8443:good,request._id=120,input=54,output=366
DEBUG 08-14 23:22:26 metrics_store.py:131] update_metrics:request_id=120
DEBUG 08-14 23:22:26 shared.py:180] Removed task for request 120 on https://uu722127-b80a-4e3f9d5d.cqa1.seetacloud.com:8443
DEBUG 08-14 23:22:26 replica.py:171] complete_request_decode:num_saved_toekens=16
DEBUG 08-14 23:22:26 open_ai.py:452] good request:127.0.0.1:8000:good,request._id=131,input=12,output=11
DEBUG 08-14 23:22:26 metrics_store.py:131] update_metrics:request_id=131
DEBUG 08-14 23:22:26 shared.py:180] Removed task for request 131 on 127.0.0.1:8000
INFO 08-14 23:22:26 shared.py:299] Adding task for request 132 to replica 1,session_id=132
DEBUG 08-14 23:22:26 replica.py:226] add_request - replica_id=[1], request=132,self.replica_slo_budget-sum_pending_tokens==current_budget:True,1048576-14==1048562
INFO 08-14 23:22:26 open_ai.py:115] async_send_request:request._id=132,session=132,127.0.0.1:8001
DEBUG 08-14 23:22:26 open_ai.py:335] async_send_request: request finish prefill, 132
INFO 08-14 23:22:26 open_ai.py:352] async_send_request: prefill completed: req=132,replica_id=1
DEBUG 08-14 23:22:26 replica.py:146] complete_request_prefill: replica_id=[1], request=132, current_budget=14,last_prefill_completed_at=30614955.092690583,last_ttft=0.0465
DEBUG 08-14 23:22:26 replica.py:153] complete_request_prefill - replica_id=[1], request=132,self.replica_slo_budget-sum_pending_tokens==current_budget:True,1048576-0==1048576
INFO 08-14 23:22:27 shared.py:299] Adding task for request 133 to replica 2,session_id=133
DEBUG 08-14 23:22:27 replica.py:226] add_request - replica_id=[2], request=133,self.replica_slo_budget-sum_pending_tokens==current_budget:True,1048576-305==1048271
INFO 08-14 23:22:27 open_ai.py:115] async_send_request:request._id=133,session=133,https://u722127-b80a-4e3f9d5d.cqa1.seetacloud.com:8443
DEBUG 08-14 23:22:27 open_ai.py:335] async_send_request: request finish prefill, 133
INFO 08-14 23:22:27 open_ai.py:352] async_send_request: prefill completed: req=133,replica_id=2
DEBUG 08-14 23:22:27 replica.py:146] complete_request_prefill: replica_id=[2], request=133, current_budget=305,last_prefill_completed_at=30614955.523626737,last_ttft=0.0985
DEBUG 08-14 23:22:27 replica.py:153] complete_request_prefill - replica_id=[2], request=133,self.replica_slo_budget-sum_pending_tokens==current_budget:True,1048576-0==1048576
INFO 08-14 23:22:27 shared.py:299] Adding task for request 134 to replica 1,session_id=134
DEBUG 08-14 23:22:27 replica.py:226] add_request - replica_id=[1], request=134,self.replica_slo_budget-sum_pending_tokens==current_budget:True,1048576-292==1048284
INFO 08-14 23:22:27 open_ai.py:115] async_send_request:request._id=134,session=134,127.0.0.1:8001
DEBUG 08-14 23:22:27 open_ai.py:335] async_send_request: request finish prefill, 134
INFO 08-14 23:22:27 open_ai.py:352] async_send_request: prefill completed: req=134,replica_id=1
DEBUG 08-14 23:22:27 replica.py:146] complete_request_prefill: replica_id=[1], request=134, current_budget=292,last_prefill_completed_at=30614955.87487461,last_ttft=0.0575
DEBUG 08-14 23:22:27 replica.py:153] complete_request_prefill - replica_id=[1], request=134,self.replica_slo_budget-sum_pending_tokens==current_budget:True,1048576-0==1048576
INFO 08-14 23:22:28 shared.py:299] Adding task for request 135 to replica 4,session_id=135
DEBUG 08-14 23:22:28 replica.py:226] add_request - replica_id=[4], request=135,self.replica_slo_budget-sum_pending_tokens==current_budget:True,1048576-23==1048553
INFO 08-14 23:22:28 open_ai.py:115] async_send_request:request._id=135,session=135,https://u722127-8cb5-f6dc13db.nmb1.seetacloud.com:8443
DEBUG 08-14 23:22:28 open_ai.py:335] async_send_request: request finish prefill, 135
INFO 08-14 23:22:28 open_ai.py:352] async_send_request: prefill completed: req=135,replica_id=4
DEBUG 08-14 23:22:28 replica.py:146] complete_request_prefill: replica_id=[4], request=135, current_budget=23,last_prefill_completed_at=30614956.304859035,last_ttft=0.1018
DEBUG 08-14 23:22:28 replica.py:153] complete_request_prefill - replica_id=[4], request=135,self.replica_slo_budget-sum_pending_tokens==current_budget:True,1048576-0==1048576
INFO 08-14 23:22:28 shared.py:299] Adding task for request 136 to replica 1,session_id=136
DEBUG 08-14 23:22:28 replica.py:226] add_request - replica_id=[1], request=136,self.replica_slo_budget-sum_pending_tokens==current_budget:True,1048576-110==1048466
INFO 08-14 23:22:28 open_ai.py:115] async_send_request:request._id=136,session=136,127.0.0.1:8001
DEBUG 08-14 23:22:28 open_ai.py:335] async_send_request: request finish prefill, 136
INFO 08-14 23:22:28 open_ai.py:352] async_send_request: prefill completed: req=136,replica_id=1
DEBUG 08-14 23:22:28 replica.py:146] complete_request_prefill: replica_id=[1], request=136, current_budget=110,last_prefill_completed_at=30614956.65005084,last_ttft=0.0448
DEBUG 08-14 23:22:28 replica.py:153] complete_request_prefill - replica_id=[1], request=136,self.replica_slo_budget-sum_pending_tokens==current_budget:True,1048576-0==1048576
INFO 08-14 23:22:28 shared.py:299] Adding task for request 137 to replica 3,session_id=137
DEBUG 08-14 23:22:28 replica.py:226] add_request - replica_id=[3], request=137,self.replica_slo_budget-sum_pending_tokens==current_budget:True,1048576-233==1048343
INFO 08-14 23:22:28 open_ai.py:115] async_send_request:request._id=137,session=137,https://uu722127-b80a-4e3f9d5d.cqa1.seetacloud.com:8443
DEBUG 08-14 23:22:28 open_ai.py:335] async_send_request: request finish prefill, 137
INFO 08-14 23:22:28 open_ai.py:352] async_send_request: prefill completed: req=137,replica_id=3
DEBUG 08-14 23:22:28 replica.py:146] complete_request_prefill: replica_id=[3], request=137, current_budget=233,last_prefill_completed_at=30614957.083006296,last_ttft=0.0778
DEBUG 08-14 23:22:28 replica.py:153] complete_request_prefill - replica_id=[3], request=137,self.replica_slo_budget-sum_pending_tokens==current_budget:True,1048576-0==1048576
DEBUG 08-14 23:22:29 replica.py:171] complete_request_decode:num_saved_toekens=48
DEBUG 08-14 23:22:29 open_ai.py:452] good request:https://u722127-8cb5-f6dc13db.nmb1.seetacloud.com:8443:good,request._id=135,input=23,output=41
DEBUG 08-14 23:22:29 metrics_store.py:131] update_metrics:request_id=135
DEBUG 08-14 23:22:29 shared.py:180] Removed task for request 135 on https://u722127-8cb5-f6dc13db.nmb1.seetacloud.com:8443
INFO 08-14 23:22:29 shared.py:299] Adding task for request 138 to replica 2,session_id=138
DEBUG 08-14 23:22:29 replica.py:226] add_request - replica_id=[2], request=138,self.replica_slo_budget-sum_pending_tokens==current_budget:True,1048576-21==1048555
INFO 08-14 23:22:29 open_ai.py:115] async_send_request:request._id=138,session=138,https://u722127-b80a-4e3f9d5d.cqa1.seetacloud.com:8443
DEBUG 08-14 23:22:29 open_ai.py:335] async_send_request: request finish prefill, 138
INFO 08-14 23:22:29 open_ai.py:352] async_send_request: prefill completed: req=138,replica_id=2
DEBUG 08-14 23:22:29 replica.py:146] complete_request_prefill: replica_id=[2], request=138, current_budget=21,last_prefill_completed_at=30614957.477737427,last_ttft=0.0896
DEBUG 08-14 23:22:29 replica.py:153] complete_request_prefill - replica_id=[2], request=138,self.replica_slo_budget-sum_pending_tokens==current_budget:True,1048576-0==1048576
DEBUG 08-14 23:22:29 replica.py:171] complete_request_decode:num_saved_toekens=480
DEBUG 08-14 23:22:29 open_ai.py:452] good request:127.0.0.1:8000:good,request._id=119,input=22,output=480
DEBUG 08-14 23:22:29 metrics_store.py:131] update_metrics:request_id=119
DEBUG 08-14 23:22:29 shared.py:180] Removed task for request 119 on 127.0.0.1:8000
DEBUG 08-14 23:22:29 replica.py:171] complete_request_decode:num_saved_toekens=80
DEBUG 08-14 23:22:29 open_ai.py:452] good request:127.0.0.1:8001:good,request._id=136,input=110,output=71
DEBUG 08-14 23:22:29 metrics_store.py:131] update_metrics:request_id=136
DEBUG 08-14 23:22:29 shared.py:180] Removed task for request 136 on 127.0.0.1:8001
INFO 08-14 23:22:29 shared.py:299] Adding task for request 139 to replica 0,session_id=139
DEBUG 08-14 23:22:29 replica.py:226] add_request - replica_id=[0], request=139,self.replica_slo_budget-sum_pending_tokens==current_budget:True,1048576-34==1048542
INFO 08-14 23:22:29 open_ai.py:115] async_send_request:request._id=139,session=139,127.0.0.1:8000
DEBUG 08-14 23:22:29 open_ai.py:335] async_send_request: request finish prefill, 139
INFO 08-14 23:22:29 open_ai.py:352] async_send_request: prefill completed: req=139,replica_id=0
DEBUG 08-14 23:22:29 replica.py:146] complete_request_prefill: replica_id=[0], request=139, current_budget=34,last_prefill_completed_at=30614957.826826755,last_ttft=0.0357
DEBUG 08-14 23:22:29 replica.py:153] complete_request_prefill - replica_id=[0], request=139,self.replica_slo_budget-sum_pending_tokens==current_budget:True,1048576-0==1048576
DEBUG 08-14 23:22:29 replica.py:171] complete_request_decode:num_saved_toekens=80
DEBUG 08-14 23:22:29 open_ai.py:452] good request:https://uu722127-b80a-4e3f9d5d.cqa1.seetacloud.com:8443:good,request._id=137,input=233,output=74
DEBUG 08-14 23:22:29 metrics_store.py:131] update_metrics:request_id=137
DEBUG 08-14 23:22:29 shared.py:180] Removed task for request 137 on https://uu722127-b80a-4e3f9d5d.cqa1.seetacloud.com:8443
INFO 08-14 23:22:30 shared.py:299] Adding task for request 140 to replica 0,session_id=140
DEBUG 08-14 23:22:30 replica.py:226] add_request - replica_id=[0], request=140,self.replica_slo_budget-sum_pending_tokens==current_budget:True,1048576-67==1048509
INFO 08-14 23:22:30 open_ai.py:115] async_send_request:request._id=140,session=140,127.0.0.1:8000
DEBUG 08-14 23:22:30 open_ai.py:335] async_send_request: request finish prefill, 140
INFO 08-14 23:22:30 open_ai.py:352] async_send_request: prefill completed: req=140,replica_id=0
DEBUG 08-14 23:22:30 replica.py:146] complete_request_prefill: replica_id=[0], request=140, current_budget=67,last_prefill_completed_at=30614958.26602265,last_ttft=0.0548
DEBUG 08-14 23:22:30 replica.py:153] complete_request_prefill - replica_id=[0], request=140,self.replica_slo_budget-sum_pending_tokens==current_budget:True,1048576-0==1048576
DEBUG 08-14 23:22:30 replica.py:171] complete_request_decode:num_saved_toekens=0
DEBUG 08-14 23:22:30 open_ai.py:452] good request:127.0.0.1:8000:good,request._id=140,input=67,output=9
DEBUG 08-14 23:22:30 metrics_store.py:131] update_metrics:request_id=140
DEBUG 08-14 23:22:30 shared.py:180] Removed task for request 140 on 127.0.0.1:8000
DEBUG 08-14 23:22:30 replica.py:171] complete_request_decode:num_saved_toekens=656
DEBUG 08-14 23:22:30 open_ai.py:452] good request:https://uu722127-b80a-4e3f9d5d.cqa1.seetacloud.com:8443:good,request._id=121,input=239,output=652
DEBUG 08-14 23:22:30 metrics_store.py:131] update_metrics:request_id=121
DEBUG 08-14 23:22:30 shared.py:180] Removed task for request 121 on https://uu722127-b80a-4e3f9d5d.cqa1.seetacloud.com:8443
INFO 08-14 23:22:30 shared.py:299] Adding task for request 141 to replica 3,session_id=141
DEBUG 08-14 23:22:30 replica.py:226] add_request - replica_id=[3], request=141,self.replica_slo_budget-sum_pending_tokens==current_budget:True,1048576-58==1048518
INFO 08-14 23:22:30 open_ai.py:115] async_send_request:request._id=141,session=141,https://uu722127-b80a-4e3f9d5d.cqa1.seetacloud.com:8443
DEBUG 08-14 23:22:30 open_ai.py:335] async_send_request: request finish prefill, 141
INFO 08-14 23:22:30 open_ai.py:352] async_send_request: prefill completed: req=141,replica_id=3
DEBUG 08-14 23:22:30 replica.py:146] complete_request_prefill: replica_id=[3], request=141, current_budget=58,last_prefill_completed_at=30614958.68668092,last_ttft=0.0795
DEBUG 08-14 23:22:30 replica.py:153] complete_request_prefill - replica_id=[3], request=141,self.replica_slo_budget-sum_pending_tokens==current_budget:True,1048576-0==1048576
DEBUG 08-14 23:22:30 replica.py:171] complete_request_decode:num_saved_toekens=400
DEBUG 08-14 23:22:30 open_ai.py:452] good request:127.0.0.1:8000:good,request._id=126,input=379,output=389
DEBUG 08-14 23:22:30 metrics_store.py:131] update_metrics:request_id=126
DEBUG 08-14 23:22:30 shared.py:180] Removed task for request 126 on 127.0.0.1:8000
INFO 08-14 23:22:30 shared.py:299] Adding task for request 142 to replica 4,session_id=142
DEBUG 08-14 23:22:30 replica.py:226] add_request - replica_id=[4], request=142,self.replica_slo_budget-sum_pending_tokens==current_budget:True,1048576-93==1048483
INFO 08-14 23:22:30 open_ai.py:115] async_send_request:request._id=142,session=142,https://u722127-8cb5-f6dc13db.nmb1.seetacloud.com:8443
DEBUG 08-14 23:22:30 open_ai.py:335] async_send_request: request finish prefill, 142
INFO 08-14 23:22:30 open_ai.py:352] async_send_request: prefill completed: req=142,replica_id=4
DEBUG 08-14 23:22:30 replica.py:146] complete_request_prefill: replica_id=[4], request=142, current_budget=93,last_prefill_completed_at=30614959.107298654,last_ttft=0.0822
DEBUG 08-14 23:22:30 replica.py:153] complete_request_prefill - replica_id=[4], request=142,self.replica_slo_budget-sum_pending_tokens==current_budget:True,1048576-0==1048576
DEBUG 08-14 23:22:31 replica.py:171] complete_request_decode:num_saved_toekens=48
DEBUG 08-14 23:22:31 open_ai.py:452] good request:https://uu722127-b80a-4e3f9d5d.cqa1.seetacloud.com:8443:good,request._id=141,input=58,output=42
DEBUG 08-14 23:22:31 metrics_store.py:131] update_metrics:request_id=141
DEBUG 08-14 23:22:31 shared.py:180] Removed task for request 141 on https://uu722127-b80a-4e3f9d5d.cqa1.seetacloud.com:8443
DEBUG 08-14 23:22:31 replica.py:171] complete_request_decode:num_saved_toekens=496
DEBUG 08-14 23:22:31 open_ai.py:452] good request:https://u722127-b80a-4e3f9d5d.cqa1.seetacloud.com:8443:good,request._id=128,input=45,output=486
DEBUG 08-14 23:22:31 metrics_store.py:131] update_metrics:request_id=128
DEBUG 08-14 23:22:31 shared.py:180] Removed task for request 128 on https://u722127-b80a-4e3f9d5d.cqa1.seetacloud.com:8443
INFO 08-14 23:22:31 shared.py:299] Adding task for request 143 to replica 3,session_id=143
DEBUG 08-14 23:22:31 replica.py:226] add_request - replica_id=[3], request=143,self.replica_slo_budget-sum_pending_tokens==current_budget:True,1048576-519==1048057
INFO 08-14 23:22:31 open_ai.py:115] async_send_request:request._id=143,session=143,https://uu722127-b80a-4e3f9d5d.cqa1.seetacloud.com:8443
DEBUG 08-14 23:22:31 open_ai.py:335] async_send_request: request finish prefill, 143
INFO 08-14 23:22:31 open_ai.py:352] async_send_request: prefill completed: req=143,replica_id=3
DEBUG 08-14 23:22:31 replica.py:146] complete_request_prefill: replica_id=[3], request=143, current_budget=519,last_prefill_completed_at=30614959.5069448,last_ttft=0.0907
DEBUG 08-14 23:22:31 replica.py:153] complete_request_prefill - replica_id=[3], request=143,self.replica_slo_budget-sum_pending_tokens==current_budget:True,1048576-0==1048576
DEBUG 08-14 23:22:31 replica.py:171] complete_request_decode:num_saved_toekens=16
DEBUG 08-14 23:22:31 open_ai.py:452] good request:https://uu722127-b80a-4e3f9d5d.cqa1.seetacloud.com:8443:good,request._id=143,input=519,output=17
DEBUG 08-14 23:22:31 metrics_store.py:131] update_metrics:request_id=143
DEBUG 08-14 23:22:31 shared.py:180] Removed task for request 143 on https://uu722127-b80a-4e3f9d5d.cqa1.seetacloud.com:8443
INFO 08-14 23:22:31 shared.py:299] Adding task for request 144 to replica 2,session_id=144
DEBUG 08-14 23:22:31 replica.py:226] add_request - replica_id=[2], request=144,self.replica_slo_budget-sum_pending_tokens==current_budget:True,1048576-16==1048560
INFO 08-14 23:22:31 open_ai.py:115] async_send_request:request._id=144,session=144,https://u722127-b80a-4e3f9d5d.cqa1.seetacloud.com:8443
DEBUG 08-14 23:22:31 open_ai.py:335] async_send_request: request finish prefill, 144
INFO 08-14 23:22:31 open_ai.py:352] async_send_request: prefill completed: req=144,replica_id=2
DEBUG 08-14 23:22:31 replica.py:146] complete_request_prefill: replica_id=[2], request=144, current_budget=16,last_prefill_completed_at=30614959.888298687,last_ttft=0.085
DEBUG 08-14 23:22:31 replica.py:153] complete_request_prefill - replica_id=[2], request=144,self.replica_slo_budget-sum_pending_tokens==current_budget:True,1048576-0==1048576
DEBUG 08-14 23:22:31 replica.py:171] complete_request_decode:num_saved_toekens=0
DEBUG 08-14 23:22:31 open_ai.py:452] good request:https://u722127-b80a-4e3f9d5d.cqa1.seetacloud.com:8443:good,request._id=144,input=16,output=14
DEBUG 08-14 23:22:31 metrics_store.py:131] update_metrics:request_id=144
DEBUG 08-14 23:22:31 shared.py:180] Removed task for request 144 on https://u722127-b80a-4e3f9d5d.cqa1.seetacloud.com:8443
INFO 08-14 23:22:32 shared.py:299] Adding task for request 145 to replica 3,session_id=145
DEBUG 08-14 23:22:32 replica.py:226] add_request - replica_id=[3], request=145,self.replica_slo_budget-sum_pending_tokens==current_budget:True,1048576-47==1048529
INFO 08-14 23:22:32 open_ai.py:115] async_send_request:request._id=145,session=145,https://uu722127-b80a-4e3f9d5d.cqa1.seetacloud.com:8443
DEBUG 08-14 23:22:32 replica.py:171] complete_request_decode:num_saved_toekens=400
DEBUG 08-14 23:22:32 open_ai.py:452] good request:https://u722127-8cb5-f6dc13db.nmb1.seetacloud.com:8443:good,request._id=122,input=361,output=395
DEBUG 08-14 23:22:32 metrics_store.py:131] update_metrics:request_id=122
DEBUG 08-14 23:22:32 shared.py:180] Removed task for request 122 on https://u722127-8cb5-f6dc13db.nmb1.seetacloud.com:8443
DEBUG 08-14 23:22:32 open_ai.py:335] async_send_request: request finish prefill, 145
INFO 08-14 23:22:32 open_ai.py:352] async_send_request: prefill completed: req=145,replica_id=3
DEBUG 08-14 23:22:32 replica.py:146] complete_request_prefill: replica_id=[3], request=145, current_budget=47,last_prefill_completed_at=30614960.287369553,last_ttft=0.0783
DEBUG 08-14 23:22:32 replica.py:153] complete_request_prefill - replica_id=[3], request=145,self.replica_slo_budget-sum_pending_tokens==current_budget:True,1048576-0==1048576
DEBUG 08-14 23:22:32 replica.py:171] complete_request_decode:num_saved_toekens=16
DEBUG 08-14 23:22:32 open_ai.py:452] good request:https://uu722127-b80a-4e3f9d5d.cqa1.seetacloud.com:8443:good,request._id=145,input=47,output=8
DEBUG 08-14 23:22:32 metrics_store.py:131] update_metrics:request_id=145
DEBUG 08-14 23:22:32 shared.py:180] Removed task for request 145 on https://uu722127-b80a-4e3f9d5d.cqa1.seetacloud.com:8443
INFO 08-14 23:22:32 shared.py:299] Adding task for request 146 to replica 3,session_id=146
DEBUG 08-14 23:22:32 replica.py:226] add_request - replica_id=[3], request=146,self.replica_slo_budget-sum_pending_tokens==current_budget:True,1048576-31==1048545
INFO 08-14 23:22:32 open_ai.py:115] async_send_request:request._id=146,session=146,https://uu722127-b80a-4e3f9d5d.cqa1.seetacloud.com:8443
DEBUG 08-14 23:22:32 open_ai.py:335] async_send_request: request finish prefill, 146
INFO 08-14 23:22:32 open_ai.py:352] async_send_request: prefill completed: req=146,replica_id=3
DEBUG 08-14 23:22:32 replica.py:146] complete_request_prefill: replica_id=[3], request=146, current_budget=31,last_prefill_completed_at=30614960.689017445,last_ttft=0.0759
DEBUG 08-14 23:22:32 replica.py:153] complete_request_prefill - replica_id=[3], request=146,self.replica_slo_budget-sum_pending_tokens==current_budget:True,1048576-0==1048576
INFO 08-14 23:22:32 shared.py:299] Adding task for request 147 to replica 3,session_id=147
DEBUG 08-14 23:22:32 replica.py:226] add_request - replica_id=[3], request=147,self.replica_slo_budget-sum_pending_tokens==current_budget:True,1048576-38==1048538
INFO 08-14 23:22:32 open_ai.py:115] async_send_request:request._id=147,session=147,https://uu722127-b80a-4e3f9d5d.cqa1.seetacloud.com:8443
DEBUG 08-14 23:22:32 open_ai.py:335] async_send_request: request finish prefill, 147
INFO 08-14 23:22:32 open_ai.py:352] async_send_request: prefill completed: req=147,replica_id=3
DEBUG 08-14 23:22:32 replica.py:146] complete_request_prefill: replica_id=[3], request=147, current_budget=38,last_prefill_completed_at=30614961.09988094,last_ttft=0.0865
DEBUG 08-14 23:22:32 replica.py:153] complete_request_prefill - replica_id=[3], request=147,self.replica_slo_budget-sum_pending_tokens==current_budget:True,1048576-0==1048576
DEBUG 08-14 23:22:33 replica.py:171] complete_request_decode:num_saved_toekens=16
DEBUG 08-14 23:22:33 open_ai.py:452] good request:https://uu722127-b80a-4e3f9d5d.cqa1.seetacloud.com:8443:good,request._id=147,input=38,output=18
DEBUG 08-14 23:22:33 metrics_store.py:131] update_metrics:request_id=147
DEBUG 08-14 23:22:33 shared.py:180] Removed task for request 147 on https://uu722127-b80a-4e3f9d5d.cqa1.seetacloud.com:8443
INFO 08-14 23:22:33 shared.py:299] Adding task for request 148 to replica 0,session_id=148
DEBUG 08-14 23:22:33 replica.py:226] add_request - replica_id=[0], request=148,self.replica_slo_budget-sum_pending_tokens==current_budget:True,1048576-50==1048526
INFO 08-14 23:22:33 open_ai.py:115] async_send_request:request._id=148,session=148,127.0.0.1:8000
DEBUG 08-14 23:22:33 open_ai.py:335] async_send_request: request finish prefill, 148
INFO 08-14 23:22:33 open_ai.py:352] async_send_request: prefill completed: req=148,replica_id=0
DEBUG 08-14 23:22:33 replica.py:146] complete_request_prefill: replica_id=[0], request=148, current_budget=50,last_prefill_completed_at=30614961.436409667,last_ttft=0.0461
DEBUG 08-14 23:22:33 replica.py:153] complete_request_prefill - replica_id=[0], request=148,self.replica_slo_budget-sum_pending_tokens==current_budget:True,1048576-0==1048576
INFO 08-14 23:22:33 shared.py:299] Adding task for request 149 to replica 3,session_id=149
DEBUG 08-14 23:22:33 replica.py:226] add_request - replica_id=[3], request=149,self.replica_slo_budget-sum_pending_tokens==current_budget:True,1048576-295==1048281
INFO 08-14 23:22:33 open_ai.py:115] async_send_request:request._id=149,session=149,https://uu722127-b80a-4e3f9d5d.cqa1.seetacloud.com:8443
DEBUG 08-14 23:22:33 open_ai.py:335] async_send_request: request finish prefill, 149
INFO 08-14 23:22:33 open_ai.py:352] async_send_request: prefill completed: req=149,replica_id=3
DEBUG 08-14 23:22:33 replica.py:146] complete_request_prefill: replica_id=[3], request=149, current_budget=295,last_prefill_completed_at=30614961.861737415,last_ttft=0.0825
DEBUG 08-14 23:22:33 replica.py:153] complete_request_prefill - replica_id=[3], request=149,self.replica_slo_budget-sum_pending_tokens==current_budget:True,1048576-0==1048576
DEBUG 08-14 23:22:33 replica.py:171] complete_request_decode:num_saved_toekens=544
DEBUG 08-14 23:22:33 open_ai.py:452] good request:https://u722127-b80a-4e3f9d5d.cqa1.seetacloud.com:8443:good,request._id=133,input=305,output=548
DEBUG 08-14 23:22:33 metrics_store.py:131] update_metrics:request_id=133
DEBUG 08-14 23:22:33 shared.py:180] Removed task for request 133 on https://u722127-b80a-4e3f9d5d.cqa1.seetacloud.com:8443
INFO 08-14 23:22:34 shared.py:299] Adding task for request 150 to replica 2,session_id=150
DEBUG 08-14 23:22:34 replica.py:226] add_request - replica_id=[2], request=150,self.replica_slo_budget-sum_pending_tokens==current_budget:True,1048576-79==1048497
INFO 08-14 23:22:34 open_ai.py:115] async_send_request:request._id=150,session=150,https://u722127-b80a-4e3f9d5d.cqa1.seetacloud.com:8443
DEBUG 08-14 23:22:34 open_ai.py:335] async_send_request: request finish prefill, 150
INFO 08-14 23:22:34 open_ai.py:352] async_send_request: prefill completed: req=150,replica_id=2
DEBUG 08-14 23:22:34 replica.py:146] complete_request_prefill: replica_id=[2], request=150, current_budget=79,last_prefill_completed_at=30614962.282162715,last_ttft=0.1081
DEBUG 08-14 23:22:34 replica.py:153] complete_request_prefill - replica_id=[2], request=150,self.replica_slo_budget-sum_pending_tokens==current_budget:True,1048576-0==1048576
INFO 08-14 23:22:34 shared.py:299] Adding task for request 151 to replica 4,session_id=151
DEBUG 08-14 23:22:34 replica.py:226] add_request - replica_id=[4], request=151,self.replica_slo_budget-sum_pending_tokens==current_budget:True,1048576-83==1048493
INFO 08-14 23:22:34 open_ai.py:115] async_send_request:request._id=151,session=151,https://u722127-8cb5-f6dc13db.nmb1.seetacloud.com:8443
DEBUG 08-14 23:22:34 open_ai.py:335] async_send_request: request finish prefill, 151
INFO 08-14 23:22:34 open_ai.py:352] async_send_request: prefill completed: req=151,replica_id=4
DEBUG 08-14 23:22:34 replica.py:146] complete_request_prefill: replica_id=[4], request=151, current_budget=83,last_prefill_completed_at=30614962.65169695,last_ttft=0.1005
DEBUG 08-14 23:22:34 replica.py:153] complete_request_prefill - replica_id=[4], request=151,self.replica_slo_budget-sum_pending_tokens==current_budget:True,1048576-0==1048576
DEBUG 08-14 23:22:34 replica.py:171] complete_request_decode:num_saved_toekens=320
DEBUG 08-14 23:22:34 open_ai.py:452] good request:127.0.0.1:8000:good,request._id=139,input=34,output=318
DEBUG 08-14 23:22:34 metrics_store.py:131] update_metrics:request_id=139
DEBUG 08-14 23:22:34 shared.py:180] Removed task for request 139 on 127.0.0.1:8000
INFO 08-14 23:22:34 shared.py:299] Adding task for request 152 to replica 0,session_id=152
DEBUG 08-14 23:22:34 replica.py:226] add_request - replica_id=[0], request=152,self.replica_slo_budget-sum_pending_tokens==current_budget:True,1048576-278==1048298
INFO 08-14 23:22:34 open_ai.py:115] async_send_request:request._id=152,session=152,127.0.0.1:8000
DEBUG 08-14 23:22:34 open_ai.py:335] async_send_request: request finish prefill, 152
INFO 08-14 23:22:34 open_ai.py:352] async_send_request: prefill completed: req=152,replica_id=0
DEBUG 08-14 23:22:34 replica.py:146] complete_request_prefill: replica_id=[0], request=152, current_budget=278,last_prefill_completed_at=30614963.009487152,last_ttft=0.0412
DEBUG 08-14 23:22:34 replica.py:153] complete_request_prefill - replica_id=[0], request=152,self.replica_slo_budget-sum_pending_tokens==current_budget:True,1048576-0==1048576
DEBUG 08-14 23:22:35 replica.py:171] complete_request_decode:num_saved_toekens=16
DEBUG 08-14 23:22:35 open_ai.py:452] good request:127.0.0.1:8000:good,request._id=152,input=278,output=18
DEBUG 08-14 23:22:35 metrics_store.py:131] update_metrics:request_id=152
DEBUG 08-14 23:22:35 shared.py:180] Removed task for request 152 on 127.0.0.1:8000
INFO 08-14 23:22:35 shared.py:299] Adding task for request 153 to replica 4,session_id=153
DEBUG 08-14 23:22:35 replica.py:226] add_request - replica_id=[4], request=153,self.replica_slo_budget-sum_pending_tokens==current_budget:True,1048576-579==1047997
INFO 08-14 23:22:35 open_ai.py:115] async_send_request:request._id=153,session=153,https://u722127-8cb5-f6dc13db.nmb1.seetacloud.com:8443
DEBUG 08-14 23:22:35 open_ai.py:335] async_send_request: request finish prefill, 153
INFO 08-14 23:22:35 open_ai.py:352] async_send_request: prefill completed: req=153,replica_id=4
DEBUG 08-14 23:22:35 replica.py:146] complete_request_prefill: replica_id=[4], request=153, current_budget=579,last_prefill_completed_at=30614963.443348777,last_ttft=0.1038
DEBUG 08-14 23:22:35 replica.py:153] complete_request_prefill - replica_id=[4], request=153,self.replica_slo_budget-sum_pending_tokens==current_budget:True,1048576-0==1048576
INFO 08-14 23:22:35 shared.py:299] Adding task for request 154 to replica 0,session_id=154
DEBUG 08-14 23:22:35 replica.py:226] add_request - replica_id=[0], request=154,self.replica_slo_budget-sum_pending_tokens==current_budget:True,1048576-23==1048553
INFO 08-14 23:22:35 open_ai.py:115] async_send_request:request._id=154,session=154,127.0.0.1:8000
DEBUG 08-14 23:22:35 open_ai.py:335] async_send_request: request finish prefill, 154
INFO 08-14 23:22:35 open_ai.py:352] async_send_request: prefill completed: req=154,replica_id=0
DEBUG 08-14 23:22:35 replica.py:146] complete_request_prefill: replica_id=[0], request=154, current_budget=23,last_prefill_completed_at=30614963.819558725,last_ttft=0.0615
DEBUG 08-14 23:22:35 replica.py:153] complete_request_prefill - replica_id=[0], request=154,self.replica_slo_budget-sum_pending_tokens==current_budget:True,1048576-0==1048576
DEBUG 08-14 23:22:35 replica.py:171] complete_request_decode:num_saved_toekens=176
DEBUG 08-14 23:22:35 open_ai.py:452] good request:https://uu722127-b80a-4e3f9d5d.cqa1.seetacloud.com:8443:good,request._id=149,input=295,output=175
DEBUG 08-14 23:22:35 metrics_store.py:131] update_metrics:request_id=149
DEBUG 08-14 23:22:35 shared.py:180] Removed task for request 149 on https://uu722127-b80a-4e3f9d5d.cqa1.seetacloud.com:8443
DEBUG 08-14 23:22:35 replica.py:171] complete_request_decode:num_saved_toekens=16
DEBUG 08-14 23:22:35 open_ai.py:452] good request:127.0.0.1:8000:good,request._id=154,input=23,output=19
DEBUG 08-14 23:22:35 metrics_store.py:131] update_metrics:request_id=154
DEBUG 08-14 23:22:35 shared.py:180] Removed task for request 154 on 127.0.0.1:8000
INFO 08-14 23:22:35 shared.py:299] Adding task for request 155 to replica 3,session_id=155
DEBUG 08-14 23:22:35 replica.py:226] add_request - replica_id=[3], request=155,self.replica_slo_budget-sum_pending_tokens==current_budget:True,1048576-45==1048531
INFO 08-14 23:22:35 open_ai.py:115] async_send_request:request._id=155,session=155,https://uu722127-b80a-4e3f9d5d.cqa1.seetacloud.com:8443
DEBUG 08-14 23:22:36 open_ai.py:335] async_send_request: request finish prefill, 155
INFO 08-14 23:22:36 open_ai.py:352] async_send_request: prefill completed: req=155,replica_id=3
DEBUG 08-14 23:22:36 replica.py:146] complete_request_prefill: replica_id=[3], request=155, current_budget=45,last_prefill_completed_at=30614964.2294179,last_ttft=0.0894
DEBUG 08-14 23:22:36 replica.py:153] complete_request_prefill - replica_id=[3], request=155,self.replica_slo_budget-sum_pending_tokens==current_budget:True,1048576-0==1048576
DEBUG 08-14 23:22:36 replica.py:171] complete_request_decode:num_saved_toekens=32
DEBUG 08-14 23:22:36 open_ai.py:452] good request:https://u722127-8cb5-f6dc13db.nmb1.seetacloud.com:8443:good,request._id=153,input=579,output=35
DEBUG 08-14 23:22:36 metrics_store.py:131] update_metrics:request_id=153
DEBUG 08-14 23:22:36 shared.py:180] Removed task for request 153 on https://u722127-8cb5-f6dc13db.nmb1.seetacloud.com:8443
DEBUG 08-14 23:22:36 replica.py:171] complete_request_decode:num_saved_toekens=592
DEBUG 08-14 23:22:36 open_ai.py:452] good request:https://u722127-b80a-4e3f9d5d.cqa1.seetacloud.com:8443:good,request._id=138,input=21,output=596
DEBUG 08-14 23:22:36 metrics_store.py:131] update_metrics:request_id=138
DEBUG 08-14 23:22:36 shared.py:180] Removed task for request 138 on https://u722127-b80a-4e3f9d5d.cqa1.seetacloud.com:8443
INFO 08-14 23:22:36 shared.py:299] Adding task for request 156 to replica 0,session_id=156
DEBUG 08-14 23:22:36 replica.py:226] add_request - replica_id=[0], request=156,self.replica_slo_budget-sum_pending_tokens==current_budget:True,1048576-141==1048435
INFO 08-14 23:22:36 open_ai.py:115] async_send_request:request._id=156,session=156,127.0.0.1:8000
DEBUG 08-14 23:22:36 open_ai.py:335] async_send_request: request finish prefill, 156
INFO 08-14 23:22:36 open_ai.py:352] async_send_request: prefill completed: req=156,replica_id=0
DEBUG 08-14 23:22:36 replica.py:146] complete_request_prefill: replica_id=[0], request=156, current_budget=141,last_prefill_completed_at=30614964.57145704,last_ttft=0.0503
DEBUG 08-14 23:22:36 replica.py:153] complete_request_prefill - replica_id=[0], request=156,self.replica_slo_budget-sum_pending_tokens==current_budget:True,1048576-0==1048576
DEBUG 08-14 23:22:36 replica.py:171] complete_request_decode:num_saved_toekens=32
DEBUG 08-14 23:22:36 open_ai.py:452] good request:127.0.0.1:8000:good,request._id=156,input=141,output=20
DEBUG 08-14 23:22:36 metrics_store.py:131] update_metrics:request_id=156
DEBUG 08-14 23:22:36 shared.py:180] Removed task for request 156 on 127.0.0.1:8000
INFO 08-14 23:22:36 shared.py:299] Adding task for request 157 to replica 1,session_id=157
DEBUG 08-14 23:22:36 replica.py:226] add_request - replica_id=[1], request=157,self.replica_slo_budget-sum_pending_tokens==current_budget:True,1048576-63==1048513
INFO 08-14 23:22:36 open_ai.py:115] async_send_request:request._id=157,session=157,127.0.0.1:8001
DEBUG 08-14 23:22:36 open_ai.py:335] async_send_request: request finish prefill, 157
INFO 08-14 23:22:36 open_ai.py:352] async_send_request: prefill completed: req=157,replica_id=1
DEBUG 08-14 23:22:36 replica.py:146] complete_request_prefill: replica_id=[1], request=157, current_budget=63,last_prefill_completed_at=30614964.999944255,last_ttft=0.0412
DEBUG 08-14 23:22:36 replica.py:153] complete_request_prefill - replica_id=[1], request=157,self.replica_slo_budget-sum_pending_tokens==current_budget:True,1048576-0==1048576
INFO 08-14 23:22:37 shared.py:299] Adding task for request 158 to replica 2,session_id=158
DEBUG 08-14 23:22:37 replica.py:226] add_request - replica_id=[2], request=158,self.replica_slo_budget-sum_pending_tokens==current_budget:True,1048576-41==1048535
DEBUG 08-14 23:22:37 replica.py:171] complete_request_decode:num_saved_toekens=272
INFO 08-14 23:22:37 open_ai.py:115] async_send_request:request._id=158,session=158,https://u722127-b80a-4e3f9d5d.cqa1.seetacloud.com:8443
DEBUG 08-14 23:22:37 open_ai.py:452] good request:https://u722127-b80a-4e3f9d5d.cqa1.seetacloud.com:8443:good,request._id=150,input=79,output=265
DEBUG 08-14 23:22:37 metrics_store.py:131] update_metrics:request_id=150
DEBUG 08-14 23:22:37 shared.py:180] Removed task for request 150 on https://u722127-b80a-4e3f9d5d.cqa1.seetacloud.com:8443
DEBUG 08-14 23:22:37 open_ai.py:335] async_send_request: request finish prefill, 158
INFO 08-14 23:22:37 open_ai.py:352] async_send_request: prefill completed: req=158,replica_id=2
DEBUG 08-14 23:22:37 replica.py:146] complete_request_prefill: replica_id=[2], request=158, current_budget=41,last_prefill_completed_at=30614965.438213702,last_ttft=0.0841
DEBUG 08-14 23:22:37 replica.py:153] complete_request_prefill - replica_id=[2], request=158,self.replica_slo_budget-sum_pending_tokens==current_budget:True,1048576-0==1048576
DEBUG 08-14 23:22:37 replica.py:171] complete_request_decode:num_saved_toekens=16
DEBUG 08-14 23:22:37 open_ai.py:452] good request:https://u722127-b80a-4e3f9d5d.cqa1.seetacloud.com:8443:good,request._id=158,input=41,output=18
DEBUG 08-14 23:22:37 metrics_store.py:131] update_metrics:request_id=158
DEBUG 08-14 23:22:37 shared.py:180] Removed task for request 158 on https://u722127-b80a-4e3f9d5d.cqa1.seetacloud.com:8443
INFO 08-14 23:22:37 shared.py:299] Adding task for request 159 to replica 3,session_id=159
DEBUG 08-14 23:22:37 replica.py:226] add_request - replica_id=[3], request=159,self.replica_slo_budget-sum_pending_tokens==current_budget:True,1048576-85==1048491
INFO 08-14 23:22:37 open_ai.py:115] async_send_request:request._id=159,session=159,https://uu722127-b80a-4e3f9d5d.cqa1.seetacloud.com:8443
DEBUG 08-14 23:22:37 open_ai.py:335] async_send_request: request finish prefill, 159
INFO 08-14 23:22:37 open_ai.py:352] async_send_request: prefill completed: req=159,replica_id=3
DEBUG 08-14 23:22:37 replica.py:146] complete_request_prefill: replica_id=[3], request=159, current_budget=85,last_prefill_completed_at=30614965.859190207,last_ttft=0.0899
DEBUG 08-14 23:22:37 replica.py:153] complete_request_prefill - replica_id=[3], request=159,self.replica_slo_budget-sum_pending_tokens==current_budget:True,1048576-0==1048576
DEBUG 08-14 23:22:37 replica.py:171] complete_request_decode:num_saved_toekens=80
DEBUG 08-14 23:22:37 open_ai.py:452] good request:127.0.0.1:8001:good,request._id=157,input=63,output=74
DEBUG 08-14 23:22:37 metrics_store.py:131] update_metrics:request_id=157
DEBUG 08-14 23:22:37 shared.py:180] Removed task for request 157 on 127.0.0.1:8001
INFO 08-14 23:22:38 shared.py:299] Adding task for request 160 to replica 0,session_id=160
DEBUG 08-14 23:22:38 replica.py:226] add_request - replica_id=[0], request=160,self.replica_slo_budget-sum_pending_tokens==current_budget:True,1048576-367==1048209
INFO 08-14 23:22:38 open_ai.py:115] async_send_request:request._id=160,session=160,127.0.0.1:8000
DEBUG 08-14 23:22:38 open_ai.py:335] async_send_request: request finish prefill, 160
INFO 08-14 23:22:38 open_ai.py:352] async_send_request: prefill completed: req=160,replica_id=0
DEBUG 08-14 23:22:38 replica.py:146] complete_request_prefill: replica_id=[0], request=160, current_budget=367,last_prefill_completed_at=30614966.214631457,last_ttft=0.0574
DEBUG 08-14 23:22:38 replica.py:153] complete_request_prefill - replica_id=[0], request=160,self.replica_slo_budget-sum_pending_tokens==current_budget:True,1048576-0==1048576
DEBUG 08-14 23:22:38 replica.py:171] complete_request_decode:num_saved_toekens=192
DEBUG 08-14 23:22:38 open_ai.py:452] good request:https://uu722127-b80a-4e3f9d5d.cqa1.seetacloud.com:8443:good,request._id=155,input=45,output=185
DEBUG 08-14 23:22:38 metrics_store.py:131] update_metrics:request_id=155
DEBUG 08-14 23:22:38 shared.py:180] Removed task for request 155 on https://uu722127-b80a-4e3f9d5d.cqa1.seetacloud.com:8443
INFO 08-14 23:22:38 shared.py:299] Adding task for request 161 to replica 2,session_id=161
DEBUG 08-14 23:22:38 replica.py:226] add_request - replica_id=[2], request=161,self.replica_slo_budget-sum_pending_tokens==current_budget:True,1048576-42==1048534
INFO 08-14 23:22:38 open_ai.py:115] async_send_request:request._id=161,session=161,https://u722127-b80a-4e3f9d5d.cqa1.seetacloud.com:8443
DEBUG 08-14 23:22:38 replica.py:171] complete_request_decode:num_saved_toekens=704
DEBUG 08-14 23:22:38 open_ai.py:452] good request:127.0.0.1:8001:good,request._id=132,input=14,output=694
DEBUG 08-14 23:22:38 metrics_store.py:131] update_metrics:request_id=132
DEBUG 08-14 23:22:38 shared.py:180] Removed task for request 132 on 127.0.0.1:8001
DEBUG 08-14 23:22:38 open_ai.py:335] async_send_request: request finish prefill, 161
INFO 08-14 23:22:38 open_ai.py:352] async_send_request: prefill completed: req=161,replica_id=2
DEBUG 08-14 23:22:38 replica.py:146] complete_request_prefill: replica_id=[2], request=161, current_budget=42,last_prefill_completed_at=30614966.9378014,last_ttft=0.3575
DEBUG 08-14 23:22:38 replica.py:153] complete_request_prefill - replica_id=[2], request=161,self.replica_slo_budget-sum_pending_tokens==current_budget:True,1048576-0==1048576
INFO 08-14 23:22:38 shared.py:299] Adding task for request 162 to replica 2,session_id=162
DEBUG 08-14 23:22:38 replica.py:226] add_request - replica_id=[2], request=162,self.replica_slo_budget-sum_pending_tokens==current_budget:True,1048576-363==1048213
INFO 08-14 23:22:38 open_ai.py:115] async_send_request:request._id=162,session=162,https://u722127-b80a-4e3f9d5d.cqa1.seetacloud.com:8443
DEBUG 08-14 23:22:38 replica.py:171] complete_request_decode:num_saved_toekens=544
DEBUG 08-14 23:22:38 open_ai.py:452] good request:https://uu722127-b80a-4e3f9d5d.cqa1.seetacloud.com:8443:good,request._id=146,input=31,output=541
DEBUG 08-14 23:22:38 metrics_store.py:131] update_metrics:request_id=146
DEBUG 08-14 23:22:38 shared.py:180] Removed task for request 146 on https://uu722127-b80a-4e3f9d5d.cqa1.seetacloud.com:8443
DEBUG 08-14 23:22:38 open_ai.py:335] async_send_request: request finish prefill, 162
INFO 08-14 23:22:38 open_ai.py:352] async_send_request: prefill completed: req=162,replica_id=2
DEBUG 08-14 23:22:38 replica.py:146] complete_request_prefill: replica_id=[2], request=162, current_budget=363,last_prefill_completed_at=30614967.06682196,last_ttft=0.0893
DEBUG 08-14 23:22:38 replica.py:153] complete_request_prefill - replica_id=[2], request=162,self.replica_slo_budget-sum_pending_tokens==current_budget:True,1048576-0==1048576
INFO 08-14 23:22:39 shared.py:299] Adding task for request 163 to replica 3,session_id=163
DEBUG 08-14 23:22:39 replica.py:226] add_request - replica_id=[3], request=163,self.replica_slo_budget-sum_pending_tokens==current_budget:True,1048576-259==1048317
INFO 08-14 23:22:39 open_ai.py:115] async_send_request:request._id=163,session=163,https://uu722127-b80a-4e3f9d5d.cqa1.seetacloud.com:8443
DEBUG 08-14 23:22:39 open_ai.py:335] async_send_request: request finish prefill, 163
INFO 08-14 23:22:39 open_ai.py:352] async_send_request: prefill completed: req=163,replica_id=3
DEBUG 08-14 23:22:39 replica.py:146] complete_request_prefill: replica_id=[3], request=163, current_budget=259,last_prefill_completed_at=30614967.459077407,last_ttft=0.0937
DEBUG 08-14 23:22:39 replica.py:153] complete_request_prefill - replica_id=[3], request=163,self.replica_slo_budget-sum_pending_tokens==current_budget:True,1048576-0==1048576
DEBUG 08-14 23:22:39 replica.py:171] complete_request_decode:num_saved_toekens=0
DEBUG 08-14 23:22:39 open_ai.py:452] good request:https://uu722127-b80a-4e3f9d5d.cqa1.seetacloud.com:8443:good,request._id=163,input=259,output=8
DEBUG 08-14 23:22:39 metrics_store.py:131] update_metrics:request_id=163
DEBUG 08-14 23:22:39 shared.py:180] Removed task for request 163 on https://uu722127-b80a-4e3f9d5d.cqa1.seetacloud.com:8443
DEBUG 08-14 23:22:39 replica.py:171] complete_request_decode:num_saved_toekens=96
DEBUG 08-14 23:22:39 open_ai.py:452] good request:127.0.0.1:8000:good,request._id=160,input=367,output=96
DEBUG 08-14 23:22:39 metrics_store.py:131] update_metrics:request_id=160
DEBUG 08-14 23:22:39 shared.py:180] Removed task for request 160 on 127.0.0.1:8000
INFO 08-14 23:22:39 shared.py:299] Adding task for request 164 to replica 0,session_id=164
DEBUG 08-14 23:22:39 replica.py:226] add_request - replica_id=[0], request=164,self.replica_slo_budget-sum_pending_tokens==current_budget:True,1048576-405==1048171
INFO 08-14 23:22:39 open_ai.py:115] async_send_request:request._id=164,session=164,127.0.0.1:8000
DEBUG 08-14 23:22:39 open_ai.py:335] async_send_request: request finish prefill, 164
INFO 08-14 23:22:39 open_ai.py:352] async_send_request: prefill completed: req=164,replica_id=0
DEBUG 08-14 23:22:39 replica.py:146] complete_request_prefill: replica_id=[0], request=164, current_budget=405,last_prefill_completed_at=30614967.803019643,last_ttft=0.0417
DEBUG 08-14 23:22:39 replica.py:153] complete_request_prefill - replica_id=[0], request=164,self.replica_slo_budget-sum_pending_tokens==current_budget:True,1048576-0==1048576
INFO 08-14 23:22:39 shared.py:299] Adding task for request 165 to replica 3,session_id=165
DEBUG 08-14 23:22:39 replica.py:226] add_request - replica_id=[3], request=165,self.replica_slo_budget-sum_pending_tokens==current_budget:True,1048576-27==1048549
INFO 08-14 23:22:39 open_ai.py:115] async_send_request:request._id=165,session=165,https://uu722127-b80a-4e3f9d5d.cqa1.seetacloud.com:8443
DEBUG 08-14 23:22:40 open_ai.py:335] async_send_request: request finish prefill, 165
INFO 08-14 23:22:40 open_ai.py:352] async_send_request: prefill completed: req=165,replica_id=3
DEBUG 08-14 23:22:40 replica.py:146] complete_request_prefill: replica_id=[3], request=165, current_budget=27,last_prefill_completed_at=30614968.20675976,last_ttft=0.0855
DEBUG 08-14 23:22:40 replica.py:153] complete_request_prefill - replica_id=[3], request=165,self.replica_slo_budget-sum_pending_tokens==current_budget:True,1048576-0==1048576
DEBUG 08-14 23:22:40 replica.py:171] complete_request_decode:num_saved_toekens=32
DEBUG 08-14 23:22:40 open_ai.py:452] good request:127.0.0.1:8000:good,request._id=164,input=405,output=36
DEBUG 08-14 23:22:40 metrics_store.py:131] update_metrics:request_id=164
DEBUG 08-14 23:22:40 shared.py:180] Removed task for request 164 on 127.0.0.1:8000
INFO 08-14 23:22:40 shared.py:299] Adding task for request 166 to replica 3,session_id=166
DEBUG 08-14 23:22:40 replica.py:226] add_request - replica_id=[3], request=166,self.replica_slo_budget-sum_pending_tokens==current_budget:True,1048576-252==1048324
INFO 08-14 23:22:40 open_ai.py:115] async_send_request:request._id=166,session=166,https://uu722127-b80a-4e3f9d5d.cqa1.seetacloud.com:8443
DEBUG 08-14 23:22:40 open_ai.py:335] async_send_request: request finish prefill, 166
INFO 08-14 23:22:40 open_ai.py:352] async_send_request: prefill completed: req=166,replica_id=3
DEBUG 08-14 23:22:40 replica.py:146] complete_request_prefill: replica_id=[3], request=166, current_budget=252,last_prefill_completed_at=30614968.62741043,last_ttft=0.0883
DEBUG 08-14 23:22:40 replica.py:153] complete_request_prefill - replica_id=[3], request=166,self.replica_slo_budget-sum_pending_tokens==current_budget:True,1048576-0==1048576
INFO 08-14 23:22:40 shared.py:299] Adding task for request 167 to replica 3,session_id=167
DEBUG 08-14 23:22:40 replica.py:226] add_request - replica_id=[3], request=167,self.replica_slo_budget-sum_pending_tokens==current_budget:True,1048576-15==1048561
INFO 08-14 23:22:40 open_ai.py:115] async_send_request:request._id=167,session=167,https://uu722127-b80a-4e3f9d5d.cqa1.seetacloud.com:8443
DEBUG 08-14 23:22:41 replica.py:171] complete_request_decode:num_saved_toekens=496
DEBUG 08-14 23:22:41 open_ai.py:452] good request:127.0.0.1:8000:good,request._id=148,input=50,output=494
DEBUG 08-14 23:22:41 metrics_store.py:131] update_metrics:request_id=148
DEBUG 08-14 23:22:41 shared.py:180] Removed task for request 148 on 127.0.0.1:8000
INFO 08-14 23:22:41 shared.py:299] Adding task for request 168 to replica 0,session_id=168
DEBUG 08-14 23:22:41 replica.py:226] add_request - replica_id=[0], request=168,self.replica_slo_budget-sum_pending_tokens==current_budget:True,1048576-46==1048530
INFO 08-14 23:22:41 open_ai.py:115] async_send_request:request._id=168,session=168,127.0.0.1:8000
DEBUG 08-14 23:22:41 open_ai.py:335] async_send_request: request finish prefill, 168
INFO 08-14 23:22:41 open_ai.py:352] async_send_request: prefill completed: req=168,replica_id=0
DEBUG 08-14 23:22:41 replica.py:146] complete_request_prefill: replica_id=[0], request=168, current_budget=46,last_prefill_completed_at=30614969.36813388,last_ttft=0.04
DEBUG 08-14 23:22:41 replica.py:153] complete_request_prefill - replica_id=[0], request=168,self.replica_slo_budget-sum_pending_tokens==current_budget:True,1048576-0==1048576
DEBUG 08-14 23:22:41 open_ai.py:335] async_send_request: request finish prefill, 167
INFO 08-14 23:22:41 open_ai.py:352] async_send_request: prefill completed: req=167,replica_id=3
DEBUG 08-14 23:22:41 replica.py:146] complete_request_prefill: replica_id=[3], request=167, current_budget=15,last_prefill_completed_at=30614969.42565456,last_ttft=0.5077
DEBUG 08-14 23:22:41 replica.py:153] complete_request_prefill - replica_id=[3], request=167,self.replica_slo_budget-sum_pending_tokens==current_budget:True,1048576-0==1048576
DEBUG 08-14 23:22:41 replica.py:171] complete_request_decode:num_saved_toekens=32
DEBUG 08-14 23:22:41 open_ai.py:452] good request:127.0.0.1:8000:good,request._id=168,input=46,output=18
DEBUG 08-14 23:22:41 metrics_store.py:131] update_metrics:request_id=168
DEBUG 08-14 23:22:41 shared.py:180] Removed task for request 168 on 127.0.0.1:8000
INFO 08-14 23:22:41 shared.py:299] Adding task for request 169 to replica 0,session_id=169
DEBUG 08-14 23:22:41 replica.py:226] add_request - replica_id=[0], request=169,self.replica_slo_budget-sum_pending_tokens==current_budget:True,1048576-368==1048208
INFO 08-14 23:22:41 open_ai.py:115] async_send_request:request._id=169,session=169,127.0.0.1:8000
DEBUG 08-14 23:22:41 open_ai.py:335] async_send_request: request finish prefill, 169
INFO 08-14 23:22:41 open_ai.py:352] async_send_request: prefill completed: req=169,replica_id=0
DEBUG 08-14 23:22:41 replica.py:146] complete_request_prefill: replica_id=[0], request=169, current_budget=368,last_prefill_completed_at=30614969.762323704,last_ttft=0.0461
DEBUG 08-14 23:22:41 replica.py:153] complete_request_prefill - replica_id=[0], request=169,self.replica_slo_budget-sum_pending_tokens==current_budget:True,1048576-0==1048576
DEBUG 08-14 23:22:41 replica.py:171] complete_request_decode:num_saved_toekens=48
DEBUG 08-14 23:22:41 open_ai.py:452] good request:https://uu722127-b80a-4e3f9d5d.cqa1.seetacloud.com:8443:good,request._id=167,input=15,output=34
DEBUG 08-14 23:22:41 metrics_store.py:131] update_metrics:request_id=167
DEBUG 08-14 23:22:41 shared.py:180] Removed task for request 167 on https://uu722127-b80a-4e3f9d5d.cqa1.seetacloud.com:8443
INFO 08-14 23:22:41 shared.py:299] Adding task for request 170 to replica 3,session_id=170
DEBUG 08-14 23:22:41 replica.py:226] add_request - replica_id=[3], request=170,self.replica_slo_budget-sum_pending_tokens==current_budget:True,1048576-39==1048537
INFO 08-14 23:22:41 open_ai.py:115] async_send_request:request._id=170,session=170,https://uu722127-b80a-4e3f9d5d.cqa1.seetacloud.com:8443
DEBUG 08-14 23:22:42 open_ai.py:335] async_send_request: request finish prefill, 170
INFO 08-14 23:22:42 open_ai.py:352] async_send_request: prefill completed: req=170,replica_id=3
DEBUG 08-14 23:22:42 replica.py:146] complete_request_prefill: replica_id=[3], request=170, current_budget=39,last_prefill_completed_at=30614970.220257927,last_ttft=0.1102
DEBUG 08-14 23:22:42 replica.py:153] complete_request_prefill - replica_id=[3], request=170,self.replica_slo_budget-sum_pending_tokens==current_budget:True,1048576-0==1048576
INFO 08-14 23:22:42 shared.py:299] Adding task for request 171 to replica 4,session_id=171
DEBUG 08-14 23:22:42 replica.py:226] add_request - replica_id=[4], request=171,self.replica_slo_budget-sum_pending_tokens==current_budget:True,1048576-38==1048538
INFO 08-14 23:22:42 open_ai.py:115] async_send_request:request._id=171,session=171,https://u722127-8cb5-f6dc13db.nmb1.seetacloud.com:8443
DEBUG 08-14 23:22:42 open_ai.py:335] async_send_request: request finish prefill, 171
INFO 08-14 23:22:42 open_ai.py:352] async_send_request: prefill completed: req=171,replica_id=4
DEBUG 08-14 23:22:42 replica.py:146] complete_request_prefill: replica_id=[4], request=171, current_budget=38,last_prefill_completed_at=30614970.58725144,last_ttft=0.088
DEBUG 08-14 23:22:42 replica.py:153] complete_request_prefill - replica_id=[4], request=171,self.replica_slo_budget-sum_pending_tokens==current_budget:True,1048576-0==1048576
DEBUG 08-14 23:22:42 replica.py:171] complete_request_decode:num_saved_toekens=320
DEBUG 08-14 23:22:42 open_ai.py:452] good request:https://u722127-b80a-4e3f9d5d.cqa1.seetacloud.com:8443:good,request._id=162,input=363,output=310
DEBUG 08-14 23:22:42 metrics_store.py:131] update_metrics:request_id=162
DEBUG 08-14 23:22:42 shared.py:180] Removed task for request 162 on https://u722127-b80a-4e3f9d5d.cqa1.seetacloud.com:8443
INFO 08-14 23:22:42 shared.py:299] Adding task for request 172 to replica 1,session_id=172
DEBUG 08-14 23:22:42 replica.py:226] add_request - replica_id=[1], request=172,self.replica_slo_budget-sum_pending_tokens==current_budget:True,1048576-341==1048235
INFO 08-14 23:22:42 open_ai.py:115] async_send_request:request._id=172,session=172,127.0.0.1:8001
DEBUG 08-14 23:22:42 open_ai.py:335] async_send_request: request finish prefill, 172
INFO 08-14 23:22:42 open_ai.py:352] async_send_request: prefill completed: req=172,replica_id=1
DEBUG 08-14 23:22:42 replica.py:146] complete_request_prefill: replica_id=[1], request=172, current_budget=341,last_prefill_completed_at=30614970.88612202,last_ttft=0.0475
DEBUG 08-14 23:22:42 replica.py:153] complete_request_prefill - replica_id=[1], request=172,self.replica_slo_budget-sum_pending_tokens==current_budget:True,1048576-0==1048576
DEBUG 08-14 23:22:42 replica.py:171] complete_request_decode:num_saved_toekens=16
DEBUG 08-14 23:22:42 open_ai.py:452] good request:https://u722127-8cb5-f6dc13db.nmb1.seetacloud.com:8443:good,request._id=171,input=38,output=19
DEBUG 08-14 23:22:42 metrics_store.py:131] update_metrics:request_id=171
DEBUG 08-14 23:22:42 shared.py:180] Removed task for request 171 on https://u722127-8cb5-f6dc13db.nmb1.seetacloud.com:8443
INFO 08-14 23:22:43 shared.py:299] Adding task for request 173 to replica 2,session_id=173
DEBUG 08-14 23:22:43 replica.py:226] add_request - replica_id=[2], request=173,self.replica_slo_budget-sum_pending_tokens==current_budget:True,1048576-46==1048530
INFO 08-14 23:22:43 open_ai.py:115] async_send_request:request._id=173,session=173,https://u722127-b80a-4e3f9d5d.cqa1.seetacloud.com:8443
DEBUG 08-14 23:22:43 open_ai.py:335] async_send_request: request finish prefill, 173
INFO 08-14 23:22:43 open_ai.py:352] async_send_request: prefill completed: req=173,replica_id=2
DEBUG 08-14 23:22:43 replica.py:146] complete_request_prefill: replica_id=[2], request=173, current_budget=46,last_prefill_completed_at=30614971.375225164,last_ttft=0.09
DEBUG 08-14 23:22:43 replica.py:153] complete_request_prefill - replica_id=[2], request=173,self.replica_slo_budget-sum_pending_tokens==current_budget:True,1048576-0==1048576
DEBUG 08-14 23:22:43 replica.py:171] complete_request_decode:num_saved_toekens=32
DEBUG 08-14 23:22:43 open_ai.py:452] good request:127.0.0.1:8001:good,request._id=172,input=341,output=42
DEBUG 08-14 23:22:43 metrics_store.py:131] update_metrics:request_id=172
DEBUG 08-14 23:22:43 shared.py:180] Removed task for request 172 on 127.0.0.1:8001
DEBUG 08-14 23:22:43 replica.py:171] complete_request_decode:num_saved_toekens=32
DEBUG 08-14 23:22:43 replica.py:171] complete_request_decode:num_saved_toekens=112
DEBUG 08-14 23:22:43 open_ai.py:452] good request:https://u722127-b80a-4e3f9d5d.cqa1.seetacloud.com:8443:good,request._id=173,input=46,output=18
DEBUG 08-14 23:22:43 metrics_store.py:131] update_metrics:request_id=173
DEBUG 08-14 23:22:43 shared.py:180] Removed task for request 173 on https://u722127-b80a-4e3f9d5d.cqa1.seetacloud.com:8443
DEBUG 08-14 23:22:43 open_ai.py:452] good request:https://uu722127-b80a-4e3f9d5d.cqa1.seetacloud.com:8443:good,request._id=170,input=39,output=113
DEBUG 08-14 23:22:43 metrics_store.py:131] update_metrics:request_id=170
DEBUG 08-14 23:22:43 shared.py:180] Removed task for request 170 on https://uu722127-b80a-4e3f9d5d.cqa1.seetacloud.com:8443
INFO 08-14 23:22:43 shared.py:299] Adding task for request 174 to replica 4,session_id=174
DEBUG 08-14 23:22:43 replica.py:226] add_request - replica_id=[4], request=174,self.replica_slo_budget-sum_pending_tokens==current_budget:True,1048576-525==1048051
INFO 08-14 23:22:43 open_ai.py:115] async_send_request:request._id=174,session=174,https://u722127-8cb5-f6dc13db.nmb1.seetacloud.com:8443
DEBUG 08-14 23:22:43 open_ai.py:335] async_send_request: request finish prefill, 174
INFO 08-14 23:22:43 open_ai.py:352] async_send_request: prefill completed: req=174,replica_id=4
DEBUG 08-14 23:22:43 replica.py:146] complete_request_prefill: replica_id=[4], request=174, current_budget=525,last_prefill_completed_at=30614971.75886668,last_ttft=0.0953
DEBUG 08-14 23:22:43 replica.py:153] complete_request_prefill - replica_id=[4], request=174,self.replica_slo_budget-sum_pending_tokens==current_budget:True,1048576-0==1048576
INFO 08-14 23:22:43 shared.py:299] Adding task for request 175 to replica 1,session_id=175
DEBUG 08-14 23:22:43 replica.py:226] add_request - replica_id=[1], request=175,self.replica_slo_budget-sum_pending_tokens==current_budget:True,1048576-87==1048489
INFO 08-14 23:22:43 open_ai.py:115] async_send_request:request._id=175,session=175,127.0.0.1:8001
DEBUG 08-14 23:22:43 open_ai.py:335] async_send_request: request finish prefill, 175
INFO 08-14 23:22:43 open_ai.py:352] async_send_request: prefill completed: req=175,replica_id=1
DEBUG 08-14 23:22:43 replica.py:146] complete_request_prefill: replica_id=[1], request=175, current_budget=87,last_prefill_completed_at=30614972.092397876,last_ttft=0.0383
DEBUG 08-14 23:22:43 replica.py:153] complete_request_prefill - replica_id=[1], request=175,self.replica_slo_budget-sum_pending_tokens==current_budget:True,1048576-0==1048576
DEBUG 08-14 23:22:44 replica.py:171] complete_request_decode:num_saved_toekens=1024
DEBUG 08-14 23:22:44 open_ai.py:452] good request:127.0.0.1:8001:good,request._id=134,input=292,output=1025
DEBUG 08-14 23:22:44 metrics_store.py:131] update_metrics:request_id=134
DEBUG 08-14 23:22:44 shared.py:180] Removed task for request 134 on 127.0.0.1:8001
DEBUG 08-14 23:22:44 replica.py:171] complete_request_decode:num_saved_toekens=544
DEBUG 08-14 23:22:44 open_ai.py:452] good request:https://uu722127-b80a-4e3f9d5d.cqa1.seetacloud.com:8443:good,request._id=159,input=85,output=550
DEBUG 08-14 23:22:44 metrics_store.py:131] update_metrics:request_id=159
DEBUG 08-14 23:22:44 shared.py:180] Removed task for request 159 on https://uu722127-b80a-4e3f9d5d.cqa1.seetacloud.com:8443
INFO 08-14 23:22:44 shared.py:299] Adding task for request 176 to replica 1,session_id=176
DEBUG 08-14 23:22:44 replica.py:226] add_request - replica_id=[1], request=176,self.replica_slo_budget-sum_pending_tokens==current_budget:True,1048576-579==1047997
INFO 08-14 23:22:44 open_ai.py:115] async_send_request:request._id=176,session=176,127.0.0.1:8001
DEBUG 08-14 23:22:44 open_ai.py:335] async_send_request: request finish prefill, 176
INFO 08-14 23:22:44 open_ai.py:352] async_send_request: prefill completed: req=176,replica_id=1
DEBUG 08-14 23:22:44 replica.py:146] complete_request_prefill: replica_id=[1], request=176, current_budget=579,last_prefill_completed_at=30614972.49985279,last_ttft=0.0482
DEBUG 08-14 23:22:44 replica.py:153] complete_request_prefill - replica_id=[1], request=176,self.replica_slo_budget-sum_pending_tokens==current_budget:True,1048576-0==1048576
INFO 08-14 23:22:44 shared.py:299] Adding task for request 177 to replica 3,session_id=177
DEBUG 08-14 23:22:44 replica.py:226] add_request - replica_id=[3], request=177,self.replica_slo_budget-sum_pending_tokens==current_budget:True,1048576-62==1048514
INFO 08-14 23:22:44 open_ai.py:115] async_send_request:request._id=177,session=177,https://uu722127-b80a-4e3f9d5d.cqa1.seetacloud.com:8443
DEBUG 08-14 23:22:44 open_ai.py:335] async_send_request: request finish prefill, 177
INFO 08-14 23:22:44 open_ai.py:352] async_send_request: prefill completed: req=177,replica_id=3
DEBUG 08-14 23:22:44 replica.py:146] complete_request_prefill: replica_id=[3], request=177, current_budget=62,last_prefill_completed_at=30614972.93960015,last_ttft=0.0884
DEBUG 08-14 23:22:44 replica.py:153] complete_request_prefill - replica_id=[3], request=177,self.replica_slo_budget-sum_pending_tokens==current_budget:True,1048576-0==1048576
DEBUG 08-14 23:22:44 replica.py:171] complete_request_decode:num_saved_toekens=368
DEBUG 08-14 23:22:44 open_ai.py:452] good request:https://uu722127-b80a-4e3f9d5d.cqa1.seetacloud.com:8443:good,request._id=166,input=252,output=357
DEBUG 08-14 23:22:44 metrics_store.py:131] update_metrics:request_id=166
DEBUG 08-14 23:22:44 shared.py:180] Removed task for request 166 on https://uu722127-b80a-4e3f9d5d.cqa1.seetacloud.com:8443
DEBUG 08-14 23:22:44 replica.py:171] complete_request_decode:num_saved_toekens=32
DEBUG 08-14 23:22:44 open_ai.py:452] good request:127.0.0.1:8001:good,request._id=176,input=579,output=35
DEBUG 08-14 23:22:44 metrics_store.py:131] update_metrics:request_id=176
DEBUG 08-14 23:22:44 shared.py:180] Removed task for request 176 on 127.0.0.1:8001
DEBUG 08-14 23:22:44 replica.py:171] complete_request_decode:num_saved_toekens=16
DEBUG 08-14 23:22:44 open_ai.py:452] good request:https://uu722127-b80a-4e3f9d5d.cqa1.seetacloud.com:8443:good,request._id=177,input=62,output=13
DEBUG 08-14 23:22:44 metrics_store.py:131] update_metrics:request_id=177
DEBUG 08-14 23:22:44 shared.py:180] Removed task for request 177 on https://uu722127-b80a-4e3f9d5d.cqa1.seetacloud.com:8443
INFO 08-14 23:22:45 shared.py:299] Adding task for request 178 to replica 1,session_id=178
DEBUG 08-14 23:22:45 replica.py:226] add_request - replica_id=[1], request=178,self.replica_slo_budget-sum_pending_tokens==current_budget:True,1048576-16==1048560
INFO 08-14 23:22:45 open_ai.py:115] async_send_request:request._id=178,session=178,127.0.0.1:8001
DEBUG 08-14 23:22:45 open_ai.py:335] async_send_request: request finish prefill, 178
INFO 08-14 23:22:45 open_ai.py:352] async_send_request: prefill completed: req=178,replica_id=1
DEBUG 08-14 23:22:45 replica.py:146] complete_request_prefill: replica_id=[1], request=178, current_budget=16,last_prefill_completed_at=30614973.271416426,last_ttft=0.0422
DEBUG 08-14 23:22:45 replica.py:153] complete_request_prefill - replica_id=[1], request=178,self.replica_slo_budget-sum_pending_tokens==current_budget:True,1048576-0==1048576
DEBUG 08-14 23:22:45 replica.py:171] complete_request_decode:num_saved_toekens=624
DEBUG 08-14 23:22:45 open_ai.py:452] good request:https://u722127-8cb5-f6dc13db.nmb1.seetacloud.com:8443:good,request._id=142,input=93,output=623
DEBUG 08-14 23:22:45 metrics_store.py:131] update_metrics:request_id=142
DEBUG 08-14 23:22:45 shared.py:180] Removed task for request 142 on https://u722127-8cb5-f6dc13db.nmb1.seetacloud.com:8443
INFO 08-14 23:22:45 shared.py:299] Adding task for request 179 to replica 2,session_id=179
DEBUG 08-14 23:22:45 replica.py:226] add_request - replica_id=[2], request=179,self.replica_slo_budget-sum_pending_tokens==current_budget:True,1048576-131==1048445
INFO 08-14 23:22:45 open_ai.py:115] async_send_request:request._id=179,session=179,https://u722127-b80a-4e3f9d5d.cqa1.seetacloud.com:8443
DEBUG 08-14 23:22:45 open_ai.py:335] async_send_request: request finish prefill, 179
INFO 08-14 23:22:45 open_ai.py:352] async_send_request: prefill completed: req=179,replica_id=2
DEBUG 08-14 23:22:45 replica.py:146] complete_request_prefill: replica_id=[2], request=179, current_budget=131,last_prefill_completed_at=30614973.70749229,last_ttft=0.0892
DEBUG 08-14 23:22:45 replica.py:153] complete_request_prefill - replica_id=[2], request=179,self.replica_slo_budget-sum_pending_tokens==current_budget:True,1048576-0==1048576
INFO 08-14 23:22:45 shared.py:299] Adding task for request 180 to replica 1,session_id=180
DEBUG 08-14 23:22:45 replica.py:226] add_request - replica_id=[1], request=180,self.replica_slo_budget-sum_pending_tokens==current_budget:True,1048576-468==1048108
INFO 08-14 23:22:45 open_ai.py:115] async_send_request:request._id=180,session=180,127.0.0.1:8001
DEBUG 08-14 23:22:45 open_ai.py:335] async_send_request: request finish prefill, 180
INFO 08-14 23:22:45 open_ai.py:352] async_send_request: prefill completed: req=180,replica_id=1
DEBUG 08-14 23:22:45 replica.py:146] complete_request_prefill: replica_id=[1], request=180, current_budget=468,last_prefill_completed_at=30614974.09954405,last_ttft=0.0618
DEBUG 08-14 23:22:45 replica.py:153] complete_request_prefill - replica_id=[1], request=180,self.replica_slo_budget-sum_pending_tokens==current_budget:True,1048576-0==1048576
INFO 08-14 23:22:46 shared.py:299] Adding task for request 181 to replica 2,session_id=181
DEBUG 08-14 23:22:46 replica.py:226] add_request - replica_id=[2], request=181,self.replica_slo_budget-sum_pending_tokens==current_budget:True,1048576-62==1048514
INFO 08-14 23:22:46 open_ai.py:115] async_send_request:request._id=181,session=181,https://u722127-b80a-4e3f9d5d.cqa1.seetacloud.com:8443
DEBUG 08-14 23:22:46 open_ai.py:335] async_send_request: request finish prefill, 181
INFO 08-14 23:22:46 open_ai.py:352] async_send_request: prefill completed: req=181,replica_id=2
DEBUG 08-14 23:22:46 replica.py:146] complete_request_prefill: replica_id=[2], request=181, current_budget=62,last_prefill_completed_at=30614974.542148728,last_ttft=0.0889
DEBUG 08-14 23:22:46 replica.py:153] complete_request_prefill - replica_id=[2], request=181,self.replica_slo_budget-sum_pending_tokens==current_budget:True,1048576-0==1048576
INFO 08-14 23:22:46 shared.py:299] Adding task for request 182 to replica 3,session_id=182
DEBUG 08-14 23:22:46 replica.py:226] add_request - replica_id=[3], request=182,self.replica_slo_budget-sum_pending_tokens==current_budget:True,1048576-24==1048552
INFO 08-14 23:22:46 open_ai.py:115] async_send_request:request._id=182,session=182,https://uu722127-b80a-4e3f9d5d.cqa1.seetacloud.com:8443
DEBUG 08-14 23:22:46 replica.py:171] complete_request_decode:num_saved_toekens=528
DEBUG 08-14 23:22:46 open_ai.py:452] good request:https://u722127-8cb5-f6dc13db.nmb1.seetacloud.com:8443:good,request._id=151,input=83,output=525
DEBUG 08-14 23:22:46 metrics_store.py:131] update_metrics:request_id=151
DEBUG 08-14 23:22:46 shared.py:180] Removed task for request 151 on https://u722127-8cb5-f6dc13db.nmb1.seetacloud.com:8443
DEBUG 08-14 23:22:46 open_ai.py:335] async_send_request: request finish prefill, 182
INFO 08-14 23:22:46 open_ai.py:352] async_send_request: prefill completed: req=182,replica_id=3
DEBUG 08-14 23:22:46 replica.py:146] complete_request_prefill: replica_id=[3], request=182, current_budget=24,last_prefill_completed_at=30614974.92536393,last_ttft=0.0841
DEBUG 08-14 23:22:46 replica.py:153] complete_request_prefill - replica_id=[3], request=182,self.replica_slo_budget-sum_pending_tokens==current_budget:True,1048576-0==1048576
DEBUG 08-14 23:22:46 replica.py:171] complete_request_decode:num_saved_toekens=48
DEBUG 08-14 23:22:46 open_ai.py:452] good request:https://u722127-b80a-4e3f9d5d.cqa1.seetacloud.com:8443:good,request._id=181,input=62,output=36
DEBUG 08-14 23:22:46 metrics_store.py:131] update_metrics:request_id=181
DEBUG 08-14 23:22:46 shared.py:180] Removed task for request 181 on https://u722127-b80a-4e3f9d5d.cqa1.seetacloud.com:8443
DEBUG 08-14 23:22:47 replica.py:171] complete_request_decode:num_saved_toekens=128
DEBUG 08-14 23:22:47 open_ai.py:452] good request:https://u722127-b80a-4e3f9d5d.cqa1.seetacloud.com:8443:good,request._id=179,input=131,output=131
DEBUG 08-14 23:22:47 metrics_store.py:131] update_metrics:request_id=179
INFO 08-14 23:22:47 shared.py:299] Adding task for request 183 to replica 4,session_id=183
DEBUG 08-14 23:22:47 replica.py:226] add_request - replica_id=[4], request=183,self.replica_slo_budget-sum_pending_tokens==current_budget:True,1048576-18==1048558
INFO 08-14 23:22:47 open_ai.py:115] async_send_request:request._id=183,session=183,https://u722127-8cb5-f6dc13db.nmb1.seetacloud.com:8443
DEBUG 08-14 23:22:47 shared.py:180] Removed task for request 179 on https://u722127-b80a-4e3f9d5d.cqa1.seetacloud.com:8443
DEBUG 08-14 23:22:47 open_ai.py:335] async_send_request: request finish prefill, 183
INFO 08-14 23:22:47 open_ai.py:352] async_send_request: prefill completed: req=183,replica_id=4
DEBUG 08-14 23:22:47 replica.py:146] complete_request_prefill: replica_id=[4], request=183, current_budget=18,last_prefill_completed_at=30614975.33804273,last_ttft=0.1039
DEBUG 08-14 23:22:47 replica.py:153] complete_request_prefill - replica_id=[4], request=183,self.replica_slo_budget-sum_pending_tokens==current_budget:True,1048576-0==1048576
INFO 08-14 23:22:47 shared.py:299] Adding task for request 184 to replica 1,session_id=184
DEBUG 08-14 23:22:47 replica.py:226] add_request - replica_id=[1], request=184,self.replica_slo_budget-sum_pending_tokens==current_budget:True,1048576-26==1048550
INFO 08-14 23:22:47 open_ai.py:115] async_send_request:request._id=184,session=184,127.0.0.1:8001
DEBUG 08-14 23:22:47 open_ai.py:335] async_send_request: request finish prefill, 184
INFO 08-14 23:22:47 open_ai.py:352] async_send_request: prefill completed: req=184,replica_id=1
DEBUG 08-14 23:22:47 replica.py:146] complete_request_prefill: replica_id=[1], request=184, current_budget=26,last_prefill_completed_at=30614975.673543066,last_ttft=0.0403
DEBUG 08-14 23:22:47 replica.py:153] complete_request_prefill - replica_id=[1], request=184,self.replica_slo_budget-sum_pending_tokens==current_budget:True,1048576-0==1048576
INFO 08-14 23:22:47 shared.py:299] Adding task for request 185 to replica 1,session_id=185
DEBUG 08-14 23:22:47 replica.py:226] add_request - replica_id=[1], request=185,self.replica_slo_budget-sum_pending_tokens==current_budget:True,1048576-10==1048566
INFO 08-14 23:22:47 open_ai.py:115] async_send_request:request._id=185,session=185,127.0.0.1:8001
DEBUG 08-14 23:22:47 open_ai.py:335] async_send_request: request finish prefill, 185
INFO 08-14 23:22:47 open_ai.py:352] async_send_request: prefill completed: req=185,replica_id=1
DEBUG 08-14 23:22:47 replica.py:146] complete_request_prefill: replica_id=[1], request=185, current_budget=10,last_prefill_completed_at=30614976.121659253,last_ttft=0.0424
DEBUG 08-14 23:22:47 replica.py:153] complete_request_prefill - replica_id=[1], request=185,self.replica_slo_budget-sum_pending_tokens==current_budget:True,1048576-0==1048576
DEBUG 08-14 23:22:48 replica.py:171] complete_request_decode:num_saved_toekens=32
DEBUG 08-14 23:22:48 open_ai.py:452] good request:https://u722127-8cb5-f6dc13db.nmb1.seetacloud.com:8443:good,request._id=183,input=18,output=39
DEBUG 08-14 23:22:48 metrics_store.py:131] update_metrics:request_id=183
DEBUG 08-14 23:22:48 shared.py:180] Removed task for request 183 on https://u722127-8cb5-f6dc13db.nmb1.seetacloud.com:8443
DEBUG 08-14 23:22:48 replica.py:171] complete_request_decode:num_saved_toekens=16
DEBUG 08-14 23:22:48 open_ai.py:452] good request:127.0.0.1:8001:good,request._id=185,input=10,output=20
DEBUG 08-14 23:22:48 metrics_store.py:131] update_metrics:request_id=185
DEBUG 08-14 23:22:48 shared.py:180] Removed task for request 185 on 127.0.0.1:8001
INFO 08-14 23:22:48 shared.py:299] Adding task for request 186 to replica 4,session_id=186
DEBUG 08-14 23:22:48 replica.py:226] add_request - replica_id=[4], request=186,self.replica_slo_budget-sum_pending_tokens==current_budget:True,1048576-17==1048559
INFO 08-14 23:22:48 open_ai.py:115] async_send_request:request._id=186,session=186,https://u722127-8cb5-f6dc13db.nmb1.seetacloud.com:8443
DEBUG 08-14 23:22:48 replica.py:171] complete_request_decode:num_saved_toekens=64
DEBUG 08-14 23:22:48 open_ai.py:452] good request:127.0.0.1:8001:good,request._id=184,input=26,output=55
DEBUG 08-14 23:22:48 metrics_store.py:131] update_metrics:request_id=184
DEBUG 08-14 23:22:48 shared.py:180] Removed task for request 184 on 127.0.0.1:8001
DEBUG 08-14 23:22:48 open_ai.py:335] async_send_request: request finish prefill, 186
INFO 08-14 23:22:48 open_ai.py:352] async_send_request: prefill completed: req=186,replica_id=4
DEBUG 08-14 23:22:48 replica.py:146] complete_request_prefill: replica_id=[4], request=186, current_budget=17,last_prefill_completed_at=30614976.592151426,last_ttft=0.0931
DEBUG 08-14 23:22:48 replica.py:153] complete_request_prefill - replica_id=[4], request=186,self.replica_slo_budget-sum_pending_tokens==current_budget:True,1048576-0==1048576
INFO 08-14 23:22:48 shared.py:299] Adding task for request 187 to replica 2,session_id=187
DEBUG 08-14 23:22:48 replica.py:226] add_request - replica_id=[2], request=187,self.replica_slo_budget-sum_pending_tokens==current_budget:True,1048576-71==1048505
INFO 08-14 23:22:48 open_ai.py:115] async_send_request:request._id=187,session=187,https://u722127-b80a-4e3f9d5d.cqa1.seetacloud.com:8443
DEBUG 08-14 23:22:48 replica.py:171] complete_request_decode:num_saved_toekens=848
DEBUG 08-14 23:22:48 open_ai.py:452] good request:https://u722127-b80a-4e3f9d5d.cqa1.seetacloud.com:8443:good,request._id=161,input=42,output=850
DEBUG 08-14 23:22:48 metrics_store.py:131] update_metrics:request_id=161
DEBUG 08-14 23:22:48 shared.py:180] Removed task for request 161 on https://u722127-b80a-4e3f9d5d.cqa1.seetacloud.com:8443
DEBUG 08-14 23:22:48 open_ai.py:335] async_send_request: request finish prefill, 187
INFO 08-14 23:22:48 open_ai.py:352] async_send_request: prefill completed: req=187,replica_id=2
DEBUG 08-14 23:22:48 replica.py:146] complete_request_prefill: replica_id=[2], request=187, current_budget=71,last_prefill_completed_at=30614976.98335342,last_ttft=0.0821
DEBUG 08-14 23:22:48 replica.py:153] complete_request_prefill - replica_id=[2], request=187,self.replica_slo_budget-sum_pending_tokens==current_budget:True,1048576-0==1048576
INFO 08-14 23:22:49 shared.py:299] Adding task for request 188 to replica 3,session_id=188
DEBUG 08-14 23:22:49 replica.py:226] add_request - replica_id=[3], request=188,self.replica_slo_budget-sum_pending_tokens==current_budget:True,1048576-44==1048532
INFO 08-14 23:22:49 open_ai.py:115] async_send_request:request._id=188,session=188,https://uu722127-b80a-4e3f9d5d.cqa1.seetacloud.com:8443
DEBUG 08-14 23:22:49 open_ai.py:335] async_send_request: request finish prefill, 188
INFO 08-14 23:22:49 open_ai.py:352] async_send_request: prefill completed: req=188,replica_id=3
DEBUG 08-14 23:22:49 replica.py:146] complete_request_prefill: replica_id=[3], request=188, current_budget=44,last_prefill_completed_at=30614977.367753863,last_ttft=0.0947
DEBUG 08-14 23:22:49 replica.py:153] complete_request_prefill - replica_id=[3], request=188,self.replica_slo_budget-sum_pending_tokens==current_budget:True,1048576-0==1048576
INFO 08-14 23:22:49 shared.py:299] Adding task for request 189 to replica 2,session_id=189
DEBUG 08-14 23:22:49 replica.py:226] add_request - replica_id=[2], request=189,self.replica_slo_budget-sum_pending_tokens==current_budget:True,1048576-346==1048230
INFO 08-14 23:22:49 open_ai.py:115] async_send_request:request._id=189,session=189,https://u722127-b80a-4e3f9d5d.cqa1.seetacloud.com:8443
DEBUG 08-14 23:22:49 open_ai.py:335] async_send_request: request finish prefill, 189
INFO 08-14 23:22:49 open_ai.py:352] async_send_request: prefill completed: req=189,replica_id=2
DEBUG 08-14 23:22:49 replica.py:146] complete_request_prefill: replica_id=[2], request=189, current_budget=346,last_prefill_completed_at=30614977.7433387,last_ttft=0.0871
DEBUG 08-14 23:22:49 replica.py:153] complete_request_prefill - replica_id=[2], request=189,self.replica_slo_budget-sum_pending_tokens==current_budget:True,1048576-0==1048576
INFO 08-14 23:22:49 shared.py:299] Adding task for request 190 to replica 4,session_id=190
DEBUG 08-14 23:22:49 replica.py:226] add_request - replica_id=[4], request=190,self.replica_slo_budget-sum_pending_tokens==current_budget:True,1048576-506==1048070
INFO 08-14 23:22:49 open_ai.py:115] async_send_request:request._id=190,session=190,https://u722127-8cb5-f6dc13db.nmb1.seetacloud.com:8443
DEBUG 08-14 23:22:49 open_ai.py:335] async_send_request: request finish prefill, 190
INFO 08-14 23:22:49 open_ai.py:352] async_send_request: prefill completed: req=190,replica_id=4
DEBUG 08-14 23:22:49 replica.py:146] complete_request_prefill: replica_id=[4], request=190, current_budget=506,last_prefill_completed_at=30614978.12641,last_ttft=0.1162
DEBUG 08-14 23:22:49 replica.py:153] complete_request_prefill - replica_id=[4], request=190,self.replica_slo_budget-sum_pending_tokens==current_budget:True,1048576-0==1048576
DEBUG 08-14 23:22:50 replica.py:171] complete_request_decode:num_saved_toekens=320
DEBUG 08-14 23:22:50 open_ai.py:452] good request:127.0.0.1:8001:good,request._id=178,input=16,output=328
DEBUG 08-14 23:22:50 metrics_store.py:131] update_metrics:request_id=178
DEBUG 08-14 23:22:50 shared.py:180] Removed task for request 178 on 127.0.0.1:8001
INFO 08-14 23:22:50 shared.py:299] Adding task for request 191 to replica 0,session_id=191
DEBUG 08-14 23:22:50 replica.py:226] add_request - replica_id=[0], request=191,self.replica_slo_budget-sum_pending_tokens==current_budget:True,1048576-711==1047865
INFO 08-14 23:22:50 open_ai.py:115] async_send_request:request._id=191,session=191,127.0.0.1:8000
DEBUG 08-14 23:22:50 open_ai.py:335] async_send_request: request finish prefill, 191
INFO 08-14 23:22:50 open_ai.py:352] async_send_request: prefill completed: req=191,replica_id=0
DEBUG 08-14 23:22:50 replica.py:146] complete_request_prefill: replica_id=[0], request=191, current_budget=711,last_prefill_completed_at=30614978.45973369,last_ttft=0.0515
DEBUG 08-14 23:22:50 replica.py:153] complete_request_prefill - replica_id=[0], request=191,self.replica_slo_budget-sum_pending_tokens==current_budget:True,1048576-0==1048576
DEBUG 08-14 23:22:50 replica.py:171] complete_request_decode:num_saved_toekens=576
DEBUG 08-14 23:22:50 open_ai.py:452] good request:127.0.0.1:8000:good,request._id=169,input=368,output=589
DEBUG 08-14 23:22:50 metrics_store.py:131] update_metrics:request_id=169
DEBUG 08-14 23:22:50 shared.py:180] Removed task for request 169 on 127.0.0.1:8000
DEBUG 08-14 23:22:50 replica.py:171] complete_request_decode:num_saved_toekens=304
DEBUG 08-14 23:22:50 open_ai.py:452] good request:https://u722127-8cb5-f6dc13db.nmb1.seetacloud.com:8443:good,request._id=174,input=525,output=302
DEBUG 08-14 23:22:50 metrics_store.py:131] update_metrics:request_id=174
DEBUG 08-14 23:22:50 shared.py:180] Removed task for request 174 on https://u722127-8cb5-f6dc13db.nmb1.seetacloud.com:8443
INFO 08-14 23:22:50 shared.py:299] Adding task for request 192 to replica 1,session_id=192
DEBUG 08-14 23:22:50 replica.py:226] add_request - replica_id=[1], request=192,self.replica_slo_budget-sum_pending_tokens==current_budget:True,1048576-11==1048565
INFO 08-14 23:22:50 open_ai.py:115] async_send_request:request._id=192,session=192,127.0.0.1:8001
DEBUG 08-14 23:22:50 open_ai.py:335] async_send_request: request finish prefill, 192
INFO 08-14 23:22:50 open_ai.py:352] async_send_request: prefill completed: req=192,replica_id=1
DEBUG 08-14 23:22:50 replica.py:146] complete_request_prefill: replica_id=[1], request=192, current_budget=11,last_prefill_completed_at=30614978.876786023,last_ttft=0.0367
DEBUG 08-14 23:22:50 replica.py:153] complete_request_prefill - replica_id=[1], request=192,self.replica_slo_budget-sum_pending_tokens==current_budget:True,1048576-0==1048576
INFO 08-14 23:22:51 shared.py:299] Adding task for request 193 to replica 0,session_id=193
DEBUG 08-14 23:22:51 replica.py:226] add_request - replica_id=[0], request=193,self.replica_slo_budget-sum_pending_tokens==current_budget:True,1048576-95==1048481
INFO 08-14 23:22:51 open_ai.py:115] async_send_request:request._id=193,session=193,127.0.0.1:8000
DEBUG 08-14 23:22:51 open_ai.py:335] async_send_request: request finish prefill, 193
INFO 08-14 23:22:51 open_ai.py:352] async_send_request: prefill completed: req=193,replica_id=0
DEBUG 08-14 23:22:51 replica.py:146] complete_request_prefill: replica_id=[0], request=193, current_budget=95,last_prefill_completed_at=30614979.252579164,last_ttft=0.0445
DEBUG 08-14 23:22:51 replica.py:153] complete_request_prefill - replica_id=[0], request=193,self.replica_slo_budget-sum_pending_tokens==current_budget:True,1048576-0==1048576
DEBUG 08-14 23:22:51 replica.py:171] complete_request_decode:num_saved_toekens=16
DEBUG 08-14 23:22:51 open_ai.py:452] good request:127.0.0.1:8000:good,request._id=193,input=95,output=7
DEBUG 08-14 23:22:51 metrics_store.py:131] update_metrics:request_id=193
DEBUG 08-14 23:22:51 shared.py:180] Removed task for request 193 on 127.0.0.1:8000
INFO 08-14 23:22:51 shared.py:299] Adding task for request 194 to replica 2,session_id=194
DEBUG 08-14 23:22:51 replica.py:226] add_request - replica_id=[2], request=194,self.replica_slo_budget-sum_pending_tokens==current_budget:True,1048576-137==1048439
INFO 08-14 23:22:51 open_ai.py:115] async_send_request:request._id=194,session=194,https://u722127-b80a-4e3f9d5d.cqa1.seetacloud.com:8443
DEBUG 08-14 23:22:51 open_ai.py:335] async_send_request: request finish prefill, 194
INFO 08-14 23:22:51 open_ai.py:352] async_send_request: prefill completed: req=194,replica_id=2
DEBUG 08-14 23:22:51 replica.py:146] complete_request_prefill: replica_id=[2], request=194, current_budget=137,last_prefill_completed_at=30614979.682875663,last_ttft=0.0947
DEBUG 08-14 23:22:51 replica.py:153] complete_request_prefill - replica_id=[2], request=194,self.replica_slo_budget-sum_pending_tokens==current_budget:True,1048576-0==1048576
DEBUG 08-14 23:22:51 replica.py:171] complete_request_decode:num_saved_toekens=432
DEBUG 08-14 23:22:51 open_ai.py:452] good request:https://uu722127-b80a-4e3f9d5d.cqa1.seetacloud.com:8443:good,request._id=182,input=24,output=425
DEBUG 08-14 23:22:51 metrics_store.py:131] update_metrics:request_id=182
DEBUG 08-14 23:22:51 shared.py:180] Removed task for request 182 on https://uu722127-b80a-4e3f9d5d.cqa1.seetacloud.com:8443
INFO 08-14 23:22:51 shared.py:299] Adding task for request 195 to replica 3,session_id=195
DEBUG 08-14 23:22:51 replica.py:226] add_request - replica_id=[3], request=195,self.replica_slo_budget-sum_pending_tokens==current_budget:True,1048576-43==1048533
INFO 08-14 23:22:51 open_ai.py:115] async_send_request:request._id=195,session=195,https://uu722127-b80a-4e3f9d5d.cqa1.seetacloud.com:8443
DEBUG 08-14 23:22:51 open_ai.py:335] async_send_request: request finish prefill, 195
INFO 08-14 23:22:51 open_ai.py:352] async_send_request: prefill completed: req=195,replica_id=3
DEBUG 08-14 23:22:51 replica.py:146] complete_request_prefill: replica_id=[3], request=195, current_budget=43,last_prefill_completed_at=30614980.097079504,last_ttft=0.091
DEBUG 08-14 23:22:51 replica.py:153] complete_request_prefill - replica_id=[3], request=195,self.replica_slo_budget-sum_pending_tokens==current_budget:True,1048576-0==1048576
DEBUG 08-14 23:22:52 replica.py:171] complete_request_decode:num_saved_toekens=1024
DEBUG 08-14 23:22:52 open_ai.py:452] good request:https://uu722127-b80a-4e3f9d5d.cqa1.seetacloud.com:8443:good,request._id=165,input=27,output=1025
DEBUG 08-14 23:22:52 metrics_store.py:131] update_metrics:request_id=165
DEBUG 08-14 23:22:52 shared.py:180] Removed task for request 165 on https://uu722127-b80a-4e3f9d5d.cqa1.seetacloud.com:8443
INFO 08-14 23:22:52 shared.py:299] Adding task for request 196 to replica 0,session_id=196
DEBUG 08-14 23:22:52 replica.py:226] add_request - replica_id=[0], request=196,self.replica_slo_budget-sum_pending_tokens==current_budget:True,1048576-39==1048537
INFO 08-14 23:22:52 open_ai.py:115] async_send_request:request._id=196,session=196,127.0.0.1:8000
DEBUG 08-14 23:22:52 open_ai.py:335] async_send_request: request finish prefill, 196
INFO 08-14 23:22:52 open_ai.py:352] async_send_request: prefill completed: req=196,replica_id=0
DEBUG 08-14 23:22:52 replica.py:146] complete_request_prefill: replica_id=[0], request=196, current_budget=39,last_prefill_completed_at=30614980.462223995,last_ttft=0.049
DEBUG 08-14 23:22:52 replica.py:153] complete_request_prefill - replica_id=[0], request=196,self.replica_slo_budget-sum_pending_tokens==current_budget:True,1048576-0==1048576
DEBUG 08-14 23:22:52 replica.py:171] complete_request_decode:num_saved_toekens=16
DEBUG 08-14 23:22:52 open_ai.py:452] good request:127.0.0.1:8000:good,request._id=196,input=39,output=19
DEBUG 08-14 23:22:52 metrics_store.py:131] update_metrics:request_id=196
DEBUG 08-14 23:22:52 shared.py:180] Removed task for request 196 on 127.0.0.1:8000
INFO 08-14 23:22:52 shared.py:299] Adding task for request 197 to replica 1,session_id=197
DEBUG 08-14 23:22:52 replica.py:226] add_request - replica_id=[1], request=197,self.replica_slo_budget-sum_pending_tokens==current_budget:True,1048576-56==1048520
INFO 08-14 23:22:52 open_ai.py:115] async_send_request:request._id=197,session=197,127.0.0.1:8001
DEBUG 08-14 23:22:52 open_ai.py:335] async_send_request: request finish prefill, 197
INFO 08-14 23:22:52 open_ai.py:352] async_send_request: prefill completed: req=197,replica_id=1
DEBUG 08-14 23:22:52 replica.py:146] complete_request_prefill: replica_id=[1], request=197, current_budget=56,last_prefill_completed_at=30614980.844526984,last_ttft=0.0503
DEBUG 08-14 23:22:52 replica.py:153] complete_request_prefill - replica_id=[1], request=197,self.replica_slo_budget-sum_pending_tokens==current_budget:True,1048576-0==1048576
DEBUG 08-14 23:22:52 replica.py:171] complete_request_decode:num_saved_toekens=304
DEBUG 08-14 23:22:52 open_ai.py:452] good request:https://uu722127-b80a-4e3f9d5d.cqa1.seetacloud.com:8443:good,request._id=188,input=44,output=310
DEBUG 08-14 23:22:52 metrics_store.py:131] update_metrics:request_id=188
DEBUG 08-14 23:22:52 shared.py:180] Removed task for request 188 on https://uu722127-b80a-4e3f9d5d.cqa1.seetacloud.com:8443
INFO 08-14 23:22:53 shared.py:299] Adding task for request 198 to replica 3,session_id=198
DEBUG 08-14 23:22:53 replica.py:226] add_request - replica_id=[3], request=198,self.replica_slo_budget-sum_pending_tokens==current_budget:True,1048576-647==1047929
INFO 08-14 23:22:53 open_ai.py:115] async_send_request:request._id=198,session=198,https://uu722127-b80a-4e3f9d5d.cqa1.seetacloud.com:8443
DEBUG 08-14 23:22:53 open_ai.py:335] async_send_request: request finish prefill, 198
INFO 08-14 23:22:53 open_ai.py:352] async_send_request: prefill completed: req=198,replica_id=3
DEBUG 08-14 23:22:53 replica.py:146] complete_request_prefill: replica_id=[3], request=198, current_budget=647,last_prefill_completed_at=30614981.289500557,last_ttft=0.1001
DEBUG 08-14 23:22:53 replica.py:153] complete_request_prefill - replica_id=[3], request=198,self.replica_slo_budget-sum_pending_tokens==current_budget:True,1048576-0==1048576
INFO 08-14 23:22:53 shared.py:299] Adding task for request 199 to replica 0,session_id=199
DEBUG 08-14 23:22:53 replica.py:226] add_request - replica_id=[0], request=199,self.replica_slo_budget-sum_pending_tokens==current_budget:True,1048576-337==1048239
INFO 08-14 23:22:53 open_ai.py:115] async_send_request:request._id=199,session=199,127.0.0.1:8000
DEBUG 08-14 23:22:53 open_ai.py:335] async_send_request: request finish prefill, 199
INFO 08-14 23:22:53 open_ai.py:352] async_send_request: prefill completed: req=199,replica_id=0
DEBUG 08-14 23:22:53 replica.py:146] complete_request_prefill: replica_id=[0], request=199, current_budget=337,last_prefill_completed_at=30614981.632303167,last_ttft=0.05
DEBUG 08-14 23:22:53 replica.py:153] complete_request_prefill - replica_id=[0], request=199,self.replica_slo_budget-sum_pending_tokens==current_budget:True,1048576-0==1048576
DEBUG 08-14 23:22:53 replica.py:171] complete_request_decode:num_saved_toekens=0
DEBUG 08-14 23:22:53 open_ai.py:452] good request:127.0.0.1:8000:good,request._id=199,input=337,output=2
DEBUG 08-14 23:22:53 metrics_store.py:131] update_metrics:request_id=199
DEBUG 08-14 23:22:53 shared.py:180] Removed task for request 199 on 127.0.0.1:8000
INFO 08-14 23:22:53 shared.py:299] Adding task for request 200 to replica 1,session_id=200
DEBUG 08-14 23:22:53 replica.py:226] add_request - replica_id=[1], request=200,self.replica_slo_budget-sum_pending_tokens==current_budget:True,1048576-42==1048534
INFO 08-14 23:22:53 open_ai.py:115] async_send_request:request._id=200,session=200,127.0.0.1:8001
DEBUG 08-14 23:22:53 open_ai.py:335] async_send_request: request finish prefill, 200
INFO 08-14 23:22:53 open_ai.py:352] async_send_request: prefill completed: req=200,replica_id=1
DEBUG 08-14 23:22:53 replica.py:146] complete_request_prefill: replica_id=[1], request=200, current_budget=42,last_prefill_completed_at=30614982.063595824,last_ttft=0.0543
DEBUG 08-14 23:22:53 replica.py:153] complete_request_prefill - replica_id=[1], request=200,self.replica_slo_budget-sum_pending_tokens==current_budget:True,1048576-0==1048576
DEBUG 08-14 23:22:54 replica.py:171] complete_request_decode:num_saved_toekens=16
INFO 08-14 23:22:54 shared.py:299] Adding task for request 201 to replica 0,session_id=201
DEBUG 08-14 23:22:54 replica.py:226] add_request - replica_id=[0], request=201,self.replica_slo_budget-sum_pending_tokens==current_budget:True,1048576-20==1048556
INFO 08-14 23:22:54 open_ai.py:115] async_send_request:request._id=201,session=201,127.0.0.1:8000
DEBUG 08-14 23:22:54 open_ai.py:452] good request:127.0.0.1:8001:good,request._id=200,input=42,output=21
DEBUG 08-14 23:22:54 metrics_store.py:131] update_metrics:request_id=200
DEBUG 08-14 23:22:54 shared.py:180] Removed task for request 200 on 127.0.0.1:8001
DEBUG 08-14 23:22:54 open_ai.py:335] async_send_request: request finish prefill, 201
INFO 08-14 23:22:54 open_ai.py:352] async_send_request: prefill completed: req=201,replica_id=0
DEBUG 08-14 23:22:54 replica.py:146] complete_request_prefill: replica_id=[0], request=201, current_budget=20,last_prefill_completed_at=30614982.446355645,last_ttft=0.0492
DEBUG 08-14 23:22:54 replica.py:153] complete_request_prefill - replica_id=[0], request=201,self.replica_slo_budget-sum_pending_tokens==current_budget:True,1048576-0==1048576
INFO 08-14 23:22:54 shared.py:299] Adding task for request 202 to replica 3,session_id=202
DEBUG 08-14 23:22:54 replica.py:226] add_request - replica_id=[3], request=202,self.replica_slo_budget-sum_pending_tokens==current_budget:True,1048576-36==1048540
INFO 08-14 23:22:54 open_ai.py:115] async_send_request:request._id=202,session=202,https://uu722127-b80a-4e3f9d5d.cqa1.seetacloud.com:8443
DEBUG 08-14 23:22:54 open_ai.py:335] async_send_request: request finish prefill, 202
INFO 08-14 23:22:54 open_ai.py:352] async_send_request: prefill completed: req=202,replica_id=3
DEBUG 08-14 23:22:54 replica.py:146] complete_request_prefill: replica_id=[3], request=202, current_budget=36,last_prefill_completed_at=30614982.873302184,last_ttft=0.0871
DEBUG 08-14 23:22:54 replica.py:153] complete_request_prefill - replica_id=[3], request=202,self.replica_slo_budget-sum_pending_tokens==current_budget:True,1048576-0==1048576
DEBUG 08-14 23:22:54 replica.py:171] complete_request_decode:num_saved_toekens=496
DEBUG 08-14 23:22:54 open_ai.py:452] good request:https://u722127-b80a-4e3f9d5d.cqa1.seetacloud.com:8443:good,request._id=187,input=71,output=502
DEBUG 08-14 23:22:54 metrics_store.py:131] update_metrics:request_id=187
DEBUG 08-14 23:22:54 shared.py:180] Removed task for request 187 on https://u722127-b80a-4e3f9d5d.cqa1.seetacloud.com:8443
INFO 08-14 23:22:55 shared.py:299] Adding task for request 203 to replica 2,session_id=203
DEBUG 08-14 23:22:55 replica.py:226] add_request - replica_id=[2], request=203,self.replica_slo_budget-sum_pending_tokens==current_budget:True,1048576-509==1048067
INFO 08-14 23:22:55 open_ai.py:115] async_send_request:request._id=203,session=203,https://u722127-b80a-4e3f9d5d.cqa1.seetacloud.com:8443
DEBUG 08-14 23:22:55 open_ai.py:335] async_send_request: request finish prefill, 203
INFO 08-14 23:22:55 open_ai.py:352] async_send_request: prefill completed: req=203,replica_id=2
DEBUG 08-14 23:22:55 replica.py:146] complete_request_prefill: replica_id=[2], request=203, current_budget=509,last_prefill_completed_at=30614983.33122173,last_ttft=0.101
DEBUG 08-14 23:22:55 replica.py:153] complete_request_prefill - replica_id=[2], request=203,self.replica_slo_budget-sum_pending_tokens==current_budget:True,1048576-0==1048576
DEBUG 08-14 23:22:55 replica.py:171] complete_request_decode:num_saved_toekens=192
DEBUG 08-14 23:22:55 open_ai.py:452] good request:https://uu722127-b80a-4e3f9d5d.cqa1.seetacloud.com:8443:good,request._id=198,input=647,output=191
DEBUG 08-14 23:22:55 metrics_store.py:131] update_metrics:request_id=198
DEBUG 08-14 23:22:55 shared.py:180] Removed task for request 198 on https://uu722127-b80a-4e3f9d5d.cqa1.seetacloud.com:8443
INFO 08-14 23:22:55 shared.py:299] Adding task for request 204 to replica 4,session_id=204
DEBUG 08-14 23:22:55 replica.py:226] add_request - replica_id=[4], request=204,self.replica_slo_budget-sum_pending_tokens==current_budget:True,1048576-95==1048481
INFO 08-14 23:22:55 open_ai.py:115] async_send_request:request._id=204,session=204,https://u722127-8cb5-f6dc13db.nmb1.seetacloud.com:8443
DEBUG 08-14 23:22:55 open_ai.py:335] async_send_request: request finish prefill, 204
INFO 08-14 23:22:55 open_ai.py:352] async_send_request: prefill completed: req=204,replica_id=4
DEBUG 08-14 23:22:55 replica.py:146] complete_request_prefill: replica_id=[4], request=204, current_budget=95,last_prefill_completed_at=30614983.753012028,last_ttft=0.0969
DEBUG 08-14 23:22:55 replica.py:153] complete_request_prefill - replica_id=[4], request=204,self.replica_slo_budget-sum_pending_tokens==current_budget:True,1048576-0==1048576
DEBUG 08-14 23:22:55 replica.py:171] complete_request_decode:num_saved_toekens=16
DEBUG 08-14 23:22:55 open_ai.py:452] good request:https://u722127-8cb5-f6dc13db.nmb1.seetacloud.com:8443:good,request._id=204,input=95,output=7
DEBUG 08-14 23:22:55 metrics_store.py:131] update_metrics:request_id=204
DEBUG 08-14 23:22:55 shared.py:180] Removed task for request 204 on https://u722127-8cb5-f6dc13db.nmb1.seetacloud.com:8443
DEBUG 08-14 23:22:55 replica.py:171] complete_request_decode:num_saved_toekens=368
DEBUG 08-14 23:22:55 open_ai.py:452] good request:https://u722127-b80a-4e3f9d5d.cqa1.seetacloud.com:8443:good,request._id=194,input=137,output=373
DEBUG 08-14 23:22:55 metrics_store.py:131] update_metrics:request_id=194
DEBUG 08-14 23:22:55 shared.py:180] Removed task for request 194 on https://u722127-b80a-4e3f9d5d.cqa1.seetacloud.com:8443
INFO 08-14 23:22:55 shared.py:299] Adding task for request 205 to replica 3,session_id=205
DEBUG 08-14 23:22:55 replica.py:226] add_request - replica_id=[3], request=205,self.replica_slo_budget-sum_pending_tokens==current_budget:True,1048576-25==1048551
INFO 08-14 23:22:55 open_ai.py:115] async_send_request:request._id=205,session=205,https://uu722127-b80a-4e3f9d5d.cqa1.seetacloud.com:8443
DEBUG 08-14 23:22:56 open_ai.py:335] async_send_request: request finish prefill, 205
INFO 08-14 23:22:56 open_ai.py:352] async_send_request: prefill completed: req=205,replica_id=3
DEBUG 08-14 23:22:56 replica.py:146] complete_request_prefill: replica_id=[3], request=205, current_budget=25,last_prefill_completed_at=30614984.19764196,last_ttft=0.0925
DEBUG 08-14 23:22:56 replica.py:153] complete_request_prefill - replica_id=[3], request=205,self.replica_slo_budget-sum_pending_tokens==current_budget:True,1048576-0==1048576
INFO 08-14 23:22:56 shared.py:299] Adding task for request 206 to replica 2,session_id=206
DEBUG 08-14 23:22:56 replica.py:226] add_request - replica_id=[2], request=206,self.replica_slo_budget-sum_pending_tokens==current_budget:True,1048576-56==1048520
INFO 08-14 23:22:56 open_ai.py:115] async_send_request:request._id=206,session=206,https://u722127-b80a-4e3f9d5d.cqa1.seetacloud.com:8443
DEBUG 08-14 23:22:56 open_ai.py:335] async_send_request: request finish prefill, 206
INFO 08-14 23:22:56 open_ai.py:352] async_send_request: prefill completed: req=206,replica_id=2
DEBUG 08-14 23:22:56 replica.py:146] complete_request_prefill: replica_id=[2], request=206, current_budget=56,last_prefill_completed_at=30614984.587205864,last_ttft=0.096
DEBUG 08-14 23:22:56 replica.py:153] complete_request_prefill - replica_id=[2], request=206,self.replica_slo_budget-sum_pending_tokens==current_budget:True,1048576-0==1048576
INFO 08-14 23:22:56 shared.py:299] Adding task for request 207 to replica 4,session_id=207
DEBUG 08-14 23:22:56 replica.py:226] add_request - replica_id=[4], request=207,self.replica_slo_budget-sum_pending_tokens==current_budget:True,1048576-15==1048561
INFO 08-14 23:22:56 open_ai.py:115] async_send_request:request._id=207,session=207,https://u722127-8cb5-f6dc13db.nmb1.seetacloud.com:8443
DEBUG 08-14 23:22:56 open_ai.py:335] async_send_request: request finish prefill, 207
INFO 08-14 23:22:56 open_ai.py:352] async_send_request: prefill completed: req=207,replica_id=4
DEBUG 08-14 23:22:56 replica.py:146] complete_request_prefill: replica_id=[4], request=207, current_budget=15,last_prefill_completed_at=30614984.98593849,last_ttft=0.0998
DEBUG 08-14 23:22:56 replica.py:153] complete_request_prefill - replica_id=[4], request=207,self.replica_slo_budget-sum_pending_tokens==current_budget:True,1048576-0==1048576
DEBUG 08-14 23:22:57 replica.py:171] complete_request_decode:num_saved_toekens=16
DEBUG 08-14 23:22:57 open_ai.py:452] good request:https://u722127-8cb5-f6dc13db.nmb1.seetacloud.com:8443:good,request._id=207,input=15,output=10
DEBUG 08-14 23:22:57 metrics_store.py:131] update_metrics:request_id=207
DEBUG 08-14 23:22:57 shared.py:180] Removed task for request 207 on https://u722127-8cb5-f6dc13db.nmb1.seetacloud.com:8443
INFO 08-14 23:22:57 shared.py:299] Adding task for request 208 to replica 4,session_id=208
DEBUG 08-14 23:22:57 replica.py:226] add_request - replica_id=[4], request=208,self.replica_slo_budget-sum_pending_tokens==current_budget:True,1048576-38==1048538
INFO 08-14 23:22:57 open_ai.py:115] async_send_request:request._id=208,session=208,https://u722127-8cb5-f6dc13db.nmb1.seetacloud.com:8443
DEBUG 08-14 23:22:57 open_ai.py:335] async_send_request: request finish prefill, 208
INFO 08-14 23:22:57 open_ai.py:352] async_send_request: prefill completed: req=208,replica_id=4
DEBUG 08-14 23:22:57 replica.py:146] complete_request_prefill: replica_id=[4], request=208, current_budget=38,last_prefill_completed_at=30614985.399957623,last_ttft=0.0929
DEBUG 08-14 23:22:57 replica.py:153] complete_request_prefill - replica_id=[4], request=208,self.replica_slo_budget-sum_pending_tokens==current_budget:True,1048576-0==1048576
INFO 08-14 23:22:57 shared.py:299] Adding task for request 209 to replica 2,session_id=209
DEBUG 08-14 23:22:57 replica.py:226] add_request - replica_id=[2], request=209,self.replica_slo_budget-sum_pending_tokens==current_budget:True,1048576-79==1048497
INFO 08-14 23:22:57 open_ai.py:115] async_send_request:request._id=209,session=209,https://u722127-b80a-4e3f9d5d.cqa1.seetacloud.com:8443
DEBUG 08-14 23:22:57 open_ai.py:335] async_send_request: request finish prefill, 209
INFO 08-14 23:22:57 open_ai.py:352] async_send_request: prefill completed: req=209,replica_id=2
DEBUG 08-14 23:22:57 replica.py:146] complete_request_prefill: replica_id=[2], request=209, current_budget=79,last_prefill_completed_at=30614985.87649436,last_ttft=0.1803
DEBUG 08-14 23:22:57 replica.py:153] complete_request_prefill - replica_id=[2], request=209,self.replica_slo_budget-sum_pending_tokens==current_budget:True,1048576-0==1048576
DEBUG 08-14 23:22:57 replica.py:171] complete_request_decode:num_saved_toekens=688
DEBUG 08-14 23:22:57 open_ai.py:452] good request:https://u722127-b80a-4e3f9d5d.cqa1.seetacloud.com:8443:good,request._id=189,input=346,output=688
DEBUG 08-14 23:22:57 metrics_store.py:131] update_metrics:request_id=189
DEBUG 08-14 23:22:57 shared.py:180] Removed task for request 189 on https://u722127-b80a-4e3f9d5d.cqa1.seetacloud.com:8443
DEBUG 08-14 23:22:57 replica.py:171] complete_request_decode:num_saved_toekens=464
DEBUG 08-14 23:22:57 open_ai.py:452] good request:127.0.0.1:8001:good,request._id=192,input=11,output=458
DEBUG 08-14 23:22:57 metrics_store.py:131] update_metrics:request_id=192
DEBUG 08-14 23:22:57 shared.py:180] Removed task for request 192 on 127.0.0.1:8001
INFO 08-14 23:22:57 shared.py:299] Adding task for request 210 to replica 2,session_id=210
DEBUG 08-14 23:22:57 replica.py:226] add_request - replica_id=[2], request=210,self.replica_slo_budget-sum_pending_tokens==current_budget:True,1048576-34==1048542
INFO 08-14 23:22:57 open_ai.py:115] async_send_request:request._id=210,session=210,https://u722127-b80a-4e3f9d5d.cqa1.seetacloud.com:8443
DEBUG 08-14 23:22:58 open_ai.py:335] async_send_request: request finish prefill, 210
INFO 08-14 23:22:58 open_ai.py:352] async_send_request: prefill completed: req=210,replica_id=2
DEBUG 08-14 23:22:58 replica.py:146] complete_request_prefill: replica_id=[2], request=210, current_budget=34,last_prefill_completed_at=30614986.194229957,last_ttft=0.1076
DEBUG 08-14 23:22:58 replica.py:153] complete_request_prefill - replica_id=[2], request=210,self.replica_slo_budget-sum_pending_tokens==current_budget:True,1048576-0==1048576
DEBUG 08-14 23:22:58 replica.py:171] complete_request_decode:num_saved_toekens=16
DEBUG 08-14 23:22:58 open_ai.py:452] good request:https://u722127-b80a-4e3f9d5d.cqa1.seetacloud.com:8443:good,request._id=210,input=34,output=19
DEBUG 08-14 23:22:58 metrics_store.py:131] update_metrics:request_id=210
DEBUG 08-14 23:22:58 shared.py:180] Removed task for request 210 on https://u722127-b80a-4e3f9d5d.cqa1.seetacloud.com:8443
INFO 08-14 23:22:58 shared.py:299] Adding task for request 211 to replica 2,session_id=211
DEBUG 08-14 23:22:58 replica.py:226] add_request - replica_id=[2], request=211,self.replica_slo_budget-sum_pending_tokens==current_budget:True,1048576-87==1048489
INFO 08-14 23:22:58 open_ai.py:115] async_send_request:request._id=211,session=211,https://u722127-b80a-4e3f9d5d.cqa1.seetacloud.com:8443
DEBUG 08-14 23:22:58 replica.py:171] complete_request_decode:num_saved_toekens=304
DEBUG 08-14 23:22:58 open_ai.py:452] good request:https://uu722127-b80a-4e3f9d5d.cqa1.seetacloud.com:8443:good,request._id=202,input=36,output=305
DEBUG 08-14 23:22:58 metrics_store.py:131] update_metrics:request_id=202
DEBUG 08-14 23:22:58 shared.py:180] Removed task for request 202 on https://uu722127-b80a-4e3f9d5d.cqa1.seetacloud.com:8443
DEBUG 08-14 23:22:58 open_ai.py:335] async_send_request: request finish prefill, 211
INFO 08-14 23:22:58 open_ai.py:352] async_send_request: prefill completed: req=211,replica_id=2
DEBUG 08-14 23:22:58 replica.py:146] complete_request_prefill: replica_id=[2], request=211, current_budget=87,last_prefill_completed_at=30614986.545953255,last_ttft=0.0949
DEBUG 08-14 23:22:58 replica.py:153] complete_request_prefill - replica_id=[2], request=211,self.replica_slo_budget-sum_pending_tokens==current_budget:True,1048576-0==1048576
INFO 08-14 23:22:58 shared.py:299] Adding task for request 212 to replica 4,session_id=212
DEBUG 08-14 23:22:58 replica.py:226] add_request - replica_id=[4], request=212,self.replica_slo_budget-sum_pending_tokens==current_budget:True,1048576-16==1048560
INFO 08-14 23:22:58 open_ai.py:115] async_send_request:request._id=212,session=212,https://u722127-8cb5-f6dc13db.nmb1.seetacloud.com:8443
DEBUG 08-14 23:22:58 open_ai.py:335] async_send_request: request finish prefill, 212
INFO 08-14 23:22:58 open_ai.py:352] async_send_request: prefill completed: req=212,replica_id=4
DEBUG 08-14 23:22:58 replica.py:146] complete_request_prefill: replica_id=[4], request=212, current_budget=16,last_prefill_completed_at=30614986.96796288,last_ttft=0.1448
DEBUG 08-14 23:22:58 replica.py:153] complete_request_prefill - replica_id=[4], request=212,self.replica_slo_budget-sum_pending_tokens==current_budget:True,1048576-0==1048576
DEBUG 08-14 23:22:58 replica.py:171] complete_request_decode:num_saved_toekens=112
DEBUG 08-14 23:22:58 open_ai.py:452] good request:https://u722127-b80a-4e3f9d5d.cqa1.seetacloud.com:8443:good,request._id=209,input=79,output=104
DEBUG 08-14 23:22:58 metrics_store.py:131] update_metrics:request_id=209
DEBUG 08-14 23:22:58 shared.py:180] Removed task for request 209 on https://u722127-b80a-4e3f9d5d.cqa1.seetacloud.com:8443
DEBUG 08-14 23:22:59 replica.py:171] complete_request_decode:num_saved_toekens=448
DEBUG 08-14 23:22:59 open_ai.py:452] good request:https://u722127-8cb5-f6dc13db.nmb1.seetacloud.com:8443:good,request._id=186,input=17,output=452
DEBUG 08-14 23:22:59 metrics_store.py:131] update_metrics:request_id=186
DEBUG 08-14 23:22:59 shared.py:180] Removed task for request 186 on https://u722127-8cb5-f6dc13db.nmb1.seetacloud.com:8443
INFO 08-14 23:22:59 shared.py:299] Adding task for request 213 to replica 3,session_id=213
DEBUG 08-14 23:22:59 replica.py:226] add_request - replica_id=[3], request=213,self.replica_slo_budget-sum_pending_tokens==current_budget:True,1048576-112==1048464
INFO 08-14 23:22:59 open_ai.py:115] async_send_request:request._id=213,session=213,https://uu722127-b80a-4e3f9d5d.cqa1.seetacloud.com:8443
DEBUG 08-14 23:22:59 open_ai.py:335] async_send_request: request finish prefill, 213
INFO 08-14 23:22:59 open_ai.py:352] async_send_request: prefill completed: req=213,replica_id=3
DEBUG 08-14 23:22:59 replica.py:146] complete_request_prefill: replica_id=[3], request=213, current_budget=112,last_prefill_completed_at=30614987.322808463,last_ttft=0.0956
DEBUG 08-14 23:22:59 replica.py:153] complete_request_prefill - replica_id=[3], request=213,self.replica_slo_budget-sum_pending_tokens==current_budget:True,1048576-0==1048576
DEBUG 08-14 23:22:59 replica.py:171] complete_request_decode:num_saved_toekens=256
DEBUG 08-14 23:22:59 open_ai.py:452] good request:https://uu722127-b80a-4e3f9d5d.cqa1.seetacloud.com:8443:good,request._id=205,input=25,output=262
DEBUG 08-14 23:22:59 metrics_store.py:131] update_metrics:request_id=205
DEBUG 08-14 23:22:59 shared.py:180] Removed task for request 205 on https://uu722127-b80a-4e3f9d5d.cqa1.seetacloud.com:8443
DEBUG 08-14 23:22:59 replica.py:171] complete_request_decode:num_saved_toekens=992
DEBUG 08-14 23:22:59 open_ai.py:452] good request:127.0.0.1:8001:good,request._id=175,input=87,output=995
DEBUG 08-14 23:22:59 metrics_store.py:131] update_metrics:request_id=175
DEBUG 08-14 23:22:59 shared.py:180] Removed task for request 175 on 127.0.0.1:8001
INFO 08-14 23:22:59 shared.py:299] Adding task for request 214 to replica 1,session_id=214
DEBUG 08-14 23:22:59 replica.py:226] add_request - replica_id=[1], request=214,self.replica_slo_budget-sum_pending_tokens==current_budget:True,1048576-402==1048174
INFO 08-14 23:22:59 open_ai.py:115] async_send_request:request._id=214,session=214,127.0.0.1:8001
DEBUG 08-14 23:22:59 open_ai.py:335] async_send_request: request finish prefill, 214
INFO 08-14 23:22:59 open_ai.py:352] async_send_request: prefill completed: req=214,replica_id=1
DEBUG 08-14 23:22:59 replica.py:146] complete_request_prefill: replica_id=[1], request=214, current_budget=402,last_prefill_completed_at=30614987.685448542,last_ttft=0.0552
DEBUG 08-14 23:22:59 replica.py:153] complete_request_prefill - replica_id=[1], request=214,self.replica_slo_budget-sum_pending_tokens==current_budget:True,1048576-0==1048576
DEBUG 08-14 23:22:59 replica.py:171] complete_request_decode:num_saved_toekens=16
DEBUG 08-14 23:22:59 open_ai.py:452] good request:127.0.0.1:8001:good,request._id=214,input=402,output=18
DEBUG 08-14 23:22:59 metrics_store.py:131] update_metrics:request_id=214
DEBUG 08-14 23:22:59 shared.py:180] Removed task for request 214 on 127.0.0.1:8001
DEBUG 08-14 23:22:59 replica.py:171] complete_request_decode:num_saved_toekens=896
INFO 08-14 23:22:59 shared.py:299] Adding task for request 215 to replica 1,session_id=215
DEBUG 08-14 23:22:59 replica.py:226] add_request - replica_id=[1], request=215,self.replica_slo_budget-sum_pending_tokens==current_budget:True,1048576-20==1048556
INFO 08-14 23:22:59 open_ai.py:115] async_send_request:request._id=215,session=215,127.0.0.1:8001
DEBUG 08-14 23:22:59 open_ai.py:452] good request:127.0.0.1:8001:good,request._id=180,input=468,output=896
DEBUG 08-14 23:22:59 metrics_store.py:131] update_metrics:request_id=180
DEBUG 08-14 23:22:59 shared.py:180] Removed task for request 180 on 127.0.0.1:8001
DEBUG 08-14 23:22:59 open_ai.py:335] async_send_request: request finish prefill, 215
INFO 08-14 23:22:59 open_ai.py:352] async_send_request: prefill completed: req=215,replica_id=1
DEBUG 08-14 23:22:59 replica.py:146] complete_request_prefill: replica_id=[1], request=215, current_budget=20,last_prefill_completed_at=30614988.051568788,last_ttft=0.0585
DEBUG 08-14 23:22:59 replica.py:153] complete_request_prefill - replica_id=[1], request=215,self.replica_slo_budget-sum_pending_tokens==current_budget:True,1048576-0==1048576
INFO 08-14 23:23:00 shared.py:299] Adding task for request 216 to replica 4,session_id=216
DEBUG 08-14 23:23:00 replica.py:226] add_request - replica_id=[4], request=216,self.replica_slo_budget-sum_pending_tokens==current_budget:True,1048576-15==1048561
INFO 08-14 23:23:00 open_ai.py:115] async_send_request:request._id=216,session=216,https://u722127-8cb5-f6dc13db.nmb1.seetacloud.com:8443
DEBUG 08-14 23:23:00 open_ai.py:335] async_send_request: request finish prefill, 216
INFO 08-14 23:23:00 open_ai.py:352] async_send_request: prefill completed: req=216,replica_id=4
DEBUG 08-14 23:23:00 replica.py:146] complete_request_prefill: replica_id=[4], request=216, current_budget=15,last_prefill_completed_at=30614988.49311681,last_ttft=0.0911
DEBUG 08-14 23:23:00 replica.py:153] complete_request_prefill - replica_id=[4], request=216,self.replica_slo_budget-sum_pending_tokens==current_budget:True,1048576-0==1048576
INFO 08-14 23:23:00 shared.py:299] Adding task for request 217 to replica 2,session_id=217
DEBUG 08-14 23:23:00 replica.py:226] add_request - replica_id=[2], request=217,self.replica_slo_budget-sum_pending_tokens==current_budget:True,1048576-18==1048558
INFO 08-14 23:23:00 open_ai.py:115] async_send_request:request._id=217,session=217,https://u722127-b80a-4e3f9d5d.cqa1.seetacloud.com:8443
DEBUG 08-14 23:23:00 open_ai.py:335] async_send_request: request finish prefill, 217
INFO 08-14 23:23:00 open_ai.py:352] async_send_request: prefill completed: req=217,replica_id=2
DEBUG 08-14 23:23:00 replica.py:146] complete_request_prefill: replica_id=[2], request=217, current_budget=18,last_prefill_completed_at=30614988.895712573,last_ttft=0.1005
DEBUG 08-14 23:23:00 replica.py:153] complete_request_prefill - replica_id=[2], request=217,self.replica_slo_budget-sum_pending_tokens==current_budget:True,1048576-0==1048576
DEBUG 08-14 23:23:00 replica.py:171] complete_request_decode:num_saved_toekens=0
DEBUG 08-14 23:23:00 open_ai.py:452] good request:https://u722127-b80a-4e3f9d5d.cqa1.seetacloud.com:8443:good,request._id=217,input=18,output=17
DEBUG 08-14 23:23:00 metrics_store.py:131] update_metrics:request_id=217
DEBUG 08-14 23:23:00 shared.py:180] Removed task for request 217 on https://u722127-b80a-4e3f9d5d.cqa1.seetacloud.com:8443
INFO 08-14 23:23:01 shared.py:299] Adding task for request 218 to replica 1,session_id=218
DEBUG 08-14 23:23:01 replica.py:226] add_request - replica_id=[1], request=218,self.replica_slo_budget-sum_pending_tokens==current_budget:True,1048576-71==1048505
INFO 08-14 23:23:01 open_ai.py:115] async_send_request:request._id=218,session=218,127.0.0.1:8001
DEBUG 08-14 23:23:01 open_ai.py:335] async_send_request: request finish prefill, 218
INFO 08-14 23:23:01 open_ai.py:352] async_send_request: prefill completed: req=218,replica_id=1
DEBUG 08-14 23:23:01 replica.py:146] complete_request_prefill: replica_id=[1], request=218, current_budget=71,last_prefill_completed_at=30614989.27547387,last_ttft=0.0523
DEBUG 08-14 23:23:01 replica.py:153] complete_request_prefill - replica_id=[1], request=218,self.replica_slo_budget-sum_pending_tokens==current_budget:True,1048576-0==1048576
INFO 08-14 23:23:01 shared.py:299] Adding task for request 219 to replica 3,session_id=219
DEBUG 08-14 23:23:01 replica.py:226] add_request - replica_id=[3], request=219,self.replica_slo_budget-sum_pending_tokens==current_budget:True,1048576-18==1048558
INFO 08-14 23:23:01 open_ai.py:115] async_send_request:request._id=219,session=219,https://uu722127-b80a-4e3f9d5d.cqa1.seetacloud.com:8443
DEBUG 08-14 23:23:01 open_ai.py:335] async_send_request: request finish prefill, 219
INFO 08-14 23:23:01 open_ai.py:352] async_send_request: prefill completed: req=219,replica_id=3
DEBUG 08-14 23:23:01 replica.py:146] complete_request_prefill: replica_id=[3], request=219, current_budget=18,last_prefill_completed_at=30614989.687674355,last_ttft=0.0866
DEBUG 08-14 23:23:01 replica.py:153] complete_request_prefill - replica_id=[3], request=219,self.replica_slo_budget-sum_pending_tokens==current_budget:True,1048576-0==1048576
INFO 08-14 23:23:01 shared.py:299] Adding task for request 220 to replica 4,session_id=220
DEBUG 08-14 23:23:01 replica.py:226] add_request - replica_id=[4], request=220,self.replica_slo_budget-sum_pending_tokens==current_budget:True,1048576-129==1048447
INFO 08-14 23:23:01 open_ai.py:115] async_send_request:request._id=220,session=220,https://u722127-8cb5-f6dc13db.nmb1.seetacloud.com:8443
DEBUG 08-14 23:23:02 open_ai.py:335] async_send_request: request finish prefill, 220
INFO 08-14 23:23:02 open_ai.py:352] async_send_request: prefill completed: req=220,replica_id=4
DEBUG 08-14 23:23:02 replica.py:146] complete_request_prefill: replica_id=[4], request=220, current_budget=129,last_prefill_completed_at=30614990.21386006,last_ttft=0.1557
DEBUG 08-14 23:23:02 replica.py:153] complete_request_prefill - replica_id=[4], request=220,self.replica_slo_budget-sum_pending_tokens==current_budget:True,1048576-0==1048576
DEBUG 08-14 23:23:02 replica.py:171] complete_request_decode:num_saved_toekens=0
DEBUG 08-14 23:23:02 open_ai.py:452] good request:https://u722127-8cb5-f6dc13db.nmb1.seetacloud.com:8443:good,request._id=220,input=129,output=7
DEBUG 08-14 23:23:02 metrics_store.py:131] update_metrics:request_id=220
DEBUG 08-14 23:23:02 shared.py:180] Removed task for request 220 on https://u722127-8cb5-f6dc13db.nmb1.seetacloud.com:8443
INFO 08-14 23:23:02 shared.py:299] Adding task for request 221 to replica 2,session_id=221
DEBUG 08-14 23:23:02 replica.py:226] add_request - replica_id=[2], request=221,self.replica_slo_budget-sum_pending_tokens==current_budget:True,1048576-33==1048543
INFO 08-14 23:23:02 open_ai.py:115] async_send_request:request._id=221,session=221,https://u722127-b80a-4e3f9d5d.cqa1.seetacloud.com:8443
DEBUG 08-14 23:23:02 open_ai.py:335] async_send_request: request finish prefill, 221
INFO 08-14 23:23:02 open_ai.py:352] async_send_request: prefill completed: req=221,replica_id=2
DEBUG 08-14 23:23:02 replica.py:146] complete_request_prefill: replica_id=[2], request=221, current_budget=33,last_prefill_completed_at=30614990.591151435,last_ttft=0.0971
DEBUG 08-14 23:23:02 replica.py:153] complete_request_prefill - replica_id=[2], request=221,self.replica_slo_budget-sum_pending_tokens==current_budget:True,1048576-0==1048576
DEBUG 08-14 23:23:02 replica.py:171] complete_request_decode:num_saved_toekens=368
DEBUG 08-14 23:23:02 open_ai.py:452] good request:https://u722127-b80a-4e3f9d5d.cqa1.seetacloud.com:8443:good,request._id=211,input=87,output=362
DEBUG 08-14 23:23:02 metrics_store.py:131] update_metrics:request_id=211
DEBUG 08-14 23:23:02 shared.py:180] Removed task for request 211 on https://u722127-b80a-4e3f9d5d.cqa1.seetacloud.com:8443
INFO 08-14 23:23:02 shared.py:299] Adding task for request 222 to replica 1,session_id=222
DEBUG 08-14 23:23:02 replica.py:226] add_request - replica_id=[1], request=222,self.replica_slo_budget-sum_pending_tokens==current_budget:True,1048576-32==1048544
INFO 08-14 23:23:02 open_ai.py:115] async_send_request:request._id=222,session=222,127.0.0.1:8001
DEBUG 08-14 23:23:02 open_ai.py:335] async_send_request: request finish prefill, 222
INFO 08-14 23:23:02 open_ai.py:352] async_send_request: prefill completed: req=222,replica_id=1
DEBUG 08-14 23:23:02 replica.py:146] complete_request_prefill: replica_id=[1], request=222, current_budget=32,last_prefill_completed_at=30614990.953054298,last_ttft=0.045
DEBUG 08-14 23:23:02 replica.py:153] complete_request_prefill - replica_id=[1], request=222,self.replica_slo_budget-sum_pending_tokens==current_budget:True,1048576-0==1048576
INFO 08-14 23:23:03 shared.py:299] Adding task for request 223 to replica 3,session_id=223
DEBUG 08-14 23:23:03 replica.py:226] add_request - replica_id=[3], request=223,self.replica_slo_budget-sum_pending_tokens==current_budget:True,1048576-519==1048057
INFO 08-14 23:23:03 open_ai.py:115] async_send_request:request._id=223,session=223,https://uu722127-b80a-4e3f9d5d.cqa1.seetacloud.com:8443
DEBUG 08-14 23:23:03 replica.py:171] complete_request_decode:num_saved_toekens=832
DEBUG 08-14 23:23:03 open_ai.py:452] good request:127.0.0.1:8000:good,request._id=191,input=711,output=831
DEBUG 08-14 23:23:03 metrics_store.py:131] update_metrics:request_id=191
DEBUG 08-14 23:23:03 shared.py:180] Removed task for request 191 on 127.0.0.1:8000
DEBUG 08-14 23:23:03 open_ai.py:335] async_send_request: request finish prefill, 223
INFO 08-14 23:23:03 open_ai.py:352] async_send_request: prefill completed: req=223,replica_id=3
DEBUG 08-14 23:23:03 replica.py:146] complete_request_prefill: replica_id=[3], request=223, current_budget=519,last_prefill_completed_at=30614991.391598407,last_ttft=0.0986
DEBUG 08-14 23:23:03 replica.py:153] complete_request_prefill - replica_id=[3], request=223,self.replica_slo_budget-sum_pending_tokens==current_budget:True,1048576-0==1048576
DEBUG 08-14 23:23:03 replica.py:171] complete_request_decode:num_saved_toekens=0
DEBUG 08-14 23:23:03 open_ai.py:452] good request:https://uu722127-b80a-4e3f9d5d.cqa1.seetacloud.com:8443:good,request._id=223,input=519,output=17
DEBUG 08-14 23:23:03 metrics_store.py:131] update_metrics:request_id=223
DEBUG 08-14 23:23:03 shared.py:180] Removed task for request 223 on https://uu722127-b80a-4e3f9d5d.cqa1.seetacloud.com:8443
INFO 08-14 23:23:03 shared.py:299] Adding task for request 224 to replica 3,session_id=224
DEBUG 08-14 23:23:03 replica.py:226] add_request - replica_id=[3], request=224,self.replica_slo_budget-sum_pending_tokens==current_budget:True,1048576-28==1048548
INFO 08-14 23:23:03 open_ai.py:115] async_send_request:request._id=224,session=224,https://uu722127-b80a-4e3f9d5d.cqa1.seetacloud.com:8443
DEBUG 08-14 23:23:03 replica.py:171] complete_request_decode:num_saved_toekens=592
DEBUG 08-14 23:23:03 open_ai.py:452] good request:127.0.0.1:8000:good,request._id=201,input=20,output=597
DEBUG 08-14 23:23:03 metrics_store.py:131] update_metrics:request_id=201
DEBUG 08-14 23:23:03 shared.py:180] Removed task for request 201 on 127.0.0.1:8000
DEBUG 08-14 23:23:03 open_ai.py:335] async_send_request: request finish prefill, 224
INFO 08-14 23:23:03 open_ai.py:352] async_send_request: prefill completed: req=224,replica_id=3
DEBUG 08-14 23:23:03 replica.py:146] complete_request_prefill: replica_id=[3], request=224, current_budget=28,last_prefill_completed_at=30614991.775330693,last_ttft=0.0913
DEBUG 08-14 23:23:03 replica.py:153] complete_request_prefill - replica_id=[3], request=224,self.replica_slo_budget-sum_pending_tokens==current_budget:True,1048576-0==1048576
DEBUG 08-14 23:23:03 replica.py:171] complete_request_decode:num_saved_toekens=240
DEBUG 08-14 23:23:03 open_ai.py:452] good request:127.0.0.1:8001:good,request._id=215,input=20,output=246
DEBUG 08-14 23:23:03 metrics_store.py:131] update_metrics:request_id=215
DEBUG 08-14 23:23:03 shared.py:180] Removed task for request 215 on 127.0.0.1:8001
INFO 08-14 23:23:03 shared.py:299] Adding task for request 225 to replica 3,session_id=225
DEBUG 08-14 23:23:03 replica.py:226] add_request - replica_id=[3], request=225,self.replica_slo_budget-sum_pending_tokens==current_budget:True,1048576-35==1048541
INFO 08-14 23:23:03 open_ai.py:115] async_send_request:request._id=225,session=225,https://uu722127-b80a-4e3f9d5d.cqa1.seetacloud.com:8443
DEBUG 08-14 23:23:04 open_ai.py:335] async_send_request: request finish prefill, 225
INFO 08-14 23:23:04 open_ai.py:352] async_send_request: prefill completed: req=225,replica_id=3
DEBUG 08-14 23:23:04 replica.py:146] complete_request_prefill: replica_id=[3], request=225, current_budget=35,last_prefill_completed_at=30614992.249579687,last_ttft=0.1504
DEBUG 08-14 23:23:04 replica.py:153] complete_request_prefill - replica_id=[3], request=225,self.replica_slo_budget-sum_pending_tokens==current_budget:True,1048576-0==1048576
DEBUG 08-14 23:23:04 replica.py:171] complete_request_decode:num_saved_toekens=1024
DEBUG 08-14 23:23:04 open_ai.py:452] good request:https://uu722127-b80a-4e3f9d5d.cqa1.seetacloud.com:8443:good,request._id=195,input=43,output=1025
DEBUG 08-14 23:23:04 metrics_store.py:131] update_metrics:request_id=195
DEBUG 08-14 23:23:04 shared.py:180] Removed task for request 195 on https://uu722127-b80a-4e3f9d5d.cqa1.seetacloud.com:8443
DEBUG 08-14 23:23:04 replica.py:171] complete_request_decode:num_saved_toekens=304
DEBUG 08-14 23:23:04 open_ai.py:452] good request:https://u722127-8cb5-f6dc13db.nmb1.seetacloud.com:8443:good,request._id=208,input=38,output=299
DEBUG 08-14 23:23:04 metrics_store.py:131] update_metrics:request_id=208
DEBUG 08-14 23:23:04 shared.py:180] Removed task for request 208 on https://u722127-8cb5-f6dc13db.nmb1.seetacloud.com:8443
INFO 08-14 23:23:04 shared.py:299] Adding task for request 226 to replica 4,session_id=226
DEBUG 08-14 23:23:04 replica.py:226] add_request - replica_id=[4], request=226,self.replica_slo_budget-sum_pending_tokens==current_budget:True,1048576-36==1048540
INFO 08-14 23:23:04 open_ai.py:115] async_send_request:request._id=226,session=226,https://u722127-8cb5-f6dc13db.nmb1.seetacloud.com:8443
DEBUG 08-14 23:23:04 replica.py:171] complete_request_decode:num_saved_toekens=16
DEBUG 08-14 23:23:04 open_ai.py:452] good request:https://uu722127-b80a-4e3f9d5d.cqa1.seetacloud.com:8443:good,request._id=225,input=35,output=21
DEBUG 08-14 23:23:04 metrics_store.py:131] update_metrics:request_id=225
DEBUG 08-14 23:23:04 shared.py:180] Removed task for request 225 on https://uu722127-b80a-4e3f9d5d.cqa1.seetacloud.com:8443
DEBUG 08-14 23:23:04 open_ai.py:335] async_send_request: request finish prefill, 226
INFO 08-14 23:23:04 open_ai.py:352] async_send_request: prefill completed: req=226,replica_id=4
DEBUG 08-14 23:23:04 replica.py:146] complete_request_prefill: replica_id=[4], request=226, current_budget=36,last_prefill_completed_at=30614992.57285155,last_ttft=0.1016
DEBUG 08-14 23:23:04 replica.py:153] complete_request_prefill - replica_id=[4], request=226,self.replica_slo_budget-sum_pending_tokens==current_budget:True,1048576-0==1048576
INFO 08-14 23:23:04 shared.py:299] Adding task for request 227 to replica 0,session_id=227
DEBUG 08-14 23:23:04 replica.py:226] add_request - replica_id=[0], request=227,self.replica_slo_budget-sum_pending_tokens==current_budget:True,1048576-156==1048420
INFO 08-14 23:23:04 open_ai.py:115] async_send_request:request._id=227,session=227,127.0.0.1:8000
DEBUG 08-14 23:23:04 open_ai.py:335] async_send_request: request finish prefill, 227
INFO 08-14 23:23:04 open_ai.py:352] async_send_request: prefill completed: req=227,replica_id=0
DEBUG 08-14 23:23:04 replica.py:146] complete_request_prefill: replica_id=[0], request=227, current_budget=156,last_prefill_completed_at=30614992.93074376,last_ttft=0.0397
DEBUG 08-14 23:23:04 replica.py:153] complete_request_prefill - replica_id=[0], request=227,self.replica_slo_budget-sum_pending_tokens==current_budget:True,1048576-0==1048576
INFO 08-14 23:23:05 shared.py:299] Adding task for request 228 to replica 2,session_id=228
DEBUG 08-14 23:23:05 replica.py:226] add_request - replica_id=[2], request=228,self.replica_slo_budget-sum_pending_tokens==current_budget:True,1048576-24==1048552
INFO 08-14 23:23:05 open_ai.py:115] async_send_request:request._id=228,session=228,https://u722127-b80a-4e3f9d5d.cqa1.seetacloud.com:8443
DEBUG 08-14 23:23:05 open_ai.py:335] async_send_request: request finish prefill, 228
INFO 08-14 23:23:05 open_ai.py:352] async_send_request: prefill completed: req=228,replica_id=2
DEBUG 08-14 23:23:05 replica.py:146] complete_request_prefill: replica_id=[2], request=228, current_budget=24,last_prefill_completed_at=30614993.381932795,last_ttft=0.0909
DEBUG 08-14 23:23:05 replica.py:153] complete_request_prefill - replica_id=[2], request=228,self.replica_slo_budget-sum_pending_tokens==current_budget:True,1048576-0==1048576
INFO 08-14 23:23:05 shared.py:299] Adding task for request 229 to replica 2,session_id=229
DEBUG 08-14 23:23:05 replica.py:226] add_request - replica_id=[2], request=229,self.replica_slo_budget-sum_pending_tokens==current_budget:True,1048576-9==1048567
INFO 08-14 23:23:05 open_ai.py:115] async_send_request:request._id=229,session=229,https://u722127-b80a-4e3f9d5d.cqa1.seetacloud.com:8443
DEBUG 08-14 23:23:05 replica.py:171] complete_request_decode:num_saved_toekens=528
DEBUG 08-14 23:23:05 open_ai.py:452] good request:https://uu722127-b80a-4e3f9d5d.cqa1.seetacloud.com:8443:good,request._id=213,input=112,output=539
DEBUG 08-14 23:23:05 metrics_store.py:131] update_metrics:request_id=213
DEBUG 08-14 23:23:05 shared.py:180] Removed task for request 213 on https://uu722127-b80a-4e3f9d5d.cqa1.seetacloud.com:8443
DEBUG 08-14 23:23:05 replica.py:171] complete_request_decode:num_saved_toekens=768
DEBUG 08-14 23:23:05 open_ai.py:452] good request:https://u722127-b80a-4e3f9d5d.cqa1.seetacloud.com:8443:good,request._id=206,input=56,output=762
DEBUG 08-14 23:23:05 metrics_store.py:131] update_metrics:request_id=206
DEBUG 08-14 23:23:05 shared.py:180] Removed task for request 206 on https://u722127-b80a-4e3f9d5d.cqa1.seetacloud.com:8443
DEBUG 08-14 23:23:05 open_ai.py:335] async_send_request: request finish prefill, 229
INFO 08-14 23:23:05 open_ai.py:352] async_send_request: prefill completed: req=229,replica_id=2
DEBUG 08-14 23:23:05 replica.py:146] complete_request_prefill: replica_id=[2], request=229, current_budget=9,last_prefill_completed_at=30614993.8572049,last_ttft=0.1541
DEBUG 08-14 23:23:05 replica.py:153] complete_request_prefill - replica_id=[2], request=229,self.replica_slo_budget-sum_pending_tokens==current_budget:True,1048576-0==1048576
DEBUG 08-14 23:23:05 replica.py:171] complete_request_decode:num_saved_toekens=16
DEBUG 08-14 23:23:05 open_ai.py:452] good request:https://u722127-b80a-4e3f9d5d.cqa1.seetacloud.com:8443:good,request._id=229,input=9,output=10
DEBUG 08-14 23:23:05 metrics_store.py:131] update_metrics:request_id=229
DEBUG 08-14 23:23:05 shared.py:180] Removed task for request 229 on https://u722127-b80a-4e3f9d5d.cqa1.seetacloud.com:8443
INFO 08-14 23:23:05 shared.py:299] Adding task for request 230 to replica 3,session_id=230
DEBUG 08-14 23:23:05 replica.py:226] add_request - replica_id=[3], request=230,self.replica_slo_budget-sum_pending_tokens==current_budget:True,1048576-29==1048547
INFO 08-14 23:23:05 open_ai.py:115] async_send_request:request._id=230,session=230,https://uu722127-b80a-4e3f9d5d.cqa1.seetacloud.com:8443
DEBUG 08-14 23:23:06 open_ai.py:335] async_send_request: request finish prefill, 230
INFO 08-14 23:23:06 open_ai.py:352] async_send_request: prefill completed: req=230,replica_id=3
DEBUG 08-14 23:23:06 replica.py:146] complete_request_prefill: replica_id=[3], request=230, current_budget=29,last_prefill_completed_at=30614994.21398337,last_ttft=0.0919
DEBUG 08-14 23:23:06 replica.py:153] complete_request_prefill - replica_id=[3], request=230,self.replica_slo_budget-sum_pending_tokens==current_budget:True,1048576-0==1048576
INFO 08-14 23:23:06 shared.py:299] Adding task for request 231 to replica 3,session_id=231
DEBUG 08-14 23:23:06 replica.py:226] add_request - replica_id=[3], request=231,self.replica_slo_budget-sum_pending_tokens==current_budget:True,1048576-40==1048536
INFO 08-14 23:23:06 open_ai.py:115] async_send_request:request._id=231,session=231,https://uu722127-b80a-4e3f9d5d.cqa1.seetacloud.com:8443
DEBUG 08-14 23:23:06 open_ai.py:335] async_send_request: request finish prefill, 231
INFO 08-14 23:23:06 open_ai.py:352] async_send_request: prefill completed: req=231,replica_id=3
DEBUG 08-14 23:23:06 replica.py:146] complete_request_prefill: replica_id=[3], request=231, current_budget=40,last_prefill_completed_at=30614994.566212807,last_ttft=0.0792
DEBUG 08-14 23:23:06 replica.py:153] complete_request_prefill - replica_id=[3], request=231,self.replica_slo_budget-sum_pending_tokens==current_budget:True,1048576-0==1048576
DEBUG 08-14 23:23:06 replica.py:171] complete_request_decode:num_saved_toekens=0
DEBUG 08-14 23:23:06 open_ai.py:452] good request:https://uu722127-b80a-4e3f9d5d.cqa1.seetacloud.com:8443:good,request._id=231,input=40,output=7
DEBUG 08-14 23:23:06 metrics_store.py:131] update_metrics:request_id=231
DEBUG 08-14 23:23:06 shared.py:180] Removed task for request 231 on https://uu722127-b80a-4e3f9d5d.cqa1.seetacloud.com:8443
INFO 08-14 23:23:06 shared.py:299] Adding task for request 232 to replica 2,session_id=232
DEBUG 08-14 23:23:06 replica.py:226] add_request - replica_id=[2], request=232,self.replica_slo_budget-sum_pending_tokens==current_budget:True,1048576-23==1048553
INFO 08-14 23:23:06 open_ai.py:115] async_send_request:request._id=232,session=232,https://u722127-b80a-4e3f9d5d.cqa1.seetacloud.com:8443
DEBUG 08-14 23:23:06 open_ai.py:335] async_send_request: request finish prefill, 232
INFO 08-14 23:23:06 open_ai.py:352] async_send_request: prefill completed: req=232,replica_id=2
DEBUG 08-14 23:23:06 replica.py:146] complete_request_prefill: replica_id=[2], request=232, current_budget=23,last_prefill_completed_at=30614994.977060176,last_ttft=0.089
DEBUG 08-14 23:23:06 replica.py:153] complete_request_prefill - replica_id=[2], request=232,self.replica_slo_budget-sum_pending_tokens==current_budget:True,1048576-0==1048576
DEBUG 08-14 23:23:06 replica.py:171] complete_request_decode:num_saved_toekens=144
DEBUG 08-14 23:23:06 open_ai.py:452] good request:127.0.0.1:8000:good,request._id=227,input=156,output=146
DEBUG 08-14 23:23:06 metrics_store.py:131] update_metrics:request_id=227
DEBUG 08-14 23:23:06 shared.py:180] Removed task for request 227 on 127.0.0.1:8000
DEBUG 08-14 23:23:07 replica.py:171] complete_request_decode:num_saved_toekens=16
DEBUG 08-14 23:23:07 open_ai.py:452] good request:https://u722127-b80a-4e3f9d5d.cqa1.seetacloud.com:8443:good,request._id=232,input=23,output=20
DEBUG 08-14 23:23:07 metrics_store.py:131] update_metrics:request_id=232
DEBUG 08-14 23:23:07 shared.py:180] Removed task for request 232 on https://u722127-b80a-4e3f9d5d.cqa1.seetacloud.com:8443
INFO 08-14 23:23:07 shared.py:299] Adding task for request 233 to replica 2,session_id=233
DEBUG 08-14 23:23:07 replica.py:226] add_request - replica_id=[2], request=233,self.replica_slo_budget-sum_pending_tokens==current_budget:True,1048576-14==1048562
INFO 08-14 23:23:07 open_ai.py:115] async_send_request:request._id=233,session=233,https://u722127-b80a-4e3f9d5d.cqa1.seetacloud.com:8443
DEBUG 08-14 23:23:07 open_ai.py:335] async_send_request: request finish prefill, 233
INFO 08-14 23:23:07 open_ai.py:352] async_send_request: prefill completed: req=233,replica_id=2
DEBUG 08-14 23:23:07 replica.py:146] complete_request_prefill: replica_id=[2], request=233, current_budget=14,last_prefill_completed_at=30614995.57022862,last_ttft=0.3202
DEBUG 08-14 23:23:07 replica.py:153] complete_request_prefill - replica_id=[2], request=233,self.replica_slo_budget-sum_pending_tokens==current_budget:True,1048576-0==1048576
DEBUG 08-14 23:23:07 replica.py:171] complete_request_decode:num_saved_toekens=1024
DEBUG 08-14 23:23:07 open_ai.py:452] good request:https://u722127-b80a-4e3f9d5d.cqa1.seetacloud.com:8443:good,request._id=203,input=509,output=1025
DEBUG 08-14 23:23:07 metrics_store.py:131] update_metrics:request_id=203
DEBUG 08-14 23:23:07 shared.py:180] Removed task for request 203 on https://u722127-b80a-4e3f9d5d.cqa1.seetacloud.com:8443
INFO 08-14 23:23:07 shared.py:299] Adding task for request 234 to replica 1,session_id=234
DEBUG 08-14 23:23:07 replica.py:226] add_request - replica_id=[1], request=234,self.replica_slo_budget-sum_pending_tokens==current_budget:True,1048576-87==1048489
INFO 08-14 23:23:07 open_ai.py:115] async_send_request:request._id=234,session=234,127.0.0.1:8001
DEBUG 08-14 23:23:07 open_ai.py:335] async_send_request: request finish prefill, 234
INFO 08-14 23:23:07 open_ai.py:352] async_send_request: prefill completed: req=234,replica_id=1
DEBUG 08-14 23:23:07 replica.py:146] complete_request_prefill: replica_id=[1], request=234, current_budget=87,last_prefill_completed_at=30614995.69053475,last_ttft=0.0474
DEBUG 08-14 23:23:07 replica.py:153] complete_request_prefill - replica_id=[1], request=234,self.replica_slo_budget-sum_pending_tokens==current_budget:True,1048576-0==1048576
DEBUG 08-14 23:23:07 replica.py:171] complete_request_decode:num_saved_toekens=32
DEBUG 08-14 23:23:07 open_ai.py:452] good request:https://u722127-b80a-4e3f9d5d.cqa1.seetacloud.com:8443:good,request._id=233,input=14,output=18
DEBUG 08-14 23:23:07 metrics_store.py:131] update_metrics:request_id=233
DEBUG 08-14 23:23:07 shared.py:180] Removed task for request 233 on https://u722127-b80a-4e3f9d5d.cqa1.seetacloud.com:8443
INFO 08-14 23:23:07 shared.py:299] Adding task for request 235 to replica 0,session_id=235
DEBUG 08-14 23:23:07 replica.py:226] add_request - replica_id=[0], request=235,self.replica_slo_budget-sum_pending_tokens==current_budget:True,1048576-77==1048499
INFO 08-14 23:23:07 open_ai.py:115] async_send_request:request._id=235,session=235,127.0.0.1:8000
DEBUG 08-14 23:23:07 open_ai.py:335] async_send_request: request finish prefill, 235
INFO 08-14 23:23:07 open_ai.py:352] async_send_request: prefill completed: req=235,replica_id=0
DEBUG 08-14 23:23:07 replica.py:146] complete_request_prefill: replica_id=[0], request=235, current_budget=77,last_prefill_completed_at=30614996.10618422,last_ttft=0.038
DEBUG 08-14 23:23:07 replica.py:153] complete_request_prefill - replica_id=[0], request=235,self.replica_slo_budget-sum_pending_tokens==current_budget:True,1048576-0==1048576
DEBUG 08-14 23:23:07 replica.py:171] complete_request_decode:num_saved_toekens=0
DEBUG 08-14 23:23:07 open_ai.py:452] good request:127.0.0.1:8000:good,request._id=235,input=77,output=2
DEBUG 08-14 23:23:07 metrics_store.py:131] update_metrics:request_id=235
DEBUG 08-14 23:23:07 shared.py:180] Removed task for request 235 on 127.0.0.1:8000
INFO 08-14 23:23:08 shared.py:299] Adding task for request 236 to replica 0,session_id=236
DEBUG 08-14 23:23:08 replica.py:226] add_request - replica_id=[0], request=236,self.replica_slo_budget-sum_pending_tokens==current_budget:True,1048576-499==1048077
INFO 08-14 23:23:08 open_ai.py:115] async_send_request:request._id=236,session=236,127.0.0.1:8000
DEBUG 08-14 23:23:08 open_ai.py:335] async_send_request: request finish prefill, 236
INFO 08-14 23:23:08 open_ai.py:352] async_send_request: prefill completed: req=236,replica_id=0
DEBUG 08-14 23:23:08 replica.py:146] complete_request_prefill: replica_id=[0], request=236, current_budget=499,last_prefill_completed_at=30614996.512132976,last_ttft=0.0419
DEBUG 08-14 23:23:08 replica.py:153] complete_request_prefill - replica_id=[0], request=236,self.replica_slo_budget-sum_pending_tokens==current_budget:True,1048576-0==1048576
DEBUG 08-14 23:23:08 replica.py:171] complete_request_decode:num_saved_toekens=1024
DEBUG 08-14 23:23:08 open_ai.py:452] good request:127.0.0.1:8001:good,request._id=197,input=56,output=1025
DEBUG 08-14 23:23:08 metrics_store.py:131] update_metrics:request_id=197
DEBUG 08-14 23:23:08 shared.py:180] Removed task for request 197 on 127.0.0.1:8001
DEBUG 08-14 23:23:08 replica.py:171] complete_request_decode:num_saved_toekens=592
DEBUG 08-14 23:23:08 open_ai.py:452] good request:https://uu722127-b80a-4e3f9d5d.cqa1.seetacloud.com:8443:good,request._id=219,input=18,output=599
DEBUG 08-14 23:23:08 metrics_store.py:131] update_metrics:request_id=219
DEBUG 08-14 23:23:08 shared.py:180] Removed task for request 219 on https://uu722127-b80a-4e3f9d5d.cqa1.seetacloud.com:8443
INFO 08-14 23:23:08 shared.py:299] Adding task for request 237 to replica 2,session_id=237
DEBUG 08-14 23:23:08 replica.py:226] add_request - replica_id=[2], request=237,self.replica_slo_budget-sum_pending_tokens==current_budget:True,1048576-1016==1047560
INFO 08-14 23:23:08 open_ai.py:115] async_send_request:request._id=237,session=237,https://u722127-b80a-4e3f9d5d.cqa1.seetacloud.com:8443
DEBUG 08-14 23:23:08 open_ai.py:335] async_send_request: request finish prefill, 237
INFO 08-14 23:23:08 open_ai.py:352] async_send_request: prefill completed: req=237,replica_id=2
DEBUG 08-14 23:23:08 replica.py:146] complete_request_prefill: replica_id=[2], request=237, current_budget=1016,last_prefill_completed_at=30614996.96019365,last_ttft=0.1096
DEBUG 08-14 23:23:08 replica.py:153] complete_request_prefill - replica_id=[2], request=237,self.replica_slo_budget-sum_pending_tokens==current_budget:True,1048576-0==1048576
INFO 08-14 23:23:09 shared.py:299] Adding task for request 238 to replica 4,session_id=238
DEBUG 08-14 23:23:09 replica.py:226] add_request - replica_id=[4], request=238,self.replica_slo_budget-sum_pending_tokens==current_budget:True,1048576-570==1048006
INFO 08-14 23:23:09 open_ai.py:115] async_send_request:request._id=238,session=238,https://u722127-8cb5-f6dc13db.nmb1.seetacloud.com:8443
DEBUG 08-14 23:23:09 replica.py:171] complete_request_decode:num_saved_toekens=432
DEBUG 08-14 23:23:09 open_ai.py:452] good request:https://u722127-8cb5-f6dc13db.nmb1.seetacloud.com:8443:good,request._id=212,input=16,output=438
DEBUG 08-14 23:23:09 metrics_store.py:131] update_metrics:request_id=212
DEBUG 08-14 23:23:09 shared.py:180] Removed task for request 212 on https://u722127-8cb5-f6dc13db.nmb1.seetacloud.com:8443
DEBUG 08-14 23:23:09 open_ai.py:335] async_send_request: request finish prefill, 238
INFO 08-14 23:23:09 open_ai.py:352] async_send_request: prefill completed: req=238,replica_id=4
DEBUG 08-14 23:23:09 replica.py:146] complete_request_prefill: replica_id=[4], request=238, current_budget=570,last_prefill_completed_at=30614997.343220327,last_ttft=0.0889
DEBUG 08-14 23:23:09 replica.py:153] complete_request_prefill - replica_id=[4], request=238,self.replica_slo_budget-sum_pending_tokens==current_budget:True,1048576-0==1048576
INFO 08-14 23:23:09 shared.py:299] Adding task for request 239 to replica 0,session_id=239
DEBUG 08-14 23:23:09 replica.py:226] add_request - replica_id=[0], request=239,self.replica_slo_budget-sum_pending_tokens==current_budget:True,1048576-45==1048531
INFO 08-14 23:23:09 open_ai.py:115] async_send_request:request._id=239,session=239,127.0.0.1:8000
DEBUG 08-14 23:23:09 open_ai.py:335] async_send_request: request finish prefill, 239
INFO 08-14 23:23:09 open_ai.py:352] async_send_request: prefill completed: req=239,replica_id=0
DEBUG 08-14 23:23:09 replica.py:146] complete_request_prefill: replica_id=[0], request=239, current_budget=45,last_prefill_completed_at=30614997.715201024,last_ttft=0.049
DEBUG 08-14 23:23:09 replica.py:153] complete_request_prefill - replica_id=[0], request=239,self.replica_slo_budget-sum_pending_tokens==current_budget:True,1048576-0==1048576
DEBUG 08-14 23:23:09 replica.py:171] complete_request_decode:num_saved_toekens=16
DEBUG 08-14 23:23:09 open_ai.py:452] good request:127.0.0.1:8000:good,request._id=239,input=45,output=18
DEBUG 08-14 23:23:09 metrics_store.py:131] update_metrics:request_id=239
DEBUG 08-14 23:23:09 shared.py:180] Removed task for request 239 on 127.0.0.1:8000
INFO 08-14 23:23:09 shared.py:299] Adding task for request 240 to replica 2,session_id=240
DEBUG 08-14 23:23:09 replica.py:226] add_request - replica_id=[2], request=240,self.replica_slo_budget-sum_pending_tokens==current_budget:True,1048576-16==1048560
INFO 08-14 23:23:09 open_ai.py:115] async_send_request:request._id=240,session=240,https://u722127-b80a-4e3f9d5d.cqa1.seetacloud.com:8443
DEBUG 08-14 23:23:10 open_ai.py:335] async_send_request: request finish prefill, 240
INFO 08-14 23:23:10 open_ai.py:352] async_send_request: prefill completed: req=240,replica_id=2
DEBUG 08-14 23:23:10 replica.py:146] complete_request_prefill: replica_id=[2], request=240, current_budget=16,last_prefill_completed_at=30614998.17572469,last_ttft=0.1025
DEBUG 08-14 23:23:10 replica.py:153] complete_request_prefill - replica_id=[2], request=240,self.replica_slo_budget-sum_pending_tokens==current_budget:True,1048576-0==1048576
INFO 08-14 23:23:10 shared.py:299] Adding task for request 241 to replica 1,session_id=241
DEBUG 08-14 23:23:10 replica.py:226] add_request - replica_id=[1], request=241,self.replica_slo_budget-sum_pending_tokens==current_budget:True,1048576-388==1048188
INFO 08-14 23:23:10 open_ai.py:115] async_send_request:request._id=241,session=241,127.0.0.1:8001
DEBUG 08-14 23:23:10 replica.py:171] complete_request_decode:num_saved_toekens=480
DEBUG 08-14 23:23:10 replica.py:171] complete_request_decode:num_saved_toekens=608
DEBUG 08-14 23:23:10 open_ai.py:452] good request:127.0.0.1:8001:good,request._id=222,input=32,output=491
DEBUG 08-14 23:23:10 metrics_store.py:131] update_metrics:request_id=222
DEBUG 08-14 23:23:10 open_ai.py:452] good request:127.0.0.1:8001:good,request._id=218,input=71,output=601
DEBUG 08-14 23:23:10 metrics_store.py:131] update_metrics:request_id=218
DEBUG 08-14 23:23:10 shared.py:180] Removed task for request 222 on 127.0.0.1:8001
DEBUG 08-14 23:23:10 shared.py:180] Removed task for request 218 on 127.0.0.1:8001
DEBUG 08-14 23:23:10 open_ai.py:335] async_send_request: request finish prefill, 241
INFO 08-14 23:23:10 open_ai.py:352] async_send_request: prefill completed: req=241,replica_id=1
DEBUG 08-14 23:23:10 replica.py:146] complete_request_prefill: replica_id=[1], request=241, current_budget=388,last_prefill_completed_at=30614998.580490377,last_ttft=0.0585
DEBUG 08-14 23:23:10 replica.py:153] complete_request_prefill - replica_id=[1], request=241,self.replica_slo_budget-sum_pending_tokens==current_budget:True,1048576-0==1048576
DEBUG 08-14 23:23:10 replica.py:171] complete_request_decode:num_saved_toekens=432
DEBUG 08-14 23:23:10 open_ai.py:452] good request:https://u722127-b80a-4e3f9d5d.cqa1.seetacloud.com:8443:good,request._id=228,input=24,output=438
DEBUG 08-14 23:23:10 metrics_store.py:131] update_metrics:request_id=228
DEBUG 08-14 23:23:10 shared.py:180] Removed task for request 228 on https://u722127-b80a-4e3f9d5d.cqa1.seetacloud.com:8443
DEBUG 08-14 23:23:10 replica.py:171] complete_request_decode:num_saved_toekens=144
DEBUG 08-14 23:23:10 open_ai.py:452] good request:https://u722127-b80a-4e3f9d5d.cqa1.seetacloud.com:8443:good,request._id=237,input=1016,output=146
DEBUG 08-14 23:23:10 metrics_store.py:131] update_metrics:request_id=237
DEBUG 08-14 23:23:10 shared.py:180] Removed task for request 237 on https://u722127-b80a-4e3f9d5d.cqa1.seetacloud.com:8443
DEBUG 08-14 23:23:10 replica.py:171] complete_request_decode:num_saved_toekens=592
DEBUG 08-14 23:23:10 open_ai.py:452] good request:https://uu722127-b80a-4e3f9d5d.cqa1.seetacloud.com:8443:good,request._id=224,input=28,output=586
DEBUG 08-14 23:23:10 metrics_store.py:131] update_metrics:request_id=224
DEBUG 08-14 23:23:10 shared.py:180] Removed task for request 224 on https://uu722127-b80a-4e3f9d5d.cqa1.seetacloud.com:8443
DEBUG 08-14 23:23:10 replica.py:171] complete_request_decode:num_saved_toekens=256
DEBUG 08-14 23:23:10 open_ai.py:452] good request:https://u722127-8cb5-f6dc13db.nmb1.seetacloud.com:8443:good,request._id=226,input=36,output=267
DEBUG 08-14 23:23:10 metrics_store.py:131] update_metrics:request_id=226
DEBUG 08-14 23:23:10 shared.py:180] Removed task for request 226 on https://u722127-8cb5-f6dc13db.nmb1.seetacloud.com:8443
DEBUG 08-14 23:23:10 replica.py:171] complete_request_decode:num_saved_toekens=688
DEBUG 08-14 23:23:10 open_ai.py:452] good request:https://u722127-b80a-4e3f9d5d.cqa1.seetacloud.com:8443:good,request._id=221,input=33,output=698
DEBUG 08-14 23:23:10 metrics_store.py:131] update_metrics:request_id=221
DEBUG 08-14 23:23:10 shared.py:180] Removed task for request 221 on https://u722127-b80a-4e3f9d5d.cqa1.seetacloud.com:8443
INFO 08-14 23:23:10 shared.py:299] Adding task for request 242 to replica 3,session_id=242
DEBUG 08-14 23:23:10 replica.py:226] add_request - replica_id=[3], request=242,self.replica_slo_budget-sum_pending_tokens==current_budget:True,1048576-117==1048459
INFO 08-14 23:23:10 open_ai.py:115] async_send_request:request._id=242,session=242,https://uu722127-b80a-4e3f9d5d.cqa1.seetacloud.com:8443
DEBUG 08-14 23:23:10 open_ai.py:335] async_send_request: request finish prefill, 242
INFO 08-14 23:23:10 open_ai.py:352] async_send_request: prefill completed: req=242,replica_id=3
DEBUG 08-14 23:23:10 replica.py:146] complete_request_prefill: replica_id=[3], request=242, current_budget=117,last_prefill_completed_at=30614999.044589177,last_ttft=0.0883
DEBUG 08-14 23:23:10 replica.py:153] complete_request_prefill - replica_id=[3], request=242,self.replica_slo_budget-sum_pending_tokens==current_budget:True,1048576-0==1048576
DEBUG 08-14 23:23:10 replica.py:171] complete_request_decode:num_saved_toekens=0
DEBUG 08-14 23:23:10 open_ai.py:452] good request:https://uu722127-b80a-4e3f9d5d.cqa1.seetacloud.com:8443:good,request._id=242,input=117,output=2
DEBUG 08-14 23:23:10 metrics_store.py:131] update_metrics:request_id=242
DEBUG 08-14 23:23:10 shared.py:180] Removed task for request 242 on https://uu722127-b80a-4e3f9d5d.cqa1.seetacloud.com:8443
DEBUG 08-14 23:23:10 replica.py:171] complete_request_decode:num_saved_toekens=880
DEBUG 08-14 23:23:10 open_ai.py:452] good request:https://u722127-8cb5-f6dc13db.nmb1.seetacloud.com:8443:good,request._id=190,input=506,output=890
DEBUG 08-14 23:23:10 metrics_store.py:131] update_metrics:request_id=190
DEBUG 08-14 23:23:10 shared.py:180] Removed task for request 190 on https://u722127-8cb5-f6dc13db.nmb1.seetacloud.com:8443
INFO 08-14 23:23:11 shared.py:299] Adding task for request 243 to replica 0,session_id=243
DEBUG 08-14 23:23:11 replica.py:226] add_request - replica_id=[0], request=243,self.replica_slo_budget-sum_pending_tokens==current_budget:True,1048576-21==1048555
INFO 08-14 23:23:11 open_ai.py:115] async_send_request:request._id=243,session=243,127.0.0.1:8000
DEBUG 08-14 23:23:11 open_ai.py:335] async_send_request: request finish prefill, 243
INFO 08-14 23:23:11 open_ai.py:352] async_send_request: prefill completed: req=243,replica_id=0
DEBUG 08-14 23:23:11 replica.py:146] complete_request_prefill: replica_id=[0], request=243, current_budget=21,last_prefill_completed_at=30614999.415761065,last_ttft=0.0415
DEBUG 08-14 23:23:11 replica.py:153] complete_request_prefill - replica_id=[0], request=243,self.replica_slo_budget-sum_pending_tokens==current_budget:True,1048576-0==1048576
DEBUG 08-14 23:23:11 replica.py:171] complete_request_decode:num_saved_toekens=96
DEBUG 08-14 23:23:11 open_ai.py:452] good request:https://u722127-8cb5-f6dc13db.nmb1.seetacloud.com:8443:good,request._id=238,input=570,output=90
DEBUG 08-14 23:23:11 metrics_store.py:131] update_metrics:request_id=238
DEBUG 08-14 23:23:11 shared.py:180] Removed task for request 238 on https://u722127-8cb5-f6dc13db.nmb1.seetacloud.com:8443
DEBUG 08-14 23:23:11 replica.py:171] complete_request_decode:num_saved_toekens=480
DEBUG 08-14 23:23:11 open_ai.py:452] good request:https://uu722127-b80a-4e3f9d5d.cqa1.seetacloud.com:8443:good,request._id=230,input=29,output=470
DEBUG 08-14 23:23:11 metrics_store.py:131] update_metrics:request_id=230
DEBUG 08-14 23:23:11 shared.py:180] Removed task for request 230 on https://uu722127-b80a-4e3f9d5d.cqa1.seetacloud.com:8443
INFO 08-14 23:23:11 shared.py:299] Adding task for request 244 to replica 2,session_id=244
DEBUG 08-14 23:23:11 replica.py:226] add_request - replica_id=[2], request=244,self.replica_slo_budget-sum_pending_tokens==current_budget:True,1048576-101==1048475
INFO 08-14 23:23:11 open_ai.py:115] async_send_request:request._id=244,session=244,https://u722127-b80a-4e3f9d5d.cqa1.seetacloud.com:8443
DEBUG 08-14 23:23:11 open_ai.py:335] async_send_request: request finish prefill, 244
INFO 08-14 23:23:11 open_ai.py:352] async_send_request: prefill completed: req=244,replica_id=2
DEBUG 08-14 23:23:11 replica.py:146] complete_request_prefill: replica_id=[2], request=244, current_budget=101,last_prefill_completed_at=30614999.86343451,last_ttft=0.0792
DEBUG 08-14 23:23:11 replica.py:153] complete_request_prefill - replica_id=[2], request=244,self.replica_slo_budget-sum_pending_tokens==current_budget:True,1048576-0==1048576
INFO 08-14 23:23:12 shared.py:299] Adding task for request 245 to replica 2,session_id=245
DEBUG 08-14 23:23:12 replica.py:226] add_request - replica_id=[2], request=245,self.replica_slo_budget-sum_pending_tokens==current_budget:True,1048576-10846==1037730
INFO 08-14 23:23:12 open_ai.py:115] async_send_request:request._id=245,session=245,https://u722127-b80a-4e3f9d5d.cqa1.seetacloud.com:8443
INFO 08-14 23:23:12 shared.py:299] Adding task for request 246 to replica 2,session_id=246
DEBUG 08-14 23:23:12 replica.py:226] add_request - replica_id=[2], request=246,self.replica_slo_budget-sum_pending_tokens==current_budget:True,1048576-10864==1037712
INFO 08-14 23:23:12 open_ai.py:115] async_send_request:request._id=246,session=246,https://u722127-b80a-4e3f9d5d.cqa1.seetacloud.com:8443
DEBUG 08-14 23:23:12 open_ai.py:335] async_send_request: request finish prefill, 245
INFO 08-14 23:23:12 open_ai.py:352] async_send_request: prefill completed: req=245,replica_id=2
DEBUG 08-14 23:23:12 replica.py:146] complete_request_prefill: replica_id=[2], request=245, current_budget=10846,last_prefill_completed_at=30615000.730212998,last_ttft=0.5251
DEBUG 08-14 23:23:12 replica.py:153] complete_request_prefill - replica_id=[2], request=245,self.replica_slo_budget-sum_pending_tokens==current_budget:True,1048576-18==1048558
DEBUG 08-14 23:23:12 open_ai.py:335] async_send_request: request finish prefill, 246
INFO 08-14 23:23:12 open_ai.py:352] async_send_request: prefill completed: req=246,replica_id=2
DEBUG 08-14 23:23:12 replica.py:146] complete_request_prefill: replica_id=[2], request=246, current_budget=18,last_prefill_completed_at=30615000.739960674,last_ttft=0.124
DEBUG 08-14 23:23:12 replica.py:153] complete_request_prefill - replica_id=[2], request=246,self.replica_slo_budget-sum_pending_tokens==current_budget:True,1048576-0==1048576
DEBUG 08-14 23:23:12 replica.py:171] complete_request_decode:num_saved_toekens=0
DEBUG 08-14 23:23:12 open_ai.py:452] good request:https://u722127-b80a-4e3f9d5d.cqa1.seetacloud.com:8443:good,request._id=246,input=18,output=2
DEBUG 08-14 23:23:12 metrics_store.py:131] update_metrics:request_id=246
DEBUG 08-14 23:23:12 shared.py:180] Removed task for request 246 on https://u722127-b80a-4e3f9d5d.cqa1.seetacloud.com:8443
DEBUG 08-14 23:23:12 replica.py:171] complete_request_decode:num_saved_toekens=336
DEBUG 08-14 23:23:12 open_ai.py:452] good request:127.0.0.1:8001:good,request._id=234,input=87,output=341
DEBUG 08-14 23:23:12 metrics_store.py:131] update_metrics:request_id=234
DEBUG 08-14 23:23:12 shared.py:180] Removed task for request 234 on 127.0.0.1:8001
DEBUG 08-14 23:23:12 replica.py:171] complete_request_decode:num_saved_toekens=160
DEBUG 08-14 23:23:12 open_ai.py:452] good request:127.0.0.1:8001:good,request._id=241,input=388,output=161
DEBUG 08-14 23:23:12 metrics_store.py:131] update_metrics:request_id=241
DEBUG 08-14 23:23:12 shared.py:180] Removed task for request 241 on 127.0.0.1:8001
INFO 08-14 23:23:12 shared.py:299] Adding task for request 247 to replica 3,session_id=247
DEBUG 08-14 23:23:12 replica.py:226] add_request - replica_id=[3], request=247,self.replica_slo_budget-sum_pending_tokens==current_budget:True,1048576-50==1048526
INFO 08-14 23:23:12 open_ai.py:115] async_send_request:request._id=247,session=247,https://uu722127-b80a-4e3f9d5d.cqa1.seetacloud.com:8443
DEBUG 08-14 23:23:12 open_ai.py:335] async_send_request: request finish prefill, 247
INFO 08-14 23:23:12 open_ai.py:352] async_send_request: prefill completed: req=247,replica_id=3
DEBUG 08-14 23:23:12 replica.py:146] complete_request_prefill: replica_id=[3], request=247, current_budget=50,last_prefill_completed_at=30615001.10064669,last_ttft=0.0794
DEBUG 08-14 23:23:12 replica.py:153] complete_request_prefill - replica_id=[3], request=247,self.replica_slo_budget-sum_pending_tokens==current_budget:True,1048576-0==1048576
DEBUG 08-14 23:23:13 replica.py:171] complete_request_decode:num_saved_toekens=16
DEBUG 08-14 23:23:13 open_ai.py:452] good request:https://uu722127-b80a-4e3f9d5d.cqa1.seetacloud.com:8443:good,request._id=247,input=50,output=19
DEBUG 08-14 23:23:13 metrics_store.py:131] update_metrics:request_id=247
DEBUG 08-14 23:23:13 shared.py:180] Removed task for request 247 on https://uu722127-b80a-4e3f9d5d.cqa1.seetacloud.com:8443
INFO 08-14 23:23:13 shared.py:299] Adding task for request 248 to replica 3,session_id=248
DEBUG 08-14 23:23:13 replica.py:226] add_request - replica_id=[3], request=248,self.replica_slo_budget-sum_pending_tokens==current_budget:True,1048576-86==1048490
INFO 08-14 23:23:13 open_ai.py:115] async_send_request:request._id=248,session=248,https://uu722127-b80a-4e3f9d5d.cqa1.seetacloud.com:8443
DEBUG 08-14 23:23:13 open_ai.py:335] async_send_request: request finish prefill, 248
INFO 08-14 23:23:13 open_ai.py:352] async_send_request: prefill completed: req=248,replica_id=3
DEBUG 08-14 23:23:13 replica.py:146] complete_request_prefill: replica_id=[3], request=248, current_budget=86,last_prefill_completed_at=30615001.509457424,last_ttft=0.0772
DEBUG 08-14 23:23:13 replica.py:153] complete_request_prefill - replica_id=[3], request=248,self.replica_slo_budget-sum_pending_tokens==current_budget:True,1048576-0==1048576
DEBUG 08-14 23:23:13 replica.py:171] complete_request_decode:num_saved_toekens=560
DEBUG 08-14 23:23:13 open_ai.py:452] good request:https://u722127-8cb5-f6dc13db.nmb1.seetacloud.com:8443:good,request._id=216,input=15,output=557
DEBUG 08-14 23:23:13 metrics_store.py:131] update_metrics:request_id=216
DEBUG 08-14 23:23:13 shared.py:180] Removed task for request 216 on https://u722127-8cb5-f6dc13db.nmb1.seetacloud.com:8443
INFO 08-14 23:23:13 shared.py:299] Adding task for request 249 to replica 1,session_id=249
DEBUG 08-14 23:23:13 replica.py:226] add_request - replica_id=[1], request=249,self.replica_slo_budget-sum_pending_tokens==current_budget:True,1048576-36==1048540
INFO 08-14 23:23:13 open_ai.py:115] async_send_request:request._id=249,session=249,127.0.0.1:8001
DEBUG 08-14 23:23:13 open_ai.py:335] async_send_request: request finish prefill, 249
INFO 08-14 23:23:13 open_ai.py:352] async_send_request: prefill completed: req=249,replica_id=1
DEBUG 08-14 23:23:13 replica.py:146] complete_request_prefill: replica_id=[1], request=249, current_budget=36,last_prefill_completed_at=30615001.87925072,last_ttft=0.0421
DEBUG 08-14 23:23:13 replica.py:153] complete_request_prefill - replica_id=[1], request=249,self.replica_slo_budget-sum_pending_tokens==current_budget:True,1048576-0==1048576
INFO 08-14 23:23:14 shared.py:299] Adding task for request 250 to replica 3,session_id=250
DEBUG 08-14 23:23:14 replica.py:226] add_request - replica_id=[3], request=250,self.replica_slo_budget-sum_pending_tokens==current_budget:True,1048576-32==1048544
INFO 08-14 23:23:14 open_ai.py:115] async_send_request:request._id=250,session=250,https://uu722127-b80a-4e3f9d5d.cqa1.seetacloud.com:8443
DEBUG 08-14 23:23:14 open_ai.py:335] async_send_request: request finish prefill, 250
INFO 08-14 23:23:14 open_ai.py:352] async_send_request: prefill completed: req=250,replica_id=3
DEBUG 08-14 23:23:14 replica.py:146] complete_request_prefill: replica_id=[3], request=250, current_budget=32,last_prefill_completed_at=30615002.348898266,last_ttft=0.1067
DEBUG 08-14 23:23:14 replica.py:153] complete_request_prefill - replica_id=[3], request=250,self.replica_slo_budget-sum_pending_tokens==current_budget:True,1048576-0==1048576
INFO 08-14 23:23:14 shared.py:299] Adding task for request 251 to replica 1,session_id=251
DEBUG 08-14 23:23:14 replica.py:226] add_request - replica_id=[1], request=251,self.replica_slo_budget-sum_pending_tokens==current_budget:True,1048576-148==1048428
INFO 08-14 23:23:14 open_ai.py:115] async_send_request:request._id=251,session=251,127.0.0.1:8001
DEBUG 08-14 23:23:14 open_ai.py:335] async_send_request: request finish prefill, 251
INFO 08-14 23:23:14 open_ai.py:352] async_send_request: prefill completed: req=251,replica_id=1
DEBUG 08-14 23:23:14 replica.py:146] complete_request_prefill: replica_id=[1], request=251, current_budget=148,last_prefill_completed_at=30615002.707206704,last_ttft=0.0511
DEBUG 08-14 23:23:14 replica.py:153] complete_request_prefill - replica_id=[1], request=251,self.replica_slo_budget-sum_pending_tokens==current_budget:True,1048576-0==1048576
INFO 08-14 23:23:14 shared.py:299] Adding task for request 252 to replica 3,session_id=252
DEBUG 08-14 23:23:14 replica.py:226] add_request - replica_id=[3], request=252,self.replica_slo_budget-sum_pending_tokens==current_budget:True,1048576-356==1048220
INFO 08-14 23:23:14 open_ai.py:115] async_send_request:request._id=252,session=252,https://uu722127-b80a-4e3f9d5d.cqa1.seetacloud.com:8443
DEBUG 08-14 23:23:15 open_ai.py:335] async_send_request: request finish prefill, 252
INFO 08-14 23:23:15 open_ai.py:352] async_send_request: prefill completed: req=252,replica_id=3
DEBUG 08-14 23:23:15 replica.py:146] complete_request_prefill: replica_id=[3], request=252, current_budget=356,last_prefill_completed_at=30615003.15592255,last_ttft=0.0938
DEBUG 08-14 23:23:15 replica.py:153] complete_request_prefill - replica_id=[3], request=252,self.replica_slo_budget-sum_pending_tokens==current_budget:True,1048576-0==1048576
DEBUG 08-14 23:23:15 replica.py:171] complete_request_decode:num_saved_toekens=384
DEBUG 08-14 23:23:15 open_ai.py:452] good request:https://u722127-b80a-4e3f9d5d.cqa1.seetacloud.com:8443:good,request._id=240,input=16,output=390
DEBUG 08-14 23:23:15 metrics_store.py:131] update_metrics:request_id=240
DEBUG 08-14 23:23:15 shared.py:180] Removed task for request 240 on https://u722127-b80a-4e3f9d5d.cqa1.seetacloud.com:8443
INFO 08-14 23:23:15 shared.py:299] Adding task for request 253 to replica 4,session_id=253
DEBUG 08-14 23:23:15 replica.py:226] add_request - replica_id=[4], request=253,self.replica_slo_budget-sum_pending_tokens==current_budget:True,1048576-64==1048512
INFO 08-14 23:23:15 open_ai.py:115] async_send_request:request._id=253,session=253,https://u722127-8cb5-f6dc13db.nmb1.seetacloud.com:8443
DEBUG 08-14 23:23:15 replica.py:171] complete_request_decode:num_saved_toekens=32
DEBUG 08-14 23:23:15 open_ai.py:452] good request:https://uu722127-b80a-4e3f9d5d.cqa1.seetacloud.com:8443:good,request._id=252,input=356,output=31
DEBUG 08-14 23:23:15 metrics_store.py:131] update_metrics:request_id=252
DEBUG 08-14 23:23:15 shared.py:180] Removed task for request 252 on https://uu722127-b80a-4e3f9d5d.cqa1.seetacloud.com:8443
DEBUG 08-14 23:23:15 open_ai.py:335] async_send_request: request finish prefill, 253
INFO 08-14 23:23:15 open_ai.py:352] async_send_request: prefill completed: req=253,replica_id=4
DEBUG 08-14 23:23:15 replica.py:146] complete_request_prefill: replica_id=[4], request=253, current_budget=64,last_prefill_completed_at=30615003.607470714,last_ttft=0.0982
DEBUG 08-14 23:23:15 replica.py:153] complete_request_prefill - replica_id=[4], request=253,self.replica_slo_budget-sum_pending_tokens==current_budget:True,1048576-0==1048576
DEBUG 08-14 23:23:15 replica.py:171] complete_request_decode:num_saved_toekens=0
DEBUG 08-14 23:23:15 open_ai.py:452] good request:https://u722127-8cb5-f6dc13db.nmb1.seetacloud.com:8443:good,request._id=253,input=64,output=2
DEBUG 08-14 23:23:15 metrics_store.py:131] update_metrics:request_id=253
DEBUG 08-14 23:23:15 shared.py:180] Removed task for request 253 on https://u722127-8cb5-f6dc13db.nmb1.seetacloud.com:8443
INFO 08-14 23:23:15 shared.py:299] Adding task for request 254 to replica 3,session_id=254
DEBUG 08-14 23:23:15 replica.py:226] add_request - replica_id=[3], request=254,self.replica_slo_budget-sum_pending_tokens==current_budget:True,1048576-9==1048567
INFO 08-14 23:23:15 open_ai.py:115] async_send_request:request._id=254,session=254,https://uu722127-b80a-4e3f9d5d.cqa1.seetacloud.com:8443
DEBUG 08-14 23:23:15 open_ai.py:335] async_send_request: request finish prefill, 254
INFO 08-14 23:23:15 open_ai.py:352] async_send_request: prefill completed: req=254,replica_id=3
DEBUG 08-14 23:23:15 replica.py:146] complete_request_prefill: replica_id=[3], request=254, current_budget=9,last_prefill_completed_at=30615003.99286773,last_ttft=0.0918
DEBUG 08-14 23:23:15 replica.py:153] complete_request_prefill - replica_id=[3], request=254,self.replica_slo_budget-sum_pending_tokens==current_budget:True,1048576-0==1048576
DEBUG 08-14 23:23:15 replica.py:171] complete_request_decode:num_saved_toekens=16
DEBUG 08-14 23:23:15 open_ai.py:452] good request:https://uu722127-b80a-4e3f9d5d.cqa1.seetacloud.com:8443:good,request._id=254,input=9,output=13
DEBUG 08-14 23:23:15 metrics_store.py:131] update_metrics:request_id=254
DEBUG 08-14 23:23:15 shared.py:180] Removed task for request 254 on https://uu722127-b80a-4e3f9d5d.cqa1.seetacloud.com:8443
INFO 08-14 23:23:16 shared.py:299] Adding task for request 255 to replica 4,session_id=255
DEBUG 08-14 23:23:16 replica.py:226] add_request - replica_id=[4], request=255,self.replica_slo_budget-sum_pending_tokens==current_budget:True,1048576-296==1048280
INFO 08-14 23:23:16 open_ai.py:115] async_send_request:request._id=255,session=255,https://u722127-8cb5-f6dc13db.nmb1.seetacloud.com:8443
DEBUG 08-14 23:23:16 open_ai.py:335] async_send_request: request finish prefill, 255
INFO 08-14 23:23:16 open_ai.py:352] async_send_request: prefill completed: req=255,replica_id=4
DEBUG 08-14 23:23:16 replica.py:146] complete_request_prefill: replica_id=[4], request=255, current_budget=296,last_prefill_completed_at=30615004.402978186,last_ttft=0.1008
DEBUG 08-14 23:23:16 replica.py:153] complete_request_prefill - replica_id=[4], request=255,self.replica_slo_budget-sum_pending_tokens==current_budget:True,1048576-0==1048576
INFO 08-14 23:23:16 shared.py:299] Adding task for request 256 to replica 2,session_id=256
DEBUG 08-14 23:23:16 replica.py:226] add_request - replica_id=[2], request=256,self.replica_slo_budget-sum_pending_tokens==current_budget:True,1048576-1062==1047514
INFO 08-14 23:23:16 open_ai.py:115] async_send_request:request._id=256,session=256,https://u722127-b80a-4e3f9d5d.cqa1.seetacloud.com:8443
DEBUG 08-14 23:23:16 open_ai.py:335] async_send_request: request finish prefill, 256
INFO 08-14 23:23:16 open_ai.py:352] async_send_request: prefill completed: req=256,replica_id=2
DEBUG 08-14 23:23:16 replica.py:146] complete_request_prefill: replica_id=[2], request=256, current_budget=1062,last_prefill_completed_at=30615004.81037864,last_ttft=0.1168
DEBUG 08-14 23:23:16 replica.py:153] complete_request_prefill - replica_id=[2], request=256,self.replica_slo_budget-sum_pending_tokens==current_budget:True,1048576-0==1048576
DEBUG 08-14 23:23:16 replica.py:171] complete_request_decode:num_saved_toekens=16
DEBUG 08-14 23:23:16 open_ai.py:452] good request:https://u722127-8cb5-f6dc13db.nmb1.seetacloud.com:8443:good,request._id=255,input=296,output=22
DEBUG 08-14 23:23:16 metrics_store.py:131] update_metrics:request_id=255
DEBUG 08-14 23:23:16 shared.py:180] Removed task for request 255 on https://u722127-8cb5-f6dc13db.nmb1.seetacloud.com:8443
INFO 08-14 23:23:16 shared.py:299] Adding task for request 257 to replica 4,session_id=257
DEBUG 08-14 23:23:16 replica.py:226] add_request - replica_id=[4], request=257,self.replica_slo_budget-sum_pending_tokens==current_budget:True,1048576-25==1048551
INFO 08-14 23:23:16 open_ai.py:115] async_send_request:request._id=257,session=257,https://u722127-8cb5-f6dc13db.nmb1.seetacloud.com:8443
DEBUG 08-14 23:23:17 open_ai.py:335] async_send_request: request finish prefill, 257
INFO 08-14 23:23:17 open_ai.py:352] async_send_request: prefill completed: req=257,replica_id=4
DEBUG 08-14 23:23:17 replica.py:146] complete_request_prefill: replica_id=[4], request=257, current_budget=25,last_prefill_completed_at=30615005.203218557,last_ttft=0.0979
DEBUG 08-14 23:23:17 replica.py:153] complete_request_prefill - replica_id=[4], request=257,self.replica_slo_budget-sum_pending_tokens==current_budget:True,1048576-0==1048576
INFO 08-14 23:23:17 shared.py:299] Adding task for request 258 to replica 2,session_id=258
DEBUG 08-14 23:23:17 replica.py:226] add_request - replica_id=[2], request=258,self.replica_slo_budget-sum_pending_tokens==current_budget:True,1048576-9==1048567
INFO 08-14 23:23:17 open_ai.py:115] async_send_request:request._id=258,session=258,https://u722127-b80a-4e3f9d5d.cqa1.seetacloud.com:8443
DEBUG 08-14 23:23:17 open_ai.py:335] async_send_request: request finish prefill, 258
INFO 08-14 23:23:17 open_ai.py:352] async_send_request: prefill completed: req=258,replica_id=2
DEBUG 08-14 23:23:17 replica.py:146] complete_request_prefill: replica_id=[2], request=258, current_budget=9,last_prefill_completed_at=30615005.587324563,last_ttft=0.0912
DEBUG 08-14 23:23:17 replica.py:153] complete_request_prefill - replica_id=[2], request=258,self.replica_slo_budget-sum_pending_tokens==current_budget:True,1048576-0==1048576
DEBUG 08-14 23:23:17 replica.py:171] complete_request_decode:num_saved_toekens=16
DEBUG 08-14 23:23:17 open_ai.py:452] good request:https://u722127-b80a-4e3f9d5d.cqa1.seetacloud.com:8443:good,request._id=258,input=9,output=10
DEBUG 08-14 23:23:17 metrics_store.py:131] update_metrics:request_id=258
DEBUG 08-14 23:23:17 shared.py:180] Removed task for request 258 on https://u722127-b80a-4e3f9d5d.cqa1.seetacloud.com:8443
INFO 08-14 23:23:17 shared.py:299] Adding task for request 259 to replica 3,session_id=259
DEBUG 08-14 23:23:17 replica.py:226] add_request - replica_id=[3], request=259,self.replica_slo_budget-sum_pending_tokens==current_budget:True,1048576-9==1048567
INFO 08-14 23:23:17 open_ai.py:115] async_send_request:request._id=259,session=259,https://uu722127-b80a-4e3f9d5d.cqa1.seetacloud.com:8443
DEBUG 08-14 23:23:17 open_ai.py:335] async_send_request: request finish prefill, 259
INFO 08-14 23:23:17 open_ai.py:352] async_send_request: prefill completed: req=259,replica_id=3
DEBUG 08-14 23:23:17 replica.py:146] complete_request_prefill: replica_id=[3], request=259, current_budget=9,last_prefill_completed_at=30615005.972090825,last_ttft=0.0759
DEBUG 08-14 23:23:17 replica.py:153] complete_request_prefill - replica_id=[3], request=259,self.replica_slo_budget-sum_pending_tokens==current_budget:True,1048576-0==1048576
DEBUG 08-14 23:23:17 replica.py:171] complete_request_decode:num_saved_toekens=480
DEBUG 08-14 23:23:17 open_ai.py:452] good request:https://u722127-b80a-4e3f9d5d.cqa1.seetacloud.com:8443:good,request._id=244,input=101,output=478
DEBUG 08-14 23:23:17 metrics_store.py:131] update_metrics:request_id=244
DEBUG 08-14 23:23:17 shared.py:180] Removed task for request 244 on https://u722127-b80a-4e3f9d5d.cqa1.seetacloud.com:8443
DEBUG 08-14 23:23:17 replica.py:171] complete_request_decode:num_saved_toekens=16
DEBUG 08-14 23:23:17 open_ai.py:452] good request:https://uu722127-b80a-4e3f9d5d.cqa1.seetacloud.com:8443:good,request._id=259,input=9,output=10
DEBUG 08-14 23:23:17 metrics_store.py:131] update_metrics:request_id=259
DEBUG 08-14 23:23:17 shared.py:180] Removed task for request 259 on https://uu722127-b80a-4e3f9d5d.cqa1.seetacloud.com:8443
DEBUG 08-14 23:23:17 replica.py:171] complete_request_decode:num_saved_toekens=272
DEBUG 08-14 23:23:17 open_ai.py:452] good request:127.0.0.1:8001:good,request._id=249,input=36,output=281
DEBUG 08-14 23:23:17 metrics_store.py:131] update_metrics:request_id=249
DEBUG 08-14 23:23:17 shared.py:180] Removed task for request 249 on 127.0.0.1:8001
INFO 08-14 23:23:18 shared.py:299] Adding task for request 260 to replica 0,session_id=260
DEBUG 08-14 23:23:18 replica.py:226] add_request - replica_id=[0], request=260,self.replica_slo_budget-sum_pending_tokens==current_budget:True,1048576-11==1048565
INFO 08-14 23:23:18 open_ai.py:115] async_send_request:request._id=260,session=260,127.0.0.1:8000
DEBUG 08-14 23:23:18 open_ai.py:335] async_send_request: request finish prefill, 260
INFO 08-14 23:23:18 open_ai.py:352] async_send_request: prefill completed: req=260,replica_id=0
DEBUG 08-14 23:23:18 replica.py:146] complete_request_prefill: replica_id=[0], request=260, current_budget=11,last_prefill_completed_at=30615006.334300216,last_ttft=0.0572
DEBUG 08-14 23:23:18 replica.py:153] complete_request_prefill - replica_id=[0], request=260,self.replica_slo_budget-sum_pending_tokens==current_budget:True,1048576-0==1048576
DEBUG 08-14 23:23:18 replica.py:171] complete_request_decode:num_saved_toekens=16
DEBUG 08-14 23:23:18 open_ai.py:452] good request:127.0.0.1:8000:good,request._id=260,input=11,output=17
DEBUG 08-14 23:23:18 metrics_store.py:131] update_metrics:request_id=260
DEBUG 08-14 23:23:18 shared.py:180] Removed task for request 260 on 127.0.0.1:8000
INFO 08-14 23:23:18 shared.py:299] Adding task for request 261 to replica 2,session_id=261
DEBUG 08-14 23:23:18 replica.py:226] add_request - replica_id=[2], request=261,self.replica_slo_budget-sum_pending_tokens==current_budget:True,1048576-31==1048545
INFO 08-14 23:23:18 open_ai.py:115] async_send_request:request._id=261,session=261,https://u722127-b80a-4e3f9d5d.cqa1.seetacloud.com:8443
DEBUG 08-14 23:23:18 open_ai.py:335] async_send_request: request finish prefill, 261
INFO 08-14 23:23:18 open_ai.py:352] async_send_request: prefill completed: req=261,replica_id=2
DEBUG 08-14 23:23:18 replica.py:146] complete_request_prefill: replica_id=[2], request=261, current_budget=31,last_prefill_completed_at=30615006.7445722,last_ttft=0.0973
DEBUG 08-14 23:23:18 replica.py:153] complete_request_prefill - replica_id=[2], request=261,self.replica_slo_budget-sum_pending_tokens==current_budget:True,1048576-0==1048576
DEBUG 08-14 23:23:18 replica.py:171] complete_request_decode:num_saved_toekens=656
DEBUG 08-14 23:23:18 open_ai.py:452] good request:127.0.0.1:8000:good,request._id=236,input=499,output=669
DEBUG 08-14 23:23:18 metrics_store.py:131] update_metrics:request_id=236
DEBUG 08-14 23:23:18 shared.py:180] Removed task for request 236 on 127.0.0.1:8000
INFO 08-14 23:23:18 shared.py:299] Adding task for request 262 to replica 4,session_id=262
DEBUG 08-14 23:23:18 replica.py:226] add_request - replica_id=[4], request=262,self.replica_slo_budget-sum_pending_tokens==current_budget:True,1048576-25==1048551
INFO 08-14 23:23:18 open_ai.py:115] async_send_request:request._id=262,session=262,https://u722127-8cb5-f6dc13db.nmb1.seetacloud.com:8443
DEBUG 08-14 23:23:18 open_ai.py:335] async_send_request: request finish prefill, 262
INFO 08-14 23:23:18 open_ai.py:352] async_send_request: prefill completed: req=262,replica_id=4
DEBUG 08-14 23:23:18 replica.py:146] complete_request_prefill: replica_id=[4], request=262, current_budget=25,last_prefill_completed_at=30615007.122955903,last_ttft=0.0848
DEBUG 08-14 23:23:18 replica.py:153] complete_request_prefill - replica_id=[4], request=262,self.replica_slo_budget-sum_pending_tokens==current_budget:True,1048576-0==1048576
DEBUG 08-14 23:23:19 replica.py:171] complete_request_decode:num_saved_toekens=464
DEBUG 08-14 23:23:19 open_ai.py:452] good request:https://uu722127-b80a-4e3f9d5d.cqa1.seetacloud.com:8443:good,request._id=248,input=86,output=473
DEBUG 08-14 23:23:19 metrics_store.py:131] update_metrics:request_id=248
DEBUG 08-14 23:23:19 shared.py:180] Removed task for request 248 on https://uu722127-b80a-4e3f9d5d.cqa1.seetacloud.com:8443
DEBUG 08-14 23:23:19 replica.py:171] complete_request_decode:num_saved_toekens=512
DEBUG 08-14 23:23:19 open_ai.py:452] good request:127.0.0.1:8000:good,request._id=243,input=21,output=512
DEBUG 08-14 23:23:19 metrics_store.py:131] update_metrics:request_id=243
DEBUG 08-14 23:23:19 shared.py:180] Removed task for request 243 on 127.0.0.1:8000
INFO 08-14 23:23:19 shared.py:299] Adding task for request 263 to replica 0,session_id=263
DEBUG 08-14 23:23:19 replica.py:226] add_request - replica_id=[0], request=263,self.replica_slo_budget-sum_pending_tokens==current_budget:True,1048576-166==1048410
INFO 08-14 23:23:19 open_ai.py:115] async_send_request:request._id=263,session=263,127.0.0.1:8000
DEBUG 08-14 23:23:19 open_ai.py:335] async_send_request: request finish prefill, 263
INFO 08-14 23:23:19 open_ai.py:352] async_send_request: prefill completed: req=263,replica_id=0
DEBUG 08-14 23:23:19 replica.py:146] complete_request_prefill: replica_id=[0], request=263, current_budget=166,last_prefill_completed_at=30615007.46056537,last_ttft=0.0424
DEBUG 08-14 23:23:19 replica.py:153] complete_request_prefill - replica_id=[0], request=263,self.replica_slo_budget-sum_pending_tokens==current_budget:True,1048576-0==1048576
DEBUG 08-14 23:23:19 replica.py:171] complete_request_decode:num_saved_toekens=16
DEBUG 08-14 23:23:19 open_ai.py:452] good request:https://u722127-8cb5-f6dc13db.nmb1.seetacloud.com:8443:good,request._id=262,input=25,output=20
DEBUG 08-14 23:23:19 metrics_store.py:131] update_metrics:request_id=262
DEBUG 08-14 23:23:19 shared.py:180] Removed task for request 262 on https://u722127-8cb5-f6dc13db.nmb1.seetacloud.com:8443
DEBUG 08-14 23:23:19 replica.py:171] complete_request_decode:num_saved_toekens=0
DEBUG 08-14 23:23:19 open_ai.py:452] good request:127.0.0.1:8000:good,request._id=263,input=166,output=9
DEBUG 08-14 23:23:19 metrics_store.py:131] update_metrics:request_id=263
DEBUG 08-14 23:23:19 shared.py:180] Removed task for request 263 on 127.0.0.1:8000
INFO 08-14 23:23:19 shared.py:299] Adding task for request 264 to replica 2,session_id=264
DEBUG 08-14 23:23:19 replica.py:226] add_request - replica_id=[2], request=264,self.replica_slo_budget-sum_pending_tokens==current_budget:True,1048576-38==1048538
INFO 08-14 23:23:19 open_ai.py:115] async_send_request:request._id=264,session=264,https://u722127-b80a-4e3f9d5d.cqa1.seetacloud.com:8443
DEBUG 08-14 23:23:19 open_ai.py:335] async_send_request: request finish prefill, 264
INFO 08-14 23:23:19 open_ai.py:352] async_send_request: prefill completed: req=264,replica_id=2
DEBUG 08-14 23:23:19 replica.py:146] complete_request_prefill: replica_id=[2], request=264, current_budget=38,last_prefill_completed_at=30615007.887720577,last_ttft=0.0896
DEBUG 08-14 23:23:19 replica.py:153] complete_request_prefill - replica_id=[2], request=264,self.replica_slo_budget-sum_pending_tokens==current_budget:True,1048576-0==1048576
DEBUG 08-14 23:23:19 replica.py:171] complete_request_decode:num_saved_toekens=352
DEBUG 08-14 23:23:19 open_ai.py:452] good request:127.0.0.1:8001:good,request._id=251,input=148,output=348
DEBUG 08-14 23:23:19 metrics_store.py:131] update_metrics:request_id=251
DEBUG 08-14 23:23:19 shared.py:180] Removed task for request 251 on 127.0.0.1:8001
DEBUG 08-14 23:23:19 replica.py:171] complete_request_decode:num_saved_toekens=16
DEBUG 08-14 23:23:19 open_ai.py:452] good request:https://u722127-b80a-4e3f9d5d.cqa1.seetacloud.com:8443:good,request._id=264,input=38,output=19
DEBUG 08-14 23:23:19 metrics_store.py:131] update_metrics:request_id=264
DEBUG 08-14 23:23:19 shared.py:180] Removed task for request 264 on https://u722127-b80a-4e3f9d5d.cqa1.seetacloud.com:8443
INFO 08-14 23:23:20 shared.py:299] Adding task for request 265 to replica 4,session_id=265
DEBUG 08-14 23:23:20 replica.py:226] add_request - replica_id=[4], request=265,self.replica_slo_budget-sum_pending_tokens==current_budget:True,1048576-278==1048298
INFO 08-14 23:23:20 open_ai.py:115] async_send_request:request._id=265,session=265,https://u722127-8cb5-f6dc13db.nmb1.seetacloud.com:8443
DEBUG 08-14 23:23:20 open_ai.py:335] async_send_request: request finish prefill, 265
INFO 08-14 23:23:20 open_ai.py:352] async_send_request: prefill completed: req=265,replica_id=4
DEBUG 08-14 23:23:20 replica.py:146] complete_request_prefill: replica_id=[4], request=265, current_budget=278,last_prefill_completed_at=30615008.310955863,last_ttft=0.1006
DEBUG 08-14 23:23:20 replica.py:153] complete_request_prefill - replica_id=[4], request=265,self.replica_slo_budget-sum_pending_tokens==current_budget:True,1048576-0==1048576
DEBUG 08-14 23:23:20 replica.py:171] complete_request_decode:num_saved_toekens=304
DEBUG 08-14 23:23:20 open_ai.py:452] good request:https://u722127-b80a-4e3f9d5d.cqa1.seetacloud.com:8443:good,request._id=256,input=1062,output=299
DEBUG 08-14 23:23:20 metrics_store.py:131] update_metrics:request_id=256
DEBUG 08-14 23:23:20 shared.py:180] Removed task for request 256 on https://u722127-b80a-4e3f9d5d.cqa1.seetacloud.com:8443
INFO 08-14 23:23:20 shared.py:299] Adding task for request 266 to replica 1,session_id=266
DEBUG 08-14 23:23:20 replica.py:226] add_request - replica_id=[1], request=266,self.replica_slo_budget-sum_pending_tokens==current_budget:True,1048576-27==1048549
INFO 08-14 23:23:20 open_ai.py:115] async_send_request:request._id=266,session=266,127.0.0.1:8001
DEBUG 08-14 23:23:20 open_ai.py:335] async_send_request: request finish prefill, 266
INFO 08-14 23:23:20 open_ai.py:352] async_send_request: prefill completed: req=266,replica_id=1
DEBUG 08-14 23:23:20 replica.py:146] complete_request_prefill: replica_id=[1], request=266, current_budget=27,last_prefill_completed_at=30615008.68429536,last_ttft=0.0381
DEBUG 08-14 23:23:20 replica.py:153] complete_request_prefill - replica_id=[1], request=266,self.replica_slo_budget-sum_pending_tokens==current_budget:True,1048576-0==1048576
DEBUG 08-14 23:23:20 replica.py:171] complete_request_decode:num_saved_toekens=16
DEBUG 08-14 23:23:20 open_ai.py:452] good request:https://u722127-8cb5-f6dc13db.nmb1.seetacloud.com:8443:good,request._id=265,input=278,output=18
DEBUG 08-14 23:23:20 metrics_store.py:131] update_metrics:request_id=265
DEBUG 08-14 23:23:20 shared.py:180] Removed task for request 265 on https://u722127-8cb5-f6dc13db.nmb1.seetacloud.com:8443
INFO 08-14 23:23:20 shared.py:299] Adding task for request 267 to replica 0,session_id=267
DEBUG 08-14 23:23:20 replica.py:226] add_request - replica_id=[0], request=267,self.replica_slo_budget-sum_pending_tokens==current_budget:True,1048576-34==1048542
INFO 08-14 23:23:20 open_ai.py:115] async_send_request:request._id=267,session=267,127.0.0.1:8000
DEBUG 08-14 23:23:20 open_ai.py:335] async_send_request: request finish prefill, 267
INFO 08-14 23:23:20 open_ai.py:352] async_send_request: prefill completed: req=267,replica_id=0
DEBUG 08-14 23:23:20 replica.py:146] complete_request_prefill: replica_id=[0], request=267, current_budget=34,last_prefill_completed_at=30615009.09411864,last_ttft=0.039
DEBUG 08-14 23:23:20 replica.py:153] complete_request_prefill - replica_id=[0], request=267,self.replica_slo_budget-sum_pending_tokens==current_budget:True,1048576-0==1048576
INFO 08-14 23:23:21 shared.py:299] Adding task for request 268 to replica 2,session_id=268
DEBUG 08-14 23:23:21 replica.py:226] add_request - replica_id=[2], request=268,self.replica_slo_budget-sum_pending_tokens==current_budget:True,1048576-126==1048450
INFO 08-14 23:23:21 open_ai.py:115] async_send_request:request._id=268,session=268,https://u722127-b80a-4e3f9d5d.cqa1.seetacloud.com:8443
DEBUG 08-14 23:23:21 open_ai.py:335] async_send_request: request finish prefill, 268
INFO 08-14 23:23:21 open_ai.py:352] async_send_request: prefill completed: req=268,replica_id=2
DEBUG 08-14 23:23:21 replica.py:146] complete_request_prefill: replica_id=[2], request=268, current_budget=126,last_prefill_completed_at=30615009.592266437,last_ttft=0.09
DEBUG 08-14 23:23:21 replica.py:153] complete_request_prefill - replica_id=[2], request=268,self.replica_slo_budget-sum_pending_tokens==current_budget:True,1048576-0==1048576
INFO 08-14 23:23:21 shared.py:299] Adding task for request 269 to replica 1,session_id=269
DEBUG 08-14 23:23:21 replica.py:226] add_request - replica_id=[1], request=269,self.replica_slo_budget-sum_pending_tokens==current_budget:True,1048576-151==1048425
INFO 08-14 23:23:21 open_ai.py:115] async_send_request:request._id=269,session=269,127.0.0.1:8001
DEBUG 08-14 23:23:21 open_ai.py:335] async_send_request: request finish prefill, 269
INFO 08-14 23:23:21 open_ai.py:352] async_send_request: prefill completed: req=269,replica_id=1
DEBUG 08-14 23:23:21 replica.py:146] complete_request_prefill: replica_id=[1], request=269, current_budget=151,last_prefill_completed_at=30615009.96492784,last_ttft=0.0488
DEBUG 08-14 23:23:21 replica.py:153] complete_request_prefill - replica_id=[1], request=269,self.replica_slo_budget-sum_pending_tokens==current_budget:True,1048576-0==1048576
DEBUG 08-14 23:23:21 replica.py:171] complete_request_decode:num_saved_toekens=0
DEBUG 08-14 23:23:21 open_ai.py:452] good request:127.0.0.1:8000:good,request._id=267,input=34,output=62
DEBUG 08-14 23:23:21 metrics_store.py:131] update_metrics:request_id=267
DEBUG 08-14 23:23:21 shared.py:180] Removed task for request 267 on 127.0.0.1:8000
INFO 08-14 23:23:22 shared.py:299] Adding task for request 270 to replica 3,session_id=270
DEBUG 08-14 23:23:22 replica.py:226] add_request - replica_id=[3], request=270,self.replica_slo_budget-sum_pending_tokens==current_budget:True,1048576-89==1048487
INFO 08-14 23:23:22 open_ai.py:115] async_send_request:request._id=270,session=270,https://uu722127-b80a-4e3f9d5d.cqa1.seetacloud.com:8443
DEBUG 08-14 23:23:22 open_ai.py:335] async_send_request: request finish prefill, 270
INFO 08-14 23:23:22 open_ai.py:352] async_send_request: prefill completed: req=270,replica_id=3
DEBUG 08-14 23:23:22 replica.py:146] complete_request_prefill: replica_id=[3], request=270, current_budget=89,last_prefill_completed_at=30615010.424115665,last_ttft=0.1098
DEBUG 08-14 23:23:22 replica.py:153] complete_request_prefill - replica_id=[3], request=270,self.replica_slo_budget-sum_pending_tokens==current_budget:True,1048576-0==1048576
INFO 08-14 23:23:22 shared.py:299] Adding task for request 271 to replica 0,session_id=271
DEBUG 08-14 23:23:22 replica.py:226] add_request - replica_id=[0], request=271,self.replica_slo_budget-sum_pending_tokens==current_budget:True,1048576-130==1048446
INFO 08-14 23:23:22 open_ai.py:115] async_send_request:request._id=271,session=271,127.0.0.1:8000
DEBUG 08-14 23:23:22 open_ai.py:335] async_send_request: request finish prefill, 271
INFO 08-14 23:23:22 open_ai.py:352] async_send_request: prefill completed: req=271,replica_id=0
DEBUG 08-14 23:23:22 replica.py:146] complete_request_prefill: replica_id=[0], request=271, current_budget=130,last_prefill_completed_at=30615010.72792093,last_ttft=0.0425
DEBUG 08-14 23:23:22 replica.py:153] complete_request_prefill - replica_id=[0], request=271,self.replica_slo_budget-sum_pending_tokens==current_budget:True,1048576-0==1048576
DEBUG 08-14 23:23:22 replica.py:171] complete_request_decode:num_saved_toekens=64
DEBUG 08-14 23:23:22 open_ai.py:452] good request:127.0.0.1:8001:good,request._id=269,input=151,output=67
DEBUG 08-14 23:23:22 metrics_store.py:131] update_metrics:request_id=269
DEBUG 08-14 23:23:22 shared.py:180] Removed task for request 269 on 127.0.0.1:8001
DEBUG 08-14 23:23:22 replica.py:171] complete_request_decode:num_saved_toekens=16
DEBUG 08-14 23:23:22 open_ai.py:452] good request:127.0.0.1:8000:good,request._id=271,input=130,output=19
DEBUG 08-14 23:23:22 metrics_store.py:131] update_metrics:request_id=271
DEBUG 08-14 23:23:22 shared.py:180] Removed task for request 271 on 127.0.0.1:8000
INFO 08-14 23:23:22 shared.py:299] Adding task for request 272 to replica 3,session_id=272
DEBUG 08-14 23:23:22 replica.py:226] add_request - replica_id=[3], request=272,self.replica_slo_budget-sum_pending_tokens==current_budget:True,1048576-38==1048538
INFO 08-14 23:23:22 open_ai.py:115] async_send_request:request._id=272,session=272,https://uu722127-b80a-4e3f9d5d.cqa1.seetacloud.com:8443
DEBUG 08-14 23:23:23 open_ai.py:335] async_send_request: request finish prefill, 272
INFO 08-14 23:23:23 open_ai.py:352] async_send_request: prefill completed: req=272,replica_id=3
DEBUG 08-14 23:23:23 replica.py:146] complete_request_prefill: replica_id=[3], request=272, current_budget=38,last_prefill_completed_at=30615011.172184665,last_ttft=0.085
DEBUG 08-14 23:23:23 replica.py:153] complete_request_prefill - replica_id=[3], request=272,self.replica_slo_budget-sum_pending_tokens==current_budget:True,1048576-0==1048576
DEBUG 08-14 23:23:23 replica.py:171] complete_request_decode:num_saved_toekens=0
DEBUG 08-14 23:23:23 open_ai.py:452] good request:https://uu722127-b80a-4e3f9d5d.cqa1.seetacloud.com:8443:good,request._id=272,input=38,output=8
DEBUG 08-14 23:23:23 metrics_store.py:131] update_metrics:request_id=272
DEBUG 08-14 23:23:23 shared.py:180] Removed task for request 272 on https://uu722127-b80a-4e3f9d5d.cqa1.seetacloud.com:8443
INFO 08-14 23:23:23 shared.py:299] Adding task for request 273 to replica 4,session_id=273
DEBUG 08-14 23:23:23 replica.py:226] add_request - replica_id=[4], request=273,self.replica_slo_budget-sum_pending_tokens==current_budget:True,1048576-2325==1046251
INFO 08-14 23:23:23 open_ai.py:115] async_send_request:request._id=273,session=273,https://u722127-8cb5-f6dc13db.nmb1.seetacloud.com:8443
DEBUG 08-14 23:23:23 open_ai.py:335] async_send_request: request finish prefill, 273
INFO 08-14 23:23:23 open_ai.py:352] async_send_request: prefill completed: req=273,replica_id=4
DEBUG 08-14 23:23:23 replica.py:146] complete_request_prefill: replica_id=[4], request=273, current_budget=2325,last_prefill_completed_at=30615011.659413856,last_ttft=0.1388
DEBUG 08-14 23:23:23 replica.py:153] complete_request_prefill - replica_id=[4], request=273,self.replica_slo_budget-sum_pending_tokens==current_budget:True,1048576-0==1048576
INFO 08-14 23:23:23 shared.py:299] Adding task for request 274 to replica 4,session_id=274
DEBUG 08-14 23:23:23 replica.py:226] add_request - replica_id=[4], request=274,self.replica_slo_budget-sum_pending_tokens==current_budget:True,1048576-303==1048273
INFO 08-14 23:23:23 open_ai.py:115] async_send_request:request._id=274,session=274,https://u722127-8cb5-f6dc13db.nmb1.seetacloud.com:8443
DEBUG 08-14 23:23:23 open_ai.py:335] async_send_request: request finish prefill, 274
INFO 08-14 23:23:23 open_ai.py:352] async_send_request: prefill completed: req=274,replica_id=4
DEBUG 08-14 23:23:23 replica.py:146] complete_request_prefill: replica_id=[4], request=274, current_budget=303,last_prefill_completed_at=30615012.007211007,last_ttft=0.1057
DEBUG 08-14 23:23:23 replica.py:153] complete_request_prefill - replica_id=[4], request=274,self.replica_slo_budget-sum_pending_tokens==current_budget:True,1048576-0==1048576
DEBUG 08-14 23:23:23 replica.py:171] complete_request_decode:num_saved_toekens=16
DEBUG 08-14 23:23:23 open_ai.py:452] good request:https://u722127-8cb5-f6dc13db.nmb1.seetacloud.com:8443:good,request._id=274,input=303,output=2
DEBUG 08-14 23:23:23 metrics_store.py:131] update_metrics:request_id=274
DEBUG 08-14 23:23:23 shared.py:180] Removed task for request 274 on https://u722127-8cb5-f6dc13db.nmb1.seetacloud.com:8443
INFO 08-14 23:23:24 shared.py:299] Adding task for request 275 to replica 0,session_id=275
DEBUG 08-14 23:23:24 replica.py:226] add_request - replica_id=[0], request=275,self.replica_slo_budget-sum_pending_tokens==current_budget:True,1048576-40==1048536
INFO 08-14 23:23:24 open_ai.py:115] async_send_request:request._id=275,session=275,127.0.0.1:8000
DEBUG 08-14 23:23:24 open_ai.py:335] async_send_request: request finish prefill, 275
INFO 08-14 23:23:24 open_ai.py:352] async_send_request: prefill completed: req=275,replica_id=0
DEBUG 08-14 23:23:24 replica.py:146] complete_request_prefill: replica_id=[0], request=275, current_budget=40,last_prefill_completed_at=30615012.345417816,last_ttft=0.0402
DEBUG 08-14 23:23:24 replica.py:153] complete_request_prefill - replica_id=[0], request=275,self.replica_slo_budget-sum_pending_tokens==current_budget:True,1048576-0==1048576
DEBUG 08-14 23:23:24 replica.py:171] complete_request_decode:num_saved_toekens=848
DEBUG 08-14 23:23:24 open_ai.py:452] good request:https://uu722127-b80a-4e3f9d5d.cqa1.seetacloud.com:8443:good,request._id=250,input=32,output=859
DEBUG 08-14 23:23:24 metrics_store.py:131] update_metrics:request_id=250
DEBUG 08-14 23:23:24 shared.py:180] Removed task for request 250 on https://uu722127-b80a-4e3f9d5d.cqa1.seetacloud.com:8443
DEBUG 08-14 23:23:24 replica.py:171] complete_request_decode:num_saved_toekens=16
DEBUG 08-14 23:23:24 open_ai.py:452] good request:127.0.0.1:8000:good,request._id=275,input=40,output=18
DEBUG 08-14 23:23:24 metrics_store.py:131] update_metrics:request_id=275
DEBUG 08-14 23:23:24 shared.py:180] Removed task for request 275 on 127.0.0.1:8000
INFO 08-14 23:23:24 shared.py:299] Adding task for request 276 to replica 2,session_id=276
DEBUG 08-14 23:23:24 replica.py:226] add_request - replica_id=[2], request=276,self.replica_slo_budget-sum_pending_tokens==current_budget:True,1048576-481==1048095
INFO 08-14 23:23:24 open_ai.py:115] async_send_request:request._id=276,session=276,https://u722127-b80a-4e3f9d5d.cqa1.seetacloud.com:8443
DEBUG 08-14 23:23:24 open_ai.py:335] async_send_request: request finish prefill, 276
INFO 08-14 23:23:24 open_ai.py:352] async_send_request: prefill completed: req=276,replica_id=2
DEBUG 08-14 23:23:24 replica.py:146] complete_request_prefill: replica_id=[2], request=276, current_budget=481,last_prefill_completed_at=30615012.797933165,last_ttft=0.1015
DEBUG 08-14 23:23:24 replica.py:153] complete_request_prefill - replica_id=[2], request=276,self.replica_slo_budget-sum_pending_tokens==current_budget:True,1048576-0==1048576
INFO 08-14 23:23:24 shared.py:299] Adding task for request 277 to replica 2,session_id=277
DEBUG 08-14 23:23:24 replica.py:226] add_request - replica_id=[2], request=277,self.replica_slo_budget-sum_pending_tokens==current_budget:True,1048576-9==1048567
INFO 08-14 23:23:24 open_ai.py:115] async_send_request:request._id=277,session=277,https://u722127-b80a-4e3f9d5d.cqa1.seetacloud.com:8443
DEBUG 08-14 23:23:25 replica.py:171] complete_request_decode:num_saved_toekens=1024
DEBUG 08-14 23:23:25 open_ai.py:452] good request:https://u722127-b80a-4e3f9d5d.cqa1.seetacloud.com:8443:good,request._id=245,input=10846,output=1024
DEBUG 08-14 23:23:25 metrics_store.py:131] update_metrics:request_id=245
DEBUG 08-14 23:23:25 shared.py:180] Removed task for request 245 on https://u722127-b80a-4e3f9d5d.cqa1.seetacloud.com:8443
DEBUG 08-14 23:23:25 open_ai.py:335] async_send_request: request finish prefill, 277
INFO 08-14 23:23:25 open_ai.py:352] async_send_request: prefill completed: req=277,replica_id=2
DEBUG 08-14 23:23:25 replica.py:146] complete_request_prefill: replica_id=[2], request=277, current_budget=9,last_prefill_completed_at=30615013.172878914,last_ttft=0.0948
DEBUG 08-14 23:23:25 replica.py:153] complete_request_prefill - replica_id=[2], request=277,self.replica_slo_budget-sum_pending_tokens==current_budget:True,1048576-0==1048576
DEBUG 08-14 23:23:25 replica.py:171] complete_request_decode:num_saved_toekens=16
DEBUG 08-14 23:23:25 open_ai.py:452] good request:https://u722127-b80a-4e3f9d5d.cqa1.seetacloud.com:8443:good,request._id=277,input=9,output=10
DEBUG 08-14 23:23:25 metrics_store.py:131] update_metrics:request_id=277
DEBUG 08-14 23:23:25 shared.py:180] Removed task for request 277 on https://u722127-b80a-4e3f9d5d.cqa1.seetacloud.com:8443
INFO 08-14 23:23:25 shared.py:299] Adding task for request 278 to replica 3,session_id=278
DEBUG 08-14 23:23:25 replica.py:226] add_request - replica_id=[3], request=278,self.replica_slo_budget-sum_pending_tokens==current_budget:True,1048576-15==1048561
INFO 08-14 23:23:25 open_ai.py:115] async_send_request:request._id=278,session=278,https://uu722127-b80a-4e3f9d5d.cqa1.seetacloud.com:8443
DEBUG 08-14 23:23:25 open_ai.py:335] async_send_request: request finish prefill, 278
INFO 08-14 23:23:25 open_ai.py:352] async_send_request: prefill completed: req=278,replica_id=3
DEBUG 08-14 23:23:25 replica.py:146] complete_request_prefill: replica_id=[3], request=278, current_budget=15,last_prefill_completed_at=30615013.562228005,last_ttft=0.084
DEBUG 08-14 23:23:25 replica.py:153] complete_request_prefill - replica_id=[3], request=278,self.replica_slo_budget-sum_pending_tokens==current_budget:True,1048576-0==1048576
INFO 08-14 23:23:25 shared.py:299] Adding task for request 279 to replica 0,session_id=279
DEBUG 08-14 23:23:25 replica.py:226] add_request - replica_id=[0], request=279,self.replica_slo_budget-sum_pending_tokens==current_budget:True,1048576-51==1048525
INFO 08-14 23:23:25 open_ai.py:115] async_send_request:request._id=279,session=279,127.0.0.1:8000
DEBUG 08-14 23:23:25 open_ai.py:335] async_send_request: request finish prefill, 279
INFO 08-14 23:23:25 open_ai.py:352] async_send_request: prefill completed: req=279,replica_id=0
DEBUG 08-14 23:23:25 replica.py:146] complete_request_prefill: replica_id=[0], request=279, current_budget=51,last_prefill_completed_at=30615013.89917936,last_ttft=0.0421
DEBUG 08-14 23:23:25 replica.py:153] complete_request_prefill - replica_id=[0], request=279,self.replica_slo_budget-sum_pending_tokens==current_budget:True,1048576-0==1048576
DEBUG 08-14 23:23:26 replica.py:171] complete_request_decode:num_saved_toekens=16
DEBUG 08-14 23:23:26 open_ai.py:452] good request:127.0.0.1:8000:good,request._id=279,input=51,output=18
DEBUG 08-14 23:23:26 metrics_store.py:131] update_metrics:request_id=279
DEBUG 08-14 23:23:26 shared.py:180] Removed task for request 279 on 127.0.0.1:8000
INFO 08-14 23:23:26 shared.py:299] Adding task for request 280 to replica 1,session_id=280
DEBUG 08-14 23:23:26 replica.py:226] add_request - replica_id=[1], request=280,self.replica_slo_budget-sum_pending_tokens==current_budget:True,1048576-39==1048537
INFO 08-14 23:23:26 open_ai.py:115] async_send_request:request._id=280,session=280,127.0.0.1:8001
DEBUG 08-14 23:23:26 open_ai.py:335] async_send_request: request finish prefill, 280
INFO 08-14 23:23:26 open_ai.py:352] async_send_request: prefill completed: req=280,replica_id=1
DEBUG 08-14 23:23:26 replica.py:146] complete_request_prefill: replica_id=[1], request=280, current_budget=39,last_prefill_completed_at=30615014.316366337,last_ttft=0.0602
DEBUG 08-14 23:23:26 replica.py:153] complete_request_prefill - replica_id=[1], request=280,self.replica_slo_budget-sum_pending_tokens==current_budget:True,1048576-0==1048576
INFO 08-14 23:23:26 shared.py:299] Adding task for request 281 to replica 2,session_id=281
DEBUG 08-14 23:23:26 replica.py:226] add_request - replica_id=[2], request=281,self.replica_slo_budget-sum_pending_tokens==current_budget:True,1048576-75==1048501
INFO 08-14 23:23:26 open_ai.py:115] async_send_request:request._id=281,session=281,https://u722127-b80a-4e3f9d5d.cqa1.seetacloud.com:8443
DEBUG 08-14 23:23:26 open_ai.py:335] async_send_request: request finish prefill, 281
INFO 08-14 23:23:26 open_ai.py:352] async_send_request: prefill completed: req=281,replica_id=2
DEBUG 08-14 23:23:26 replica.py:146] complete_request_prefill: replica_id=[2], request=281, current_budget=75,last_prefill_completed_at=30615014.74268471,last_ttft=0.0975
DEBUG 08-14 23:23:26 replica.py:153] complete_request_prefill - replica_id=[2], request=281,self.replica_slo_budget-sum_pending_tokens==current_budget:True,1048576-0==1048576
INFO 08-14 23:23:26 shared.py:299] Adding task for request 282 to replica 0,session_id=282
DEBUG 08-14 23:23:26 replica.py:226] add_request - replica_id=[0], request=282,self.replica_slo_budget-sum_pending_tokens==current_budget:True,1048576-182==1048394
INFO 08-14 23:23:26 open_ai.py:115] async_send_request:request._id=282,session=282,127.0.0.1:8000
DEBUG 08-14 23:23:26 open_ai.py:335] async_send_request: request finish prefill, 282
INFO 08-14 23:23:26 open_ai.py:352] async_send_request: prefill completed: req=282,replica_id=0
DEBUG 08-14 23:23:26 replica.py:146] complete_request_prefill: replica_id=[0], request=282, current_budget=182,last_prefill_completed_at=30615015.094991673,last_ttft=0.0409
DEBUG 08-14 23:23:26 replica.py:153] complete_request_prefill - replica_id=[0], request=282,self.replica_slo_budget-sum_pending_tokens==current_budget:True,1048576-0==1048576
DEBUG 08-14 23:23:27 replica.py:171] complete_request_decode:num_saved_toekens=704
DEBUG 08-14 23:23:27 open_ai.py:452] good request:https://u722127-b80a-4e3f9d5d.cqa1.seetacloud.com:8443:good,request._id=261,input=31,output=694
DEBUG 08-14 23:23:27 metrics_store.py:131] update_metrics:request_id=261
DEBUG 08-14 23:23:27 shared.py:180] Removed task for request 261 on https://u722127-b80a-4e3f9d5d.cqa1.seetacloud.com:8443
DEBUG 08-14 23:23:27 replica.py:171] complete_request_decode:num_saved_toekens=32
DEBUG 08-14 23:23:27 open_ai.py:452] good request:https://u722127-b80a-4e3f9d5d.cqa1.seetacloud.com:8443:good,request._id=281,input=75,output=34
DEBUG 08-14 23:23:27 metrics_store.py:131] update_metrics:request_id=281
DEBUG 08-14 23:23:27 shared.py:180] Removed task for request 281 on https://u722127-b80a-4e3f9d5d.cqa1.seetacloud.com:8443
DEBUG 08-14 23:23:27 replica.py:171] complete_request_decode:num_saved_toekens=432
DEBUG 08-14 23:23:27 open_ai.py:452] good request:https://u722127-8cb5-f6dc13db.nmb1.seetacloud.com:8443:good,request._id=257,input=25,output=435
DEBUG 08-14 23:23:27 metrics_store.py:131] update_metrics:request_id=257
DEBUG 08-14 23:23:27 shared.py:180] Removed task for request 257 on https://u722127-8cb5-f6dc13db.nmb1.seetacloud.com:8443
INFO 08-14 23:23:27 shared.py:299] Adding task for request 283 to replica 3,session_id=283
DEBUG 08-14 23:23:27 replica.py:226] add_request - replica_id=[3], request=283,self.replica_slo_budget-sum_pending_tokens==current_budget:True,1048576-40==1048536
INFO 08-14 23:23:27 open_ai.py:115] async_send_request:request._id=283,session=283,https://uu722127-b80a-4e3f9d5d.cqa1.seetacloud.com:8443
DEBUG 08-14 23:23:27 open_ai.py:335] async_send_request: request finish prefill, 283
INFO 08-14 23:23:27 open_ai.py:352] async_send_request: prefill completed: req=283,replica_id=3
DEBUG 08-14 23:23:27 replica.py:146] complete_request_prefill: replica_id=[3], request=283, current_budget=40,last_prefill_completed_at=30615015.526203133,last_ttft=0.094
DEBUG 08-14 23:23:27 replica.py:153] complete_request_prefill - replica_id=[3], request=283,self.replica_slo_budget-sum_pending_tokens==current_budget:True,1048576-0==1048576
DEBUG 08-14 23:23:27 replica.py:171] complete_request_decode:num_saved_toekens=432
DEBUG 08-14 23:23:27 open_ai.py:452] good request:https://uu722127-b80a-4e3f9d5d.cqa1.seetacloud.com:8443:good,request._id=270,input=89,output=434
DEBUG 08-14 23:23:27 metrics_store.py:131] update_metrics:request_id=270
DEBUG 08-14 23:23:27 shared.py:180] Removed task for request 270 on https://uu722127-b80a-4e3f9d5d.cqa1.seetacloud.com:8443
INFO 08-14 23:23:27 shared.py:299] Adding task for request 284 to replica 2,session_id=284
DEBUG 08-14 23:23:27 replica.py:226] add_request - replica_id=[2], request=284,self.replica_slo_budget-sum_pending_tokens==current_budget:True,1048576-13==1048563
INFO 08-14 23:23:27 open_ai.py:115] async_send_request:request._id=284,session=284,https://u722127-b80a-4e3f9d5d.cqa1.seetacloud.com:8443
DEBUG 08-14 23:23:27 open_ai.py:335] async_send_request: request finish prefill, 284
INFO 08-14 23:23:27 open_ai.py:352] async_send_request: prefill completed: req=284,replica_id=2
DEBUG 08-14 23:23:27 replica.py:146] complete_request_prefill: replica_id=[2], request=284, current_budget=13,last_prefill_completed_at=30615015.932791665,last_ttft=0.0927
DEBUG 08-14 23:23:27 replica.py:153] complete_request_prefill - replica_id=[2], request=284,self.replica_slo_budget-sum_pending_tokens==current_budget:True,1048576-0==1048576
DEBUG 08-14 23:23:27 replica.py:171] complete_request_decode:num_saved_toekens=48
DEBUG 08-14 23:23:27 open_ai.py:452] good request:https://uu722127-b80a-4e3f9d5d.cqa1.seetacloud.com:8443:good,request._id=283,input=40,output=45
DEBUG 08-14 23:23:27 metrics_store.py:131] update_metrics:request_id=283
DEBUG 08-14 23:23:27 shared.py:180] Removed task for request 283 on https://uu722127-b80a-4e3f9d5d.cqa1.seetacloud.com:8443
INFO 08-14 23:23:28 shared.py:299] Adding task for request 285 to replica 2,session_id=285
DEBUG 08-14 23:23:28 replica.py:226] add_request - replica_id=[2], request=285,self.replica_slo_budget-sum_pending_tokens==current_budget:True,1048576-17==1048559
INFO 08-14 23:23:28 open_ai.py:115] async_send_request:request._id=285,session=285,https://u722127-b80a-4e3f9d5d.cqa1.seetacloud.com:8443
DEBUG 08-14 23:23:28 open_ai.py:335] async_send_request: request finish prefill, 285
INFO 08-14 23:23:28 open_ai.py:352] async_send_request: prefill completed: req=285,replica_id=2
DEBUG 08-14 23:23:28 replica.py:146] complete_request_prefill: replica_id=[2], request=285, current_budget=17,last_prefill_completed_at=30615016.35401565,last_ttft=0.0958
DEBUG 08-14 23:23:28 replica.py:153] complete_request_prefill - replica_id=[2], request=285,self.replica_slo_budget-sum_pending_tokens==current_budget:True,1048576-0==1048576
DEBUG 08-14 23:23:28 replica.py:171] complete_request_decode:num_saved_toekens=560
DEBUG 08-14 23:23:28 open_ai.py:452] good request:https://u722127-b80a-4e3f9d5d.cqa1.seetacloud.com:8443:good,request._id=268,input=126,output=560
DEBUG 08-14 23:23:28 metrics_store.py:131] update_metrics:request_id=268
DEBUG 08-14 23:23:28 shared.py:180] Removed task for request 268 on https://u722127-b80a-4e3f9d5d.cqa1.seetacloud.com:8443
INFO 08-14 23:23:28 shared.py:299] Adding task for request 286 to replica 3,session_id=286
DEBUG 08-14 23:23:28 replica.py:226] add_request - replica_id=[3], request=286,self.replica_slo_budget-sum_pending_tokens==current_budget:True,1048576-41==1048535
INFO 08-14 23:23:28 open_ai.py:115] async_send_request:request._id=286,session=286,https://uu722127-b80a-4e3f9d5d.cqa1.seetacloud.com:8443
DEBUG 08-14 23:23:28 open_ai.py:335] async_send_request: request finish prefill, 286
INFO 08-14 23:23:28 open_ai.py:352] async_send_request: prefill completed: req=286,replica_id=3
DEBUG 08-14 23:23:28 replica.py:146] complete_request_prefill: replica_id=[3], request=286, current_budget=41,last_prefill_completed_at=30615016.749666233,last_ttft=0.0896
DEBUG 08-14 23:23:28 replica.py:153] complete_request_prefill - replica_id=[3], request=286,self.replica_slo_budget-sum_pending_tokens==current_budget:True,1048576-0==1048576
INFO 08-14 23:23:28 shared.py:299] Adding task for request 287 to replica 0,session_id=287
DEBUG 08-14 23:23:28 replica.py:226] add_request - replica_id=[0], request=287,self.replica_slo_budget-sum_pending_tokens==current_budget:True,1048576-58==1048518
INFO 08-14 23:23:28 open_ai.py:115] async_send_request:request._id=287,session=287,127.0.0.1:8000
DEBUG 08-14 23:23:28 open_ai.py:335] async_send_request: request finish prefill, 287
INFO 08-14 23:23:28 open_ai.py:352] async_send_request: prefill completed: req=287,replica_id=0
DEBUG 08-14 23:23:28 replica.py:146] complete_request_prefill: replica_id=[0], request=287, current_budget=58,last_prefill_completed_at=30615017.106014125,last_ttft=0.0449
DEBUG 08-14 23:23:28 replica.py:153] complete_request_prefill - replica_id=[0], request=287,self.replica_slo_budget-sum_pending_tokens==current_budget:True,1048576-0==1048576
INFO 08-14 23:23:29 shared.py:299] Adding task for request 288 to replica 2,session_id=288
DEBUG 08-14 23:23:29 replica.py:226] add_request - replica_id=[2], request=288,self.replica_slo_budget-sum_pending_tokens==current_budget:True,1048576-23==1048553
INFO 08-14 23:23:29 open_ai.py:115] async_send_request:request._id=288,session=288,https://u722127-b80a-4e3f9d5d.cqa1.seetacloud.com:8443
DEBUG 08-14 23:23:29 open_ai.py:335] async_send_request: request finish prefill, 288
INFO 08-14 23:23:29 open_ai.py:352] async_send_request: prefill completed: req=288,replica_id=2
DEBUG 08-14 23:23:29 replica.py:146] complete_request_prefill: replica_id=[2], request=288, current_budget=23,last_prefill_completed_at=30615017.551827487,last_ttft=0.0947
DEBUG 08-14 23:23:29 replica.py:153] complete_request_prefill - replica_id=[2], request=288,self.replica_slo_budget-sum_pending_tokens==current_budget:True,1048576-0==1048576
DEBUG 08-14 23:23:29 replica.py:171] complete_request_decode:num_saved_toekens=160
DEBUG 08-14 23:23:29 open_ai.py:452] good request:https://u722127-b80a-4e3f9d5d.cqa1.seetacloud.com:8443:good,request._id=284,input=13,output=148
DEBUG 08-14 23:23:29 metrics_store.py:131] update_metrics:request_id=284
DEBUG 08-14 23:23:29 shared.py:180] Removed task for request 284 on https://u722127-b80a-4e3f9d5d.cqa1.seetacloud.com:8443
INFO 08-14 23:23:29 shared.py:299] Adding task for request 289 to replica 2,session_id=289
DEBUG 08-14 23:23:29 replica.py:226] add_request - replica_id=[2], request=289,self.replica_slo_budget-sum_pending_tokens==current_budget:True,1048576-37==1048539
INFO 08-14 23:23:29 open_ai.py:115] async_send_request:request._id=289,session=289,https://u722127-b80a-4e3f9d5d.cqa1.seetacloud.com:8443
DEBUG 08-14 23:23:29 open_ai.py:335] async_send_request: request finish prefill, 289
INFO 08-14 23:23:29 open_ai.py:352] async_send_request: prefill completed: req=289,replica_id=2
DEBUG 08-14 23:23:29 replica.py:146] complete_request_prefill: replica_id=[2], request=289, current_budget=37,last_prefill_completed_at=30615017.96081553,last_ttft=0.0716
DEBUG 08-14 23:23:29 replica.py:153] complete_request_prefill - replica_id=[2], request=289,self.replica_slo_budget-sum_pending_tokens==current_budget:True,1048576-0==1048576
DEBUG 08-14 23:23:29 replica.py:171] complete_request_decode:num_saved_toekens=48
DEBUG 08-14 23:23:29 open_ai.py:452] good request:https://u722127-b80a-4e3f9d5d.cqa1.seetacloud.com:8443:good,request._id=288,input=23,output=43
DEBUG 08-14 23:23:29 metrics_store.py:131] update_metrics:request_id=288
DEBUG 08-14 23:23:29 shared.py:180] Removed task for request 288 on https://u722127-b80a-4e3f9d5d.cqa1.seetacloud.com:8443
INFO 08-14 23:23:30 shared.py:299] Adding task for request 290 to replica 0,session_id=290
DEBUG 08-14 23:23:30 replica.py:226] add_request - replica_id=[0], request=290,self.replica_slo_budget-sum_pending_tokens==current_budget:True,1048576-17==1048559
INFO 08-14 23:23:30 open_ai.py:115] async_send_request:request._id=290,session=290,127.0.0.1:8000
DEBUG 08-14 23:23:30 open_ai.py:335] async_send_request: request finish prefill, 290
INFO 08-14 23:23:30 open_ai.py:352] async_send_request: prefill completed: req=290,replica_id=0
DEBUG 08-14 23:23:30 replica.py:146] complete_request_prefill: replica_id=[0], request=290, current_budget=17,last_prefill_completed_at=30615018.35958025,last_ttft=0.0545
DEBUG 08-14 23:23:30 replica.py:153] complete_request_prefill - replica_id=[0], request=290,self.replica_slo_budget-sum_pending_tokens==current_budget:True,1048576-0==1048576
INFO 08-14 23:23:30 shared.py:299] Adding task for request 291 to replica 4,session_id=291
DEBUG 08-14 23:23:30 replica.py:226] add_request - replica_id=[4], request=291,self.replica_slo_budget-sum_pending_tokens==current_budget:True,1048576-35==1048541
INFO 08-14 23:23:30 open_ai.py:115] async_send_request:request._id=291,session=291,https://u722127-8cb5-f6dc13db.nmb1.seetacloud.com:8443
DEBUG 08-14 23:23:30 open_ai.py:335] async_send_request: request finish prefill, 291
INFO 08-14 23:23:30 open_ai.py:352] async_send_request: prefill completed: req=291,replica_id=4
DEBUG 08-14 23:23:30 replica.py:146] complete_request_prefill: replica_id=[4], request=291, current_budget=35,last_prefill_completed_at=30615018.83415808,last_ttft=0.0961
DEBUG 08-14 23:23:30 replica.py:153] complete_request_prefill - replica_id=[4], request=291,self.replica_slo_budget-sum_pending_tokens==current_budget:True,1048576-0==1048576
INFO 08-14 23:23:30 shared.py:299] Adding task for request 292 to replica 2,session_id=292
DEBUG 08-14 23:23:30 replica.py:226] add_request - replica_id=[2], request=292,self.replica_slo_budget-sum_pending_tokens==current_budget:True,1048576-72==1048504
INFO 08-14 23:23:30 open_ai.py:115] async_send_request:request._id=292,session=292,https://u722127-b80a-4e3f9d5d.cqa1.seetacloud.com:8443
DEBUG 08-14 23:23:31 open_ai.py:335] async_send_request: request finish prefill, 292
INFO 08-14 23:23:31 open_ai.py:352] async_send_request: prefill completed: req=292,replica_id=2
DEBUG 08-14 23:23:31 replica.py:146] complete_request_prefill: replica_id=[2], request=292, current_budget=72,last_prefill_completed_at=30615019.215351544,last_ttft=0.1001
DEBUG 08-14 23:23:31 replica.py:153] complete_request_prefill - replica_id=[2], request=292,self.replica_slo_budget-sum_pending_tokens==current_budget:True,1048576-0==1048576
DEBUG 08-14 23:23:31 replica.py:171] complete_request_decode:num_saved_toekens=0
DEBUG 08-14 23:23:31 open_ai.py:452] good request:https://u722127-b80a-4e3f9d5d.cqa1.seetacloud.com:8443:good,request._id=292,input=72,output=7
DEBUG 08-14 23:23:31 metrics_store.py:131] update_metrics:request_id=292
DEBUG 08-14 23:23:31 shared.py:180] Removed task for request 292 on https://u722127-b80a-4e3f9d5d.cqa1.seetacloud.com:8443
INFO 08-14 23:23:31 shared.py:299] Adding task for request 293 to replica 2,session_id=293
DEBUG 08-14 23:23:31 replica.py:226] add_request - replica_id=[2], request=293,self.replica_slo_budget-sum_pending_tokens==current_budget:True,1048576-45==1048531
INFO 08-14 23:23:31 open_ai.py:115] async_send_request:request._id=293,session=293,https://u722127-b80a-4e3f9d5d.cqa1.seetacloud.com:8443
DEBUG 08-14 23:23:31 open_ai.py:335] async_send_request: request finish prefill, 293
INFO 08-14 23:23:31 open_ai.py:352] async_send_request: prefill completed: req=293,replica_id=2
DEBUG 08-14 23:23:31 replica.py:146] complete_request_prefill: replica_id=[2], request=293, current_budget=45,last_prefill_completed_at=30615019.611718856,last_ttft=0.0915
DEBUG 08-14 23:23:31 replica.py:153] complete_request_prefill - replica_id=[2], request=293,self.replica_slo_budget-sum_pending_tokens==current_budget:True,1048576-0==1048576
DEBUG 08-14 23:23:31 replica.py:171] complete_request_decode:num_saved_toekens=32
DEBUG 08-14 23:23:31 open_ai.py:452] good request:https://u722127-b80a-4e3f9d5d.cqa1.seetacloud.com:8443:good,request._id=293,input=45,output=19
DEBUG 08-14 23:23:31 metrics_store.py:131] update_metrics:request_id=293
DEBUG 08-14 23:23:31 shared.py:180] Removed task for request 293 on https://u722127-b80a-4e3f9d5d.cqa1.seetacloud.com:8443
DEBUG 08-14 23:23:31 replica.py:171] complete_request_decode:num_saved_toekens=544
DEBUG 08-14 23:23:31 open_ai.py:452] good request:https://uu722127-b80a-4e3f9d5d.cqa1.seetacloud.com:8443:good,request._id=278,input=15,output=529
DEBUG 08-14 23:23:31 metrics_store.py:131] update_metrics:request_id=278
DEBUG 08-14 23:23:31 shared.py:180] Removed task for request 278 on https://uu722127-b80a-4e3f9d5d.cqa1.seetacloud.com:8443
INFO 08-14 23:23:31 shared.py:299] Adding task for request 294 to replica 3,session_id=294
DEBUG 08-14 23:23:31 replica.py:226] add_request - replica_id=[3], request=294,self.replica_slo_budget-sum_pending_tokens==current_budget:True,1048576-737==1047839
INFO 08-14 23:23:31 open_ai.py:115] async_send_request:request._id=294,session=294,https://uu722127-b80a-4e3f9d5d.cqa1.seetacloud.com:8443
DEBUG 08-14 23:23:31 open_ai.py:335] async_send_request: request finish prefill, 294
INFO 08-14 23:23:31 open_ai.py:352] async_send_request: prefill completed: req=294,replica_id=3
DEBUG 08-14 23:23:31 replica.py:146] complete_request_prefill: replica_id=[3], request=294, current_budget=737,last_prefill_completed_at=30615020.01233064,last_ttft=0.1121
DEBUG 08-14 23:23:31 replica.py:153] complete_request_prefill - replica_id=[3], request=294,self.replica_slo_budget-sum_pending_tokens==current_budget:True,1048576-0==1048576
DEBUG 08-14 23:23:31 replica.py:171] complete_request_decode:num_saved_toekens=0
DEBUG 08-14 23:23:31 open_ai.py:452] good request:https://uu722127-b80a-4e3f9d5d.cqa1.seetacloud.com:8443:good,request._id=294,input=737,output=2
DEBUG 08-14 23:23:31 metrics_store.py:131] update_metrics:request_id=294
DEBUG 08-14 23:23:31 shared.py:180] Removed task for request 294 on https://uu722127-b80a-4e3f9d5d.cqa1.seetacloud.com:8443
DEBUG 08-14 23:23:32 replica.py:171] complete_request_decode:num_saved_toekens=608
DEBUG 08-14 23:23:32 open_ai.py:452] good request:https://u722127-b80a-4e3f9d5d.cqa1.seetacloud.com:8443:good,request._id=276,input=481,output=613
DEBUG 08-14 23:23:32 metrics_store.py:131] update_metrics:request_id=276
DEBUG 08-14 23:23:32 shared.py:180] Removed task for request 276 on https://u722127-b80a-4e3f9d5d.cqa1.seetacloud.com:8443
INFO 08-14 23:23:32 shared.py:299] Adding task for request 295 to replica 2,session_id=295
DEBUG 08-14 23:23:32 replica.py:226] add_request - replica_id=[2], request=295,self.replica_slo_budget-sum_pending_tokens==current_budget:True,1048576-145==1048431
INFO 08-14 23:23:32 open_ai.py:115] async_send_request:request._id=295,session=295,https://u722127-b80a-4e3f9d5d.cqa1.seetacloud.com:8443
DEBUG 08-14 23:23:32 open_ai.py:335] async_send_request: request finish prefill, 295
INFO 08-14 23:23:32 open_ai.py:352] async_send_request: prefill completed: req=295,replica_id=2
DEBUG 08-14 23:23:32 replica.py:146] complete_request_prefill: replica_id=[2], request=295, current_budget=145,last_prefill_completed_at=30615020.42178876,last_ttft=0.0937
DEBUG 08-14 23:23:32 replica.py:153] complete_request_prefill - replica_id=[2], request=295,self.replica_slo_budget-sum_pending_tokens==current_budget:True,1048576-0==1048576
INFO 08-14 23:23:32 shared.py:299] Adding task for request 296 to replica 2,session_id=296
DEBUG 08-14 23:23:32 replica.py:226] add_request - replica_id=[2], request=296,self.replica_slo_budget-sum_pending_tokens==current_budget:True,1048576-138==1048438
INFO 08-14 23:23:32 open_ai.py:115] async_send_request:request._id=296,session=296,https://u722127-b80a-4e3f9d5d.cqa1.seetacloud.com:8443
DEBUG 08-14 23:23:32 open_ai.py:335] async_send_request: request finish prefill, 296
INFO 08-14 23:23:32 open_ai.py:352] async_send_request: prefill completed: req=296,replica_id=2
DEBUG 08-14 23:23:32 replica.py:146] complete_request_prefill: replica_id=[2], request=296, current_budget=138,last_prefill_completed_at=30615020.842628907,last_ttft=0.0953
DEBUG 08-14 23:23:32 replica.py:153] complete_request_prefill - replica_id=[2], request=296,self.replica_slo_budget-sum_pending_tokens==current_budget:True,1048576-0==1048576
DEBUG 08-14 23:23:32 replica.py:171] complete_request_decode:num_saved_toekens=16
DEBUG 08-14 23:23:32 open_ai.py:452] good request:https://u722127-b80a-4e3f9d5d.cqa1.seetacloud.com:8443:good,request._id=296,input=138,output=13
DEBUG 08-14 23:23:32 metrics_store.py:131] update_metrics:request_id=296
DEBUG 08-14 23:23:32 shared.py:180] Removed task for request 296 on https://u722127-b80a-4e3f9d5d.cqa1.seetacloud.com:8443
INFO 08-14 23:23:33 shared.py:299] Adding task for request 297 to replica 2,session_id=297
DEBUG 08-14 23:23:33 replica.py:226] add_request - replica_id=[2], request=297,self.replica_slo_budget-sum_pending_tokens==current_budget:True,1048576-32==1048544
INFO 08-14 23:23:33 open_ai.py:115] async_send_request:request._id=297,session=297,https://u722127-b80a-4e3f9d5d.cqa1.seetacloud.com:8443
DEBUG 08-14 23:23:33 open_ai.py:335] async_send_request: request finish prefill, 297
INFO 08-14 23:23:33 open_ai.py:352] async_send_request: prefill completed: req=297,replica_id=2
DEBUG 08-14 23:23:33 replica.py:146] complete_request_prefill: replica_id=[2], request=297, current_budget=32,last_prefill_completed_at=30615021.23034557,last_ttft=0.0831
DEBUG 08-14 23:23:33 replica.py:153] complete_request_prefill - replica_id=[2], request=297,self.replica_slo_budget-sum_pending_tokens==current_budget:True,1048576-0==1048576
INFO 08-14 23:23:33 shared.py:299] Adding task for request 298 to replica 0,session_id=298
DEBUG 08-14 23:23:33 replica.py:226] add_request - replica_id=[0], request=298,self.replica_slo_budget-sum_pending_tokens==current_budget:True,1048576-110==1048466
INFO 08-14 23:23:33 open_ai.py:115] async_send_request:request._id=298,session=298,127.0.0.1:8000
DEBUG 08-14 23:23:33 open_ai.py:335] async_send_request: request finish prefill, 298
INFO 08-14 23:23:33 open_ai.py:352] async_send_request: prefill completed: req=298,replica_id=0
DEBUG 08-14 23:23:33 replica.py:146] complete_request_prefill: replica_id=[0], request=298, current_budget=110,last_prefill_completed_at=30615021.637039773,last_ttft=0.0519
DEBUG 08-14 23:23:33 replica.py:153] complete_request_prefill - replica_id=[0], request=298,self.replica_slo_budget-sum_pending_tokens==current_budget:True,1048576-0==1048576
DEBUG 08-14 23:23:33 replica.py:171] complete_request_decode:num_saved_toekens=32
DEBUG 08-14 23:23:33 open_ai.py:452] good request:https://u722127-b80a-4e3f9d5d.cqa1.seetacloud.com:8443:good,request._id=297,input=32,output=42
DEBUG 08-14 23:23:33 metrics_store.py:131] update_metrics:request_id=297
DEBUG 08-14 23:23:33 shared.py:180] Removed task for request 297 on https://u722127-b80a-4e3f9d5d.cqa1.seetacloud.com:8443
DEBUG 08-14 23:23:33 replica.py:171] complete_request_decode:num_saved_toekens=304
DEBUG 08-14 23:23:33 open_ai.py:452] good request:127.0.0.1:8000:good,request._id=287,input=58,output=298
DEBUG 08-14 23:23:33 metrics_store.py:131] update_metrics:request_id=287
DEBUG 08-14 23:23:33 shared.py:180] Removed task for request 287 on 127.0.0.1:8000
INFO 08-14 23:23:33 shared.py:299] Adding task for request 299 to replica 2,session_id=299
DEBUG 08-14 23:23:33 replica.py:226] add_request - replica_id=[2], request=299,self.replica_slo_budget-sum_pending_tokens==current_budget:True,1048576-52==1048524
INFO 08-14 23:23:33 open_ai.py:115] async_send_request:request._id=299,session=299,https://u722127-b80a-4e3f9d5d.cqa1.seetacloud.com:8443
DEBUG 08-14 23:23:33 open_ai.py:335] async_send_request: request finish prefill, 299
INFO 08-14 23:23:33 open_ai.py:352] async_send_request: prefill completed: req=299,replica_id=2
DEBUG 08-14 23:23:33 replica.py:146] complete_request_prefill: replica_id=[2], request=299, current_budget=52,last_prefill_completed_at=30615022.048284408,last_ttft=0.0691
DEBUG 08-14 23:23:33 replica.py:153] complete_request_prefill - replica_id=[2], request=299,self.replica_slo_budget-sum_pending_tokens==current_budget:True,1048576-0==1048576
DEBUG 08-14 23:23:33 replica.py:171] complete_request_decode:num_saved_toekens=0
DEBUG 08-14 23:23:33 open_ai.py:452] good request:https://u722127-b80a-4e3f9d5d.cqa1.seetacloud.com:8443:good,request._id=299,input=52,output=8
DEBUG 08-14 23:23:33 metrics_store.py:131] update_metrics:request_id=299
DEBUG 08-14 23:23:33 shared.py:180] Removed task for request 299 on https://u722127-b80a-4e3f9d5d.cqa1.seetacloud.com:8443
DEBUG 08-14 23:23:34 replica.py:171] complete_request_decode:num_saved_toekens=48
DEBUG 08-14 23:23:34 open_ai.py:452] good request:127.0.0.1:8000:good,request._id=298,input=110,output=34
DEBUG 08-14 23:23:34 metrics_store.py:131] update_metrics:request_id=298
DEBUG 08-14 23:23:34 shared.py:180] Removed task for request 298 on 127.0.0.1:8000
INFO 08-14 23:23:34 shared.py:299] Adding task for request 300 to replica 3,session_id=300
DEBUG 08-14 23:23:34 replica.py:226] add_request - replica_id=[3], request=300,self.replica_slo_budget-sum_pending_tokens==current_budget:True,1048576-33==1048543
INFO 08-14 23:23:34 open_ai.py:115] async_send_request:request._id=300,session=300,https://uu722127-b80a-4e3f9d5d.cqa1.seetacloud.com:8443
DEBUG 08-14 23:23:34 open_ai.py:335] async_send_request: request finish prefill, 300
INFO 08-14 23:23:34 open_ai.py:352] async_send_request: prefill completed: req=300,replica_id=3
DEBUG 08-14 23:23:34 replica.py:146] complete_request_prefill: replica_id=[3], request=300, current_budget=33,last_prefill_completed_at=30615022.511066407,last_ttft=0.105
DEBUG 08-14 23:23:34 replica.py:153] complete_request_prefill - replica_id=[3], request=300,self.replica_slo_budget-sum_pending_tokens==current_budget:True,1048576-0==1048576
INFO 08-14 23:23:34 shared.py:299] Adding task for request 301 to replica 2,session_id=301
DEBUG 08-14 23:23:34 replica.py:226] add_request - replica_id=[2], request=301,self.replica_slo_budget-sum_pending_tokens==current_budget:True,1048576-700==1047876
INFO 08-14 23:23:34 open_ai.py:115] async_send_request:request._id=301,session=301,https://u722127-b80a-4e3f9d5d.cqa1.seetacloud.com:8443
DEBUG 08-14 23:23:34 replica.py:171] complete_request_decode:num_saved_toekens=528
DEBUG 08-14 23:23:34 open_ai.py:452] good request:https://u722127-b80a-4e3f9d5d.cqa1.seetacloud.com:8443:good,request._id=285,input=17,output=534
DEBUG 08-14 23:23:34 metrics_store.py:131] update_metrics:request_id=285
DEBUG 08-14 23:23:34 shared.py:180] Removed task for request 285 on https://u722127-b80a-4e3f9d5d.cqa1.seetacloud.com:8443
DEBUG 08-14 23:23:34 open_ai.py:335] async_send_request: request finish prefill, 301
INFO 08-14 23:23:34 open_ai.py:352] async_send_request: prefill completed: req=301,replica_id=2
DEBUG 08-14 23:23:34 replica.py:146] complete_request_prefill: replica_id=[2], request=301, current_budget=700,last_prefill_completed_at=30615022.910312787,last_ttft=0.0979
DEBUG 08-14 23:23:34 replica.py:153] complete_request_prefill - replica_id=[2], request=301,self.replica_slo_budget-sum_pending_tokens==current_budget:True,1048576-0==1048576
INFO 08-14 23:23:35 shared.py:299] Adding task for request 302 to replica 3,session_id=302
DEBUG 08-14 23:23:35 replica.py:226] add_request - replica_id=[3], request=302,self.replica_slo_budget-sum_pending_tokens==current_budget:True,1048576-14==1048562
INFO 08-14 23:23:35 open_ai.py:115] async_send_request:request._id=302,session=302,https://uu722127-b80a-4e3f9d5d.cqa1.seetacloud.com:8443
DEBUG 08-14 23:23:35 open_ai.py:335] async_send_request: request finish prefill, 302
INFO 08-14 23:23:35 open_ai.py:352] async_send_request: prefill completed: req=302,replica_id=3
DEBUG 08-14 23:23:35 replica.py:146] complete_request_prefill: replica_id=[3], request=302, current_budget=14,last_prefill_completed_at=30615023.291917916,last_ttft=0.0918
DEBUG 08-14 23:23:35 replica.py:153] complete_request_prefill - replica_id=[3], request=302,self.replica_slo_budget-sum_pending_tokens==current_budget:True,1048576-0==1048576
DEBUG 08-14 23:23:35 replica.py:171] complete_request_decode:num_saved_toekens=48
DEBUG 08-14 23:23:35 open_ai.py:452] good request:https://u722127-b80a-4e3f9d5d.cqa1.seetacloud.com:8443:good,request._id=301,input=700,output=43
DEBUG 08-14 23:23:35 metrics_store.py:131] update_metrics:request_id=301
DEBUG 08-14 23:23:35 shared.py:180] Removed task for request 301 on https://u722127-b80a-4e3f9d5d.cqa1.seetacloud.com:8443
INFO 08-14 23:23:35 shared.py:299] Adding task for request 303 to replica 2,session_id=303
DEBUG 08-14 23:23:35 replica.py:226] add_request - replica_id=[2], request=303,self.replica_slo_budget-sum_pending_tokens==current_budget:True,1048576-36==1048540
INFO 08-14 23:23:35 open_ai.py:115] async_send_request:request._id=303,session=303,https://u722127-b80a-4e3f9d5d.cqa1.seetacloud.com:8443
DEBUG 08-14 23:23:35 replica.py:171] complete_request_decode:num_saved_toekens=256
DEBUG 08-14 23:23:35 open_ai.py:452] good request:https://u722127-b80a-4e3f9d5d.cqa1.seetacloud.com:8443:good,request._id=295,input=145,output=266
DEBUG 08-14 23:23:35 metrics_store.py:131] update_metrics:request_id=295
DEBUG 08-14 23:23:35 shared.py:180] Removed task for request 295 on https://u722127-b80a-4e3f9d5d.cqa1.seetacloud.com:8443
DEBUG 08-14 23:23:35 replica.py:171] complete_request_decode:num_saved_toekens=592
DEBUG 08-14 23:23:35 open_ai.py:452] good request:https://uu722127-b80a-4e3f9d5d.cqa1.seetacloud.com:8443:good,request._id=286,input=41,output=586
DEBUG 08-14 23:23:35 metrics_store.py:131] update_metrics:request_id=286
DEBUG 08-14 23:23:35 shared.py:180] Removed task for request 286 on https://uu722127-b80a-4e3f9d5d.cqa1.seetacloud.com:8443
DEBUG 08-14 23:23:35 replica.py:171] complete_request_decode:num_saved_toekens=96
DEBUG 08-14 23:23:35 open_ai.py:452] good request:https://uu722127-b80a-4e3f9d5d.cqa1.seetacloud.com:8443:good,request._id=300,input=33,output=99
DEBUG 08-14 23:23:35 metrics_store.py:131] update_metrics:request_id=300
DEBUG 08-14 23:23:35 shared.py:180] Removed task for request 300 on https://uu722127-b80a-4e3f9d5d.cqa1.seetacloud.com:8443
DEBUG 08-14 23:23:35 open_ai.py:335] async_send_request: request finish prefill, 303
INFO 08-14 23:23:35 open_ai.py:352] async_send_request: prefill completed: req=303,replica_id=2
DEBUG 08-14 23:23:35 replica.py:146] complete_request_prefill: replica_id=[2], request=303, current_budget=36,last_prefill_completed_at=30615023.690766696,last_ttft=0.0838
DEBUG 08-14 23:23:35 replica.py:153] complete_request_prefill - replica_id=[2], request=303,self.replica_slo_budget-sum_pending_tokens==current_budget:True,1048576-0==1048576
DEBUG 08-14 23:23:35 replica.py:171] complete_request_decode:num_saved_toekens=0
DEBUG 08-14 23:23:35 open_ai.py:452] good request:https://u722127-b80a-4e3f9d5d.cqa1.seetacloud.com:8443:good,request._id=303,input=36,output=9
DEBUG 08-14 23:23:35 metrics_store.py:131] update_metrics:request_id=303
DEBUG 08-14 23:23:35 shared.py:180] Removed task for request 303 on https://u722127-b80a-4e3f9d5d.cqa1.seetacloud.com:8443
INFO 08-14 23:23:35 shared.py:299] Adding task for request 304 to replica 1,session_id=304
DEBUG 08-14 23:23:35 replica.py:226] add_request - replica_id=[1], request=304,self.replica_slo_budget-sum_pending_tokens==current_budget:True,1048576-24==1048552
INFO 08-14 23:23:35 open_ai.py:115] async_send_request:request._id=304,session=304,127.0.0.1:8001
DEBUG 08-14 23:23:35 open_ai.py:335] async_send_request: request finish prefill, 304
INFO 08-14 23:23:35 open_ai.py:352] async_send_request: prefill completed: req=304,replica_id=1
DEBUG 08-14 23:23:35 replica.py:146] complete_request_prefill: replica_id=[1], request=304, current_budget=24,last_prefill_completed_at=30615024.044146456,last_ttft=0.0559
DEBUG 08-14 23:23:35 replica.py:153] complete_request_prefill - replica_id=[1], request=304,self.replica_slo_budget-sum_pending_tokens==current_budget:True,1048576-0==1048576
DEBUG 08-14 23:23:35 replica.py:171] complete_request_decode:num_saved_toekens=1024
DEBUG 08-14 23:23:35 open_ai.py:452] good request:127.0.0.1:8001:good,request._id=266,input=27,output=1025
DEBUG 08-14 23:23:35 metrics_store.py:131] update_metrics:request_id=266
DEBUG 08-14 23:23:35 shared.py:180] Removed task for request 266 on 127.0.0.1:8001
INFO 08-14 23:23:36 shared.py:299] Adding task for request 305 to replica 2,session_id=305
DEBUG 08-14 23:23:36 replica.py:226] add_request - replica_id=[2], request=305,self.replica_slo_budget-sum_pending_tokens==current_budget:True,1048576-99==1048477
INFO 08-14 23:23:36 open_ai.py:115] async_send_request:request._id=305,session=305,https://u722127-b80a-4e3f9d5d.cqa1.seetacloud.com:8443
DEBUG 08-14 23:23:36 open_ai.py:335] async_send_request: request finish prefill, 305
INFO 08-14 23:23:36 open_ai.py:352] async_send_request: prefill completed: req=305,replica_id=2
DEBUG 08-14 23:23:36 replica.py:146] complete_request_prefill: replica_id=[2], request=305, current_budget=99,last_prefill_completed_at=30615024.48480826,last_ttft=0.0926
DEBUG 08-14 23:23:36 replica.py:153] complete_request_prefill - replica_id=[2], request=305,self.replica_slo_budget-sum_pending_tokens==current_budget:True,1048576-0==1048576
INFO 08-14 23:23:36 shared.py:299] Adding task for request 306 to replica 4,session_id=306
DEBUG 08-14 23:23:36 replica.py:226] add_request - replica_id=[4], request=306,self.replica_slo_budget-sum_pending_tokens==current_budget:True,1048576-5768==1042808
INFO 08-14 23:23:36 open_ai.py:115] async_send_request:request._id=306,session=306,https://u722127-8cb5-f6dc13db.nmb1.seetacloud.com:8443
DEBUG 08-14 23:23:36 open_ai.py:335] async_send_request: request finish prefill, 306
INFO 08-14 23:23:36 open_ai.py:352] async_send_request: prefill completed: req=306,replica_id=4
DEBUG 08-14 23:23:36 replica.py:146] complete_request_prefill: replica_id=[4], request=306, current_budget=5768,last_prefill_completed_at=30615025.030114826,last_ttft=0.2625
DEBUG 08-14 23:23:36 replica.py:153] complete_request_prefill - replica_id=[4], request=306,self.replica_slo_budget-sum_pending_tokens==current_budget:True,1048576-0==1048576
INFO 08-14 23:23:36 shared.py:299] Adding task for request 307 to replica 1,session_id=307
DEBUG 08-14 23:23:36 replica.py:226] add_request - replica_id=[1], request=307,self.replica_slo_budget-sum_pending_tokens==current_budget:True,1048576-167==1048409
INFO 08-14 23:23:36 open_ai.py:115] async_send_request:request._id=307,session=307,127.0.0.1:8001
DEBUG 08-14 23:23:37 open_ai.py:335] async_send_request: request finish prefill, 307
INFO 08-14 23:23:37 open_ai.py:352] async_send_request: prefill completed: req=307,replica_id=1
DEBUG 08-14 23:23:37 replica.py:146] complete_request_prefill: replica_id=[1], request=307, current_budget=167,last_prefill_completed_at=30615025.185765747,last_ttft=0.0404
DEBUG 08-14 23:23:37 replica.py:153] complete_request_prefill - replica_id=[1], request=307,self.replica_slo_budget-sum_pending_tokens==current_budget:True,1048576-0==1048576
DEBUG 08-14 23:23:37 replica.py:171] complete_request_decode:num_saved_toekens=0
DEBUG 08-14 23:23:37 open_ai.py:452] good request:127.0.0.1:8001:good,request._id=307,input=167,output=8
DEBUG 08-14 23:23:37 metrics_store.py:131] update_metrics:request_id=307
DEBUG 08-14 23:23:37 shared.py:180] Removed task for request 307 on 127.0.0.1:8001
INFO 08-14 23:23:37 shared.py:299] Adding task for request 308 to replica 0,session_id=308
DEBUG 08-14 23:23:37 replica.py:226] add_request - replica_id=[0], request=308,self.replica_slo_budget-sum_pending_tokens==current_budget:True,1048576-33==1048543
INFO 08-14 23:23:37 open_ai.py:115] async_send_request:request._id=308,session=308,127.0.0.1:8000
DEBUG 08-14 23:23:37 open_ai.py:335] async_send_request: request finish prefill, 308
INFO 08-14 23:23:37 open_ai.py:352] async_send_request: prefill completed: req=308,replica_id=0
DEBUG 08-14 23:23:37 replica.py:146] complete_request_prefill: replica_id=[0], request=308, current_budget=33,last_prefill_completed_at=30615025.63956332,last_ttft=0.0472
DEBUG 08-14 23:23:37 replica.py:153] complete_request_prefill - replica_id=[0], request=308,self.replica_slo_budget-sum_pending_tokens==current_budget:True,1048576-0==1048576
DEBUG 08-14 23:23:37 replica.py:171] complete_request_decode:num_saved_toekens=640
DEBUG 08-14 23:23:37 open_ai.py:452] good request:https://u722127-b80a-4e3f9d5d.cqa1.seetacloud.com:8443:good,request._id=289,input=37,output=638
DEBUG 08-14 23:23:37 metrics_store.py:131] update_metrics:request_id=289
DEBUG 08-14 23:23:37 shared.py:180] Removed task for request 289 on https://u722127-b80a-4e3f9d5d.cqa1.seetacloud.com:8443
DEBUG 08-14 23:23:37 replica.py:171] complete_request_decode:num_saved_toekens=480
DEBUG 08-14 23:23:37 open_ai.py:452] good request:127.0.0.1:8000:good,request._id=290,input=17,output=483
DEBUG 08-14 23:23:37 metrics_store.py:131] update_metrics:request_id=290
DEBUG 08-14 23:23:37 shared.py:180] Removed task for request 290 on 127.0.0.1:8000
DEBUG 08-14 23:23:37 replica.py:171] complete_request_decode:num_saved_toekens=240
DEBUG 08-14 23:23:37 open_ai.py:452] good request:https://uu722127-b80a-4e3f9d5d.cqa1.seetacloud.com:8443:good,request._id=302,input=14,output=235
DEBUG 08-14 23:23:37 metrics_store.py:131] update_metrics:request_id=302
DEBUG 08-14 23:23:37 shared.py:180] Removed task for request 302 on https://uu722127-b80a-4e3f9d5d.cqa1.seetacloud.com:8443
INFO 08-14 23:23:37 shared.py:299] Adding task for request 309 to replica 2,session_id=309
DEBUG 08-14 23:23:37 replica.py:226] add_request - replica_id=[2], request=309,self.replica_slo_budget-sum_pending_tokens==current_budget:True,1048576-72==1048504
INFO 08-14 23:23:37 open_ai.py:115] async_send_request:request._id=309,session=309,https://u722127-b80a-4e3f9d5d.cqa1.seetacloud.com:8443
DEBUG 08-14 23:23:37 open_ai.py:335] async_send_request: request finish prefill, 309
INFO 08-14 23:23:37 open_ai.py:352] async_send_request: prefill completed: req=309,replica_id=2
DEBUG 08-14 23:23:37 replica.py:146] complete_request_prefill: replica_id=[2], request=309, current_budget=72,last_prefill_completed_at=30615026.094834626,last_ttft=0.0955
DEBUG 08-14 23:23:37 replica.py:153] complete_request_prefill - replica_id=[2], request=309,self.replica_slo_budget-sum_pending_tokens==current_budget:True,1048576-0==1048576
DEBUG 08-14 23:23:38 replica.py:171] complete_request_decode:num_saved_toekens=16
DEBUG 08-14 23:23:38 open_ai.py:452] good request:https://u722127-b80a-4e3f9d5d.cqa1.seetacloud.com:8443:good,request._id=309,input=72,output=20
DEBUG 08-14 23:23:38 metrics_store.py:131] update_metrics:request_id=309
DEBUG 08-14 23:23:38 shared.py:180] Removed task for request 309 on https://u722127-b80a-4e3f9d5d.cqa1.seetacloud.com:8443
INFO 08-14 23:23:38 shared.py:299] Adding task for request 310 to replica 3,session_id=310
DEBUG 08-14 23:23:38 replica.py:226] add_request - replica_id=[3], request=310,self.replica_slo_budget-sum_pending_tokens==current_budget:True,1048576-97==1048479
INFO 08-14 23:23:38 open_ai.py:115] async_send_request:request._id=310,session=310,https://uu722127-b80a-4e3f9d5d.cqa1.seetacloud.com:8443
DEBUG 08-14 23:23:38 open_ai.py:335] async_send_request: request finish prefill, 310
INFO 08-14 23:23:38 open_ai.py:352] async_send_request: prefill completed: req=310,replica_id=3
DEBUG 08-14 23:23:38 replica.py:146] complete_request_prefill: replica_id=[3], request=310, current_budget=97,last_prefill_completed_at=30615026.529078152,last_ttft=0.0968
DEBUG 08-14 23:23:38 replica.py:153] complete_request_prefill - replica_id=[3], request=310,self.replica_slo_budget-sum_pending_tokens==current_budget:True,1048576-0==1048576
DEBUG 08-14 23:23:38 replica.py:171] complete_request_decode:num_saved_toekens=16
DEBUG 08-14 23:23:38 open_ai.py:452] good request:https://uu722127-b80a-4e3f9d5d.cqa1.seetacloud.com:8443:good,request._id=310,input=97,output=22
DEBUG 08-14 23:23:38 metrics_store.py:131] update_metrics:request_id=310
DEBUG 08-14 23:23:38 shared.py:180] Removed task for request 310 on https://uu722127-b80a-4e3f9d5d.cqa1.seetacloud.com:8443
INFO 08-14 23:23:38 shared.py:299] Adding task for request 311 to replica 4,session_id=311
DEBUG 08-14 23:23:38 replica.py:226] add_request - replica_id=[4], request=311,self.replica_slo_budget-sum_pending_tokens==current_budget:True,1048576-49==1048527
INFO 08-14 23:23:38 open_ai.py:115] async_send_request:request._id=311,session=311,https://u722127-8cb5-f6dc13db.nmb1.seetacloud.com:8443
DEBUG 08-14 23:23:38 open_ai.py:335] async_send_request: request finish prefill, 311
INFO 08-14 23:23:38 open_ai.py:352] async_send_request: prefill completed: req=311,replica_id=4
DEBUG 08-14 23:23:38 replica.py:146] complete_request_prefill: replica_id=[4], request=311, current_budget=49,last_prefill_completed_at=30615026.93156271,last_ttft=0.1032
DEBUG 08-14 23:23:38 replica.py:153] complete_request_prefill - replica_id=[4], request=311,self.replica_slo_budget-sum_pending_tokens==current_budget:True,1048576-0==1048576
DEBUG 08-14 23:23:38 replica.py:171] complete_request_decode:num_saved_toekens=208
DEBUG 08-14 23:23:38 open_ai.py:452] good request:https://u722127-b80a-4e3f9d5d.cqa1.seetacloud.com:8443:good,request._id=305,input=99,output=214
DEBUG 08-14 23:23:38 metrics_store.py:131] update_metrics:request_id=305
DEBUG 08-14 23:23:38 shared.py:180] Removed task for request 305 on https://u722127-b80a-4e3f9d5d.cqa1.seetacloud.com:8443
INFO 08-14 23:23:39 shared.py:299] Adding task for request 312 to replica 2,session_id=312
DEBUG 08-14 23:23:39 replica.py:226] add_request - replica_id=[2], request=312,self.replica_slo_budget-sum_pending_tokens==current_budget:True,1048576-118==1048458
INFO 08-14 23:23:39 open_ai.py:115] async_send_request:request._id=312,session=312,https://u722127-b80a-4e3f9d5d.cqa1.seetacloud.com:8443
DEBUG 08-14 23:23:39 open_ai.py:335] async_send_request: request finish prefill, 312
INFO 08-14 23:23:39 open_ai.py:352] async_send_request: prefill completed: req=312,replica_id=2
DEBUG 08-14 23:23:39 replica.py:146] complete_request_prefill: replica_id=[2], request=312, current_budget=118,last_prefill_completed_at=30615027.273607507,last_ttft=0.0852
DEBUG 08-14 23:23:39 replica.py:153] complete_request_prefill - replica_id=[2], request=312,self.replica_slo_budget-sum_pending_tokens==current_budget:True,1048576-0==1048576
DEBUG 08-14 23:23:39 replica.py:171] complete_request_decode:num_saved_toekens=0
DEBUG 08-14 23:23:39 open_ai.py:452] good request:https://u722127-b80a-4e3f9d5d.cqa1.seetacloud.com:8443:good,request._id=312,input=118,output=2
DEBUG 08-14 23:23:39 metrics_store.py:131] update_metrics:request_id=312
DEBUG 08-14 23:23:39 shared.py:180] Removed task for request 312 on https://u722127-b80a-4e3f9d5d.cqa1.seetacloud.com:8443
INFO 08-14 23:23:39 shared.py:299] Adding task for request 313 to replica 2,session_id=313
DEBUG 08-14 23:23:39 replica.py:226] add_request - replica_id=[2], request=313,self.replica_slo_budget-sum_pending_tokens==current_budget:True,1048576-47==1048529
INFO 08-14 23:23:39 open_ai.py:115] async_send_request:request._id=313,session=313,https://u722127-b80a-4e3f9d5d.cqa1.seetacloud.com:8443
DEBUG 08-14 23:23:39 replica.py:171] complete_request_decode:num_saved_toekens=800
DEBUG 08-14 23:23:39 open_ai.py:452] good request:127.0.0.1:8000:good,request._id=282,input=182,output=804
DEBUG 08-14 23:23:39 metrics_store.py:131] update_metrics:request_id=282
DEBUG 08-14 23:23:39 shared.py:180] Removed task for request 282 on 127.0.0.1:8000
DEBUG 08-14 23:23:39 open_ai.py:335] async_send_request: request finish prefill, 313
INFO 08-14 23:23:39 open_ai.py:352] async_send_request: prefill completed: req=313,replica_id=2
DEBUG 08-14 23:23:39 replica.py:146] complete_request_prefill: replica_id=[2], request=313, current_budget=47,last_prefill_completed_at=30615027.674000133,last_ttft=0.0849
DEBUG 08-14 23:23:39 replica.py:153] complete_request_prefill - replica_id=[2], request=313,self.replica_slo_budget-sum_pending_tokens==current_budget:True,1048576-0==1048576
INFO 08-14 23:23:39 shared.py:299] Adding task for request 314 to replica 3,session_id=314
DEBUG 08-14 23:23:39 replica.py:226] add_request - replica_id=[3], request=314,self.replica_slo_budget-sum_pending_tokens==current_budget:True,1048576-167==1048409
INFO 08-14 23:23:39 open_ai.py:115] async_send_request:request._id=314,session=314,https://uu722127-b80a-4e3f9d5d.cqa1.seetacloud.com:8443
DEBUG 08-14 23:23:39 open_ai.py:335] async_send_request: request finish prefill, 314
INFO 08-14 23:23:39 open_ai.py:352] async_send_request: prefill completed: req=314,replica_id=3
DEBUG 08-14 23:23:39 replica.py:146] complete_request_prefill: replica_id=[3], request=314, current_budget=167,last_prefill_completed_at=30615028.09705204,last_ttft=0.0846
DEBUG 08-14 23:23:39 replica.py:153] complete_request_prefill - replica_id=[3], request=314,self.replica_slo_budget-sum_pending_tokens==current_budget:True,1048576-0==1048576
DEBUG 08-14 23:23:40 replica.py:171] complete_request_decode:num_saved_toekens=64
DEBUG 08-14 23:23:40 open_ai.py:452] good request:https://u722127-b80a-4e3f9d5d.cqa1.seetacloud.com:8443:good,request._id=313,input=47,output=61
DEBUG 08-14 23:23:40 metrics_store.py:131] update_metrics:request_id=313
DEBUG 08-14 23:23:40 shared.py:180] Removed task for request 313 on https://u722127-b80a-4e3f9d5d.cqa1.seetacloud.com:8443
INFO 08-14 23:23:40 shared.py:299] Adding task for request 315 to replica 2,session_id=315
DEBUG 08-14 23:23:40 replica.py:226] add_request - replica_id=[2], request=315,self.replica_slo_budget-sum_pending_tokens==current_budget:True,1048576-349==1048227
INFO 08-14 23:23:40 open_ai.py:115] async_send_request:request._id=315,session=315,https://u722127-b80a-4e3f9d5d.cqa1.seetacloud.com:8443
DEBUG 08-14 23:23:40 open_ai.py:335] async_send_request: request finish prefill, 315
INFO 08-14 23:23:40 open_ai.py:352] async_send_request: prefill completed: req=315,replica_id=2
DEBUG 08-14 23:23:40 replica.py:146] complete_request_prefill: replica_id=[2], request=315, current_budget=349,last_prefill_completed_at=30615028.508715127,last_ttft=0.0833
DEBUG 08-14 23:23:40 replica.py:153] complete_request_prefill - replica_id=[2], request=315,self.replica_slo_budget-sum_pending_tokens==current_budget:True,1048576-0==1048576
INFO 08-14 23:23:40 shared.py:299] Adding task for request 316 to replica 2,session_id=316
DEBUG 08-14 23:23:40 replica.py:226] add_request - replica_id=[2], request=316,self.replica_slo_budget-sum_pending_tokens==current_budget:True,1048576-47==1048529
INFO 08-14 23:23:40 open_ai.py:115] async_send_request:request._id=316,session=316,https://u722127-b80a-4e3f9d5d.cqa1.seetacloud.com:8443
DEBUG 08-14 23:23:40 open_ai.py:335] async_send_request: request finish prefill, 316
INFO 08-14 23:23:40 open_ai.py:352] async_send_request: prefill completed: req=316,replica_id=2
DEBUG 08-14 23:23:40 replica.py:146] complete_request_prefill: replica_id=[2], request=316, current_budget=47,last_prefill_completed_at=30615028.892394718,last_ttft=0.0893
DEBUG 08-14 23:23:40 replica.py:153] complete_request_prefill - replica_id=[2], request=316,self.replica_slo_budget-sum_pending_tokens==current_budget:True,1048576-0==1048576
INFO 08-14 23:23:41 shared.py:299] Adding task for request 317 to replica 2,session_id=317
DEBUG 08-14 23:23:41 replica.py:226] add_request - replica_id=[2], request=317,self.replica_slo_budget-sum_pending_tokens==current_budget:True,1048576-19==1048557
INFO 08-14 23:23:41 open_ai.py:115] async_send_request:request._id=317,session=317,https://u722127-b80a-4e3f9d5d.cqa1.seetacloud.com:8443
DEBUG 08-14 23:23:41 open_ai.py:335] async_send_request: request finish prefill, 317
INFO 08-14 23:23:41 open_ai.py:352] async_send_request: prefill completed: req=317,replica_id=2
DEBUG 08-14 23:23:41 replica.py:146] complete_request_prefill: replica_id=[2], request=317, current_budget=19,last_prefill_completed_at=30615029.28154588,last_ttft=0.0944
DEBUG 08-14 23:23:41 replica.py:153] complete_request_prefill - replica_id=[2], request=317,self.replica_slo_budget-sum_pending_tokens==current_budget:True,1048576-0==1048576
DEBUG 08-14 23:23:41 replica.py:171] complete_request_decode:num_saved_toekens=96
DEBUG 08-14 23:23:41 open_ai.py:452] good request:https://u722127-b80a-4e3f9d5d.cqa1.seetacloud.com:8443:good,request._id=315,input=349,output=88
DEBUG 08-14 23:23:41 metrics_store.py:131] update_metrics:request_id=315
DEBUG 08-14 23:23:41 shared.py:180] Removed task for request 315 on https://u722127-b80a-4e3f9d5d.cqa1.seetacloud.com:8443
INFO 08-14 23:23:41 shared.py:299] Adding task for request 318 to replica 3,session_id=318
DEBUG 08-14 23:23:41 replica.py:226] add_request - replica_id=[3], request=318,self.replica_slo_budget-sum_pending_tokens==current_budget:True,1048576-92==1048484
INFO 08-14 23:23:41 open_ai.py:115] async_send_request:request._id=318,session=318,https://uu722127-b80a-4e3f9d5d.cqa1.seetacloud.com:8443
DEBUG 08-14 23:23:41 open_ai.py:335] async_send_request: request finish prefill, 318
INFO 08-14 23:23:41 open_ai.py:352] async_send_request: prefill completed: req=318,replica_id=3
DEBUG 08-14 23:23:41 replica.py:146] complete_request_prefill: replica_id=[3], request=318, current_budget=92,last_prefill_completed_at=30615029.696524017,last_ttft=0.0924
DEBUG 08-14 23:23:41 replica.py:153] complete_request_prefill - replica_id=[3], request=318,self.replica_slo_budget-sum_pending_tokens==current_budget:True,1048576-0==1048576
DEBUG 08-14 23:23:41 replica.py:171] complete_request_decode:num_saved_toekens=1024
DEBUG 08-14 23:23:41 open_ai.py:452] good request:127.0.0.1:8001:good,request._id=280,input=39,output=1025
DEBUG 08-14 23:23:41 metrics_store.py:131] update_metrics:request_id=280
DEBUG 08-14 23:23:41 shared.py:180] Removed task for request 280 on 127.0.0.1:8001
INFO 08-14 23:23:41 shared.py:299] Adding task for request 319 to replica 1,session_id=319
DEBUG 08-14 23:23:41 replica.py:226] add_request - replica_id=[1], request=319,self.replica_slo_budget-sum_pending_tokens==current_budget:True,1048576-87==1048489
INFO 08-14 23:23:41 open_ai.py:115] async_send_request:request._id=319,session=319,127.0.0.1:8001
DEBUG 08-14 23:23:41 open_ai.py:335] async_send_request: request finish prefill, 319
INFO 08-14 23:23:41 open_ai.py:352] async_send_request: prefill completed: req=319,replica_id=1
DEBUG 08-14 23:23:41 replica.py:146] complete_request_prefill: replica_id=[1], request=319, current_budget=87,last_prefill_completed_at=30615030.055198573,last_ttft=0.044
DEBUG 08-14 23:23:41 replica.py:153] complete_request_prefill - replica_id=[1], request=319,self.replica_slo_budget-sum_pending_tokens==current_budget:True,1048576-0==1048576
DEBUG 08-14 23:23:42 replica.py:171] complete_request_decode:num_saved_toekens=480
DEBUG 08-14 23:23:42 open_ai.py:452] good request:https://u722127-8cb5-f6dc13db.nmb1.seetacloud.com:8443:good,request._id=291,input=35,output=478
INFO 08-14 23:23:42 shared.py:299] Adding task for request 320 to replica 2,session_id=320
DEBUG 08-14 23:23:42 replica.py:226] add_request - replica_id=[2], request=320,self.replica_slo_budget-sum_pending_tokens==current_budget:True,1048576-20==1048556
DEBUG 08-14 23:23:42 metrics_store.py:131] update_metrics:request_id=291
INFO 08-14 23:23:42 open_ai.py:115] async_send_request:request._id=320,session=320,https://u722127-b80a-4e3f9d5d.cqa1.seetacloud.com:8443
DEBUG 08-14 23:23:42 shared.py:180] Removed task for request 291 on https://u722127-8cb5-f6dc13db.nmb1.seetacloud.com:8443
DEBUG 08-14 23:23:42 open_ai.py:335] async_send_request: request finish prefill, 320
INFO 08-14 23:23:42 open_ai.py:352] async_send_request: prefill completed: req=320,replica_id=2
DEBUG 08-14 23:23:42 replica.py:146] complete_request_prefill: replica_id=[2], request=320, current_budget=20,last_prefill_completed_at=30615030.551803634,last_ttft=0.1255
DEBUG 08-14 23:23:42 replica.py:153] complete_request_prefill - replica_id=[2], request=320,self.replica_slo_budget-sum_pending_tokens==current_budget:True,1048576-0==1048576
INFO 08-14 23:23:42 shared.py:299] Adding task for request 321 to replica 2,session_id=321
DEBUG 08-14 23:23:42 replica.py:226] add_request - replica_id=[2], request=321,self.replica_slo_budget-sum_pending_tokens==current_budget:True,1048576-36==1048540
INFO 08-14 23:23:42 open_ai.py:115] async_send_request:request._id=321,session=321,https://u722127-b80a-4e3f9d5d.cqa1.seetacloud.com:8443
DEBUG 08-14 23:23:42 open_ai.py:335] async_send_request: request finish prefill, 321
INFO 08-14 23:23:42 open_ai.py:352] async_send_request: prefill completed: req=321,replica_id=2
DEBUG 08-14 23:23:42 replica.py:146] complete_request_prefill: replica_id=[2], request=321, current_budget=36,last_prefill_completed_at=30615030.95340708,last_ttft=0.0933
DEBUG 08-14 23:23:42 replica.py:153] complete_request_prefill - replica_id=[2], request=321,self.replica_slo_budget-sum_pending_tokens==current_budget:True,1048576-0==1048576
INFO 08-14 23:23:43 shared.py:299] Adding task for request 322 to replica 0,session_id=322
DEBUG 08-14 23:23:43 replica.py:226] add_request - replica_id=[0], request=322,self.replica_slo_budget-sum_pending_tokens==current_budget:True,1048576-9==1048567
INFO 08-14 23:23:43 open_ai.py:115] async_send_request:request._id=322,session=322,127.0.0.1:8000
DEBUG 08-14 23:23:43 open_ai.py:335] async_send_request: request finish prefill, 322
INFO 08-14 23:23:43 open_ai.py:352] async_send_request: prefill completed: req=322,replica_id=0
DEBUG 08-14 23:23:43 replica.py:146] complete_request_prefill: replica_id=[0], request=322, current_budget=9,last_prefill_completed_at=30615031.327323567,last_ttft=0.0463
DEBUG 08-14 23:23:43 replica.py:153] complete_request_prefill - replica_id=[0], request=322,self.replica_slo_budget-sum_pending_tokens==current_budget:True,1048576-0==1048576
DEBUG 08-14 23:23:43 replica.py:171] complete_request_decode:num_saved_toekens=16
DEBUG 08-14 23:23:43 open_ai.py:452] good request:127.0.0.1:8000:good,request._id=322,input=9,output=13
DEBUG 08-14 23:23:43 metrics_store.py:131] update_metrics:request_id=322
DEBUG 08-14 23:23:43 shared.py:180] Removed task for request 322 on 127.0.0.1:8000
DEBUG 08-14 23:23:43 replica.py:171] complete_request_decode:num_saved_toekens=48
DEBUG 08-14 23:23:43 open_ai.py:452] good request:https://u722127-b80a-4e3f9d5d.cqa1.seetacloud.com:8443:good,request._id=321,input=36,output=55
DEBUG 08-14 23:23:43 metrics_store.py:131] update_metrics:request_id=321
DEBUG 08-14 23:23:43 shared.py:180] Removed task for request 321 on https://u722127-b80a-4e3f9d5d.cqa1.seetacloud.com:8443
INFO 08-14 23:23:43 shared.py:299] Adding task for request 323 to replica 4,session_id=323
DEBUG 08-14 23:23:43 replica.py:226] add_request - replica_id=[4], request=323,self.replica_slo_budget-sum_pending_tokens==current_budget:True,1048576-33==1048543
INFO 08-14 23:23:43 open_ai.py:115] async_send_request:request._id=323,session=323,https://u722127-8cb5-f6dc13db.nmb1.seetacloud.com:8443
DEBUG 08-14 23:23:43 open_ai.py:335] async_send_request: request finish prefill, 323
INFO 08-14 23:23:43 open_ai.py:352] async_send_request: prefill completed: req=323,replica_id=4
DEBUG 08-14 23:23:43 replica.py:146] complete_request_prefill: replica_id=[4], request=323, current_budget=33,last_prefill_completed_at=30615031.736159615,last_ttft=0.0908
DEBUG 08-14 23:23:43 replica.py:153] complete_request_prefill - replica_id=[4], request=323,self.replica_slo_budget-sum_pending_tokens==current_budget:True,1048576-0==1048576
INFO 08-14 23:23:43 shared.py:299] Adding task for request 324 to replica 2,session_id=324
DEBUG 08-14 23:23:43 replica.py:226] add_request - replica_id=[2], request=324,self.replica_slo_budget-sum_pending_tokens==current_budget:True,1048576-205==1048371
INFO 08-14 23:23:43 open_ai.py:115] async_send_request:request._id=324,session=324,https://u722127-b80a-4e3f9d5d.cqa1.seetacloud.com:8443
DEBUG 08-14 23:23:44 open_ai.py:335] async_send_request: request finish prefill, 324
INFO 08-14 23:23:44 open_ai.py:352] async_send_request: prefill completed: req=324,replica_id=2
DEBUG 08-14 23:23:44 replica.py:146] complete_request_prefill: replica_id=[2], request=324, current_budget=205,last_prefill_completed_at=30615032.164126705,last_ttft=0.0826
DEBUG 08-14 23:23:44 replica.py:153] complete_request_prefill - replica_id=[2], request=324,self.replica_slo_budget-sum_pending_tokens==current_budget:True,1048576-0==1048576
DEBUG 08-14 23:23:44 replica.py:171] complete_request_decode:num_saved_toekens=16
DEBUG 08-14 23:23:44 open_ai.py:452] good request:https://u722127-b80a-4e3f9d5d.cqa1.seetacloud.com:8443:good,request._id=324,input=205,output=11
DEBUG 08-14 23:23:44 metrics_store.py:131] update_metrics:request_id=324
DEBUG 08-14 23:23:44 shared.py:180] Removed task for request 324 on https://u722127-b80a-4e3f9d5d.cqa1.seetacloud.com:8443
INFO 08-14 23:23:44 shared.py:299] Adding task for request 325 to replica 3,session_id=325
DEBUG 08-14 23:23:44 replica.py:226] add_request - replica_id=[3], request=325,self.replica_slo_budget-sum_pending_tokens==current_budget:True,1048576-111==1048465
INFO 08-14 23:23:44 open_ai.py:115] async_send_request:request._id=325,session=325,https://uu722127-b80a-4e3f9d5d.cqa1.seetacloud.com:8443
DEBUG 08-14 23:23:44 open_ai.py:335] async_send_request: request finish prefill, 325
INFO 08-14 23:23:44 open_ai.py:352] async_send_request: prefill completed: req=325,replica_id=3
DEBUG 08-14 23:23:44 replica.py:146] complete_request_prefill: replica_id=[3], request=325, current_budget=111,last_prefill_completed_at=30615032.578556735,last_ttft=0.0903
DEBUG 08-14 23:23:44 replica.py:153] complete_request_prefill - replica_id=[3], request=325,self.replica_slo_budget-sum_pending_tokens==current_budget:True,1048576-0==1048576
INFO 08-14 23:23:44 shared.py:299] Adding task for request 326 to replica 0,session_id=326
DEBUG 08-14 23:23:44 replica.py:226] add_request - replica_id=[0], request=326,self.replica_slo_budget-sum_pending_tokens==current_budget:True,1048576-11==1048565
INFO 08-14 23:23:44 open_ai.py:115] async_send_request:request._id=326,session=326,127.0.0.1:8000
DEBUG 08-14 23:23:44 open_ai.py:335] async_send_request: request finish prefill, 326
INFO 08-14 23:23:44 open_ai.py:352] async_send_request: prefill completed: req=326,replica_id=0
DEBUG 08-14 23:23:44 replica.py:146] complete_request_prefill: replica_id=[0], request=326, current_budget=11,last_prefill_completed_at=30615032.942016535,last_ttft=0.051
DEBUG 08-14 23:23:44 replica.py:153] complete_request_prefill - replica_id=[0], request=326,self.replica_slo_budget-sum_pending_tokens==current_budget:True,1048576-0==1048576
DEBUG 08-14 23:23:44 replica.py:171] complete_request_decode:num_saved_toekens=288
DEBUG 08-14 23:23:44 open_ai.py:452] good request:https://uu722127-b80a-4e3f9d5d.cqa1.seetacloud.com:8443:good,request._id=318,input=92,output=285
DEBUG 08-14 23:23:44 metrics_store.py:131] update_metrics:request_id=318
DEBUG 08-14 23:23:44 shared.py:180] Removed task for request 318 on https://uu722127-b80a-4e3f9d5d.cqa1.seetacloud.com:8443
DEBUG 08-14 23:23:45 replica.py:171] complete_request_decode:num_saved_toekens=16
DEBUG 08-14 23:23:45 open_ai.py:452] good request:127.0.0.1:8000:good,request._id=326,input=11,output=19
DEBUG 08-14 23:23:45 metrics_store.py:131] update_metrics:request_id=326
DEBUG 08-14 23:23:45 shared.py:180] Removed task for request 326 on 127.0.0.1:8000
INFO 08-14 23:23:45 shared.py:299] Adding task for request 327 to replica 0,session_id=327
DEBUG 08-14 23:23:45 replica.py:226] add_request - replica_id=[0], request=327,self.replica_slo_budget-sum_pending_tokens==current_budget:True,1048576-26==1048550
INFO 08-14 23:23:45 open_ai.py:115] async_send_request:request._id=327,session=327,127.0.0.1:8000
DEBUG 08-14 23:23:45 open_ai.py:335] async_send_request: request finish prefill, 327
INFO 08-14 23:23:45 open_ai.py:352] async_send_request: prefill completed: req=327,replica_id=0
DEBUG 08-14 23:23:45 replica.py:146] complete_request_prefill: replica_id=[0], request=327, current_budget=26,last_prefill_completed_at=30615033.31939164,last_ttft=0.0454
DEBUG 08-14 23:23:45 replica.py:153] complete_request_prefill - replica_id=[0], request=327,self.replica_slo_budget-sum_pending_tokens==current_budget:True,1048576-0==1048576
INFO 08-14 23:23:45 shared.py:299] Adding task for request 328 to replica 3,session_id=328
DEBUG 08-14 23:23:45 replica.py:226] add_request - replica_id=[3], request=328,self.replica_slo_budget-sum_pending_tokens==current_budget:True,1048576-239==1048337
INFO 08-14 23:23:45 open_ai.py:115] async_send_request:request._id=328,session=328,https://uu722127-b80a-4e3f9d5d.cqa1.seetacloud.com:8443
DEBUG 08-14 23:23:45 open_ai.py:335] async_send_request: request finish prefill, 328
INFO 08-14 23:23:45 open_ai.py:352] async_send_request: prefill completed: req=328,replica_id=3
DEBUG 08-14 23:23:45 replica.py:146] complete_request_prefill: replica_id=[3], request=328, current_budget=239,last_prefill_completed_at=30615033.753493495,last_ttft=0.0863
DEBUG 08-14 23:23:45 replica.py:153] complete_request_prefill - replica_id=[3], request=328,self.replica_slo_budget-sum_pending_tokens==current_budget:True,1048576-0==1048576
INFO 08-14 23:23:45 shared.py:299] Adding task for request 329 to replica 2,session_id=329
DEBUG 08-14 23:23:45 replica.py:226] add_request - replica_id=[2], request=329,self.replica_slo_budget-sum_pending_tokens==current_budget:True,1048576-36==1048540
INFO 08-14 23:23:45 open_ai.py:115] async_send_request:request._id=329,session=329,https://u722127-b80a-4e3f9d5d.cqa1.seetacloud.com:8443
DEBUG 08-14 23:23:46 open_ai.py:335] async_send_request: request finish prefill, 329
INFO 08-14 23:23:46 open_ai.py:352] async_send_request: prefill completed: req=329,replica_id=2
DEBUG 08-14 23:23:46 replica.py:146] complete_request_prefill: replica_id=[2], request=329, current_budget=36,last_prefill_completed_at=30615034.172068752,last_ttft=0.1
DEBUG 08-14 23:23:46 replica.py:153] complete_request_prefill - replica_id=[2], request=329,self.replica_slo_budget-sum_pending_tokens==current_budget:True,1048576-0==1048576
INFO 08-14 23:23:46 shared.py:299] Adding task for request 330 to replica 0,session_id=330
DEBUG 08-14 23:23:46 replica.py:226] add_request - replica_id=[0], request=330,self.replica_slo_budget-sum_pending_tokens==current_budget:True,1048576-45==1048531
INFO 08-14 23:23:46 open_ai.py:115] async_send_request:request._id=330,session=330,127.0.0.1:8000
DEBUG 08-14 23:23:46 open_ai.py:335] async_send_request: request finish prefill, 330
INFO 08-14 23:23:46 open_ai.py:352] async_send_request: prefill completed: req=330,replica_id=0
DEBUG 08-14 23:23:46 replica.py:146] complete_request_prefill: replica_id=[0], request=330, current_budget=45,last_prefill_completed_at=30615034.534274284,last_ttft=0.0632
DEBUG 08-14 23:23:46 replica.py:153] complete_request_prefill - replica_id=[0], request=330,self.replica_slo_budget-sum_pending_tokens==current_budget:True,1048576-0==1048576
DEBUG 08-14 23:23:46 replica.py:171] complete_request_decode:num_saved_toekens=304
DEBUG 08-14 23:23:46 open_ai.py:452] good request:127.0.0.1:8001:good,request._id=319,input=87,output=297
DEBUG 08-14 23:23:46 metrics_store.py:131] update_metrics:request_id=319
DEBUG 08-14 23:23:46 shared.py:180] Removed task for request 319 on 127.0.0.1:8001
INFO 08-14 23:23:46 shared.py:299] Adding task for request 331 to replica 1,session_id=331
DEBUG 08-14 23:23:46 replica.py:226] add_request - replica_id=[1], request=331,self.replica_slo_budget-sum_pending_tokens==current_budget:True,1048576-49==1048527
INFO 08-14 23:23:46 open_ai.py:115] async_send_request:request._id=331,session=331,127.0.0.1:8001
DEBUG 08-14 23:23:46 open_ai.py:335] async_send_request: request finish prefill, 331
INFO 08-14 23:23:46 open_ai.py:352] async_send_request: prefill completed: req=331,replica_id=1
DEBUG 08-14 23:23:46 replica.py:146] complete_request_prefill: replica_id=[1], request=331, current_budget=49,last_prefill_completed_at=30615034.942368384,last_ttft=0.0483
DEBUG 08-14 23:23:46 replica.py:153] complete_request_prefill - replica_id=[1], request=331,self.replica_slo_budget-sum_pending_tokens==current_budget:True,1048576-0==1048576
DEBUG 08-14 23:23:46 replica.py:171] complete_request_decode:num_saved_toekens=336
DEBUG 08-14 23:23:46 open_ai.py:452] good request:https://u722127-8cb5-f6dc13db.nmb1.seetacloud.com:8443:good,request._id=311,input=49,output=336
DEBUG 08-14 23:23:46 metrics_store.py:131] update_metrics:request_id=311
DEBUG 08-14 23:23:46 shared.py:180] Removed task for request 311 on https://u722127-8cb5-f6dc13db.nmb1.seetacloud.com:8443
DEBUG 08-14 23:23:46 replica.py:171] complete_request_decode:num_saved_toekens=48
DEBUG 08-14 23:23:46 open_ai.py:452] good request:127.0.0.1:8000:good,request._id=330,input=45,output=37
DEBUG 08-14 23:23:46 metrics_store.py:131] update_metrics:request_id=330
DEBUG 08-14 23:23:46 shared.py:180] Removed task for request 330 on 127.0.0.1:8000
INFO 08-14 23:23:47 shared.py:299] Adding task for request 332 to replica 2,session_id=332
DEBUG 08-14 23:23:47 replica.py:226] add_request - replica_id=[2], request=332,self.replica_slo_budget-sum_pending_tokens==current_budget:True,1048576-252==1048324
INFO 08-14 23:23:47 open_ai.py:115] async_send_request:request._id=332,session=332,https://u722127-b80a-4e3f9d5d.cqa1.seetacloud.com:8443
DEBUG 08-14 23:23:47 open_ai.py:335] async_send_request: request finish prefill, 332
INFO 08-14 23:23:47 open_ai.py:352] async_send_request: prefill completed: req=332,replica_id=2
DEBUG 08-14 23:23:47 replica.py:146] complete_request_prefill: replica_id=[2], request=332, current_budget=252,last_prefill_completed_at=30615035.364673022,last_ttft=0.0882
DEBUG 08-14 23:23:47 replica.py:153] complete_request_prefill - replica_id=[2], request=332,self.replica_slo_budget-sum_pending_tokens==current_budget:True,1048576-0==1048576
INFO 08-14 23:23:47 shared.py:299] Adding task for request 333 to replica 1,session_id=333
DEBUG 08-14 23:23:47 replica.py:226] add_request - replica_id=[1], request=333,self.replica_slo_budget-sum_pending_tokens==current_budget:True,1048576-107==1048469
INFO 08-14 23:23:47 open_ai.py:115] async_send_request:request._id=333,session=333,127.0.0.1:8001
DEBUG 08-14 23:23:47 replica.py:171] complete_request_decode:num_saved_toekens=416
DEBUG 08-14 23:23:47 open_ai.py:335] async_send_request: request finish prefill, 333
INFO 08-14 23:23:47 open_ai.py:352] async_send_request: prefill completed: req=333,replica_id=1
DEBUG 08-14 23:23:47 replica.py:146] complete_request_prefill: replica_id=[1], request=333, current_budget=107,last_prefill_completed_at=30615035.75669301,last_ttft=0.0636
DEBUG 08-14 23:23:47 replica.py:153] complete_request_prefill - replica_id=[1], request=333,self.replica_slo_budget-sum_pending_tokens==current_budget:True,1048576-0==1048576
DEBUG 08-14 23:23:47 open_ai.py:452] good request:https://u722127-b80a-4e3f9d5d.cqa1.seetacloud.com:8443:good,request._id=320,input=20,output=419
DEBUG 08-14 23:23:47 metrics_store.py:131] update_metrics:request_id=320
DEBUG 08-14 23:23:47 shared.py:180] Removed task for request 320 on https://u722127-b80a-4e3f9d5d.cqa1.seetacloud.com:8443
DEBUG 08-14 23:23:47 replica.py:171] complete_request_decode:num_saved_toekens=768
DEBUG 08-14 23:23:47 open_ai.py:452] good request:127.0.0.1:8001:good,request._id=304,input=24,output=769
DEBUG 08-14 23:23:47 metrics_store.py:131] update_metrics:request_id=304
DEBUG 08-14 23:23:47 shared.py:180] Removed task for request 304 on 127.0.0.1:8001
INFO 08-14 23:23:47 shared.py:299] Adding task for request 334 to replica 0,session_id=334
DEBUG 08-14 23:23:47 replica.py:226] add_request - replica_id=[0], request=334,self.replica_slo_budget-sum_pending_tokens==current_budget:True,1048576-132==1048444
INFO 08-14 23:23:47 open_ai.py:115] async_send_request:request._id=334,session=334,127.0.0.1:8000
DEBUG 08-14 23:23:47 open_ai.py:335] async_send_request: request finish prefill, 334
INFO 08-14 23:23:47 open_ai.py:352] async_send_request: prefill completed: req=334,replica_id=0
DEBUG 08-14 23:23:47 replica.py:146] complete_request_prefill: replica_id=[0], request=334, current_budget=132,last_prefill_completed_at=30615036.137724992,last_ttft=0.0476
DEBUG 08-14 23:23:47 replica.py:153] complete_request_prefill - replica_id=[0], request=334,self.replica_slo_budget-sum_pending_tokens==current_budget:True,1048576-0==1048576
DEBUG 08-14 23:23:48 replica.py:171] complete_request_decode:num_saved_toekens=1024
DEBUG 08-14 23:23:48 open_ai.py:452] good request:https://u722127-8cb5-f6dc13db.nmb1.seetacloud.com:8443:good,request._id=273,input=2325,output=1025
DEBUG 08-14 23:23:48 metrics_store.py:131] update_metrics:request_id=273
DEBUG 08-14 23:23:48 shared.py:180] Removed task for request 273 on https://u722127-8cb5-f6dc13db.nmb1.seetacloud.com:8443
INFO 08-14 23:23:48 shared.py:299] Adding task for request 335 to replica 4,session_id=335
DEBUG 08-14 23:23:48 replica.py:226] add_request - replica_id=[4], request=335,self.replica_slo_budget-sum_pending_tokens==current_budget:True,1048576-442==1048134
INFO 08-14 23:23:48 open_ai.py:115] async_send_request:request._id=335,session=335,https://u722127-8cb5-f6dc13db.nmb1.seetacloud.com:8443
DEBUG 08-14 23:23:48 open_ai.py:335] async_send_request: request finish prefill, 335
INFO 08-14 23:23:48 open_ai.py:352] async_send_request: prefill completed: req=335,replica_id=4
DEBUG 08-14 23:23:48 replica.py:146] complete_request_prefill: replica_id=[4], request=335, current_budget=442,last_prefill_completed_at=30615036.602250043,last_ttft=0.0939
DEBUG 08-14 23:23:48 replica.py:153] complete_request_prefill - replica_id=[4], request=335,self.replica_slo_budget-sum_pending_tokens==current_budget:True,1048576-0==1048576
INFO 08-14 23:23:48 shared.py:299] Adding task for request 336 to replica 3,session_id=336
DEBUG 08-14 23:23:48 replica.py:226] add_request - replica_id=[3], request=336,self.replica_slo_budget-sum_pending_tokens==current_budget:True,1048576-125==1048451
INFO 08-14 23:23:48 open_ai.py:115] async_send_request:request._id=336,session=336,https://uu722127-b80a-4e3f9d5d.cqa1.seetacloud.com:8443
DEBUG 08-14 23:23:48 open_ai.py:335] async_send_request: request finish prefill, 336
INFO 08-14 23:23:48 open_ai.py:352] async_send_request: prefill completed: req=336,replica_id=3
DEBUG 08-14 23:23:48 replica.py:146] complete_request_prefill: replica_id=[3], request=336, current_budget=125,last_prefill_completed_at=30615037.003784288,last_ttft=0.0936
DEBUG 08-14 23:23:48 replica.py:153] complete_request_prefill - replica_id=[3], request=336,self.replica_slo_budget-sum_pending_tokens==current_budget:True,1048576-0==1048576
DEBUG 08-14 23:23:48 replica.py:171] complete_request_decode:num_saved_toekens=384
DEBUG 08-14 23:23:48 open_ai.py:452] good request:https://uu722127-b80a-4e3f9d5d.cqa1.seetacloud.com:8443:good,request._id=325,input=111,output=375
DEBUG 08-14 23:23:48 metrics_store.py:131] update_metrics:request_id=325
DEBUG 08-14 23:23:48 shared.py:180] Removed task for request 325 on https://uu722127-b80a-4e3f9d5d.cqa1.seetacloud.com:8443
INFO 08-14 23:23:49 shared.py:299] Adding task for request 337 to replica 2,session_id=337
DEBUG 08-14 23:23:49 replica.py:226] add_request - replica_id=[2], request=337,self.replica_slo_budget-sum_pending_tokens==current_budget:True,1048576-348==1048228
INFO 08-14 23:23:49 open_ai.py:115] async_send_request:request._id=337,session=337,https://u722127-b80a-4e3f9d5d.cqa1.seetacloud.com:8443
DEBUG 08-14 23:23:49 replica.py:171] complete_request_decode:num_saved_toekens=160
DEBUG 08-14 23:23:49 open_ai.py:452] good request:127.0.0.1:8001:good,request._id=331,input=49,output=159
DEBUG 08-14 23:23:49 metrics_store.py:131] update_metrics:request_id=331
DEBUG 08-14 23:23:49 shared.py:180] Removed task for request 331 on 127.0.0.1:8001
DEBUG 08-14 23:23:49 open_ai.py:335] async_send_request: request finish prefill, 337
INFO 08-14 23:23:49 open_ai.py:352] async_send_request: prefill completed: req=337,replica_id=2
DEBUG 08-14 23:23:49 replica.py:146] complete_request_prefill: replica_id=[2], request=337, current_budget=348,last_prefill_completed_at=30615037.3905295,last_ttft=0.1071
DEBUG 08-14 23:23:49 replica.py:153] complete_request_prefill - replica_id=[2], request=337,self.replica_slo_budget-sum_pending_tokens==current_budget:True,1048576-0==1048576
DEBUG 08-14 23:23:49 replica.py:171] complete_request_decode:num_saved_toekens=272
DEBUG 08-14 23:23:49 open_ai.py:452] good request:127.0.0.1:8000:good,request._id=327,input=26,output=272
DEBUG 08-14 23:23:49 metrics_store.py:131] update_metrics:request_id=327
DEBUG 08-14 23:23:49 shared.py:180] Removed task for request 327 on 127.0.0.1:8000
INFO 08-14 23:23:49 shared.py:299] Adding task for request 338 to replica 1,session_id=338
DEBUG 08-14 23:23:49 replica.py:226] add_request - replica_id=[1], request=338,self.replica_slo_budget-sum_pending_tokens==current_budget:True,1048576-27==1048549
INFO 08-14 23:23:49 open_ai.py:115] async_send_request:request._id=338,session=338,127.0.0.1:8001
DEBUG 08-14 23:23:49 open_ai.py:335] async_send_request: request finish prefill, 338
INFO 08-14 23:23:49 open_ai.py:352] async_send_request: prefill completed: req=338,replica_id=1
DEBUG 08-14 23:23:49 replica.py:146] complete_request_prefill: replica_id=[1], request=338, current_budget=27,last_prefill_completed_at=30615037.72681854,last_ttft=0.0488
DEBUG 08-14 23:23:49 replica.py:153] complete_request_prefill - replica_id=[1], request=338,self.replica_slo_budget-sum_pending_tokens==current_budget:True,1048576-0==1048576
INFO 08-14 23:23:49 shared.py:299] Adding task for request 339 to replica 0,session_id=339
DEBUG 08-14 23:23:49 replica.py:226] add_request - replica_id=[0], request=339,self.replica_slo_budget-sum_pending_tokens==current_budget:True,1048576-29==1048547
INFO 08-14 23:23:49 open_ai.py:115] async_send_request:request._id=339,session=339,127.0.0.1:8000
DEBUG 08-14 23:23:49 open_ai.py:335] async_send_request: request finish prefill, 339
INFO 08-14 23:23:49 open_ai.py:352] async_send_request: prefill completed: req=339,replica_id=0
DEBUG 08-14 23:23:49 replica.py:146] complete_request_prefill: replica_id=[0], request=339, current_budget=29,last_prefill_completed_at=30615038.110714246,last_ttft=0.0507
DEBUG 08-14 23:23:49 replica.py:153] complete_request_prefill - replica_id=[0], request=339,self.replica_slo_budget-sum_pending_tokens==current_budget:True,1048576-0==1048576
DEBUG 08-14 23:23:50 replica.py:171] complete_request_decode:num_saved_toekens=736
DEBUG 08-14 23:23:50 open_ai.py:452] good request:https://u722127-b80a-4e3f9d5d.cqa1.seetacloud.com:8443:good,request._id=317,input=19,output=734
DEBUG 08-14 23:23:50 metrics_store.py:131] update_metrics:request_id=317
DEBUG 08-14 23:23:50 shared.py:180] Removed task for request 317 on https://u722127-b80a-4e3f9d5d.cqa1.seetacloud.com:8443
INFO 08-14 23:23:50 shared.py:299] Adding task for request 340 to replica 2,session_id=340
DEBUG 08-14 23:23:50 replica.py:226] add_request - replica_id=[2], request=340,self.replica_slo_budget-sum_pending_tokens==current_budget:True,1048576-353==1048223
INFO 08-14 23:23:50 open_ai.py:115] async_send_request:request._id=340,session=340,https://u722127-b80a-4e3f9d5d.cqa1.seetacloud.com:8443
DEBUG 08-14 23:23:50 open_ai.py:335] async_send_request: request finish prefill, 340
INFO 08-14 23:23:50 open_ai.py:352] async_send_request: prefill completed: req=340,replica_id=2
DEBUG 08-14 23:23:50 replica.py:146] complete_request_prefill: replica_id=[2], request=340, current_budget=353,last_prefill_completed_at=30615038.57092685,last_ttft=0.1066
DEBUG 08-14 23:23:50 replica.py:153] complete_request_prefill - replica_id=[2], request=340,self.replica_slo_budget-sum_pending_tokens==current_budget:True,1048576-0==1048576
INFO 08-14 23:23:50 shared.py:299] Adding task for request 341 to replica 4,session_id=341
DEBUG 08-14 23:23:50 replica.py:226] add_request - replica_id=[4], request=341,self.replica_slo_budget-sum_pending_tokens==current_budget:True,1048576-39==1048537
INFO 08-14 23:23:50 open_ai.py:115] async_send_request:request._id=341,session=341,https://u722127-8cb5-f6dc13db.nmb1.seetacloud.com:8443
DEBUG 08-14 23:23:50 open_ai.py:335] async_send_request: request finish prefill, 341
INFO 08-14 23:23:50 open_ai.py:352] async_send_request: prefill completed: req=341,replica_id=4
DEBUG 08-14 23:23:50 replica.py:146] complete_request_prefill: replica_id=[4], request=341, current_budget=39,last_prefill_completed_at=30615038.99667009,last_ttft=0.1015
DEBUG 08-14 23:23:50 replica.py:153] complete_request_prefill - replica_id=[4], request=341,self.replica_slo_budget-sum_pending_tokens==current_budget:True,1048576-0==1048576
DEBUG 08-14 23:23:51 replica.py:171] complete_request_decode:num_saved_toekens=832
DEBUG 08-14 23:23:51 open_ai.py:452] good request:https://u722127-b80a-4e3f9d5d.cqa1.seetacloud.com:8443:good,request._id=316,input=47,output=830
DEBUG 08-14 23:23:51 metrics_store.py:131] update_metrics:request_id=316
DEBUG 08-14 23:23:51 shared.py:180] Removed task for request 316 on https://u722127-b80a-4e3f9d5d.cqa1.seetacloud.com:8443
INFO 08-14 23:23:51 shared.py:299] Adding task for request 342 to replica 4,session_id=342
DEBUG 08-14 23:23:51 replica.py:226] add_request - replica_id=[4], request=342,self.replica_slo_budget-sum_pending_tokens==current_budget:True,1048576-18==1048558
INFO 08-14 23:23:51 open_ai.py:115] async_send_request:request._id=342,session=342,https://u722127-8cb5-f6dc13db.nmb1.seetacloud.com:8443
DEBUG 08-14 23:23:51 replica.py:171] complete_request_decode:num_saved_toekens=80
DEBUG 08-14 23:23:51 open_ai.py:452] good request:127.0.0.1:8000:good,request._id=339,input=29,output=79
DEBUG 08-14 23:23:51 metrics_store.py:131] update_metrics:request_id=339
DEBUG 08-14 23:23:51 shared.py:180] Removed task for request 339 on 127.0.0.1:8000
DEBUG 08-14 23:23:51 open_ai.py:335] async_send_request: request finish prefill, 342
INFO 08-14 23:23:51 open_ai.py:352] async_send_request: prefill completed: req=342,replica_id=4
DEBUG 08-14 23:23:51 replica.py:146] complete_request_prefill: replica_id=[4], request=342, current_budget=18,last_prefill_completed_at=30615039.388444345,last_ttft=0.1054
DEBUG 08-14 23:23:51 replica.py:153] complete_request_prefill - replica_id=[4], request=342,self.replica_slo_budget-sum_pending_tokens==current_budget:True,1048576-0==1048576
DEBUG 08-14 23:23:51 replica.py:171] complete_request_decode:num_saved_toekens=16
DEBUG 08-14 23:23:51 open_ai.py:452] good request:https://u722127-8cb5-f6dc13db.nmb1.seetacloud.com:8443:good,request._id=341,input=39,output=18
DEBUG 08-14 23:23:51 metrics_store.py:131] update_metrics:request_id=341
DEBUG 08-14 23:23:51 shared.py:180] Removed task for request 341 on https://u722127-8cb5-f6dc13db.nmb1.seetacloud.com:8443
DEBUG 08-14 23:23:51 replica.py:171] complete_request_decode:num_saved_toekens=64
DEBUG 08-14 23:23:51 open_ai.py:452] good request:https://u722127-b80a-4e3f9d5d.cqa1.seetacloud.com:8443:good,request._id=340,input=353,output=75
DEBUG 08-14 23:23:51 metrics_store.py:131] update_metrics:request_id=340
DEBUG 08-14 23:23:51 shared.py:180] Removed task for request 340 on https://u722127-b80a-4e3f9d5d.cqa1.seetacloud.com:8443
INFO 08-14 23:23:51 shared.py:299] Adding task for request 343 to replica 0,session_id=343
DEBUG 08-14 23:23:51 replica.py:226] add_request - replica_id=[0], request=343,self.replica_slo_budget-sum_pending_tokens==current_budget:True,1048576-24==1048552
INFO 08-14 23:23:51 open_ai.py:115] async_send_request:request._id=343,session=343,127.0.0.1:8000
DEBUG 08-14 23:23:51 replica.py:171] complete_request_decode:num_saved_toekens=368
DEBUG 08-14 23:23:51 open_ai.py:452] good request:https://u722127-b80a-4e3f9d5d.cqa1.seetacloud.com:8443:good,request._id=332,input=252,output=357
DEBUG 08-14 23:23:51 metrics_store.py:131] update_metrics:request_id=332
DEBUG 08-14 23:23:51 shared.py:180] Removed task for request 332 on https://u722127-b80a-4e3f9d5d.cqa1.seetacloud.com:8443
DEBUG 08-14 23:23:51 open_ai.py:335] async_send_request: request finish prefill, 343
INFO 08-14 23:23:51 open_ai.py:352] async_send_request: prefill completed: req=343,replica_id=0
DEBUG 08-14 23:23:51 replica.py:146] complete_request_prefill: replica_id=[0], request=343, current_budget=24,last_prefill_completed_at=30615039.762122314,last_ttft=0.0482
DEBUG 08-14 23:23:51 replica.py:153] complete_request_prefill - replica_id=[0], request=343,self.replica_slo_budget-sum_pending_tokens==current_budget:True,1048576-0==1048576
INFO 08-14 23:23:51 shared.py:299] Adding task for request 344 to replica 1,session_id=344
DEBUG 08-14 23:23:51 replica.py:226] add_request - replica_id=[1], request=344,self.replica_slo_budget-sum_pending_tokens==current_budget:True,1048576-87==1048489
INFO 08-14 23:23:51 open_ai.py:115] async_send_request:request._id=344,session=344,127.0.0.1:8001
DEBUG 08-14 23:23:52 open_ai.py:335] async_send_request: request finish prefill, 344
INFO 08-14 23:23:52 open_ai.py:352] async_send_request: prefill completed: req=344,replica_id=1
DEBUG 08-14 23:23:52 replica.py:146] complete_request_prefill: replica_id=[1], request=344, current_budget=87,last_prefill_completed_at=30615040.163098793,last_ttft=0.042
DEBUG 08-14 23:23:52 replica.py:153] complete_request_prefill - replica_id=[1], request=344,self.replica_slo_budget-sum_pending_tokens==current_budget:True,1048576-0==1048576
DEBUG 08-14 23:23:52 replica.py:171] complete_request_decode:num_saved_toekens=32
DEBUG 08-14 23:23:52 open_ai.py:452] good request:https://u722127-8cb5-f6dc13db.nmb1.seetacloud.com:8443:good,request._id=342,input=18,output=35
DEBUG 08-14 23:23:52 metrics_store.py:131] update_metrics:request_id=342
DEBUG 08-14 23:23:52 shared.py:180] Removed task for request 342 on https://u722127-8cb5-f6dc13db.nmb1.seetacloud.com:8443
DEBUG 08-14 23:23:52 replica.py:171] complete_request_decode:num_saved_toekens=544
DEBUG 08-14 23:23:52 open_ai.py:452] good request:https://uu722127-b80a-4e3f9d5d.cqa1.seetacloud.com:8443:good,request._id=328,input=239,output=542
DEBUG 08-14 23:23:52 metrics_store.py:131] update_metrics:request_id=328
DEBUG 08-14 23:23:52 shared.py:180] Removed task for request 328 on https://uu722127-b80a-4e3f9d5d.cqa1.seetacloud.com:8443
DEBUG 08-14 23:23:52 replica.py:171] complete_request_decode:num_saved_toekens=1024
DEBUG 08-14 23:23:52 open_ai.py:452] good request:https://uu722127-b80a-4e3f9d5d.cqa1.seetacloud.com:8443:good,request._id=314,input=167,output=1025
DEBUG 08-14 23:23:52 metrics_store.py:131] update_metrics:request_id=314
DEBUG 08-14 23:23:52 shared.py:180] Removed task for request 314 on https://uu722127-b80a-4e3f9d5d.cqa1.seetacloud.com:8443
DEBUG 08-14 23:23:52 replica.py:171] complete_request_decode:num_saved_toekens=944
DEBUG 08-14 23:23:52 open_ai.py:452] good request:127.0.0.1:8000:good,request._id=308,input=33,output=955
DEBUG 08-14 23:23:52 metrics_store.py:131] update_metrics:request_id=308
DEBUG 08-14 23:23:52 shared.py:180] Removed task for request 308 on 127.0.0.1:8000
INFO 08-14 23:23:52 shared.py:299] Adding task for request 345 to replica 2,session_id=345
DEBUG 08-14 23:23:52 replica.py:226] add_request - replica_id=[2], request=345,self.replica_slo_budget-sum_pending_tokens==current_budget:True,1048576-84==1048492
INFO 08-14 23:23:52 open_ai.py:115] async_send_request:request._id=345,session=345,https://u722127-b80a-4e3f9d5d.cqa1.seetacloud.com:8443
DEBUG 08-14 23:23:52 open_ai.py:335] async_send_request: request finish prefill, 345
INFO 08-14 23:23:52 open_ai.py:352] async_send_request: prefill completed: req=345,replica_id=2
DEBUG 08-14 23:23:52 replica.py:146] complete_request_prefill: replica_id=[2], request=345, current_budget=84,last_prefill_completed_at=30615040.6219798,last_ttft=0.0928
DEBUG 08-14 23:23:52 replica.py:153] complete_request_prefill - replica_id=[2], request=345,self.replica_slo_budget-sum_pending_tokens==current_budget:True,1048576-0==1048576
INFO 08-14 23:23:52 shared.py:299] Adding task for request 346 to replica 3,session_id=346
DEBUG 08-14 23:23:52 replica.py:226] add_request - replica_id=[3], request=346,self.replica_slo_budget-sum_pending_tokens==current_budget:True,1048576-39==1048537
INFO 08-14 23:23:52 open_ai.py:115] async_send_request:request._id=346,session=346,https://uu722127-b80a-4e3f9d5d.cqa1.seetacloud.com:8443
DEBUG 08-14 23:23:52 open_ai.py:335] async_send_request: request finish prefill, 346
INFO 08-14 23:23:52 open_ai.py:352] async_send_request: prefill completed: req=346,replica_id=3
DEBUG 08-14 23:23:52 replica.py:146] complete_request_prefill: replica_id=[3], request=346, current_budget=39,last_prefill_completed_at=30615041.037663344,last_ttft=0.0885
DEBUG 08-14 23:23:52 replica.py:153] complete_request_prefill - replica_id=[3], request=346,self.replica_slo_budget-sum_pending_tokens==current_budget:True,1048576-0==1048576
INFO 08-14 23:23:53 shared.py:299] Adding task for request 347 to replica 0,session_id=347
DEBUG 08-14 23:23:53 replica.py:226] add_request - replica_id=[0], request=347,self.replica_slo_budget-sum_pending_tokens==current_budget:True,1048576-14==1048562
INFO 08-14 23:23:53 open_ai.py:115] async_send_request:request._id=347,session=347,127.0.0.1:8000
DEBUG 08-14 23:23:53 open_ai.py:335] async_send_request: request finish prefill, 347
INFO 08-14 23:23:53 open_ai.py:352] async_send_request: prefill completed: req=347,replica_id=0
DEBUG 08-14 23:23:53 replica.py:146] complete_request_prefill: replica_id=[0], request=347, current_budget=14,last_prefill_completed_at=30615041.382387854,last_ttft=0.0383
DEBUG 08-14 23:23:53 replica.py:153] complete_request_prefill - replica_id=[0], request=347,self.replica_slo_budget-sum_pending_tokens==current_budget:True,1048576-0==1048576
DEBUG 08-14 23:23:53 replica.py:171] complete_request_decode:num_saved_toekens=32
DEBUG 08-14 23:23:53 open_ai.py:452] good request:https://uu722127-b80a-4e3f9d5d.cqa1.seetacloud.com:8443:good,request._id=346,input=39,output=35
DEBUG 08-14 23:23:53 metrics_store.py:131] update_metrics:request_id=346
DEBUG 08-14 23:23:53 shared.py:180] Removed task for request 346 on https://uu722127-b80a-4e3f9d5d.cqa1.seetacloud.com:8443
INFO 08-14 23:23:53 shared.py:299] Adding task for request 348 to replica 2,session_id=348
DEBUG 08-14 23:23:53 replica.py:226] add_request - replica_id=[2], request=348,self.replica_slo_budget-sum_pending_tokens==current_budget:True,1048576-120==1048456
INFO 08-14 23:23:53 open_ai.py:115] async_send_request:request._id=348,session=348,https://u722127-b80a-4e3f9d5d.cqa1.seetacloud.com:8443
DEBUG 08-14 23:23:53 open_ai.py:335] async_send_request: request finish prefill, 348
INFO 08-14 23:23:53 open_ai.py:352] async_send_request: prefill completed: req=348,replica_id=2
DEBUG 08-14 23:23:53 replica.py:146] complete_request_prefill: replica_id=[2], request=348, current_budget=120,last_prefill_completed_at=30615041.808831286,last_ttft=0.0816
DEBUG 08-14 23:23:53 replica.py:153] complete_request_prefill - replica_id=[2], request=348,self.replica_slo_budget-sum_pending_tokens==current_budget:True,1048576-0==1048576
INFO 08-14 23:23:53 shared.py:299] Adding task for request 349 to replica 1,session_id=349
DEBUG 08-14 23:23:53 replica.py:226] add_request - replica_id=[1], request=349,self.replica_slo_budget-sum_pending_tokens==current_budget:True,1048576-405==1048171
INFO 08-14 23:23:53 open_ai.py:115] async_send_request:request._id=349,session=349,127.0.0.1:8001
DEBUG 08-14 23:23:54 open_ai.py:335] async_send_request: request finish prefill, 349
INFO 08-14 23:23:54 open_ai.py:352] async_send_request: prefill completed: req=349,replica_id=1
DEBUG 08-14 23:23:54 replica.py:146] complete_request_prefill: replica_id=[1], request=349, current_budget=405,last_prefill_completed_at=30615042.182569977,last_ttft=0.0473
DEBUG 08-14 23:23:54 replica.py:153] complete_request_prefill - replica_id=[1], request=349,self.replica_slo_budget-sum_pending_tokens==current_budget:True,1048576-0==1048576
DEBUG 08-14 23:23:54 replica.py:171] complete_request_decode:num_saved_toekens=0
DEBUG 08-14 23:23:54 open_ai.py:452] good request:127.0.0.1:8001:good,request._id=349,input=405,output=3
DEBUG 08-14 23:23:54 metrics_store.py:131] update_metrics:request_id=349
DEBUG 08-14 23:23:54 shared.py:180] Removed task for request 349 on 127.0.0.1:8001
DEBUG 08-14 23:23:54 replica.py:171] complete_request_decode:num_saved_toekens=400
DEBUG 08-14 23:23:54 open_ai.py:452] good request:127.0.0.1:8000:good,request._id=334,input=132,output=404
DEBUG 08-14 23:23:54 metrics_store.py:131] update_metrics:request_id=334
DEBUG 08-14 23:23:54 shared.py:180] Removed task for request 334 on 127.0.0.1:8000
INFO 08-14 23:23:54 shared.py:299] Adding task for request 350 to replica 0,session_id=350
DEBUG 08-14 23:23:54 replica.py:226] add_request - replica_id=[0], request=350,self.replica_slo_budget-sum_pending_tokens==current_budget:True,1048576-389==1048187
INFO 08-14 23:23:54 open_ai.py:115] async_send_request:request._id=350,session=350,127.0.0.1:8000
DEBUG 08-14 23:23:54 open_ai.py:335] async_send_request: request finish prefill, 350
INFO 08-14 23:23:54 open_ai.py:352] async_send_request: prefill completed: req=350,replica_id=0
DEBUG 08-14 23:23:54 replica.py:146] complete_request_prefill: replica_id=[0], request=350, current_budget=389,last_prefill_completed_at=30615042.592437062,last_ttft=0.066
DEBUG 08-14 23:23:54 replica.py:153] complete_request_prefill - replica_id=[0], request=350,self.replica_slo_budget-sum_pending_tokens==current_budget:True,1048576-0==1048576
INFO 08-14 23:23:54 shared.py:299] Adding task for request 351 to replica 3,session_id=351
DEBUG 08-14 23:23:54 replica.py:226] add_request - replica_id=[3], request=351,self.replica_slo_budget-sum_pending_tokens==current_budget:True,1048576-39==1048537
INFO 08-14 23:23:54 open_ai.py:115] async_send_request:request._id=351,session=351,https://uu722127-b80a-4e3f9d5d.cqa1.seetacloud.com:8443
DEBUG 08-14 23:23:54 open_ai.py:335] async_send_request: request finish prefill, 351
INFO 08-14 23:23:54 open_ai.py:352] async_send_request: prefill completed: req=351,replica_id=3
DEBUG 08-14 23:23:54 replica.py:146] complete_request_prefill: replica_id=[3], request=351, current_budget=39,last_prefill_completed_at=30615042.990974102,last_ttft=0.0889
DEBUG 08-14 23:23:54 replica.py:153] complete_request_prefill - replica_id=[3], request=351,self.replica_slo_budget-sum_pending_tokens==current_budget:True,1048576-0==1048576
DEBUG 08-14 23:23:54 replica.py:171] complete_request_decode:num_saved_toekens=0
DEBUG 08-14 23:23:54 open_ai.py:452] good request:https://uu722127-b80a-4e3f9d5d.cqa1.seetacloud.com:8443:good,request._id=351,input=39,output=8
DEBUG 08-14 23:23:54 metrics_store.py:131] update_metrics:request_id=351
DEBUG 08-14 23:23:54 shared.py:180] Removed task for request 351 on https://uu722127-b80a-4e3f9d5d.cqa1.seetacloud.com:8443
DEBUG 08-14 23:23:55 replica.py:171] complete_request_decode:num_saved_toekens=496
DEBUG 08-14 23:23:55 open_ai.py:452] good request:127.0.0.1:8001:good,request._id=333,input=107,output=492
DEBUG 08-14 23:23:55 metrics_store.py:131] update_metrics:request_id=333
DEBUG 08-14 23:23:55 shared.py:180] Removed task for request 333 on 127.0.0.1:8001
INFO 08-14 23:23:55 shared.py:299] Adding task for request 352 to replica 2,session_id=352
DEBUG 08-14 23:23:55 replica.py:226] add_request - replica_id=[2], request=352,self.replica_slo_budget-sum_pending_tokens==current_budget:True,1048576-21==1048555
INFO 08-14 23:23:55 open_ai.py:115] async_send_request:request._id=352,session=352,https://u722127-b80a-4e3f9d5d.cqa1.seetacloud.com:8443
DEBUG 08-14 23:23:55 open_ai.py:335] async_send_request: request finish prefill, 352
INFO 08-14 23:23:55 open_ai.py:352] async_send_request: prefill completed: req=352,replica_id=2
DEBUG 08-14 23:23:55 replica.py:146] complete_request_prefill: replica_id=[2], request=352, current_budget=21,last_prefill_completed_at=30615043.42055316,last_ttft=0.0843
DEBUG 08-14 23:23:55 replica.py:153] complete_request_prefill - replica_id=[2], request=352,self.replica_slo_budget-sum_pending_tokens==current_budget:True,1048576-0==1048576
INFO 08-14 23:23:55 shared.py:299] Adding task for request 353 to replica 4,session_id=353
DEBUG 08-14 23:23:55 replica.py:226] add_request - replica_id=[4], request=353,self.replica_slo_budget-sum_pending_tokens==current_budget:True,1048576-85==1048491
INFO 08-14 23:23:55 open_ai.py:115] async_send_request:request._id=353,session=353,https://u722127-8cb5-f6dc13db.nmb1.seetacloud.com:8443
DEBUG 08-14 23:23:55 open_ai.py:335] async_send_request: request finish prefill, 353
INFO 08-14 23:23:55 open_ai.py:352] async_send_request: prefill completed: req=353,replica_id=4
DEBUG 08-14 23:23:55 replica.py:146] complete_request_prefill: replica_id=[4], request=353, current_budget=85,last_prefill_completed_at=30615043.87557131,last_ttft=0.1144
DEBUG 08-14 23:23:55 replica.py:153] complete_request_prefill - replica_id=[4], request=353,self.replica_slo_budget-sum_pending_tokens==current_budget:True,1048576-0==1048576
DEBUG 08-14 23:23:55 replica.py:171] complete_request_decode:num_saved_toekens=800
DEBUG 08-14 23:23:55 open_ai.py:452] good request:https://u722127-b80a-4e3f9d5d.cqa1.seetacloud.com:8443:good,request._id=329,input=36,output=799
DEBUG 08-14 23:23:55 metrics_store.py:131] update_metrics:request_id=329
DEBUG 08-14 23:23:55 shared.py:180] Removed task for request 329 on https://u722127-b80a-4e3f9d5d.cqa1.seetacloud.com:8443
INFO 08-14 23:23:56 shared.py:299] Adding task for request 354 to replica 3,session_id=354
DEBUG 08-14 23:23:56 replica.py:226] add_request - replica_id=[3], request=354,self.replica_slo_budget-sum_pending_tokens==current_budget:True,1048576-141==1048435
INFO 08-14 23:23:56 open_ai.py:115] async_send_request:request._id=354,session=354,https://uu722127-b80a-4e3f9d5d.cqa1.seetacloud.com:8443
DEBUG 08-14 23:23:56 open_ai.py:335] async_send_request: request finish prefill, 354
INFO 08-14 23:23:56 open_ai.py:352] async_send_request: prefill completed: req=354,replica_id=3
DEBUG 08-14 23:23:56 replica.py:146] complete_request_prefill: replica_id=[3], request=354, current_budget=141,last_prefill_completed_at=30615044.28576476,last_ttft=0.0966
DEBUG 08-14 23:23:56 replica.py:153] complete_request_prefill - replica_id=[3], request=354,self.replica_slo_budget-sum_pending_tokens==current_budget:True,1048576-0==1048576
DEBUG 08-14 23:23:56 replica.py:171] complete_request_decode:num_saved_toekens=304
DEBUG 08-14 23:23:56 open_ai.py:452] good request:127.0.0.1:8000:good,request._id=343,input=24,output=302
DEBUG 08-14 23:23:56 metrics_store.py:131] update_metrics:request_id=343
DEBUG 08-14 23:23:56 shared.py:180] Removed task for request 343 on 127.0.0.1:8000
INFO 08-14 23:23:56 shared.py:299] Adding task for request 355 to replica 0,session_id=355
DEBUG 08-14 23:23:56 replica.py:226] add_request - replica_id=[0], request=355,self.replica_slo_budget-sum_pending_tokens==current_budget:True,1048576-36==1048540
INFO 08-14 23:23:56 open_ai.py:115] async_send_request:request._id=355,session=355,127.0.0.1:8000
DEBUG 08-14 23:23:56 replica.py:171] complete_request_decode:num_saved_toekens=336
DEBUG 08-14 23:23:56 open_ai.py:452] good request:https://u722127-8cb5-f6dc13db.nmb1.seetacloud.com:8443:good,request._id=335,input=442,output=332
DEBUG 08-14 23:23:56 metrics_store.py:131] update_metrics:request_id=335
DEBUG 08-14 23:23:56 shared.py:180] Removed task for request 335 on https://u722127-8cb5-f6dc13db.nmb1.seetacloud.com:8443
DEBUG 08-14 23:23:56 open_ai.py:335] async_send_request: request finish prefill, 355
INFO 08-14 23:23:56 open_ai.py:352] async_send_request: prefill completed: req=355,replica_id=0
DEBUG 08-14 23:23:56 replica.py:146] complete_request_prefill: replica_id=[0], request=355, current_budget=36,last_prefill_completed_at=30615044.631520826,last_ttft=0.0405
DEBUG 08-14 23:23:56 replica.py:153] complete_request_prefill - replica_id=[0], request=355,self.replica_slo_budget-sum_pending_tokens==current_budget:True,1048576-0==1048576
INFO 08-14 23:23:56 shared.py:299] Adding task for request 356 to replica 2,session_id=356
DEBUG 08-14 23:23:56 replica.py:226] add_request - replica_id=[2], request=356,self.replica_slo_budget-sum_pending_tokens==current_budget:True,1048576-18==1048558
INFO 08-14 23:23:56 open_ai.py:115] async_send_request:request._id=356,session=356,https://u722127-b80a-4e3f9d5d.cqa1.seetacloud.com:8443
DEBUG 08-14 23:23:56 open_ai.py:335] async_send_request: request finish prefill, 356
INFO 08-14 23:23:56 open_ai.py:352] async_send_request: prefill completed: req=356,replica_id=2
DEBUG 08-14 23:23:56 replica.py:146] complete_request_prefill: replica_id=[2], request=356, current_budget=18,last_prefill_completed_at=30615045.098401397,last_ttft=0.0912
DEBUG 08-14 23:23:56 replica.py:153] complete_request_prefill - replica_id=[2], request=356,self.replica_slo_budget-sum_pending_tokens==current_budget:True,1048576-0==1048576
DEBUG 08-14 23:23:57 replica.py:171] complete_request_decode:num_saved_toekens=288
DEBUG 08-14 23:23:57 open_ai.py:452] good request:https://u722127-b80a-4e3f9d5d.cqa1.seetacloud.com:8443:good,request._id=348,input=120,output=289
DEBUG 08-14 23:23:57 metrics_store.py:131] update_metrics:request_id=348
DEBUG 08-14 23:23:57 shared.py:180] Removed task for request 348 on https://u722127-b80a-4e3f9d5d.cqa1.seetacloud.com:8443
INFO 08-14 23:23:57 shared.py:299] Adding task for request 357 to replica 2,session_id=357
DEBUG 08-14 23:23:57 replica.py:226] add_request - replica_id=[2], request=357,self.replica_slo_budget-sum_pending_tokens==current_budget:True,1048576-57==1048519
INFO 08-14 23:23:57 open_ai.py:115] async_send_request:request._id=357,session=357,https://u722127-b80a-4e3f9d5d.cqa1.seetacloud.com:8443
DEBUG 08-14 23:23:57 open_ai.py:335] async_send_request: request finish prefill, 357
INFO 08-14 23:23:57 open_ai.py:352] async_send_request: prefill completed: req=357,replica_id=2
DEBUG 08-14 23:23:57 replica.py:146] complete_request_prefill: replica_id=[2], request=357, current_budget=57,last_prefill_completed_at=30615045.487988584,last_ttft=0.0892
DEBUG 08-14 23:23:57 replica.py:153] complete_request_prefill - replica_id=[2], request=357,self.replica_slo_budget-sum_pending_tokens==current_budget:True,1048576-0==1048576
DEBUG 08-14 23:23:57 replica.py:171] complete_request_decode:num_saved_toekens=720
DEBUG 08-14 23:23:57 open_ai.py:452] good request:https://uu722127-b80a-4e3f9d5d.cqa1.seetacloud.com:8443:good,request._id=336,input=125,output=720
DEBUG 08-14 23:23:57 metrics_store.py:131] update_metrics:request_id=336
DEBUG 08-14 23:23:57 shared.py:180] Removed task for request 336 on https://uu722127-b80a-4e3f9d5d.cqa1.seetacloud.com:8443
INFO 08-14 23:23:57 shared.py:299] Adding task for request 358 to replica 3,session_id=358
DEBUG 08-14 23:23:57 replica.py:226] add_request - replica_id=[3], request=358,self.replica_slo_budget-sum_pending_tokens==current_budget:True,1048576-49==1048527
INFO 08-14 23:23:57 open_ai.py:115] async_send_request:request._id=358,session=358,https://uu722127-b80a-4e3f9d5d.cqa1.seetacloud.com:8443
DEBUG 08-14 23:23:57 open_ai.py:335] async_send_request: request finish prefill, 358
INFO 08-14 23:23:57 open_ai.py:352] async_send_request: prefill completed: req=358,replica_id=3
DEBUG 08-14 23:23:57 replica.py:146] complete_request_prefill: replica_id=[3], request=358, current_budget=49,last_prefill_completed_at=30615045.89732167,last_ttft=0.0883
DEBUG 08-14 23:23:57 replica.py:153] complete_request_prefill - replica_id=[3], request=358,self.replica_slo_budget-sum_pending_tokens==current_budget:True,1048576-0==1048576
DEBUG 08-14 23:23:57 replica.py:171] complete_request_decode:num_saved_toekens=432
DEBUG 08-14 23:23:57 open_ai.py:452] good request:https://u722127-b80a-4e3f9d5d.cqa1.seetacloud.com:8443:good,request._id=345,input=84,output=429
DEBUG 08-14 23:23:57 metrics_store.py:131] update_metrics:request_id=345
DEBUG 08-14 23:23:57 shared.py:180] Removed task for request 345 on https://u722127-b80a-4e3f9d5d.cqa1.seetacloud.com:8443
DEBUG 08-14 23:23:57 replica.py:171] complete_request_decode:num_saved_toekens=288
DEBUG 08-14 23:23:57 open_ai.py:452] good request:127.0.0.1:8000:good,request._id=347,input=14,output=287
DEBUG 08-14 23:23:57 metrics_store.py:131] update_metrics:request_id=347
DEBUG 08-14 23:23:57 shared.py:180] Removed task for request 347 on 127.0.0.1:8000
INFO 08-14 23:23:58 shared.py:299] Adding task for request 359 to replica 4,session_id=359
DEBUG 08-14 23:23:58 replica.py:226] add_request - replica_id=[4], request=359,self.replica_slo_budget-sum_pending_tokens==current_budget:True,1048576-56==1048520
INFO 08-14 23:23:58 open_ai.py:115] async_send_request:request._id=359,session=359,https://u722127-8cb5-f6dc13db.nmb1.seetacloud.com:8443
DEBUG 08-14 23:23:58 open_ai.py:335] async_send_request: request finish prefill, 359
INFO 08-14 23:23:58 open_ai.py:352] async_send_request: prefill completed: req=359,replica_id=4
DEBUG 08-14 23:23:58 replica.py:146] complete_request_prefill: replica_id=[4], request=359, current_budget=56,last_prefill_completed_at=30615046.274878,last_ttft=0.0867
DEBUG 08-14 23:23:58 replica.py:153] complete_request_prefill - replica_id=[4], request=359,self.replica_slo_budget-sum_pending_tokens==current_budget:True,1048576-0==1048576
DEBUG 08-14 23:23:58 replica.py:171] complete_request_decode:num_saved_toekens=176
DEBUG 08-14 23:23:58 open_ai.py:452] good request:https://uu722127-b80a-4e3f9d5d.cqa1.seetacloud.com:8443:good,request._id=354,input=141,output=172
DEBUG 08-14 23:23:58 metrics_store.py:131] update_metrics:request_id=354
DEBUG 08-14 23:23:58 shared.py:180] Removed task for request 354 on https://uu722127-b80a-4e3f9d5d.cqa1.seetacloud.com:8443
INFO 08-14 23:23:58 shared.py:299] Adding task for request 360 to replica 1,session_id=360
DEBUG 08-14 23:23:58 replica.py:226] add_request - replica_id=[1], request=360,self.replica_slo_budget-sum_pending_tokens==current_budget:True,1048576-47==1048529
INFO 08-14 23:23:58 open_ai.py:115] async_send_request:request._id=360,session=360,127.0.0.1:8001
DEBUG 08-14 23:23:58 open_ai.py:335] async_send_request: request finish prefill, 360
INFO 08-14 23:23:58 open_ai.py:352] async_send_request: prefill completed: req=360,replica_id=1
DEBUG 08-14 23:23:58 replica.py:146] complete_request_prefill: replica_id=[1], request=360, current_budget=47,last_prefill_completed_at=30615046.624274317,last_ttft=0.073
DEBUG 08-14 23:23:58 replica.py:153] complete_request_prefill - replica_id=[1], request=360,self.replica_slo_budget-sum_pending_tokens==current_budget:True,1048576-0==1048576
DEBUG 08-14 23:23:58 replica.py:171] complete_request_decode:num_saved_toekens=784
DEBUG 08-14 23:23:58 open_ai.py:452] good request:https://u722127-b80a-4e3f9d5d.cqa1.seetacloud.com:8443:good,request._id=337,input=348,output=776
DEBUG 08-14 23:23:58 metrics_store.py:131] update_metrics:request_id=337
DEBUG 08-14 23:23:58 shared.py:180] Removed task for request 337 on https://u722127-b80a-4e3f9d5d.cqa1.seetacloud.com:8443
INFO 08-14 23:23:58 shared.py:299] Adding task for request 361 to replica 2,session_id=361
DEBUG 08-14 23:23:58 replica.py:226] add_request - replica_id=[2], request=361,self.replica_slo_budget-sum_pending_tokens==current_budget:True,1048576-33==1048543
INFO 08-14 23:23:58 open_ai.py:115] async_send_request:request._id=361,session=361,https://u722127-b80a-4e3f9d5d.cqa1.seetacloud.com:8443
DEBUG 08-14 23:23:58 replica.py:171] complete_request_decode:num_saved_toekens=32
DEBUG 08-14 23:23:58 open_ai.py:452] good request:127.0.0.1:8001:good,request._id=360,input=47,output=24
DEBUG 08-14 23:23:58 metrics_store.py:131] update_metrics:request_id=360
DEBUG 08-14 23:23:58 shared.py:180] Removed task for request 360 on 127.0.0.1:8001
DEBUG 08-14 23:23:58 open_ai.py:335] async_send_request: request finish prefill, 361
INFO 08-14 23:23:58 open_ai.py:352] async_send_request: prefill completed: req=361,replica_id=2
DEBUG 08-14 23:23:58 replica.py:146] complete_request_prefill: replica_id=[2], request=361, current_budget=33,last_prefill_completed_at=30615047.04681612,last_ttft=0.0938
DEBUG 08-14 23:23:58 replica.py:153] complete_request_prefill - replica_id=[2], request=361,self.replica_slo_budget-sum_pending_tokens==current_budget:True,1048576-0==1048576
DEBUG 08-14 23:23:59 replica.py:171] complete_request_decode:num_saved_toekens=16
DEBUG 08-14 23:23:59 open_ai.py:452] good request:https://u722127-b80a-4e3f9d5d.cqa1.seetacloud.com:8443:good,request._id=361,input=33,output=19
DEBUG 08-14 23:23:59 metrics_store.py:131] update_metrics:request_id=361
DEBUG 08-14 23:23:59 shared.py:180] Removed task for request 361 on https://u722127-b80a-4e3f9d5d.cqa1.seetacloud.com:8443
DEBUG 08-14 23:23:59 replica.py:171] complete_request_decode:num_saved_toekens=144
DEBUG 08-14 23:23:59 open_ai.py:452] good request:https://u722127-b80a-4e3f9d5d.cqa1.seetacloud.com:8443:good,request._id=357,input=57,output=146
DEBUG 08-14 23:23:59 metrics_store.py:131] update_metrics:request_id=357
DEBUG 08-14 23:23:59 shared.py:180] Removed task for request 357 on https://u722127-b80a-4e3f9d5d.cqa1.seetacloud.com:8443
DEBUG 08-14 23:23:59 replica.py:171] complete_request_decode:num_saved_toekens=448
DEBUG 08-14 23:23:59 open_ai.py:452] good request:127.0.0.1:8001:good,request._id=344,input=87,output=455
DEBUG 08-14 23:23:59 metrics_store.py:131] update_metrics:request_id=344
DEBUG 08-14 23:23:59 shared.py:180] Removed task for request 344 on 127.0.0.1:8001
INFO 08-14 23:23:59 shared.py:299] Adding task for request 362 to replica 3,session_id=362
DEBUG 08-14 23:23:59 replica.py:226] add_request - replica_id=[3], request=362,self.replica_slo_budget-sum_pending_tokens==current_budget:True,1048576-21==1048555
INFO 08-14 23:23:59 open_ai.py:115] async_send_request:request._id=362,session=362,https://uu722127-b80a-4e3f9d5d.cqa1.seetacloud.com:8443
DEBUG 08-14 23:23:59 open_ai.py:335] async_send_request: request finish prefill, 362
INFO 08-14 23:23:59 open_ai.py:352] async_send_request: prefill completed: req=362,replica_id=3
DEBUG 08-14 23:23:59 replica.py:146] complete_request_prefill: replica_id=[3], request=362, current_budget=21,last_prefill_completed_at=30615047.448478162,last_ttft=0.0863
DEBUG 08-14 23:23:59 replica.py:153] complete_request_prefill - replica_id=[3], request=362,self.replica_slo_budget-sum_pending_tokens==current_budget:True,1048576-0==1048576
DEBUG 08-14 23:23:59 replica.py:171] complete_request_decode:num_saved_toekens=16
DEBUG 08-14 23:23:59 open_ai.py:452] good request:https://uu722127-b80a-4e3f9d5d.cqa1.seetacloud.com:8443:good,request._id=362,input=21,output=19
DEBUG 08-14 23:23:59 metrics_store.py:131] update_metrics:request_id=362
DEBUG 08-14 23:23:59 shared.py:180] Removed task for request 362 on https://uu722127-b80a-4e3f9d5d.cqa1.seetacloud.com:8443
INFO 08-14 23:23:59 shared.py:299] Adding task for request 363 to replica 0,session_id=363
DEBUG 08-14 23:23:59 replica.py:226] add_request - replica_id=[0], request=363,self.replica_slo_budget-sum_pending_tokens==current_budget:True,1048576-676==1047900
INFO 08-14 23:23:59 open_ai.py:115] async_send_request:request._id=363,session=363,127.0.0.1:8000
DEBUG 08-14 23:23:59 open_ai.py:335] async_send_request: request finish prefill, 363
INFO 08-14 23:23:59 open_ai.py:352] async_send_request: prefill completed: req=363,replica_id=0
DEBUG 08-14 23:23:59 replica.py:146] complete_request_prefill: replica_id=[0], request=363, current_budget=676,last_prefill_completed_at=30615047.815574512,last_ttft=0.0643
DEBUG 08-14 23:23:59 replica.py:153] complete_request_prefill - replica_id=[0], request=363,self.replica_slo_budget-sum_pending_tokens==current_budget:True,1048576-0==1048576
INFO 08-14 23:24:00 shared.py:299] Adding task for request 364 to replica 3,session_id=364
DEBUG 08-14 23:24:00 replica.py:226] add_request - replica_id=[3], request=364,self.replica_slo_budget-sum_pending_tokens==current_budget:True,1048576-60==1048516
INFO 08-14 23:24:00 open_ai.py:115] async_send_request:request._id=364,session=364,https://uu722127-b80a-4e3f9d5d.cqa1.seetacloud.com:8443
DEBUG 08-14 23:24:00 open_ai.py:335] async_send_request: request finish prefill, 364
INFO 08-14 23:24:00 open_ai.py:352] async_send_request: prefill completed: req=364,replica_id=3
DEBUG 08-14 23:24:00 replica.py:146] complete_request_prefill: replica_id=[3], request=364, current_budget=60,last_prefill_completed_at=30615048.240968656,last_ttft=0.0869
DEBUG 08-14 23:24:00 replica.py:153] complete_request_prefill - replica_id=[3], request=364,self.replica_slo_budget-sum_pending_tokens==current_budget:True,1048576-0==1048576
INFO 08-14 23:24:00 shared.py:299] Adding task for request 365 to replica 2,session_id=365
DEBUG 08-14 23:24:00 replica.py:226] add_request - replica_id=[2], request=365,self.replica_slo_budget-sum_pending_tokens==current_budget:True,1048576-84==1048492
INFO 08-14 23:24:00 open_ai.py:115] async_send_request:request._id=365,session=365,https://u722127-b80a-4e3f9d5d.cqa1.seetacloud.com:8443
DEBUG 08-14 23:24:00 open_ai.py:335] async_send_request: request finish prefill, 365
INFO 08-14 23:24:00 open_ai.py:352] async_send_request: prefill completed: req=365,replica_id=2
DEBUG 08-14 23:24:00 replica.py:146] complete_request_prefill: replica_id=[2], request=365, current_budget=84,last_prefill_completed_at=30615048.619053777,last_ttft=0.085
DEBUG 08-14 23:24:00 replica.py:153] complete_request_prefill - replica_id=[2], request=365,self.replica_slo_budget-sum_pending_tokens==current_budget:True,1048576-0==1048576
DEBUG 08-14 23:24:00 replica.py:171] complete_request_decode:num_saved_toekens=48
DEBUG 08-14 23:24:00 open_ai.py:452] good request:https://uu722127-b80a-4e3f9d5d.cqa1.seetacloud.com:8443:good,request._id=364,input=60,output=41
DEBUG 08-14 23:24:00 metrics_store.py:131] update_metrics:request_id=364
DEBUG 08-14 23:24:00 shared.py:180] Removed task for request 364 on https://uu722127-b80a-4e3f9d5d.cqa1.seetacloud.com:8443
INFO 08-14 23:24:00 shared.py:299] Adding task for request 366 to replica 3,session_id=366
DEBUG 08-14 23:24:00 replica.py:226] add_request - replica_id=[3], request=366,self.replica_slo_budget-sum_pending_tokens==current_budget:True,1048576-85==1048491
INFO 08-14 23:24:00 open_ai.py:115] async_send_request:request._id=366,session=366,https://uu722127-b80a-4e3f9d5d.cqa1.seetacloud.com:8443
DEBUG 08-14 23:24:00 open_ai.py:335] async_send_request: request finish prefill, 366
INFO 08-14 23:24:00 open_ai.py:352] async_send_request: prefill completed: req=366,replica_id=3
DEBUG 08-14 23:24:00 replica.py:146] complete_request_prefill: replica_id=[3], request=366, current_budget=85,last_prefill_completed_at=30615049.02466387,last_ttft=0.0865
DEBUG 08-14 23:24:00 replica.py:153] complete_request_prefill - replica_id=[3], request=366,self.replica_slo_budget-sum_pending_tokens==current_budget:True,1048576-0==1048576
DEBUG 08-14 23:24:01 replica.py:171] complete_request_decode:num_saved_toekens=272
DEBUG 08-14 23:24:01 open_ai.py:452] good request:https://uu722127-b80a-4e3f9d5d.cqa1.seetacloud.com:8443:good,request._id=358,input=49,output=286
DEBUG 08-14 23:24:01 metrics_store.py:131] update_metrics:request_id=358
DEBUG 08-14 23:24:01 shared.py:180] Removed task for request 358 on https://uu722127-b80a-4e3f9d5d.cqa1.seetacloud.com:8443
INFO 08-14 23:24:01 shared.py:299] Adding task for request 367 to replica 3,session_id=367
DEBUG 08-14 23:24:01 replica.py:226] add_request - replica_id=[3], request=367,self.replica_slo_budget-sum_pending_tokens==current_budget:True,1048576-68==1048508
INFO 08-14 23:24:01 open_ai.py:115] async_send_request:request._id=367,session=367,https://uu722127-b80a-4e3f9d5d.cqa1.seetacloud.com:8443
DEBUG 08-14 23:24:01 open_ai.py:335] async_send_request: request finish prefill, 367
INFO 08-14 23:24:01 open_ai.py:352] async_send_request: prefill completed: req=367,replica_id=3
DEBUG 08-14 23:24:01 replica.py:146] complete_request_prefill: replica_id=[3], request=367, current_budget=68,last_prefill_completed_at=30615049.406944744,last_ttft=0.0909
DEBUG 08-14 23:24:01 replica.py:153] complete_request_prefill - replica_id=[3], request=367,self.replica_slo_budget-sum_pending_tokens==current_budget:True,1048576-0==1048576
DEBUG 08-14 23:24:01 replica.py:171] complete_request_decode:num_saved_toekens=16
DEBUG 08-14 23:24:01 open_ai.py:452] good request:https://uu722127-b80a-4e3f9d5d.cqa1.seetacloud.com:8443:good,request._id=367,input=68,output=19
DEBUG 08-14 23:24:01 metrics_store.py:131] update_metrics:request_id=367
DEBUG 08-14 23:24:01 shared.py:180] Removed task for request 367 on https://uu722127-b80a-4e3f9d5d.cqa1.seetacloud.com:8443
DEBUG 08-14 23:24:01 replica.py:171] complete_request_decode:num_saved_toekens=512
DEBUG 08-14 23:24:01 open_ai.py:452] good request:https://u722127-b80a-4e3f9d5d.cqa1.seetacloud.com:8443:good,request._id=352,input=21,output=512
DEBUG 08-14 23:24:01 metrics_store.py:131] update_metrics:request_id=352
DEBUG 08-14 23:24:01 shared.py:180] Removed task for request 352 on https://u722127-b80a-4e3f9d5d.cqa1.seetacloud.com:8443
INFO 08-14 23:24:01 shared.py:299] Adding task for request 368 to replica 2,session_id=368
DEBUG 08-14 23:24:01 replica.py:226] add_request - replica_id=[2], request=368,self.replica_slo_budget-sum_pending_tokens==current_budget:True,1048576-45==1048531
INFO 08-14 23:24:01 open_ai.py:115] async_send_request:request._id=368,session=368,https://u722127-b80a-4e3f9d5d.cqa1.seetacloud.com:8443
DEBUG 08-14 23:24:01 open_ai.py:335] async_send_request: request finish prefill, 368
INFO 08-14 23:24:01 open_ai.py:352] async_send_request: prefill completed: req=368,replica_id=2
DEBUG 08-14 23:24:01 replica.py:146] complete_request_prefill: replica_id=[2], request=368, current_budget=45,last_prefill_completed_at=30615049.843922943,last_ttft=0.0849
DEBUG 08-14 23:24:01 replica.py:153] complete_request_prefill - replica_id=[2], request=368,self.replica_slo_budget-sum_pending_tokens==current_budget:True,1048576-0==1048576
DEBUG 08-14 23:24:01 replica.py:171] complete_request_decode:num_saved_toekens=64
DEBUG 08-14 23:24:01 open_ai.py:452] good request:https://uu722127-b80a-4e3f9d5d.cqa1.seetacloud.com:8443:good,request._id=366,input=85,output=73
DEBUG 08-14 23:24:01 metrics_store.py:131] update_metrics:request_id=366
DEBUG 08-14 23:24:01 shared.py:180] Removed task for request 366 on https://uu722127-b80a-4e3f9d5d.cqa1.seetacloud.com:8443
DEBUG 08-14 23:24:01 replica.py:171] complete_request_decode:num_saved_toekens=1024
DEBUG 08-14 23:24:01 open_ai.py:452] good request:https://u722127-8cb5-f6dc13db.nmb1.seetacloud.com:8443:good,request._id=306,input=5768,output=1025
DEBUG 08-14 23:24:01 metrics_store.py:131] update_metrics:request_id=306
DEBUG 08-14 23:24:01 shared.py:180] Removed task for request 306 on https://u722127-8cb5-f6dc13db.nmb1.seetacloud.com:8443
INFO 08-14 23:24:02 shared.py:299] Adding task for request 369 to replica 2,session_id=369
DEBUG 08-14 23:24:02 replica.py:226] add_request - replica_id=[2], request=369,self.replica_slo_budget-sum_pending_tokens==current_budget:True,1048576-132==1048444
INFO 08-14 23:24:02 open_ai.py:115] async_send_request:request._id=369,session=369,https://u722127-b80a-4e3f9d5d.cqa1.seetacloud.com:8443
DEBUG 08-14 23:24:02 open_ai.py:335] async_send_request: request finish prefill, 369
INFO 08-14 23:24:02 open_ai.py:352] async_send_request: prefill completed: req=369,replica_id=2
DEBUG 08-14 23:24:02 replica.py:146] complete_request_prefill: replica_id=[2], request=369, current_budget=132,last_prefill_completed_at=30615050.248192538,last_ttft=0.0918
DEBUG 08-14 23:24:02 replica.py:153] complete_request_prefill - replica_id=[2], request=369,self.replica_slo_budget-sum_pending_tokens==current_budget:True,1048576-0==1048576
INFO 08-14 23:24:02 shared.py:299] Adding task for request 370 to replica 3,session_id=370
DEBUG 08-14 23:24:02 replica.py:226] add_request - replica_id=[3], request=370,self.replica_slo_budget-sum_pending_tokens==current_budget:True,1048576-49==1048527
INFO 08-14 23:24:02 open_ai.py:115] async_send_request:request._id=370,session=370,https://uu722127-b80a-4e3f9d5d.cqa1.seetacloud.com:8443
DEBUG 08-14 23:24:02 open_ai.py:335] async_send_request: request finish prefill, 370
INFO 08-14 23:24:02 open_ai.py:352] async_send_request: prefill completed: req=370,replica_id=3
DEBUG 08-14 23:24:02 replica.py:146] complete_request_prefill: replica_id=[3], request=370, current_budget=49,last_prefill_completed_at=30615050.705372386,last_ttft=0.1093
DEBUG 08-14 23:24:02 replica.py:153] complete_request_prefill - replica_id=[3], request=370,self.replica_slo_budget-sum_pending_tokens==current_budget:True,1048576-0==1048576
DEBUG 08-14 23:24:02 replica.py:171] complete_request_decode:num_saved_toekens=96
DEBUG 08-14 23:24:02 open_ai.py:452] good request:https://u722127-b80a-4e3f9d5d.cqa1.seetacloud.com:8443:good,request._id=368,input=45,output=95
DEBUG 08-14 23:24:02 metrics_store.py:131] update_metrics:request_id=368
DEBUG 08-14 23:24:02 shared.py:180] Removed task for request 368 on https://u722127-b80a-4e3f9d5d.cqa1.seetacloud.com:8443
INFO 08-14 23:24:02 shared.py:299] Adding task for request 371 to replica 3,session_id=371
DEBUG 08-14 23:24:02 replica.py:226] add_request - replica_id=[3], request=371,self.replica_slo_budget-sum_pending_tokens==current_budget:True,1048576-18==1048558
INFO 08-14 23:24:02 open_ai.py:115] async_send_request:request._id=371,session=371,https://uu722127-b80a-4e3f9d5d.cqa1.seetacloud.com:8443
DEBUG 08-14 23:24:03 open_ai.py:335] async_send_request: request finish prefill, 371
INFO 08-14 23:24:03 open_ai.py:352] async_send_request: prefill completed: req=371,replica_id=3
DEBUG 08-14 23:24:03 replica.py:146] complete_request_prefill: replica_id=[3], request=371, current_budget=18,last_prefill_completed_at=30615051.149295446,last_ttft=0.0922
DEBUG 08-14 23:24:03 replica.py:153] complete_request_prefill - replica_id=[3], request=371,self.replica_slo_budget-sum_pending_tokens==current_budget:True,1048576-0==1048576
INFO 08-14 23:24:03 shared.py:299] Adding task for request 372 to replica 2,session_id=372
DEBUG 08-14 23:24:03 replica.py:226] add_request - replica_id=[2], request=372,self.replica_slo_budget-sum_pending_tokens==current_budget:True,1048576-61==1048515
INFO 08-14 23:24:03 open_ai.py:115] async_send_request:request._id=372,session=372,https://u722127-b80a-4e3f9d5d.cqa1.seetacloud.com:8443
DEBUG 08-14 23:24:03 open_ai.py:335] async_send_request: request finish prefill, 372
INFO 08-14 23:24:03 open_ai.py:352] async_send_request: prefill completed: req=372,replica_id=2
DEBUG 08-14 23:24:03 replica.py:146] complete_request_prefill: replica_id=[2], request=372, current_budget=61,last_prefill_completed_at=30615051.563220203,last_ttft=0.0881
DEBUG 08-14 23:24:03 replica.py:153] complete_request_prefill - replica_id=[2], request=372,self.replica_slo_budget-sum_pending_tokens==current_budget:True,1048576-0==1048576
INFO 08-14 23:24:03 shared.py:299] Adding task for request 373 to replica 2,session_id=373
DEBUG 08-14 23:24:03 replica.py:226] add_request - replica_id=[2], request=373,self.replica_slo_budget-sum_pending_tokens==current_budget:True,1048576-36==1048540
INFO 08-14 23:24:03 open_ai.py:115] async_send_request:request._id=373,session=373,https://u722127-b80a-4e3f9d5d.cqa1.seetacloud.com:8443
DEBUG 08-14 23:24:03 open_ai.py:335] async_send_request: request finish prefill, 373
INFO 08-14 23:24:03 open_ai.py:352] async_send_request: prefill completed: req=373,replica_id=2
DEBUG 08-14 23:24:03 replica.py:146] complete_request_prefill: replica_id=[2], request=373, current_budget=36,last_prefill_completed_at=30615051.98150201,last_ttft=0.1024
DEBUG 08-14 23:24:03 replica.py:153] complete_request_prefill - replica_id=[2], request=373,self.replica_slo_budget-sum_pending_tokens==current_budget:True,1048576-0==1048576
DEBUG 08-14 23:24:03 replica.py:171] complete_request_decode:num_saved_toekens=544
DEBUG 08-14 23:24:03 open_ai.py:452] good request:127.0.0.1:8000:good,request._id=350,input=389,output=547
DEBUG 08-14 23:24:03 metrics_store.py:131] update_metrics:request_id=350
DEBUG 08-14 23:24:03 shared.py:180] Removed task for request 350 on 127.0.0.1:8000
INFO 08-14 23:24:04 shared.py:299] Adding task for request 374 to replica 1,session_id=374
DEBUG 08-14 23:24:04 replica.py:226] add_request - replica_id=[1], request=374,self.replica_slo_budget-sum_pending_tokens==current_budget:True,1048576-247==1048329
INFO 08-14 23:24:04 open_ai.py:115] async_send_request:request._id=374,session=374,127.0.0.1:8001
DEBUG 08-14 23:24:04 replica.py:171] complete_request_decode:num_saved_toekens=432
DEBUG 08-14 23:24:04 open_ai.py:452] good request:127.0.0.1:8000:good,request._id=355,input=36,output=436
DEBUG 08-14 23:24:04 metrics_store.py:131] update_metrics:request_id=355
DEBUG 08-14 23:24:04 shared.py:180] Removed task for request 355 on 127.0.0.1:8000
DEBUG 08-14 23:24:04 open_ai.py:335] async_send_request: request finish prefill, 374
INFO 08-14 23:24:04 open_ai.py:352] async_send_request: prefill completed: req=374,replica_id=1
DEBUG 08-14 23:24:04 replica.py:146] complete_request_prefill: replica_id=[1], request=374, current_budget=247,last_prefill_completed_at=30615052.298627567,last_ttft=0.0524
DEBUG 08-14 23:24:04 replica.py:153] complete_request_prefill - replica_id=[1], request=374,self.replica_slo_budget-sum_pending_tokens==current_budget:True,1048576-0==1048576
INFO 08-14 23:24:04 shared.py:299] Adding task for request 375 to replica 0,session_id=375
DEBUG 08-14 23:24:04 replica.py:226] add_request - replica_id=[0], request=375,self.replica_slo_budget-sum_pending_tokens==current_budget:True,1048576-68==1048508
INFO 08-14 23:24:04 open_ai.py:115] async_send_request:request._id=375,session=375,127.0.0.1:8000
DEBUG 08-14 23:24:04 open_ai.py:335] async_send_request: request finish prefill, 375
INFO 08-14 23:24:04 open_ai.py:352] async_send_request: prefill completed: req=375,replica_id=0
DEBUG 08-14 23:24:04 replica.py:146] complete_request_prefill: replica_id=[0], request=375, current_budget=68,last_prefill_completed_at=30615052.67598214,last_ttft=0.0489
DEBUG 08-14 23:24:04 replica.py:153] complete_request_prefill - replica_id=[0], request=375,self.replica_slo_budget-sum_pending_tokens==current_budget:True,1048576-0==1048576
INFO 08-14 23:24:04 shared.py:299] Adding task for request 376 to replica 2,session_id=376
DEBUG 08-14 23:24:04 replica.py:226] add_request - replica_id=[2], request=376,self.replica_slo_budget-sum_pending_tokens==current_budget:True,1048576-177==1048399
INFO 08-14 23:24:04 open_ai.py:115] async_send_request:request._id=376,session=376,https://u722127-b80a-4e3f9d5d.cqa1.seetacloud.com:8443
DEBUG 08-14 23:24:05 open_ai.py:335] async_send_request: request finish prefill, 376
INFO 08-14 23:24:05 open_ai.py:352] async_send_request: prefill completed: req=376,replica_id=2
DEBUG 08-14 23:24:05 replica.py:146] complete_request_prefill: replica_id=[2], request=376, current_budget=177,last_prefill_completed_at=30615053.188131485,last_ttft=0.1808
DEBUG 08-14 23:24:05 replica.py:153] complete_request_prefill - replica_id=[2], request=376,self.replica_slo_budget-sum_pending_tokens==current_budget:True,1048576-0==1048576
INFO 08-14 23:24:05 shared.py:299] Adding task for request 377 to replica 0,session_id=377
DEBUG 08-14 23:24:05 replica.py:226] add_request - replica_id=[0], request=377,self.replica_slo_budget-sum_pending_tokens==current_budget:True,1048576-73==1048503
INFO 08-14 23:24:05 open_ai.py:115] async_send_request:request._id=377,session=377,127.0.0.1:8000
DEBUG 08-14 23:24:05 open_ai.py:335] async_send_request: request finish prefill, 377
INFO 08-14 23:24:05 open_ai.py:352] async_send_request: prefill completed: req=377,replica_id=0
DEBUG 08-14 23:24:05 replica.py:146] complete_request_prefill: replica_id=[0], request=377, current_budget=73,last_prefill_completed_at=30615053.455459893,last_ttft=0.0403
DEBUG 08-14 23:24:05 replica.py:153] complete_request_prefill - replica_id=[0], request=377,self.replica_slo_budget-sum_pending_tokens==current_budget:True,1048576-0==1048576
DEBUG 08-14 23:24:05 replica.py:171] complete_request_decode:num_saved_toekens=688
DEBUG 08-14 23:24:05 open_ai.py:452] good request:https://u722127-b80a-4e3f9d5d.cqa1.seetacloud.com:8443:good,request._id=356,input=18,output=689
DEBUG 08-14 23:24:05 metrics_store.py:131] update_metrics:request_id=356
DEBUG 08-14 23:24:05 shared.py:180] Removed task for request 356 on https://u722127-b80a-4e3f9d5d.cqa1.seetacloud.com:8443
DEBUG 08-14 23:24:05 replica.py:171] complete_request_decode:num_saved_toekens=16
DEBUG 08-14 23:24:05 open_ai.py:452] good request:127.0.0.1:8000:good,request._id=377,input=73,output=7
DEBUG 08-14 23:24:05 metrics_store.py:131] update_metrics:request_id=377
DEBUG 08-14 23:24:05 shared.py:180] Removed task for request 377 on 127.0.0.1:8000
DEBUG 08-14 23:24:05 replica.py:171] complete_request_decode:num_saved_toekens=1024
DEBUG 08-14 23:24:05 open_ai.py:452] good request:127.0.0.1:8001:good,request._id=338,input=27,output=1025
DEBUG 08-14 23:24:05 metrics_store.py:131] update_metrics:request_id=338
DEBUG 08-14 23:24:05 shared.py:180] Removed task for request 338 on 127.0.0.1:8001
INFO 08-14 23:24:05 shared.py:299] Adding task for request 378 to replica 3,session_id=378
DEBUG 08-14 23:24:05 replica.py:226] add_request - replica_id=[3], request=378,self.replica_slo_budget-sum_pending_tokens==current_budget:True,1048576-46==1048530
INFO 08-14 23:24:05 open_ai.py:115] async_send_request:request._id=378,session=378,https://uu722127-b80a-4e3f9d5d.cqa1.seetacloud.com:8443
DEBUG 08-14 23:24:05 open_ai.py:335] async_send_request: request finish prefill, 378
INFO 08-14 23:24:05 open_ai.py:352] async_send_request: prefill completed: req=378,replica_id=3
DEBUG 08-14 23:24:05 replica.py:146] complete_request_prefill: replica_id=[3], request=378, current_budget=46,last_prefill_completed_at=30615053.899659347,last_ttft=0.0956
DEBUG 08-14 23:24:05 replica.py:153] complete_request_prefill - replica_id=[3], request=378,self.replica_slo_budget-sum_pending_tokens==current_budget:True,1048576-0==1048576
DEBUG 08-14 23:24:05 replica.py:171] complete_request_decode:num_saved_toekens=432
DEBUG 08-14 23:24:05 open_ai.py:452] good request:https://u722127-b80a-4e3f9d5d.cqa1.seetacloud.com:8443:good,request._id=365,input=84,output=431
DEBUG 08-14 23:24:05 metrics_store.py:131] update_metrics:request_id=365
DEBUG 08-14 23:24:05 shared.py:180] Removed task for request 365 on https://u722127-b80a-4e3f9d5d.cqa1.seetacloud.com:8443
DEBUG 08-14 23:24:05 replica.py:171] complete_request_decode:num_saved_toekens=304
DEBUG 08-14 23:24:05 open_ai.py:452] good request:https://u722127-b80a-4e3f9d5d.cqa1.seetacloud.com:8443:good,request._id=369,input=132,output=304
DEBUG 08-14 23:24:05 metrics_store.py:131] update_metrics:request_id=369
DEBUG 08-14 23:24:05 shared.py:180] Removed task for request 369 on https://u722127-b80a-4e3f9d5d.cqa1.seetacloud.com:8443
DEBUG 08-14 23:24:06 replica.py:171] complete_request_decode:num_saved_toekens=176
DEBUG 08-14 23:24:06 open_ai.py:452] good request:https://u722127-b80a-4e3f9d5d.cqa1.seetacloud.com:8443:good,request._id=373,input=36,output=176
DEBUG 08-14 23:24:06 metrics_store.py:131] update_metrics:request_id=373
DEBUG 08-14 23:24:06 shared.py:180] Removed task for request 373 on https://u722127-b80a-4e3f9d5d.cqa1.seetacloud.com:8443
INFO 08-14 23:24:06 shared.py:299] Adding task for request 379 to replica 2,session_id=379
DEBUG 08-14 23:24:06 replica.py:226] add_request - replica_id=[2], request=379,self.replica_slo_budget-sum_pending_tokens==current_budget:True,1048576-17==1048559
INFO 08-14 23:24:06 open_ai.py:115] async_send_request:request._id=379,session=379,https://u722127-b80a-4e3f9d5d.cqa1.seetacloud.com:8443
DEBUG 08-14 23:24:06 replica.py:171] complete_request_decode:num_saved_toekens=32
DEBUG 08-14 23:24:06 open_ai.py:452] good request:https://uu722127-b80a-4e3f9d5d.cqa1.seetacloud.com:8443:good,request._id=378,input=46,output=31
DEBUG 08-14 23:24:06 metrics_store.py:131] update_metrics:request_id=378
DEBUG 08-14 23:24:06 shared.py:180] Removed task for request 378 on https://uu722127-b80a-4e3f9d5d.cqa1.seetacloud.com:8443
DEBUG 08-14 23:24:06 open_ai.py:335] async_send_request: request finish prefill, 379
INFO 08-14 23:24:06 open_ai.py:352] async_send_request: prefill completed: req=379,replica_id=2
DEBUG 08-14 23:24:06 replica.py:146] complete_request_prefill: replica_id=[2], request=379, current_budget=17,last_prefill_completed_at=30615054.299798083,last_ttft=0.0863
DEBUG 08-14 23:24:06 replica.py:153] complete_request_prefill - replica_id=[2], request=379,self.replica_slo_budget-sum_pending_tokens==current_budget:True,1048576-0==1048576
DEBUG 08-14 23:24:06 replica.py:171] complete_request_decode:num_saved_toekens=112
DEBUG 08-14 23:24:06 open_ai.py:452] good request:https://u722127-b80a-4e3f9d5d.cqa1.seetacloud.com:8443:good,request._id=376,input=177,output=116
DEBUG 08-14 23:24:06 metrics_store.py:131] update_metrics:request_id=376
DEBUG 08-14 23:24:06 shared.py:180] Removed task for request 376 on https://u722127-b80a-4e3f9d5d.cqa1.seetacloud.com:8443
INFO 08-14 23:24:06 shared.py:299] Adding task for request 380 to replica 3,session_id=380
DEBUG 08-14 23:24:06 replica.py:226] add_request - replica_id=[3], request=380,self.replica_slo_budget-sum_pending_tokens==current_budget:True,1048576-39==1048537
INFO 08-14 23:24:06 open_ai.py:115] async_send_request:request._id=380,session=380,https://uu722127-b80a-4e3f9d5d.cqa1.seetacloud.com:8443
DEBUG 08-14 23:24:06 open_ai.py:335] async_send_request: request finish prefill, 380
INFO 08-14 23:24:06 open_ai.py:352] async_send_request: prefill completed: req=380,replica_id=3
DEBUG 08-14 23:24:06 replica.py:146] complete_request_prefill: replica_id=[3], request=380, current_budget=39,last_prefill_completed_at=30615054.742941696,last_ttft=0.1082
DEBUG 08-14 23:24:06 replica.py:153] complete_request_prefill - replica_id=[3], request=380,self.replica_slo_budget-sum_pending_tokens==current_budget:True,1048576-0==1048576
INFO 08-14 23:24:06 shared.py:299] Adding task for request 381 to replica 1,session_id=381
DEBUG 08-14 23:24:06 replica.py:226] add_request - replica_id=[1], request=381,self.replica_slo_budget-sum_pending_tokens==current_budget:True,1048576-69==1048507
INFO 08-14 23:24:06 open_ai.py:115] async_send_request:request._id=381,session=381,127.0.0.1:8001
DEBUG 08-14 23:24:06 replica.py:171] complete_request_decode:num_saved_toekens=448
DEBUG 08-14 23:24:06 open_ai.py:452] good request:https://u722127-8cb5-f6dc13db.nmb1.seetacloud.com:8443:good,request._id=353,input=85,output=456
DEBUG 08-14 23:24:06 metrics_store.py:131] update_metrics:request_id=353
DEBUG 08-14 23:24:06 shared.py:180] Removed task for request 353 on https://u722127-8cb5-f6dc13db.nmb1.seetacloud.com:8443
DEBUG 08-14 23:24:06 open_ai.py:335] async_send_request: request finish prefill, 381
INFO 08-14 23:24:06 open_ai.py:352] async_send_request: prefill completed: req=381,replica_id=1
DEBUG 08-14 23:24:06 replica.py:146] complete_request_prefill: replica_id=[1], request=381, current_budget=69,last_prefill_completed_at=30615055.08726504,last_ttft=0.0553
DEBUG 08-14 23:24:06 replica.py:153] complete_request_prefill - replica_id=[1], request=381,self.replica_slo_budget-sum_pending_tokens==current_budget:True,1048576-0==1048576
INFO 08-14 23:24:07 shared.py:299] Adding task for request 382 to replica 4,session_id=382
DEBUG 08-14 23:24:07 replica.py:226] add_request - replica_id=[4], request=382,self.replica_slo_budget-sum_pending_tokens==current_budget:True,1048576-62==1048514
INFO 08-14 23:24:07 open_ai.py:115] async_send_request:request._id=382,session=382,https://u722127-8cb5-f6dc13db.nmb1.seetacloud.com:8443
DEBUG 08-14 23:24:07 open_ai.py:335] async_send_request: request finish prefill, 382
INFO 08-14 23:24:07 open_ai.py:352] async_send_request: prefill completed: req=382,replica_id=4
DEBUG 08-14 23:24:07 replica.py:146] complete_request_prefill: replica_id=[4], request=382, current_budget=62,last_prefill_completed_at=30615055.528715193,last_ttft=0.0986
DEBUG 08-14 23:24:07 replica.py:153] complete_request_prefill - replica_id=[4], request=382,self.replica_slo_budget-sum_pending_tokens==current_budget:True,1048576-0==1048576
DEBUG 08-14 23:24:07 replica.py:171] complete_request_decode:num_saved_toekens=16
DEBUG 08-14 23:24:07 open_ai.py:452] good request:https://u722127-8cb5-f6dc13db.nmb1.seetacloud.com:8443:good,request._id=382,input=62,output=2
DEBUG 08-14 23:24:07 metrics_store.py:131] update_metrics:request_id=382
DEBUG 08-14 23:24:07 shared.py:180] Removed task for request 382 on https://u722127-8cb5-f6dc13db.nmb1.seetacloud.com:8443
INFO 08-14 23:24:07 shared.py:299] Adding task for request 383 to replica 0,session_id=383
DEBUG 08-14 23:24:07 replica.py:226] add_request - replica_id=[0], request=383,self.replica_slo_budget-sum_pending_tokens==current_budget:True,1048576-389==1048187
INFO 08-14 23:24:07 open_ai.py:115] async_send_request:request._id=383,session=383,127.0.0.1:8000
DEBUG 08-14 23:24:07 replica.py:171] complete_request_decode:num_saved_toekens=384
DEBUG 08-14 23:24:07 open_ai.py:452] good request:https://u722127-8cb5-f6dc13db.nmb1.seetacloud.com:8443:good,request._id=359,input=56,output=390
DEBUG 08-14 23:24:07 metrics_store.py:131] update_metrics:request_id=359
DEBUG 08-14 23:24:07 shared.py:180] Removed task for request 359 on https://u722127-8cb5-f6dc13db.nmb1.seetacloud.com:8443
DEBUG 08-14 23:24:07 open_ai.py:335] async_send_request: request finish prefill, 383
INFO 08-14 23:24:07 open_ai.py:352] async_send_request: prefill completed: req=383,replica_id=0
DEBUG 08-14 23:24:07 replica.py:146] complete_request_prefill: replica_id=[0], request=383, current_budget=389,last_prefill_completed_at=30615055.882929284,last_ttft=0.0606
DEBUG 08-14 23:24:07 replica.py:153] complete_request_prefill - replica_id=[0], request=383,self.replica_slo_budget-sum_pending_tokens==current_budget:True,1048576-0==1048576
DEBUG 08-14 23:24:08 replica.py:171] complete_request_decode:num_saved_toekens=16
DEBUG 08-14 23:24:08 open_ai.py:452] good request:127.0.0.1:8000:good,request._id=383,input=389,output=19
DEBUG 08-14 23:24:08 metrics_store.py:131] update_metrics:request_id=383
DEBUG 08-14 23:24:08 shared.py:180] Removed task for request 383 on 127.0.0.1:8000
INFO 08-14 23:24:08 shared.py:299] Adding task for request 384 to replica 1,session_id=384
DEBUG 08-14 23:24:08 replica.py:226] add_request - replica_id=[1], request=384,self.replica_slo_budget-sum_pending_tokens==current_budget:True,1048576-39==1048537
INFO 08-14 23:24:08 open_ai.py:115] async_send_request:request._id=384,session=384,127.0.0.1:8001
DEBUG 08-14 23:24:08 open_ai.py:335] async_send_request: request finish prefill, 384
INFO 08-14 23:24:08 open_ai.py:352] async_send_request: prefill completed: req=384,replica_id=1
DEBUG 08-14 23:24:08 replica.py:146] complete_request_prefill: replica_id=[1], request=384, current_budget=39,last_prefill_completed_at=30615056.294375665,last_ttft=0.0552
DEBUG 08-14 23:24:08 replica.py:153] complete_request_prefill - replica_id=[1], request=384,self.replica_slo_budget-sum_pending_tokens==current_budget:True,1048576-0==1048576
DEBUG 08-14 23:24:08 replica.py:171] complete_request_decode:num_saved_toekens=480
DEBUG 08-14 23:24:08 open_ai.py:452] good request:https://uu722127-b80a-4e3f9d5d.cqa1.seetacloud.com:8443:good,request._id=370,input=49,output=485
DEBUG 08-14 23:24:08 metrics_store.py:131] update_metrics:request_id=370
DEBUG 08-14 23:24:08 shared.py:180] Removed task for request 370 on https://uu722127-b80a-4e3f9d5d.cqa1.seetacloud.com:8443
DEBUG 08-14 23:24:08 replica.py:171] complete_request_decode:num_saved_toekens=16
DEBUG 08-14 23:24:08 open_ai.py:452] good request:127.0.0.1:8001:good,request._id=384,input=39,output=19
DEBUG 08-14 23:24:08 metrics_store.py:131] update_metrics:request_id=384
DEBUG 08-14 23:24:08 shared.py:180] Removed task for request 384 on 127.0.0.1:8001
INFO 08-14 23:24:08 shared.py:299] Adding task for request 385 to replica 2,session_id=385
DEBUG 08-14 23:24:08 replica.py:226] add_request - replica_id=[2], request=385,self.replica_slo_budget-sum_pending_tokens==current_budget:True,1048576-32==1048544
INFO 08-14 23:24:08 open_ai.py:115] async_send_request:request._id=385,session=385,https://u722127-b80a-4e3f9d5d.cqa1.seetacloud.com:8443
DEBUG 08-14 23:24:08 replica.py:171] complete_request_decode:num_saved_toekens=1024
DEBUG 08-14 23:24:08 open_ai.py:452] good request:https://u722127-8cb5-f6dc13db.nmb1.seetacloud.com:8443:good,request._id=323,input=33,output=1025
DEBUG 08-14 23:24:08 metrics_store.py:131] update_metrics:request_id=323
DEBUG 08-14 23:24:08 shared.py:180] Removed task for request 323 on https://u722127-8cb5-f6dc13db.nmb1.seetacloud.com:8443
DEBUG 08-14 23:24:08 open_ai.py:335] async_send_request: request finish prefill, 385
INFO 08-14 23:24:08 open_ai.py:352] async_send_request: prefill completed: req=385,replica_id=2
DEBUG 08-14 23:24:08 replica.py:146] complete_request_prefill: replica_id=[2], request=385, current_budget=32,last_prefill_completed_at=30615056.727448784,last_ttft=0.0942
DEBUG 08-14 23:24:08 replica.py:153] complete_request_prefill - replica_id=[2], request=385,self.replica_slo_budget-sum_pending_tokens==current_budget:True,1048576-0==1048576
DEBUG 08-14 23:24:08 replica.py:171] complete_request_decode:num_saved_toekens=0
DEBUG 08-14 23:24:08 open_ai.py:452] good request:https://u722127-b80a-4e3f9d5d.cqa1.seetacloud.com:8443:good,request._id=385,input=32,output=13
DEBUG 08-14 23:24:08 metrics_store.py:131] update_metrics:request_id=385
DEBUG 08-14 23:24:08 shared.py:180] Removed task for request 385 on https://u722127-b80a-4e3f9d5d.cqa1.seetacloud.com:8443
INFO 08-14 23:24:08 shared.py:299] Adding task for request 386 to replica 3,session_id=386
DEBUG 08-14 23:24:08 replica.py:226] add_request - replica_id=[3], request=386,self.replica_slo_budget-sum_pending_tokens==current_budget:True,1048576-35==1048541
INFO 08-14 23:24:08 open_ai.py:115] async_send_request:request._id=386,session=386,https://uu722127-b80a-4e3f9d5d.cqa1.seetacloud.com:8443
DEBUG 08-14 23:24:09 open_ai.py:335] async_send_request: request finish prefill, 386
INFO 08-14 23:24:09 open_ai.py:352] async_send_request: prefill completed: req=386,replica_id=3
DEBUG 08-14 23:24:09 replica.py:146] complete_request_prefill: replica_id=[3], request=386, current_budget=35,last_prefill_completed_at=30615057.169054274,last_ttft=0.0909
DEBUG 08-14 23:24:09 replica.py:153] complete_request_prefill - replica_id=[3], request=386,self.replica_slo_budget-sum_pending_tokens==current_budget:True,1048576-0==1048576
INFO 08-14 23:24:09 shared.py:299] Adding task for request 387 to replica 4,session_id=387
DEBUG 08-14 23:24:09 replica.py:226] add_request - replica_id=[4], request=387,self.replica_slo_budget-sum_pending_tokens==current_budget:True,1048576-22==1048554
INFO 08-14 23:24:09 open_ai.py:115] async_send_request:request._id=387,session=387,https://u722127-8cb5-f6dc13db.nmb1.seetacloud.com:8443
DEBUG 08-14 23:24:09 open_ai.py:335] async_send_request: request finish prefill, 387
INFO 08-14 23:24:09 open_ai.py:352] async_send_request: prefill completed: req=387,replica_id=4
DEBUG 08-14 23:24:09 replica.py:146] complete_request_prefill: replica_id=[4], request=387, current_budget=22,last_prefill_completed_at=30615057.592863847,last_ttft=0.1028
DEBUG 08-14 23:24:09 replica.py:153] complete_request_prefill - replica_id=[4], request=387,self.replica_slo_budget-sum_pending_tokens==current_budget:True,1048576-0==1048576
INFO 08-14 23:24:09 shared.py:299] Adding task for request 388 to replica 2,session_id=388
DEBUG 08-14 23:24:09 replica.py:226] add_request - replica_id=[2], request=388,self.replica_slo_budget-sum_pending_tokens==current_budget:True,1048576-18==1048558
INFO 08-14 23:24:09 open_ai.py:115] async_send_request:request._id=388,session=388,https://u722127-b80a-4e3f9d5d.cqa1.seetacloud.com:8443
DEBUG 08-14 23:24:09 open_ai.py:335] async_send_request: request finish prefill, 388
INFO 08-14 23:24:09 open_ai.py:352] async_send_request: prefill completed: req=388,replica_id=2
DEBUG 08-14 23:24:09 replica.py:146] complete_request_prefill: replica_id=[2], request=388, current_budget=18,last_prefill_completed_at=30615057.950926702,last_ttft=0.0859
DEBUG 08-14 23:24:09 replica.py:153] complete_request_prefill - replica_id=[2], request=388,self.replica_slo_budget-sum_pending_tokens==current_budget:True,1048576-0==1048576
INFO 08-14 23:24:10 shared.py:299] Adding task for request 389 to replica 0,session_id=389
DEBUG 08-14 23:24:10 replica.py:226] add_request - replica_id=[0], request=389,self.replica_slo_budget-sum_pending_tokens==current_budget:True,1048576-25==1048551
INFO 08-14 23:24:10 open_ai.py:115] async_send_request:request._id=389,session=389,127.0.0.1:8000
DEBUG 08-14 23:24:10 open_ai.py:335] async_send_request: request finish prefill, 389
INFO 08-14 23:24:10 open_ai.py:352] async_send_request: prefill completed: req=389,replica_id=0
DEBUG 08-14 23:24:10 replica.py:146] complete_request_prefill: replica_id=[0], request=389, current_budget=25,last_prefill_completed_at=30615058.30526534,last_ttft=0.0511
DEBUG 08-14 23:24:10 replica.py:153] complete_request_prefill - replica_id=[0], request=389,self.replica_slo_budget-sum_pending_tokens==current_budget:True,1048576-0==1048576
DEBUG 08-14 23:24:10 replica.py:171] complete_request_decode:num_saved_toekens=320
DEBUG 08-14 23:24:10 open_ai.py:452] good request:https://u722127-b80a-4e3f9d5d.cqa1.seetacloud.com:8443:good,request._id=379,input=17,output=329
DEBUG 08-14 23:24:10 metrics_store.py:131] update_metrics:request_id=379
DEBUG 08-14 23:24:10 shared.py:180] Removed task for request 379 on https://u722127-b80a-4e3f9d5d.cqa1.seetacloud.com:8443
INFO 08-14 23:24:10 shared.py:299] Adding task for request 390 to replica 0,session_id=390
DEBUG 08-14 23:24:10 replica.py:226] add_request - replica_id=[0], request=390,self.replica_slo_budget-sum_pending_tokens==current_budget:True,1048576-32==1048544
INFO 08-14 23:24:10 open_ai.py:115] async_send_request:request._id=390,session=390,127.0.0.1:8000
DEBUG 08-14 23:24:10 open_ai.py:335] async_send_request: request finish prefill, 390
INFO 08-14 23:24:10 open_ai.py:352] async_send_request: prefill completed: req=390,replica_id=0
DEBUG 08-14 23:24:10 replica.py:146] complete_request_prefill: replica_id=[0], request=390, current_budget=32,last_prefill_completed_at=30615058.715064894,last_ttft=0.0609
DEBUG 08-14 23:24:10 replica.py:153] complete_request_prefill - replica_id=[0], request=390,self.replica_slo_budget-sum_pending_tokens==current_budget:True,1048576-0==1048576
DEBUG 08-14 23:24:10 replica.py:171] complete_request_decode:num_saved_toekens=592
DEBUG 08-14 23:24:10 open_ai.py:452] good request:https://u722127-b80a-4e3f9d5d.cqa1.seetacloud.com:8443:good,request._id=372,input=61,output=591
DEBUG 08-14 23:24:10 metrics_store.py:131] update_metrics:request_id=372
DEBUG 08-14 23:24:10 shared.py:180] Removed task for request 372 on https://u722127-b80a-4e3f9d5d.cqa1.seetacloud.com:8443
INFO 08-14 23:24:10 shared.py:299] Adding task for request 391 to replica 2,session_id=391
DEBUG 08-14 23:24:10 replica.py:226] add_request - replica_id=[2], request=391,self.replica_slo_budget-sum_pending_tokens==current_budget:True,1048576-335==1048241
INFO 08-14 23:24:10 open_ai.py:115] async_send_request:request._id=391,session=391,https://u722127-b80a-4e3f9d5d.cqa1.seetacloud.com:8443
DEBUG 08-14 23:24:11 open_ai.py:335] async_send_request: request finish prefill, 391
INFO 08-14 23:24:11 open_ai.py:352] async_send_request: prefill completed: req=391,replica_id=2
DEBUG 08-14 23:24:11 replica.py:146] complete_request_prefill: replica_id=[2], request=391, current_budget=335,last_prefill_completed_at=30615059.148533285,last_ttft=0.0901
DEBUG 08-14 23:24:11 replica.py:153] complete_request_prefill - replica_id=[2], request=391,self.replica_slo_budget-sum_pending_tokens==current_budget:True,1048576-0==1048576
DEBUG 08-14 23:24:11 replica.py:171] complete_request_decode:num_saved_toekens=448
DEBUG 08-14 23:24:11 open_ai.py:452] good request:127.0.0.1:8001:good,request._id=374,input=247,output=454
DEBUG 08-14 23:24:11 metrics_store.py:131] update_metrics:request_id=374
DEBUG 08-14 23:24:11 shared.py:180] Removed task for request 374 on 127.0.0.1:8001
DEBUG 08-14 23:24:11 replica.py:171] complete_request_decode:num_saved_toekens=688
DEBUG 08-14 23:24:11 open_ai.py:452] good request:https://uu722127-b80a-4e3f9d5d.cqa1.seetacloud.com:8443:good,request._id=371,input=18,output=689
DEBUG 08-14 23:24:11 metrics_store.py:131] update_metrics:request_id=371
DEBUG 08-14 23:24:11 shared.py:180] Removed task for request 371 on https://uu722127-b80a-4e3f9d5d.cqa1.seetacloud.com:8443
INFO 08-14 23:24:11 shared.py:299] Adding task for request 392 to replica 2,session_id=392
DEBUG 08-14 23:24:11 replica.py:226] add_request - replica_id=[2], request=392,self.replica_slo_budget-sum_pending_tokens==current_budget:True,1048576-335==1048241
INFO 08-14 23:24:11 open_ai.py:115] async_send_request:request._id=392,session=392,https://u722127-b80a-4e3f9d5d.cqa1.seetacloud.com:8443
DEBUG 08-14 23:24:11 open_ai.py:335] async_send_request: request finish prefill, 392
INFO 08-14 23:24:11 open_ai.py:352] async_send_request: prefill completed: req=392,replica_id=2
DEBUG 08-14 23:24:11 replica.py:146] complete_request_prefill: replica_id=[2], request=392, current_budget=335,last_prefill_completed_at=30615059.568859752,last_ttft=0.0962
DEBUG 08-14 23:24:11 replica.py:153] complete_request_prefill - replica_id=[2], request=392,self.replica_slo_budget-sum_pending_tokens==current_budget:True,1048576-0==1048576
DEBUG 08-14 23:24:11 replica.py:171] complete_request_decode:num_saved_toekens=32
DEBUG 08-14 23:24:11 open_ai.py:452] good request:https://u722127-b80a-4e3f9d5d.cqa1.seetacloud.com:8443:good,request._id=392,input=335,output=17
DEBUG 08-14 23:24:11 metrics_store.py:131] update_metrics:request_id=392
DEBUG 08-14 23:24:11 shared.py:180] Removed task for request 392 on https://u722127-b80a-4e3f9d5d.cqa1.seetacloud.com:8443
INFO 08-14 23:24:11 shared.py:299] Adding task for request 393 to replica 2,session_id=393
DEBUG 08-14 23:24:11 replica.py:226] add_request - replica_id=[2], request=393,self.replica_slo_budget-sum_pending_tokens==current_budget:True,1048576-475==1048101
INFO 08-14 23:24:11 open_ai.py:115] async_send_request:request._id=393,session=393,https://u722127-b80a-4e3f9d5d.cqa1.seetacloud.com:8443
DEBUG 08-14 23:24:11 open_ai.py:335] async_send_request: request finish prefill, 393
INFO 08-14 23:24:11 open_ai.py:352] async_send_request: prefill completed: req=393,replica_id=2
DEBUG 08-14 23:24:11 replica.py:146] complete_request_prefill: replica_id=[2], request=393, current_budget=475,last_prefill_completed_at=30615059.95037411,last_ttft=0.0949
DEBUG 08-14 23:24:11 replica.py:153] complete_request_prefill - replica_id=[2], request=393,self.replica_slo_budget-sum_pending_tokens==current_budget:True,1048576-0==1048576
INFO 08-14 23:24:12 shared.py:299] Adding task for request 394 to replica 3,session_id=394
DEBUG 08-14 23:24:12 replica.py:226] add_request - replica_id=[3], request=394,self.replica_slo_budget-sum_pending_tokens==current_budget:True,1048576-409==1048167
INFO 08-14 23:24:12 open_ai.py:115] async_send_request:request._id=394,session=394,https://uu722127-b80a-4e3f9d5d.cqa1.seetacloud.com:8443
DEBUG 08-14 23:24:12 open_ai.py:335] async_send_request: request finish prefill, 394
INFO 08-14 23:24:12 open_ai.py:352] async_send_request: prefill completed: req=394,replica_id=3
DEBUG 08-14 23:24:12 replica.py:146] complete_request_prefill: replica_id=[3], request=394, current_budget=409,last_prefill_completed_at=30615060.410188206,last_ttft=0.0986
DEBUG 08-14 23:24:12 replica.py:153] complete_request_prefill - replica_id=[3], request=394,self.replica_slo_budget-sum_pending_tokens==current_budget:True,1048576-0==1048576
DEBUG 08-14 23:24:12 replica.py:171] complete_request_decode:num_saved_toekens=0
DEBUG 08-14 23:24:12 open_ai.py:452] good request:https://uu722127-b80a-4e3f9d5d.cqa1.seetacloud.com:8443:good,request._id=394,input=409,output=2
DEBUG 08-14 23:24:12 metrics_store.py:131] update_metrics:request_id=394
DEBUG 08-14 23:24:12 shared.py:180] Removed task for request 394 on https://uu722127-b80a-4e3f9d5d.cqa1.seetacloud.com:8443
INFO 08-14 23:24:12 shared.py:299] Adding task for request 395 to replica 3,session_id=395
DEBUG 08-14 23:24:12 replica.py:226] add_request - replica_id=[3], request=395,self.replica_slo_budget-sum_pending_tokens==current_budget:True,1048576-398==1048178
INFO 08-14 23:24:12 open_ai.py:115] async_send_request:request._id=395,session=395,https://uu722127-b80a-4e3f9d5d.cqa1.seetacloud.com:8443
DEBUG 08-14 23:24:12 open_ai.py:335] async_send_request: request finish prefill, 395
INFO 08-14 23:24:12 open_ai.py:352] async_send_request: prefill completed: req=395,replica_id=3
DEBUG 08-14 23:24:12 replica.py:146] complete_request_prefill: replica_id=[3], request=395, current_budget=398,last_prefill_completed_at=30615060.842359327,last_ttft=0.0991
DEBUG 08-14 23:24:12 replica.py:153] complete_request_prefill - replica_id=[3], request=395,self.replica_slo_budget-sum_pending_tokens==current_budget:True,1048576-0==1048576
INFO 08-14 23:24:12 shared.py:299] Adding task for request 396 to replica 2,session_id=396
DEBUG 08-14 23:24:12 replica.py:226] add_request - replica_id=[2], request=396,self.replica_slo_budget-sum_pending_tokens==current_budget:True,1048576-112==1048464
INFO 08-14 23:24:12 open_ai.py:115] async_send_request:request._id=396,session=396,https://u722127-b80a-4e3f9d5d.cqa1.seetacloud.com:8443
DEBUG 08-14 23:24:13 open_ai.py:335] async_send_request: request finish prefill, 396
INFO 08-14 23:24:13 open_ai.py:352] async_send_request: prefill completed: req=396,replica_id=2
DEBUG 08-14 23:24:13 replica.py:146] complete_request_prefill: replica_id=[2], request=396, current_budget=112,last_prefill_completed_at=30615061.240456015,last_ttft=0.096
DEBUG 08-14 23:24:13 replica.py:153] complete_request_prefill - replica_id=[2], request=396,self.replica_slo_budget-sum_pending_tokens==current_budget:True,1048576-0==1048576
DEBUG 08-14 23:24:13 replica.py:171] complete_request_decode:num_saved_toekens=544
DEBUG 08-14 23:24:13 open_ai.py:452] good request:https://uu722127-b80a-4e3f9d5d.cqa1.seetacloud.com:8443:good,request._id=380,input=39,output=551
DEBUG 08-14 23:24:13 metrics_store.py:131] update_metrics:request_id=380
DEBUG 08-14 23:24:13 shared.py:180] Removed task for request 380 on https://uu722127-b80a-4e3f9d5d.cqa1.seetacloud.com:8443
INFO 08-14 23:24:13 shared.py:299] Adding task for request 397 to replica 2,session_id=397
DEBUG 08-14 23:24:13 replica.py:226] add_request - replica_id=[2], request=397,self.replica_slo_budget-sum_pending_tokens==current_budget:True,1048576-139==1048437
INFO 08-14 23:24:13 open_ai.py:115] async_send_request:request._id=397,session=397,https://u722127-b80a-4e3f9d5d.cqa1.seetacloud.com:8443
DEBUG 08-14 23:24:13 open_ai.py:335] async_send_request: request finish prefill, 397
INFO 08-14 23:24:13 open_ai.py:352] async_send_request: prefill completed: req=397,replica_id=2
DEBUG 08-14 23:24:13 replica.py:146] complete_request_prefill: replica_id=[2], request=397, current_budget=139,last_prefill_completed_at=30615061.60493434,last_ttft=0.0858
DEBUG 08-14 23:24:13 replica.py:153] complete_request_prefill - replica_id=[2], request=397,self.replica_slo_budget-sum_pending_tokens==current_budget:True,1048576-0==1048576
DEBUG 08-14 23:24:13 replica.py:171] complete_request_decode:num_saved_toekens=416
DEBUG 08-14 23:24:13 open_ai.py:452] good request:127.0.0.1:8001:good,request._id=381,input=69,output=426
DEBUG 08-14 23:24:13 metrics_store.py:131] update_metrics:request_id=381
DEBUG 08-14 23:24:13 shared.py:180] Removed task for request 381 on 127.0.0.1:8001
INFO 08-14 23:24:13 shared.py:299] Adding task for request 398 to replica 1,session_id=398
DEBUG 08-14 23:24:13 replica.py:226] add_request - replica_id=[1], request=398,self.replica_slo_budget-sum_pending_tokens==current_budget:True,1048576-23==1048553
INFO 08-14 23:24:13 open_ai.py:115] async_send_request:request._id=398,session=398,127.0.0.1:8001
DEBUG 08-14 23:24:13 open_ai.py:335] async_send_request: request finish prefill, 398
INFO 08-14 23:24:13 open_ai.py:352] async_send_request: prefill completed: req=398,replica_id=1
DEBUG 08-14 23:24:13 replica.py:146] complete_request_prefill: replica_id=[1], request=398, current_budget=23,last_prefill_completed_at=30615061.930877775,last_ttft=0.0388
DEBUG 08-14 23:24:13 replica.py:153] complete_request_prefill - replica_id=[1], request=398,self.replica_slo_budget-sum_pending_tokens==current_budget:True,1048576-0==1048576
DEBUG 08-14 23:24:13 replica.py:171] complete_request_decode:num_saved_toekens=32
DEBUG 08-14 23:24:13 open_ai.py:452] good request:https://u722127-b80a-4e3f9d5d.cqa1.seetacloud.com:8443:good,request._id=397,input=139,output=34
DEBUG 08-14 23:24:13 metrics_store.py:131] update_metrics:request_id=397
DEBUG 08-14 23:24:13 shared.py:180] Removed task for request 397 on https://u722127-b80a-4e3f9d5d.cqa1.seetacloud.com:8443
DEBUG 08-14 23:24:14 replica.py:171] complete_request_decode:num_saved_toekens=128
DEBUG 08-14 23:24:14 open_ai.py:452] good request:https://uu722127-b80a-4e3f9d5d.cqa1.seetacloud.com:8443:good,request._id=395,input=398,output=118
DEBUG 08-14 23:24:14 metrics_store.py:131] update_metrics:request_id=395
DEBUG 08-14 23:24:14 shared.py:180] Removed task for request 395 on https://uu722127-b80a-4e3f9d5d.cqa1.seetacloud.com:8443
INFO 08-14 23:24:14 shared.py:299] Adding task for request 399 to replica 3,session_id=399
DEBUG 08-14 23:24:14 replica.py:226] add_request - replica_id=[3], request=399,self.replica_slo_budget-sum_pending_tokens==current_budget:True,1048576-335==1048241
INFO 08-14 23:24:14 open_ai.py:115] async_send_request:request._id=399,session=399,https://uu722127-b80a-4e3f9d5d.cqa1.seetacloud.com:8443
DEBUG 08-14 23:24:14 open_ai.py:335] async_send_request: request finish prefill, 399
INFO 08-14 23:24:14 open_ai.py:352] async_send_request: prefill completed: req=399,replica_id=3
DEBUG 08-14 23:24:14 replica.py:146] complete_request_prefill: replica_id=[3], request=399, current_budget=335,last_prefill_completed_at=30615062.390167467,last_ttft=0.0959
DEBUG 08-14 23:24:14 replica.py:153] complete_request_prefill - replica_id=[3], request=399,self.replica_slo_budget-sum_pending_tokens==current_budget:True,1048576-0==1048576
INFO 08-14 23:24:14 shared.py:299] Adding task for request 400 to replica 0,session_id=400
DEBUG 08-14 23:24:14 replica.py:226] add_request - replica_id=[0], request=400,self.replica_slo_budget-sum_pending_tokens==current_budget:True,1048576-11==1048565
INFO 08-14 23:24:14 open_ai.py:115] async_send_request:request._id=400,session=400,127.0.0.1:8000
DEBUG 08-14 23:24:14 open_ai.py:335] async_send_request: request finish prefill, 400
INFO 08-14 23:24:14 open_ai.py:352] async_send_request: prefill completed: req=400,replica_id=0
DEBUG 08-14 23:24:14 replica.py:146] complete_request_prefill: replica_id=[0], request=400, current_budget=11,last_prefill_completed_at=30615062.774214957,last_ttft=0.0711
DEBUG 08-14 23:24:14 replica.py:153] complete_request_prefill - replica_id=[0], request=400,self.replica_slo_budget-sum_pending_tokens==current_budget:True,1048576-0==1048576
INFO 08-14 23:24:14 shared.py:299] Adding task for request 401 to replica 2,session_id=401
DEBUG 08-14 23:24:14 replica.py:226] add_request - replica_id=[2], request=401,self.replica_slo_budget-sum_pending_tokens==current_budget:True,1048576-16==1048560
INFO 08-14 23:24:14 open_ai.py:115] async_send_request:request._id=401,session=401,https://u722127-b80a-4e3f9d5d.cqa1.seetacloud.com:8443
DEBUG 08-14 23:24:15 open_ai.py:335] async_send_request: request finish prefill, 401
INFO 08-14 23:24:15 open_ai.py:352] async_send_request: prefill completed: req=401,replica_id=2
DEBUG 08-14 23:24:15 replica.py:146] complete_request_prefill: replica_id=[2], request=401, current_budget=16,last_prefill_completed_at=30615063.167823397,last_ttft=0.0876
DEBUG 08-14 23:24:15 replica.py:153] complete_request_prefill - replica_id=[2], request=401,self.replica_slo_budget-sum_pending_tokens==current_budget:True,1048576-0==1048576
INFO 08-14 23:24:15 shared.py:299] Adding task for request 402 to replica 1,session_id=402
DEBUG 08-14 23:24:15 replica.py:226] add_request - replica_id=[1], request=402,self.replica_slo_budget-sum_pending_tokens==current_budget:True,1048576-61==1048515
INFO 08-14 23:24:15 open_ai.py:115] async_send_request:request._id=402,session=402,127.0.0.1:8001
DEBUG 08-14 23:24:15 open_ai.py:335] async_send_request: request finish prefill, 402
INFO 08-14 23:24:15 open_ai.py:352] async_send_request: prefill completed: req=402,replica_id=1
DEBUG 08-14 23:24:15 replica.py:146] complete_request_prefill: replica_id=[1], request=402, current_budget=61,last_prefill_completed_at=30615063.526688844,last_ttft=0.0532
DEBUG 08-14 23:24:15 replica.py:153] complete_request_prefill - replica_id=[1], request=402,self.replica_slo_budget-sum_pending_tokens==current_budget:True,1048576-0==1048576
DEBUG 08-14 23:24:15 replica.py:171] complete_request_decode:num_saved_toekens=16
DEBUG 08-14 23:24:15 open_ai.py:452] good request:127.0.0.1:8001:good,request._id=402,input=61,output=18
DEBUG 08-14 23:24:15 metrics_store.py:131] update_metrics:request_id=402
DEBUG 08-14 23:24:15 shared.py:180] Removed task for request 402 on 127.0.0.1:8001
INFO 08-14 23:24:15 shared.py:299] Adding task for request 403 to replica 1,session_id=403
DEBUG 08-14 23:24:15 replica.py:226] add_request - replica_id=[1], request=403,self.replica_slo_budget-sum_pending_tokens==current_budget:True,1048576-21==1048555
INFO 08-14 23:24:15 open_ai.py:115] async_send_request:request._id=403,session=403,127.0.0.1:8001
DEBUG 08-14 23:24:15 open_ai.py:335] async_send_request: request finish prefill, 403
INFO 08-14 23:24:15 open_ai.py:352] async_send_request: prefill completed: req=403,replica_id=1
DEBUG 08-14 23:24:15 replica.py:146] complete_request_prefill: replica_id=[1], request=403, current_budget=21,last_prefill_completed_at=30615063.945060052,last_ttft=0.045
DEBUG 08-14 23:24:15 replica.py:153] complete_request_prefill - replica_id=[1], request=403,self.replica_slo_budget-sum_pending_tokens==current_budget:True,1048576-0==1048576
DEBUG 08-14 23:24:16 replica.py:171] complete_request_decode:num_saved_toekens=976
DEBUG 08-14 23:24:16 open_ai.py:452] good request:127.0.0.1:8000:good,request._id=363,input=676,output=981
DEBUG 08-14 23:24:16 metrics_store.py:131] update_metrics:request_id=363
DEBUG 08-14 23:24:16 shared.py:180] Removed task for request 363 on 127.0.0.1:8000
INFO 08-14 23:24:16 shared.py:299] Adding task for request 404 to replica 3,session_id=404
DEBUG 08-14 23:24:16 replica.py:226] add_request - replica_id=[3], request=404,self.replica_slo_budget-sum_pending_tokens==current_budget:True,1048576-85==1048491
INFO 08-14 23:24:16 open_ai.py:115] async_send_request:request._id=404,session=404,https://uu722127-b80a-4e3f9d5d.cqa1.seetacloud.com:8443
DEBUG 08-14 23:24:16 open_ai.py:335] async_send_request: request finish prefill, 404
INFO 08-14 23:24:16 open_ai.py:352] async_send_request: prefill completed: req=404,replica_id=3
DEBUG 08-14 23:24:16 replica.py:146] complete_request_prefill: replica_id=[3], request=404, current_budget=85,last_prefill_completed_at=30615064.38967437,last_ttft=0.0906
DEBUG 08-14 23:24:16 replica.py:153] complete_request_prefill - replica_id=[3], request=404,self.replica_slo_budget-sum_pending_tokens==current_budget:True,1048576-0==1048576
INFO 08-14 23:24:16 shared.py:299] Adding task for request 405 to replica 2,session_id=405
DEBUG 08-14 23:24:16 replica.py:226] add_request - replica_id=[2], request=405,self.replica_slo_budget-sum_pending_tokens==current_budget:True,1048576-311==1048265
INFO 08-14 23:24:16 open_ai.py:115] async_send_request:request._id=405,session=405,https://u722127-b80a-4e3f9d5d.cqa1.seetacloud.com:8443
DEBUG 08-14 23:24:16 replica.py:171] complete_request_decode:num_saved_toekens=624
DEBUG 08-14 23:24:16 open_ai.py:452] good request:https://uu722127-b80a-4e3f9d5d.cqa1.seetacloud.com:8443:good,request._id=386,input=35,output=625
DEBUG 08-14 23:24:16 metrics_store.py:131] update_metrics:request_id=386
DEBUG 08-14 23:24:16 shared.py:180] Removed task for request 386 on https://uu722127-b80a-4e3f9d5d.cqa1.seetacloud.com:8443
DEBUG 08-14 23:24:16 open_ai.py:335] async_send_request: request finish prefill, 405
INFO 08-14 23:24:16 open_ai.py:352] async_send_request: prefill completed: req=405,replica_id=2
DEBUG 08-14 23:24:16 replica.py:146] complete_request_prefill: replica_id=[2], request=405, current_budget=311,last_prefill_completed_at=30615064.758043367,last_ttft=0.0798
DEBUG 08-14 23:24:16 replica.py:153] complete_request_prefill - replica_id=[2], request=405,self.replica_slo_budget-sum_pending_tokens==current_budget:True,1048576-0==1048576
INFO 08-14 23:24:16 shared.py:299] Adding task for request 406 to replica 4,session_id=406
DEBUG 08-14 23:24:16 replica.py:226] add_request - replica_id=[4], request=406,self.replica_slo_budget-sum_pending_tokens==current_budget:True,1048576-249==1048327
INFO 08-14 23:24:16 open_ai.py:115] async_send_request:request._id=406,session=406,https://u722127-8cb5-f6dc13db.nmb1.seetacloud.com:8443
DEBUG 08-14 23:24:17 open_ai.py:335] async_send_request: request finish prefill, 406
INFO 08-14 23:24:17 open_ai.py:352] async_send_request: prefill completed: req=406,replica_id=4
DEBUG 08-14 23:24:17 replica.py:146] complete_request_prefill: replica_id=[4], request=406, current_budget=249,last_prefill_completed_at=30615065.173892315,last_ttft=0.1116
DEBUG 08-14 23:24:17 replica.py:153] complete_request_prefill - replica_id=[4], request=406,self.replica_slo_budget-sum_pending_tokens==current_budget:True,1048576-0==1048576
DEBUG 08-14 23:24:17 replica.py:171] complete_request_decode:num_saved_toekens=16
DEBUG 08-14 23:24:17 open_ai.py:452] good request:https://u722127-8cb5-f6dc13db.nmb1.seetacloud.com:8443:good,request._id=406,input=249,output=9
DEBUG 08-14 23:24:17 metrics_store.py:131] update_metrics:request_id=406
DEBUG 08-14 23:24:17 shared.py:180] Removed task for request 406 on https://u722127-8cb5-f6dc13db.nmb1.seetacloud.com:8443
INFO 08-14 23:24:17 shared.py:299] Adding task for request 407 to replica 3,session_id=407
DEBUG 08-14 23:24:17 replica.py:226] add_request - replica_id=[3], request=407,self.replica_slo_budget-sum_pending_tokens==current_budget:True,1048576-213==1048363
INFO 08-14 23:24:17 open_ai.py:115] async_send_request:request._id=407,session=407,https://uu722127-b80a-4e3f9d5d.cqa1.seetacloud.com:8443
DEBUG 08-14 23:24:17 open_ai.py:335] async_send_request: request finish prefill, 407
INFO 08-14 23:24:17 open_ai.py:352] async_send_request: prefill completed: req=407,replica_id=3
DEBUG 08-14 23:24:17 replica.py:146] complete_request_prefill: replica_id=[3], request=407, current_budget=213,last_prefill_completed_at=30615065.531490147,last_ttft=0.0923
DEBUG 08-14 23:24:17 replica.py:153] complete_request_prefill - replica_id=[3], request=407,self.replica_slo_budget-sum_pending_tokens==current_budget:True,1048576-0==1048576
INFO 08-14 23:24:17 shared.py:299] Adding task for request 408 to replica 2,session_id=408
DEBUG 08-14 23:24:17 replica.py:226] add_request - replica_id=[2], request=408,self.replica_slo_budget-sum_pending_tokens==current_budget:True,1048576-10==1048566
INFO 08-14 23:24:17 open_ai.py:115] async_send_request:request._id=408,session=408,https://u722127-b80a-4e3f9d5d.cqa1.seetacloud.com:8443
DEBUG 08-14 23:24:17 open_ai.py:335] async_send_request: request finish prefill, 408
INFO 08-14 23:24:17 open_ai.py:352] async_send_request: prefill completed: req=408,replica_id=2
DEBUG 08-14 23:24:17 replica.py:146] complete_request_prefill: replica_id=[2], request=408, current_budget=10,last_prefill_completed_at=30615066.022245385,last_ttft=0.1772
DEBUG 08-14 23:24:17 replica.py:153] complete_request_prefill - replica_id=[2], request=408,self.replica_slo_budget-sum_pending_tokens==current_budget:True,1048576-0==1048576
DEBUG 08-14 23:24:18 replica.py:171] complete_request_decode:num_saved_toekens=16
DEBUG 08-14 23:24:18 open_ai.py:452] good request:https://u722127-b80a-4e3f9d5d.cqa1.seetacloud.com:8443:good,request._id=408,input=10,output=13
DEBUG 08-14 23:24:18 metrics_store.py:131] update_metrics:request_id=408
DEBUG 08-14 23:24:18 shared.py:180] Removed task for request 408 on https://u722127-b80a-4e3f9d5d.cqa1.seetacloud.com:8443
INFO 08-14 23:24:18 shared.py:299] Adding task for request 409 to replica 2,session_id=409
DEBUG 08-14 23:24:18 replica.py:226] add_request - replica_id=[2], request=409,self.replica_slo_budget-sum_pending_tokens==current_budget:True,1048576-53==1048523
INFO 08-14 23:24:18 open_ai.py:115] async_send_request:request._id=409,session=409,https://u722127-b80a-4e3f9d5d.cqa1.seetacloud.com:8443
DEBUG 08-14 23:24:18 open_ai.py:335] async_send_request: request finish prefill, 409
INFO 08-14 23:24:18 open_ai.py:352] async_send_request: prefill completed: req=409,replica_id=2
DEBUG 08-14 23:24:18 replica.py:146] complete_request_prefill: replica_id=[2], request=409, current_budget=53,last_prefill_completed_at=30615066.348176703,last_ttft=0.1001
DEBUG 08-14 23:24:18 replica.py:153] complete_request_prefill - replica_id=[2], request=409,self.replica_slo_budget-sum_pending_tokens==current_budget:True,1048576-0==1048576
INFO 08-14 23:24:18 shared.py:299] Adding task for request 410 to replica 3,session_id=410
DEBUG 08-14 23:24:18 replica.py:226] add_request - replica_id=[3], request=410,self.replica_slo_budget-sum_pending_tokens==current_budget:True,1048576-35==1048541
INFO 08-14 23:24:18 open_ai.py:115] async_send_request:request._id=410,session=410,https://uu722127-b80a-4e3f9d5d.cqa1.seetacloud.com:8443
DEBUG 08-14 23:24:18 open_ai.py:335] async_send_request: request finish prefill, 410
INFO 08-14 23:24:18 open_ai.py:352] async_send_request: prefill completed: req=410,replica_id=3
DEBUG 08-14 23:24:18 replica.py:146] complete_request_prefill: replica_id=[3], request=410, current_budget=35,last_prefill_completed_at=30615066.76117541,last_ttft=0.1151
DEBUG 08-14 23:24:18 replica.py:153] complete_request_prefill - replica_id=[3], request=410,self.replica_slo_budget-sum_pending_tokens==current_budget:True,1048576-0==1048576
DEBUG 08-14 23:24:18 replica.py:171] complete_request_decode:num_saved_toekens=496
DEBUG 08-14 23:24:18 open_ai.py:452] good request:127.0.0.1:8000:good,request._id=390,input=32,output=499
DEBUG 08-14 23:24:18 metrics_store.py:131] update_metrics:request_id=390
DEBUG 08-14 23:24:18 shared.py:180] Removed task for request 390 on 127.0.0.1:8000
INFO 08-14 23:24:18 shared.py:299] Adding task for request 411 to replica 1,session_id=411
DEBUG 08-14 23:24:18 replica.py:226] add_request - replica_id=[1], request=411,self.replica_slo_budget-sum_pending_tokens==current_budget:True,1048576-113==1048463
INFO 08-14 23:24:18 open_ai.py:115] async_send_request:request._id=411,session=411,127.0.0.1:8001
DEBUG 08-14 23:24:18 open_ai.py:335] async_send_request: request finish prefill, 411
INFO 08-14 23:24:18 open_ai.py:352] async_send_request: prefill completed: req=411,replica_id=1
DEBUG 08-14 23:24:18 replica.py:146] complete_request_prefill: replica_id=[1], request=411, current_budget=113,last_prefill_completed_at=30615067.097303785,last_ttft=0.0451
DEBUG 08-14 23:24:18 replica.py:153] complete_request_prefill - replica_id=[1], request=411,self.replica_slo_budget-sum_pending_tokens==current_budget:True,1048576-0==1048576
DEBUG 08-14 23:24:19 replica.py:171] complete_request_decode:num_saved_toekens=480
DEBUG 08-14 23:24:19 open_ai.py:452] good request:https://u722127-b80a-4e3f9d5d.cqa1.seetacloud.com:8443:good,request._id=396,input=112,output=493
DEBUG 08-14 23:24:19 metrics_store.py:131] update_metrics:request_id=396
DEBUG 08-14 23:24:19 shared.py:180] Removed task for request 396 on https://u722127-b80a-4e3f9d5d.cqa1.seetacloud.com:8443
DEBUG 08-14 23:24:19 replica.py:171] complete_request_decode:num_saved_toekens=544
DEBUG 08-14 23:24:19 open_ai.py:452] good request:127.0.0.1:8000:good,request._id=389,input=25,output=549
DEBUG 08-14 23:24:19 metrics_store.py:131] update_metrics:request_id=389
DEBUG 08-14 23:24:19 shared.py:180] Removed task for request 389 on 127.0.0.1:8000
INFO 08-14 23:24:19 shared.py:299] Adding task for request 412 to replica 2,session_id=412
DEBUG 08-14 23:24:19 replica.py:226] add_request - replica_id=[2], request=412,self.replica_slo_budget-sum_pending_tokens==current_budget:True,1048576-20==1048556
INFO 08-14 23:24:19 open_ai.py:115] async_send_request:request._id=412,session=412,https://u722127-b80a-4e3f9d5d.cqa1.seetacloud.com:8443
DEBUG 08-14 23:24:19 replica.py:171] complete_request_decode:num_saved_toekens=688
DEBUG 08-14 23:24:19 open_ai.py:452] good request:https://u722127-b80a-4e3f9d5d.cqa1.seetacloud.com:8443:good,request._id=391,input=335,output=680
DEBUG 08-14 23:24:19 metrics_store.py:131] update_metrics:request_id=391
DEBUG 08-14 23:24:19 shared.py:180] Removed task for request 391 on https://u722127-b80a-4e3f9d5d.cqa1.seetacloud.com:8443
DEBUG 08-14 23:24:19 open_ai.py:335] async_send_request: request finish prefill, 412
INFO 08-14 23:24:19 open_ai.py:352] async_send_request: prefill completed: req=412,replica_id=2
DEBUG 08-14 23:24:19 replica.py:146] complete_request_prefill: replica_id=[2], request=412, current_budget=20,last_prefill_completed_at=30615067.560333207,last_ttft=0.0962
DEBUG 08-14 23:24:19 replica.py:153] complete_request_prefill - replica_id=[2], request=412,self.replica_slo_budget-sum_pending_tokens==current_budget:True,1048576-0==1048576
DEBUG 08-14 23:24:19 replica.py:171] complete_request_decode:num_saved_toekens=32
DEBUG 08-14 23:24:19 open_ai.py:452] good request:127.0.0.1:8001:good,request._id=411,input=113,output=36
DEBUG 08-14 23:24:19 metrics_store.py:131] update_metrics:request_id=411
DEBUG 08-14 23:24:19 shared.py:180] Removed task for request 411 on 127.0.0.1:8001
INFO 08-14 23:24:19 shared.py:299] Adding task for request 413 to replica 2,session_id=413
DEBUG 08-14 23:24:19 replica.py:226] add_request - replica_id=[2], request=413,self.replica_slo_budget-sum_pending_tokens==current_budget:True,1048576-87==1048489
INFO 08-14 23:24:19 open_ai.py:115] async_send_request:request._id=413,session=413,https://u722127-b80a-4e3f9d5d.cqa1.seetacloud.com:8443
DEBUG 08-14 23:24:19 replica.py:171] complete_request_decode:num_saved_toekens=448
DEBUG 08-14 23:24:19 open_ai.py:452] good request:https://u722127-8cb5-f6dc13db.nmb1.seetacloud.com:8443:good,request._id=387,input=22,output=453
DEBUG 08-14 23:24:19 metrics_store.py:131] update_metrics:request_id=387
DEBUG 08-14 23:24:19 shared.py:180] Removed task for request 387 on https://u722127-8cb5-f6dc13db.nmb1.seetacloud.com:8443
DEBUG 08-14 23:24:19 open_ai.py:335] async_send_request: request finish prefill, 413
INFO 08-14 23:24:19 open_ai.py:352] async_send_request: prefill completed: req=413,replica_id=2
DEBUG 08-14 23:24:19 replica.py:146] complete_request_prefill: replica_id=[2], request=413, current_budget=87,last_prefill_completed_at=30615067.99464074,last_ttft=0.1005
DEBUG 08-14 23:24:19 replica.py:153] complete_request_prefill - replica_id=[2], request=413,self.replica_slo_budget-sum_pending_tokens==current_budget:True,1048576-0==1048576
DEBUG 08-14 23:24:19 replica.py:171] complete_request_decode:num_saved_toekens=352
DEBUG 08-14 23:24:19 open_ai.py:452] good request:https://u722127-b80a-4e3f9d5d.cqa1.seetacloud.com:8443:good,request._id=401,input=16,output=390
DEBUG 08-14 23:24:19 metrics_store.py:131] update_metrics:request_id=401
DEBUG 08-14 23:24:19 shared.py:180] Removed task for request 401 on https://u722127-b80a-4e3f9d5d.cqa1.seetacloud.com:8443
INFO 08-14 23:24:20 shared.py:299] Adding task for request 414 to replica 4,session_id=414
DEBUG 08-14 23:24:20 replica.py:226] add_request - replica_id=[4], request=414,self.replica_slo_budget-sum_pending_tokens==current_budget:True,1048576-74==1048502
INFO 08-14 23:24:20 open_ai.py:115] async_send_request:request._id=414,session=414,https://u722127-8cb5-f6dc13db.nmb1.seetacloud.com:8443
DEBUG 08-14 23:24:20 open_ai.py:335] async_send_request: request finish prefill, 414
INFO 08-14 23:24:20 open_ai.py:352] async_send_request: prefill completed: req=414,replica_id=4
DEBUG 08-14 23:24:20 replica.py:146] complete_request_prefill: replica_id=[4], request=414, current_budget=74,last_prefill_completed_at=30615068.410253674,last_ttft=0.0979
DEBUG 08-14 23:24:20 replica.py:153] complete_request_prefill - replica_id=[4], request=414,self.replica_slo_budget-sum_pending_tokens==current_budget:True,1048576-0==1048576
INFO 08-14 23:24:20 shared.py:299] Adding task for request 415 to replica 4,session_id=415
DEBUG 08-14 23:24:20 replica.py:226] add_request - replica_id=[4], request=415,self.replica_slo_budget-sum_pending_tokens==current_budget:True,1048576-32==1048544
INFO 08-14 23:24:20 open_ai.py:115] async_send_request:request._id=415,session=415,https://u722127-8cb5-f6dc13db.nmb1.seetacloud.com:8443
DEBUG 08-14 23:24:20 open_ai.py:335] async_send_request: request finish prefill, 415
INFO 08-14 23:24:20 open_ai.py:352] async_send_request: prefill completed: req=415,replica_id=4
DEBUG 08-14 23:24:20 replica.py:146] complete_request_prefill: replica_id=[4], request=415, current_budget=32,last_prefill_completed_at=30615068.847803354,last_ttft=0.0817
DEBUG 08-14 23:24:20 replica.py:153] complete_request_prefill - replica_id=[4], request=415,self.replica_slo_budget-sum_pending_tokens==current_budget:True,1048576-0==1048576
INFO 08-14 23:24:21 shared.py:299] Adding task for request 416 to replica 2,session_id=416
DEBUG 08-14 23:24:21 replica.py:226] add_request - replica_id=[2], request=416,self.replica_slo_budget-sum_pending_tokens==current_budget:True,1048576-15==1048561
INFO 08-14 23:24:21 open_ai.py:115] async_send_request:request._id=416,session=416,https://u722127-b80a-4e3f9d5d.cqa1.seetacloud.com:8443
DEBUG 08-14 23:24:21 open_ai.py:335] async_send_request: request finish prefill, 416
INFO 08-14 23:24:21 open_ai.py:352] async_send_request: prefill completed: req=416,replica_id=2
DEBUG 08-14 23:24:21 replica.py:146] complete_request_prefill: replica_id=[2], request=416, current_budget=15,last_prefill_completed_at=30615069.274421737,last_ttft=0.1034
DEBUG 08-14 23:24:21 replica.py:153] complete_request_prefill - replica_id=[2], request=416,self.replica_slo_budget-sum_pending_tokens==current_budget:True,1048576-0==1048576
DEBUG 08-14 23:24:21 replica.py:171] complete_request_decode:num_saved_toekens=16
DEBUG 08-14 23:24:21 open_ai.py:452] good request:https://u722127-8cb5-f6dc13db.nmb1.seetacloud.com:8443:good,request._id=415,input=32,output=22
DEBUG 08-14 23:24:21 metrics_store.py:131] update_metrics:request_id=415
DEBUG 08-14 23:24:21 shared.py:180] Removed task for request 415 on https://u722127-8cb5-f6dc13db.nmb1.seetacloud.com:8443
DEBUG 08-14 23:24:21 replica.py:171] complete_request_decode:num_saved_toekens=1008
DEBUG 08-14 23:24:21 open_ai.py:452] good request:127.0.0.1:8000:good,request._id=375,input=68,output=1025
DEBUG 08-14 23:24:21 metrics_store.py:131] update_metrics:request_id=375
DEBUG 08-14 23:24:21 shared.py:180] Removed task for request 375 on 127.0.0.1:8000
INFO 08-14 23:24:21 shared.py:299] Adding task for request 417 to replica 2,session_id=417
DEBUG 08-14 23:24:21 replica.py:226] add_request - replica_id=[2], request=417,self.replica_slo_budget-sum_pending_tokens==current_budget:True,1048576-83==1048493
INFO 08-14 23:24:21 open_ai.py:115] async_send_request:request._id=417,session=417,https://u722127-b80a-4e3f9d5d.cqa1.seetacloud.com:8443
DEBUG 08-14 23:24:21 open_ai.py:335] async_send_request: request finish prefill, 417
INFO 08-14 23:24:21 open_ai.py:352] async_send_request: prefill completed: req=417,replica_id=2
DEBUG 08-14 23:24:21 replica.py:146] complete_request_prefill: replica_id=[2], request=417, current_budget=83,last_prefill_completed_at=30615069.809791416,last_ttft=0.1927
DEBUG 08-14 23:24:21 replica.py:153] complete_request_prefill - replica_id=[2], request=417,self.replica_slo_budget-sum_pending_tokens==current_budget:True,1048576-0==1048576
DEBUG 08-14 23:24:21 replica.py:171] complete_request_decode:num_saved_toekens=448
DEBUG 08-14 23:24:21 open_ai.py:452] good request:https://uu722127-b80a-4e3f9d5d.cqa1.seetacloud.com:8443:good,request._id=404,input=85,output=456
DEBUG 08-14 23:24:21 metrics_store.py:131] update_metrics:request_id=404
DEBUG 08-14 23:24:21 shared.py:180] Removed task for request 404 on https://uu722127-b80a-4e3f9d5d.cqa1.seetacloud.com:8443
INFO 08-14 23:24:21 shared.py:299] Adding task for request 418 to replica 2,session_id=418
DEBUG 08-14 23:24:21 replica.py:226] add_request - replica_id=[2], request=418,self.replica_slo_budget-sum_pending_tokens==current_budget:True,1048576-384==1048192
INFO 08-14 23:24:21 open_ai.py:115] async_send_request:request._id=418,session=418,https://u722127-b80a-4e3f9d5d.cqa1.seetacloud.com:8443
DEBUG 08-14 23:24:21 replica.py:171] complete_request_decode:num_saved_toekens=976
DEBUG 08-14 23:24:21 open_ai.py:452] good request:https://u722127-b80a-4e3f9d5d.cqa1.seetacloud.com:8443:good,request._id=388,input=18,output=978
DEBUG 08-14 23:24:21 metrics_store.py:131] update_metrics:request_id=388
DEBUG 08-14 23:24:21 shared.py:180] Removed task for request 388 on https://u722127-b80a-4e3f9d5d.cqa1.seetacloud.com:8443
DEBUG 08-14 23:24:22 replica.py:171] complete_request_decode:num_saved_toekens=80
DEBUG 08-14 23:24:22 open_ai.py:452] good request:https://u722127-b80a-4e3f9d5d.cqa1.seetacloud.com:8443:good,request._id=416,input=15,output=71
DEBUG 08-14 23:24:22 metrics_store.py:131] update_metrics:request_id=416
DEBUG 08-14 23:24:22 shared.py:180] Removed task for request 416 on https://u722127-b80a-4e3f9d5d.cqa1.seetacloud.com:8443
DEBUG 08-14 23:24:22 open_ai.py:335] async_send_request: request finish prefill, 418
INFO 08-14 23:24:22 open_ai.py:352] async_send_request: prefill completed: req=418,replica_id=2
DEBUG 08-14 23:24:22 replica.py:146] complete_request_prefill: replica_id=[2], request=418, current_budget=384,last_prefill_completed_at=30615070.218964465,last_ttft=0.2037
DEBUG 08-14 23:24:22 replica.py:153] complete_request_prefill - replica_id=[2], request=418,self.replica_slo_budget-sum_pending_tokens==current_budget:True,1048576-0==1048576
DEBUG 08-14 23:24:22 replica.py:171] complete_request_decode:num_saved_toekens=0
DEBUG 08-14 23:24:22 open_ai.py:452] good request:https://u722127-b80a-4e3f9d5d.cqa1.seetacloud.com:8443:good,request._id=418,input=384,output=15
DEBUG 08-14 23:24:22 metrics_store.py:131] update_metrics:request_id=418
DEBUG 08-14 23:24:22 shared.py:180] Removed task for request 418 on https://u722127-b80a-4e3f9d5d.cqa1.seetacloud.com:8443
INFO 08-14 23:24:22 shared.py:299] Adding task for request 419 to replica 0,session_id=419
DEBUG 08-14 23:24:22 replica.py:226] add_request - replica_id=[0], request=419,self.replica_slo_budget-sum_pending_tokens==current_budget:True,1048576-1392==1047184
INFO 08-14 23:24:22 open_ai.py:115] async_send_request:request._id=419,session=419,127.0.0.1:8000
DEBUG 08-14 23:24:22 open_ai.py:335] async_send_request: request finish prefill, 419
INFO 08-14 23:24:22 open_ai.py:352] async_send_request: prefill completed: req=419,replica_id=0
DEBUG 08-14 23:24:22 replica.py:146] complete_request_prefill: replica_id=[0], request=419, current_budget=1392,last_prefill_completed_at=30615070.505635113,last_ttft=0.0919
DEBUG 08-14 23:24:22 replica.py:153] complete_request_prefill - replica_id=[0], request=419,self.replica_slo_budget-sum_pending_tokens==current_budget:True,1048576-0==1048576
DEBUG 08-14 23:24:22 replica.py:171] complete_request_decode:num_saved_toekens=96
DEBUG 08-14 23:24:22 open_ai.py:452] good request:https://u722127-8cb5-f6dc13db.nmb1.seetacloud.com:8443:good,request._id=414,input=74,output=96
DEBUG 08-14 23:24:22 metrics_store.py:131] update_metrics:request_id=414
DEBUG 08-14 23:24:22 shared.py:180] Removed task for request 414 on https://u722127-8cb5-f6dc13db.nmb1.seetacloud.com:8443
DEBUG 08-14 23:24:22 replica.py:171] complete_request_decode:num_saved_toekens=688
DEBUG 08-14 23:24:22 open_ai.py:452] good request:https://uu722127-b80a-4e3f9d5d.cqa1.seetacloud.com:8443:good,request._id=399,input=335,output=680
DEBUG 08-14 23:24:22 metrics_store.py:131] update_metrics:request_id=399
DEBUG 08-14 23:24:22 replica.py:171] complete_request_decode:num_saved_toekens=864
DEBUG 08-14 23:24:22 shared.py:180] Removed task for request 399 on https://uu722127-b80a-4e3f9d5d.cqa1.seetacloud.com:8443
DEBUG 08-14 23:24:22 open_ai.py:452] good request:https://u722127-b80a-4e3f9d5d.cqa1.seetacloud.com:8443:good,request._id=393,input=475,output=858
DEBUG 08-14 23:24:22 metrics_store.py:131] update_metrics:request_id=393
DEBUG 08-14 23:24:22 shared.py:180] Removed task for request 393 on https://u722127-b80a-4e3f9d5d.cqa1.seetacloud.com:8443
INFO 08-14 23:24:22 shared.py:299] Adding task for request 420 to replica 1,session_id=420
DEBUG 08-14 23:24:22 replica.py:226] add_request - replica_id=[1], request=420,self.replica_slo_budget-sum_pending_tokens==current_budget:True,1048576-353==1048223
INFO 08-14 23:24:22 open_ai.py:115] async_send_request:request._id=420,session=420,127.0.0.1:8001
DEBUG 08-14 23:24:22 open_ai.py:335] async_send_request: request finish prefill, 420
INFO 08-14 23:24:22 open_ai.py:352] async_send_request: prefill completed: req=420,replica_id=1
DEBUG 08-14 23:24:22 replica.py:146] complete_request_prefill: replica_id=[1], request=420, current_budget=353,last_prefill_completed_at=30615070.895054445,last_ttft=0.0799
DEBUG 08-14 23:24:22 replica.py:153] complete_request_prefill - replica_id=[1], request=420,self.replica_slo_budget-sum_pending_tokens==current_budget:True,1048576-0==1048576
DEBUG 08-14 23:24:22 replica.py:171] complete_request_decode:num_saved_toekens=0
DEBUG 08-14 23:24:22 open_ai.py:452] good request:127.0.0.1:8001:good,request._id=420,input=353,output=2
DEBUG 08-14 23:24:22 metrics_store.py:131] update_metrics:request_id=420
DEBUG 08-14 23:24:22 shared.py:180] Removed task for request 420 on 127.0.0.1:8001
INFO 08-14 23:24:23 shared.py:299] Adding task for request 421 to replica 2,session_id=421
DEBUG 08-14 23:24:23 replica.py:226] add_request - replica_id=[2], request=421,self.replica_slo_budget-sum_pending_tokens==current_budget:True,1048576-120==1048456
INFO 08-14 23:24:23 open_ai.py:115] async_send_request:request._id=421,session=421,https://u722127-b80a-4e3f9d5d.cqa1.seetacloud.com:8443
DEBUG 08-14 23:24:23 open_ai.py:335] async_send_request: request finish prefill, 421
INFO 08-14 23:24:23 open_ai.py:352] async_send_request: prefill completed: req=421,replica_id=2
DEBUG 08-14 23:24:23 replica.py:146] complete_request_prefill: replica_id=[2], request=421, current_budget=120,last_prefill_completed_at=30615071.338137142,last_ttft=0.098
DEBUG 08-14 23:24:23 replica.py:153] complete_request_prefill - replica_id=[2], request=421,self.replica_slo_budget-sum_pending_tokens==current_budget:True,1048576-0==1048576
DEBUG 08-14 23:24:23 replica.py:171] complete_request_decode:num_saved_toekens=48
DEBUG 08-14 23:24:23 open_ai.py:452] good request:127.0.0.1:8000:good,request._id=419,input=1392,output=57
DEBUG 08-14 23:24:23 metrics_store.py:131] update_metrics:request_id=419
DEBUG 08-14 23:24:23 shared.py:180] Removed task for request 419 on 127.0.0.1:8000
INFO 08-14 23:24:23 shared.py:299] Adding task for request 422 to replica 4,session_id=422
DEBUG 08-14 23:24:23 replica.py:226] add_request - replica_id=[4], request=422,self.replica_slo_budget-sum_pending_tokens==current_budget:True,1048576-150==1048426
INFO 08-14 23:24:23 open_ai.py:115] async_send_request:request._id=422,session=422,https://u722127-8cb5-f6dc13db.nmb1.seetacloud.com:8443
DEBUG 08-14 23:24:23 open_ai.py:335] async_send_request: request finish prefill, 422
INFO 08-14 23:24:23 open_ai.py:352] async_send_request: prefill completed: req=422,replica_id=4
DEBUG 08-14 23:24:23 replica.py:146] complete_request_prefill: replica_id=[4], request=422, current_budget=150,last_prefill_completed_at=30615071.737900235,last_ttft=0.1037
DEBUG 08-14 23:24:23 replica.py:153] complete_request_prefill - replica_id=[4], request=422,self.replica_slo_budget-sum_pending_tokens==current_budget:True,1048576-0==1048576
DEBUG 08-14 23:24:23 replica.py:171] complete_request_decode:num_saved_toekens=48
DEBUG 08-14 23:24:23 open_ai.py:452] good request:https://u722127-b80a-4e3f9d5d.cqa1.seetacloud.com:8443:good,request._id=421,input=120,output=45
DEBUG 08-14 23:24:23 metrics_store.py:131] update_metrics:request_id=421
DEBUG 08-14 23:24:23 shared.py:180] Removed task for request 421 on https://u722127-b80a-4e3f9d5d.cqa1.seetacloud.com:8443
INFO 08-14 23:24:23 shared.py:299] Adding task for request 423 to replica 2,session_id=423
DEBUG 08-14 23:24:23 replica.py:226] add_request - replica_id=[2], request=423,self.replica_slo_budget-sum_pending_tokens==current_budget:True,1048576-14==1048562
INFO 08-14 23:24:23 open_ai.py:115] async_send_request:request._id=423,session=423,https://u722127-b80a-4e3f9d5d.cqa1.seetacloud.com:8443
DEBUG 08-14 23:24:24 open_ai.py:335] async_send_request: request finish prefill, 423
INFO 08-14 23:24:24 open_ai.py:352] async_send_request: prefill completed: req=423,replica_id=2
DEBUG 08-14 23:24:24 replica.py:146] complete_request_prefill: replica_id=[2], request=423, current_budget=14,last_prefill_completed_at=30615072.150847375,last_ttft=0.0986
DEBUG 08-14 23:24:24 replica.py:153] complete_request_prefill - replica_id=[2], request=423,self.replica_slo_budget-sum_pending_tokens==current_budget:True,1048576-0==1048576
INFO 08-14 23:24:24 shared.py:299] Adding task for request 424 to replica 2,session_id=424
DEBUG 08-14 23:24:24 replica.py:226] add_request - replica_id=[2], request=424,self.replica_slo_budget-sum_pending_tokens==current_budget:True,1048576-33==1048543
INFO 08-14 23:24:24 open_ai.py:115] async_send_request:request._id=424,session=424,https://u722127-b80a-4e3f9d5d.cqa1.seetacloud.com:8443
DEBUG 08-14 23:24:24 open_ai.py:335] async_send_request: request finish prefill, 424
INFO 08-14 23:24:24 open_ai.py:352] async_send_request: prefill completed: req=424,replica_id=2
DEBUG 08-14 23:24:24 replica.py:146] complete_request_prefill: replica_id=[2], request=424, current_budget=33,last_prefill_completed_at=30615072.549773894,last_ttft=0.0976
DEBUG 08-14 23:24:24 replica.py:153] complete_request_prefill - replica_id=[2], request=424,self.replica_slo_budget-sum_pending_tokens==current_budget:True,1048576-0==1048576
DEBUG 08-14 23:24:24 replica.py:171] complete_request_decode:num_saved_toekens=560
DEBUG 08-14 23:24:24 open_ai.py:452] good request:127.0.0.1:8001:good,request._id=403,input=21,output=566
DEBUG 08-14 23:24:24 metrics_store.py:131] update_metrics:request_id=403
DEBUG 08-14 23:24:24 shared.py:180] Removed task for request 403 on 127.0.0.1:8001
INFO 08-14 23:24:24 shared.py:299] Adding task for request 425 to replica 3,session_id=425
DEBUG 08-14 23:24:24 replica.py:226] add_request - replica_id=[3], request=425,self.replica_slo_budget-sum_pending_tokens==current_budget:True,1048576-16==1048560
INFO 08-14 23:24:24 open_ai.py:115] async_send_request:request._id=425,session=425,https://uu722127-b80a-4e3f9d5d.cqa1.seetacloud.com:8443
DEBUG 08-14 23:24:24 replica.py:171] complete_request_decode:num_saved_toekens=656
DEBUG 08-14 23:24:24 open_ai.py:452] good request:https://u722127-b80a-4e3f9d5d.cqa1.seetacloud.com:8443:good,request._id=405,input=311,output=649
DEBUG 08-14 23:24:24 metrics_store.py:131] update_metrics:request_id=405
DEBUG 08-14 23:24:24 shared.py:180] Removed task for request 405 on https://u722127-b80a-4e3f9d5d.cqa1.seetacloud.com:8443
DEBUG 08-14 23:24:24 open_ai.py:335] async_send_request: request finish prefill, 425
INFO 08-14 23:24:24 open_ai.py:352] async_send_request: prefill completed: req=425,replica_id=3
DEBUG 08-14 23:24:24 replica.py:146] complete_request_prefill: replica_id=[3], request=425, current_budget=16,last_prefill_completed_at=30615072.983495902,last_ttft=0.0884
DEBUG 08-14 23:24:24 replica.py:153] complete_request_prefill - replica_id=[3], request=425,self.replica_slo_budget-sum_pending_tokens==current_budget:True,1048576-0==1048576
DEBUG 08-14 23:24:24 replica.py:171] complete_request_decode:num_saved_toekens=688
DEBUG 08-14 23:24:24 open_ai.py:452] good request:127.0.0.1:8001:good,request._id=398,input=23,output=687
DEBUG 08-14 23:24:24 metrics_store.py:131] update_metrics:request_id=398
DEBUG 08-14 23:24:24 shared.py:180] Removed task for request 398 on 127.0.0.1:8001
DEBUG 08-14 23:24:25 replica.py:171] complete_request_decode:num_saved_toekens=64
DEBUG 08-14 23:24:25 open_ai.py:452] good request:https://u722127-8cb5-f6dc13db.nmb1.seetacloud.com:8443:good,request._id=422,input=150,output=67
DEBUG 08-14 23:24:25 metrics_store.py:131] update_metrics:request_id=422
DEBUG 08-14 23:24:25 shared.py:180] Removed task for request 422 on https://u722127-8cb5-f6dc13db.nmb1.seetacloud.com:8443
INFO 08-14 23:24:25 shared.py:299] Adding task for request 426 to replica 1,session_id=426
DEBUG 08-14 23:24:25 replica.py:226] add_request - replica_id=[1], request=426,self.replica_slo_budget-sum_pending_tokens==current_budget:True,1048576-35==1048541
INFO 08-14 23:24:25 open_ai.py:115] async_send_request:request._id=426,session=426,127.0.0.1:8001
DEBUG 08-14 23:24:25 open_ai.py:335] async_send_request: request finish prefill, 426
INFO 08-14 23:24:25 open_ai.py:352] async_send_request: prefill completed: req=426,replica_id=1
DEBUG 08-14 23:24:25 replica.py:146] complete_request_prefill: replica_id=[1], request=426, current_budget=35,last_prefill_completed_at=30615073.32283672,last_ttft=0.0418
DEBUG 08-14 23:24:25 replica.py:153] complete_request_prefill - replica_id=[1], request=426,self.replica_slo_budget-sum_pending_tokens==current_budget:True,1048576-0==1048576
INFO 08-14 23:24:25 shared.py:299] Adding task for request 427 to replica 0,session_id=427
DEBUG 08-14 23:24:25 replica.py:226] add_request - replica_id=[0], request=427,self.replica_slo_budget-sum_pending_tokens==current_budget:True,1048576-25==1048551
INFO 08-14 23:24:25 open_ai.py:115] async_send_request:request._id=427,session=427,127.0.0.1:8000
DEBUG 08-14 23:24:25 replica.py:171] complete_request_decode:num_saved_toekens=448
DEBUG 08-14 23:24:25 open_ai.py:452] good request:https://u722127-b80a-4e3f9d5d.cqa1.seetacloud.com:8443:good,request._id=413,input=87,output=455
DEBUG 08-14 23:24:25 metrics_store.py:131] update_metrics:request_id=413
DEBUG 08-14 23:24:25 shared.py:180] Removed task for request 413 on https://u722127-b80a-4e3f9d5d.cqa1.seetacloud.com:8443
DEBUG 08-14 23:24:25 replica.py:171] complete_request_decode:num_saved_toekens=16
DEBUG 08-14 23:24:25 open_ai.py:452] good request:127.0.0.1:8001:good,request._id=426,input=35,output=26
DEBUG 08-14 23:24:25 metrics_store.py:131] update_metrics:request_id=426
DEBUG 08-14 23:24:25 shared.py:180] Removed task for request 426 on 127.0.0.1:8001
DEBUG 08-14 23:24:25 open_ai.py:335] async_send_request: request finish prefill, 427
INFO 08-14 23:24:25 open_ai.py:352] async_send_request: prefill completed: req=427,replica_id=0
DEBUG 08-14 23:24:25 replica.py:146] complete_request_prefill: replica_id=[0], request=427, current_budget=25,last_prefill_completed_at=30615073.739191268,last_ttft=0.0492
DEBUG 08-14 23:24:25 replica.py:153] complete_request_prefill - replica_id=[0], request=427,self.replica_slo_budget-sum_pending_tokens==current_budget:True,1048576-0==1048576
DEBUG 08-14 23:24:25 replica.py:171] complete_request_decode:num_saved_toekens=64
DEBUG 08-14 23:24:25 open_ai.py:452] good request:https://uu722127-b80a-4e3f9d5d.cqa1.seetacloud.com:8443:good,request._id=425,input=16,output=68
DEBUG 08-14 23:24:25 metrics_store.py:131] update_metrics:request_id=425
DEBUG 08-14 23:24:25 shared.py:180] Removed task for request 425 on https://uu722127-b80a-4e3f9d5d.cqa1.seetacloud.com:8443
INFO 08-14 23:24:25 shared.py:299] Adding task for request 428 to replica 2,session_id=428
DEBUG 08-14 23:24:25 replica.py:226] add_request - replica_id=[2], request=428,self.replica_slo_budget-sum_pending_tokens==current_budget:True,1048576-13==1048563
INFO 08-14 23:24:25 open_ai.py:115] async_send_request:request._id=428,session=428,https://u722127-b80a-4e3f9d5d.cqa1.seetacloud.com:8443
DEBUG 08-14 23:24:26 open_ai.py:335] async_send_request: request finish prefill, 428
INFO 08-14 23:24:26 open_ai.py:352] async_send_request: prefill completed: req=428,replica_id=2
DEBUG 08-14 23:24:26 replica.py:146] complete_request_prefill: replica_id=[2], request=428, current_budget=13,last_prefill_completed_at=30615074.209979143,last_ttft=0.0999
DEBUG 08-14 23:24:26 replica.py:153] complete_request_prefill - replica_id=[2], request=428,self.replica_slo_budget-sum_pending_tokens==current_budget:True,1048576-0==1048576
DEBUG 08-14 23:24:26 replica.py:171] complete_request_decode:num_saved_toekens=32
DEBUG 08-14 23:24:26 open_ai.py:452] good request:127.0.0.1:8000:good,request._id=427,input=25,output=36
DEBUG 08-14 23:24:26 metrics_store.py:131] update_metrics:request_id=427
DEBUG 08-14 23:24:26 shared.py:180] Removed task for request 427 on 127.0.0.1:8000
DEBUG 08-14 23:24:26 replica.py:171] complete_request_decode:num_saved_toekens=16
DEBUG 08-14 23:24:26 open_ai.py:452] good request:https://u722127-b80a-4e3f9d5d.cqa1.seetacloud.com:8443:good,request._id=428,input=13,output=17
DEBUG 08-14 23:24:26 metrics_store.py:131] update_metrics:request_id=428
DEBUG 08-14 23:24:26 shared.py:180] Removed task for request 428 on https://u722127-b80a-4e3f9d5d.cqa1.seetacloud.com:8443
INFO 08-14 23:24:26 shared.py:299] Adding task for request 429 to replica 2,session_id=429
DEBUG 08-14 23:24:26 replica.py:226] add_request - replica_id=[2], request=429,self.replica_slo_budget-sum_pending_tokens==current_budget:True,1048576-848==1047728
INFO 08-14 23:24:26 open_ai.py:115] async_send_request:request._id=429,session=429,https://u722127-b80a-4e3f9d5d.cqa1.seetacloud.com:8443
DEBUG 08-14 23:24:26 open_ai.py:335] async_send_request: request finish prefill, 429
INFO 08-14 23:24:26 open_ai.py:352] async_send_request: prefill completed: req=429,replica_id=2
DEBUG 08-14 23:24:26 replica.py:146] complete_request_prefill: replica_id=[2], request=429, current_budget=848,last_prefill_completed_at=30615074.618218433,last_ttft=0.1196
DEBUG 08-14 23:24:26 replica.py:153] complete_request_prefill - replica_id=[2], request=429,self.replica_slo_budget-sum_pending_tokens==current_budget:True,1048576-0==1048576
DEBUG 08-14 23:24:26 replica.py:171] complete_request_decode:num_saved_toekens=576
DEBUG 08-14 23:24:26 open_ai.py:452] good request:https://u722127-b80a-4e3f9d5d.cqa1.seetacloud.com:8443:good,request._id=412,input=20,output=575
DEBUG 08-14 23:24:26 metrics_store.py:131] update_metrics:request_id=412
DEBUG 08-14 23:24:26 shared.py:180] Removed task for request 412 on https://u722127-b80a-4e3f9d5d.cqa1.seetacloud.com:8443
INFO 08-14 23:24:26 shared.py:299] Adding task for request 430 to replica 1,session_id=430
DEBUG 08-14 23:24:26 replica.py:226] add_request - replica_id=[1], request=430,self.replica_slo_budget-sum_pending_tokens==current_budget:True,1048576-1211==1047365
INFO 08-14 23:24:26 open_ai.py:115] async_send_request:request._id=430,session=430,127.0.0.1:8001
DEBUG 08-14 23:24:26 open_ai.py:335] async_send_request: request finish prefill, 430
INFO 08-14 23:24:26 open_ai.py:352] async_send_request: prefill completed: req=430,replica_id=1
DEBUG 08-14 23:24:26 replica.py:146] complete_request_prefill: replica_id=[1], request=430, current_budget=1211,last_prefill_completed_at=30615074.999740425,last_ttft=0.0903
DEBUG 08-14 23:24:26 replica.py:153] complete_request_prefill - replica_id=[1], request=430,self.replica_slo_budget-sum_pending_tokens==current_budget:True,1048576-0==1048576
INFO 08-14 23:24:27 shared.py:299] Adding task for request 431 to replica 0,session_id=431
DEBUG 08-14 23:24:27 replica.py:226] add_request - replica_id=[0], request=431,self.replica_slo_budget-sum_pending_tokens==current_budget:True,1048576-621==1047955
INFO 08-14 23:24:27 open_ai.py:115] async_send_request:request._id=431,session=431,127.0.0.1:8000
DEBUG 08-14 23:24:27 open_ai.py:335] async_send_request: request finish prefill, 431
INFO 08-14 23:24:27 open_ai.py:352] async_send_request: prefill completed: req=431,replica_id=0
DEBUG 08-14 23:24:27 replica.py:146] complete_request_prefill: replica_id=[0], request=431, current_budget=621,last_prefill_completed_at=30615075.339719616,last_ttft=0.0501
DEBUG 08-14 23:24:27 replica.py:153] complete_request_prefill - replica_id=[0], request=431,self.replica_slo_budget-sum_pending_tokens==current_budget:True,1048576-0==1048576
INFO 08-14 23:24:27 shared.py:299] Adding task for request 432 to replica 2,session_id=432
DEBUG 08-14 23:24:27 replica.py:226] add_request - replica_id=[2], request=432,self.replica_slo_budget-sum_pending_tokens==current_budget:True,1048576-12==1048564
INFO 08-14 23:24:27 open_ai.py:115] async_send_request:request._id=432,session=432,https://u722127-b80a-4e3f9d5d.cqa1.seetacloud.com:8443
DEBUG 08-14 23:24:27 open_ai.py:335] async_send_request: request finish prefill, 432
INFO 08-14 23:24:27 open_ai.py:352] async_send_request: prefill completed: req=432,replica_id=2
DEBUG 08-14 23:24:27 replica.py:146] complete_request_prefill: replica_id=[2], request=432, current_budget=12,last_prefill_completed_at=30615075.79740073,last_ttft=0.0883
DEBUG 08-14 23:24:27 replica.py:153] complete_request_prefill - replica_id=[2], request=432,self.replica_slo_budget-sum_pending_tokens==current_budget:True,1048576-0==1048576
DEBUG 08-14 23:24:27 replica.py:171] complete_request_decode:num_saved_toekens=752
DEBUG 08-14 23:24:27 open_ai.py:452] good request:https://uu722127-b80a-4e3f9d5d.cqa1.seetacloud.com:8443:good,request._id=410,input=35,output=751
DEBUG 08-14 23:24:27 metrics_store.py:131] update_metrics:request_id=410
DEBUG 08-14 23:24:27 shared.py:180] Removed task for request 410 on https://uu722127-b80a-4e3f9d5d.cqa1.seetacloud.com:8443
INFO 08-14 23:24:27 shared.py:299] Adding task for request 433 to replica 2,session_id=433
DEBUG 08-14 23:24:27 replica.py:226] add_request - replica_id=[2], request=433,self.replica_slo_budget-sum_pending_tokens==current_budget:True,1048576-185==1048391
INFO 08-14 23:24:27 open_ai.py:115] async_send_request:request._id=433,session=433,https://u722127-b80a-4e3f9d5d.cqa1.seetacloud.com:8443
DEBUG 08-14 23:24:28 open_ai.py:335] async_send_request: request finish prefill, 433
INFO 08-14 23:24:28 open_ai.py:352] async_send_request: prefill completed: req=433,replica_id=2
DEBUG 08-14 23:24:28 replica.py:146] complete_request_prefill: replica_id=[2], request=433, current_budget=185,last_prefill_completed_at=30615076.211856592,last_ttft=0.0925
DEBUG 08-14 23:24:28 replica.py:153] complete_request_prefill - replica_id=[2], request=433,self.replica_slo_budget-sum_pending_tokens==current_budget:True,1048576-0==1048576
DEBUG 08-14 23:24:28 replica.py:171] complete_request_decode:num_saved_toekens=304
DEBUG 08-14 23:24:28 open_ai.py:452] good request:https://u722127-b80a-4e3f9d5d.cqa1.seetacloud.com:8443:good,request._id=424,input=33,output=305
DEBUG 08-14 23:24:28 metrics_store.py:131] update_metrics:request_id=424
DEBUG 08-14 23:24:28 shared.py:180] Removed task for request 424 on https://u722127-b80a-4e3f9d5d.cqa1.seetacloud.com:8443
DEBUG 08-14 23:24:28 replica.py:171] complete_request_decode:num_saved_toekens=528
DEBUG 08-14 23:24:28 open_ai.py:452] good request:https://u722127-b80a-4e3f9d5d.cqa1.seetacloud.com:8443:good,request._id=417,input=83,output=525
DEBUG 08-14 23:24:28 metrics_store.py:131] update_metrics:request_id=417
DEBUG 08-14 23:24:28 shared.py:180] Removed task for request 417 on https://u722127-b80a-4e3f9d5d.cqa1.seetacloud.com:8443
INFO 08-14 23:24:28 shared.py:299] Adding task for request 434 to replica 0,session_id=434
DEBUG 08-14 23:24:28 replica.py:226] add_request - replica_id=[0], request=434,self.replica_slo_budget-sum_pending_tokens==current_budget:True,1048576-16==1048560
INFO 08-14 23:24:28 open_ai.py:115] async_send_request:request._id=434,session=434,127.0.0.1:8000
DEBUG 08-14 23:24:28 open_ai.py:335] async_send_request: request finish prefill, 434
INFO 08-14 23:24:28 open_ai.py:352] async_send_request: prefill completed: req=434,replica_id=0
DEBUG 08-14 23:24:28 replica.py:146] complete_request_prefill: replica_id=[0], request=434, current_budget=16,last_prefill_completed_at=30615076.59084736,last_ttft=0.0427
DEBUG 08-14 23:24:28 replica.py:153] complete_request_prefill - replica_id=[0], request=434,self.replica_slo_budget-sum_pending_tokens==current_budget:True,1048576-0==1048576
DEBUG 08-14 23:24:28 replica.py:171] complete_request_decode:num_saved_toekens=0
DEBUG 08-14 23:24:28 open_ai.py:452] good request:127.0.0.1:8000:good,request._id=434,input=16,output=13
DEBUG 08-14 23:24:28 metrics_store.py:131] update_metrics:request_id=434
DEBUG 08-14 23:24:28 shared.py:180] Removed task for request 434 on 127.0.0.1:8000
DEBUG 08-14 23:24:28 replica.py:171] complete_request_decode:num_saved_toekens=96
DEBUG 08-14 23:24:28 open_ai.py:452] good request:127.0.0.1:8000:good,request._id=431,input=621,output=91
DEBUG 08-14 23:24:28 metrics_store.py:131] update_metrics:request_id=431
DEBUG 08-14 23:24:28 shared.py:180] Removed task for request 431 on 127.0.0.1:8000
INFO 08-14 23:24:28 shared.py:299] Adding task for request 435 to replica 4,session_id=435
DEBUG 08-14 23:24:28 replica.py:226] add_request - replica_id=[4], request=435,self.replica_slo_budget-sum_pending_tokens==current_budget:True,1048576-18==1048558
INFO 08-14 23:24:28 open_ai.py:115] async_send_request:request._id=435,session=435,https://u722127-8cb5-f6dc13db.nmb1.seetacloud.com:8443
DEBUG 08-14 23:24:28 replica.py:171] complete_request_decode:num_saved_toekens=400
DEBUG 08-14 23:24:28 open_ai.py:452] good request:https://u722127-b80a-4e3f9d5d.cqa1.seetacloud.com:8443:good,request._id=423,input=14,output=391
DEBUG 08-14 23:24:28 metrics_store.py:131] update_metrics:request_id=423
DEBUG 08-14 23:24:28 shared.py:180] Removed task for request 423 on https://u722127-b80a-4e3f9d5d.cqa1.seetacloud.com:8443
DEBUG 08-14 23:24:28 open_ai.py:335] async_send_request: request finish prefill, 435
INFO 08-14 23:24:28 open_ai.py:352] async_send_request: prefill completed: req=435,replica_id=4
DEBUG 08-14 23:24:28 replica.py:146] complete_request_prefill: replica_id=[4], request=435, current_budget=18,last_prefill_completed_at=30615077.03581826,last_ttft=0.0976
DEBUG 08-14 23:24:28 replica.py:153] complete_request_prefill - replica_id=[4], request=435,self.replica_slo_budget-sum_pending_tokens==current_budget:True,1048576-0==1048576
DEBUG 08-14 23:24:28 replica.py:171] complete_request_decode:num_saved_toekens=0
DEBUG 08-14 23:24:28 open_ai.py:452] good request:https://u722127-8cb5-f6dc13db.nmb1.seetacloud.com:8443:good,request._id=435,input=18,output=2
DEBUG 08-14 23:24:28 metrics_store.py:131] update_metrics:request_id=435
DEBUG 08-14 23:24:28 shared.py:180] Removed task for request 435 on https://u722127-8cb5-f6dc13db.nmb1.seetacloud.com:8443
INFO 08-14 23:24:29 shared.py:299] Adding task for request 436 to replica 2,session_id=436
DEBUG 08-14 23:24:29 replica.py:226] add_request - replica_id=[2], request=436,self.replica_slo_budget-sum_pending_tokens==current_budget:True,1048576-90==1048486
INFO 08-14 23:24:29 open_ai.py:115] async_send_request:request._id=436,session=436,https://u722127-b80a-4e3f9d5d.cqa1.seetacloud.com:8443
DEBUG 08-14 23:24:29 open_ai.py:335] async_send_request: request finish prefill, 436
INFO 08-14 23:24:29 open_ai.py:352] async_send_request: prefill completed: req=436,replica_id=2
DEBUG 08-14 23:24:29 replica.py:146] complete_request_prefill: replica_id=[2], request=436, current_budget=90,last_prefill_completed_at=30615077.437139317,last_ttft=0.098
DEBUG 08-14 23:24:29 replica.py:153] complete_request_prefill - replica_id=[2], request=436,self.replica_slo_budget-sum_pending_tokens==current_budget:True,1048576-0==1048576
DEBUG 08-14 23:24:29 replica.py:171] complete_request_decode:num_saved_toekens=160
DEBUG 08-14 23:24:29 open_ai.py:452] good request:https://u722127-b80a-4e3f9d5d.cqa1.seetacloud.com:8443:good,request._id=432,input=12,output=148
DEBUG 08-14 23:24:29 metrics_store.py:131] update_metrics:request_id=432
DEBUG 08-14 23:24:29 shared.py:180] Removed task for request 432 on https://u722127-b80a-4e3f9d5d.cqa1.seetacloud.com:8443
INFO 08-14 23:24:29 shared.py:299] Adding task for request 437 to replica 2,session_id=437
DEBUG 08-14 23:24:29 replica.py:226] add_request - replica_id=[2], request=437,self.replica_slo_budget-sum_pending_tokens==current_budget:True,1048576-248==1048328
INFO 08-14 23:24:29 open_ai.py:115] async_send_request:request._id=437,session=437,https://u722127-b80a-4e3f9d5d.cqa1.seetacloud.com:8443
DEBUG 08-14 23:24:29 open_ai.py:335] async_send_request: request finish prefill, 437
INFO 08-14 23:24:29 open_ai.py:352] async_send_request: prefill completed: req=437,replica_id=2
DEBUG 08-14 23:24:29 replica.py:146] complete_request_prefill: replica_id=[2], request=437, current_budget=248,last_prefill_completed_at=30615077.84074102,last_ttft=0.0892
DEBUG 08-14 23:24:29 replica.py:153] complete_request_prefill - replica_id=[2], request=437,self.replica_slo_budget-sum_pending_tokens==current_budget:True,1048576-0==1048576
DEBUG 08-14 23:24:29 replica.py:171] complete_request_decode:num_saved_toekens=1024
DEBUG 08-14 23:24:29 open_ai.py:452] good request:https://uu722127-b80a-4e3f9d5d.cqa1.seetacloud.com:8443:good,request._id=407,input=213,output=1025
DEBUG 08-14 23:24:29 metrics_store.py:131] update_metrics:request_id=407
DEBUG 08-14 23:24:29 shared.py:180] Removed task for request 407 on https://uu722127-b80a-4e3f9d5d.cqa1.seetacloud.com:8443
DEBUG 08-14 23:24:29 replica.py:171] complete_request_decode:num_saved_toekens=32
DEBUG 08-14 23:24:29 open_ai.py:452] good request:https://u722127-b80a-4e3f9d5d.cqa1.seetacloud.com:8443:good,request._id=436,input=90,output=37
DEBUG 08-14 23:24:29 metrics_store.py:131] update_metrics:request_id=436
DEBUG 08-14 23:24:29 shared.py:180] Removed task for request 436 on https://u722127-b80a-4e3f9d5d.cqa1.seetacloud.com:8443
INFO 08-14 23:24:30 shared.py:299] Adding task for request 438 to replica 3,session_id=438
DEBUG 08-14 23:24:30 replica.py:226] add_request - replica_id=[3], request=438,self.replica_slo_budget-sum_pending_tokens==current_budget:True,1048576-34==1048542
INFO 08-14 23:24:30 open_ai.py:115] async_send_request:request._id=438,session=438,https://uu722127-b80a-4e3f9d5d.cqa1.seetacloud.com:8443
DEBUG 08-14 23:24:30 open_ai.py:335] async_send_request: request finish prefill, 438
INFO 08-14 23:24:30 open_ai.py:352] async_send_request: prefill completed: req=438,replica_id=3
DEBUG 08-14 23:24:30 replica.py:146] complete_request_prefill: replica_id=[3], request=438, current_budget=34,last_prefill_completed_at=30615078.247610744,last_ttft=0.0805
DEBUG 08-14 23:24:30 replica.py:153] complete_request_prefill - replica_id=[3], request=438,self.replica_slo_budget-sum_pending_tokens==current_budget:True,1048576-0==1048576
INFO 08-14 23:24:30 shared.py:299] Adding task for request 439 to replica 0,session_id=439
DEBUG 08-14 23:24:30 replica.py:226] add_request - replica_id=[0], request=439,self.replica_slo_budget-sum_pending_tokens==current_budget:True,1048576-14==1048562
INFO 08-14 23:24:30 open_ai.py:115] async_send_request:request._id=439,session=439,127.0.0.1:8000
DEBUG 08-14 23:24:30 open_ai.py:335] async_send_request: request finish prefill, 439
INFO 08-14 23:24:30 open_ai.py:352] async_send_request: prefill completed: req=439,replica_id=0
DEBUG 08-14 23:24:30 replica.py:146] complete_request_prefill: replica_id=[0], request=439, current_budget=14,last_prefill_completed_at=30615078.64520636,last_ttft=0.0491
DEBUG 08-14 23:24:30 replica.py:153] complete_request_prefill - replica_id=[0], request=439,self.replica_slo_budget-sum_pending_tokens==current_budget:True,1048576-0==1048576
DEBUG 08-14 23:24:30 replica.py:171] complete_request_decode:num_saved_toekens=992
DEBUG 08-14 23:24:30 open_ai.py:452] good request:127.0.0.1:8000:good,request._id=400,input=11,output=988
DEBUG 08-14 23:24:30 metrics_store.py:131] update_metrics:request_id=400
DEBUG 08-14 23:24:30 shared.py:180] Removed task for request 400 on 127.0.0.1:8000
DEBUG 08-14 23:24:30 replica.py:171] complete_request_decode:num_saved_toekens=48
DEBUG 08-14 23:24:30 open_ai.py:452] good request:https://uu722127-b80a-4e3f9d5d.cqa1.seetacloud.com:8443:good,request._id=438,input=34,output=54
DEBUG 08-14 23:24:30 metrics_store.py:131] update_metrics:request_id=438
DEBUG 08-14 23:24:30 shared.py:180] Removed task for request 438 on https://uu722127-b80a-4e3f9d5d.cqa1.seetacloud.com:8443
INFO 08-14 23:24:30 shared.py:299] Adding task for request 440 to replica 2,session_id=440
DEBUG 08-14 23:24:30 replica.py:226] add_request - replica_id=[2], request=440,self.replica_slo_budget-sum_pending_tokens==current_budget:True,1048576-37==1048539
INFO 08-14 23:24:30 open_ai.py:115] async_send_request:request._id=440,session=440,https://u722127-b80a-4e3f9d5d.cqa1.seetacloud.com:8443
DEBUG 08-14 23:24:30 replica.py:171] complete_request_decode:num_saved_toekens=1024
DEBUG 08-14 23:24:30 open_ai.py:452] good request:https://u722127-b80a-4e3f9d5d.cqa1.seetacloud.com:8443:good,request._id=409,input=53,output=1025
DEBUG 08-14 23:24:30 metrics_store.py:131] update_metrics:request_id=409
DEBUG 08-14 23:24:30 shared.py:180] Removed task for request 409 on https://u722127-b80a-4e3f9d5d.cqa1.seetacloud.com:8443
DEBUG 08-14 23:24:31 open_ai.py:335] async_send_request: request finish prefill, 440
INFO 08-14 23:24:31 open_ai.py:352] async_send_request: prefill completed: req=440,replica_id=2
DEBUG 08-14 23:24:31 replica.py:146] complete_request_prefill: replica_id=[2], request=440, current_budget=37,last_prefill_completed_at=30615079.161061943,last_ttft=0.1267
DEBUG 08-14 23:24:31 replica.py:153] complete_request_prefill - replica_id=[2], request=440,self.replica_slo_budget-sum_pending_tokens==current_budget:True,1048576-0==1048576
DEBUG 08-14 23:24:31 replica.py:171] complete_request_decode:num_saved_toekens=112
DEBUG 08-14 23:24:31 open_ai.py:452] good request:https://u722127-b80a-4e3f9d5d.cqa1.seetacloud.com:8443:good,request._id=437,input=248,output=115
DEBUG 08-14 23:24:31 metrics_store.py:131] update_metrics:request_id=437
DEBUG 08-14 23:24:31 shared.py:180] Removed task for request 437 on https://u722127-b80a-4e3f9d5d.cqa1.seetacloud.com:8443
DEBUG 08-14 23:24:31 replica.py:171] complete_request_decode:num_saved_toekens=48
DEBUG 08-14 23:24:31 open_ai.py:452] good request:127.0.0.1:8000:good,request._id=439,input=14,output=36
DEBUG 08-14 23:24:31 metrics_store.py:131] update_metrics:request_id=439
DEBUG 08-14 23:24:31 shared.py:180] Removed task for request 439 on 127.0.0.1:8000
DEBUG 08-14 23:24:31 replica.py:171] complete_request_decode:num_saved_toekens=16
DEBUG 08-14 23:24:31 open_ai.py:452] good request:https://u722127-b80a-4e3f9d5d.cqa1.seetacloud.com:8443:good,request._id=440,input=37,output=19
DEBUG 08-14 23:24:31 metrics_store.py:131] update_metrics:request_id=440
DEBUG 08-14 23:24:31 shared.py:180] Removed task for request 440 on https://u722127-b80a-4e3f9d5d.cqa1.seetacloud.com:8443
INFO 08-14 23:24:31 shared.py:299] Adding task for request 441 to replica 3,session_id=441
DEBUG 08-14 23:24:31 replica.py:226] add_request - replica_id=[3], request=441,self.replica_slo_budget-sum_pending_tokens==current_budget:True,1048576-25==1048551
INFO 08-14 23:24:31 open_ai.py:115] async_send_request:request._id=441,session=441,https://uu722127-b80a-4e3f9d5d.cqa1.seetacloud.com:8443
DEBUG 08-14 23:24:31 open_ai.py:335] async_send_request: request finish prefill, 441
INFO 08-14 23:24:31 open_ai.py:352] async_send_request: prefill completed: req=441,replica_id=3
DEBUG 08-14 23:24:31 replica.py:146] complete_request_prefill: replica_id=[3], request=441, current_budget=25,last_prefill_completed_at=30615079.52214787,last_ttft=0.079
DEBUG 08-14 23:24:31 replica.py:153] complete_request_prefill - replica_id=[3], request=441,self.replica_slo_budget-sum_pending_tokens==current_budget:True,1048576-0==1048576
INFO 08-14 23:24:31 shared.py:299] Adding task for request 442 to replica 3,session_id=442
DEBUG 08-14 23:24:31 replica.py:226] add_request - replica_id=[3], request=442,self.replica_slo_budget-sum_pending_tokens==current_budget:True,1048576-70==1048506
INFO 08-14 23:24:31 open_ai.py:115] async_send_request:request._id=442,session=442,https://uu722127-b80a-4e3f9d5d.cqa1.seetacloud.com:8443
DEBUG 08-14 23:24:31 replica.py:171] complete_request_decode:num_saved_toekens=32
DEBUG 08-14 23:24:31 open_ai.py:452] good request:https://uu722127-b80a-4e3f9d5d.cqa1.seetacloud.com:8443:good,request._id=441,input=25,output=35
DEBUG 08-14 23:24:31 metrics_store.py:131] update_metrics:request_id=441
DEBUG 08-14 23:24:31 shared.py:180] Removed task for request 441 on https://uu722127-b80a-4e3f9d5d.cqa1.seetacloud.com:8443
DEBUG 08-14 23:24:31 open_ai.py:335] async_send_request: request finish prefill, 442
INFO 08-14 23:24:31 open_ai.py:352] async_send_request: prefill completed: req=442,replica_id=3
DEBUG 08-14 23:24:31 replica.py:146] complete_request_prefill: replica_id=[3], request=442, current_budget=70,last_prefill_completed_at=30615079.93045817,last_ttft=0.0821
DEBUG 08-14 23:24:31 replica.py:153] complete_request_prefill - replica_id=[3], request=442,self.replica_slo_budget-sum_pending_tokens==current_budget:True,1048576-0==1048576
INFO 08-14 23:24:32 shared.py:299] Adding task for request 443 to replica 0,session_id=443
DEBUG 08-14 23:24:32 replica.py:226] add_request - replica_id=[0], request=443,self.replica_slo_budget-sum_pending_tokens==current_budget:True,1048576-9==1048567
INFO 08-14 23:24:32 open_ai.py:115] async_send_request:request._id=443,session=443,127.0.0.1:8000
DEBUG 08-14 23:24:32 open_ai.py:335] async_send_request: request finish prefill, 443
INFO 08-14 23:24:32 open_ai.py:352] async_send_request: prefill completed: req=443,replica_id=0
DEBUG 08-14 23:24:32 replica.py:146] complete_request_prefill: replica_id=[0], request=443, current_budget=9,last_prefill_completed_at=30615080.289648015,last_ttft=0.0415
DEBUG 08-14 23:24:32 replica.py:153] complete_request_prefill - replica_id=[0], request=443,self.replica_slo_budget-sum_pending_tokens==current_budget:True,1048576-0==1048576
DEBUG 08-14 23:24:32 replica.py:171] complete_request_decode:num_saved_toekens=16
DEBUG 08-14 23:24:32 open_ai.py:452] good request:127.0.0.1:8000:good,request._id=443,input=9,output=10
DEBUG 08-14 23:24:32 metrics_store.py:131] update_metrics:request_id=443
DEBUG 08-14 23:24:32 shared.py:180] Removed task for request 443 on 127.0.0.1:8000
INFO 08-14 23:24:32 shared.py:299] Adding task for request 444 to replica 2,session_id=444
DEBUG 08-14 23:24:32 replica.py:226] add_request - replica_id=[2], request=444,self.replica_slo_budget-sum_pending_tokens==current_budget:True,1048576-573==1048003
INFO 08-14 23:24:32 open_ai.py:115] async_send_request:request._id=444,session=444,https://u722127-b80a-4e3f9d5d.cqa1.seetacloud.com:8443
DEBUG 08-14 23:24:32 open_ai.py:335] async_send_request: request finish prefill, 444
INFO 08-14 23:24:32 open_ai.py:352] async_send_request: prefill completed: req=444,replica_id=2
DEBUG 08-14 23:24:32 replica.py:146] complete_request_prefill: replica_id=[2], request=444, current_budget=573,last_prefill_completed_at=30615080.767360944,last_ttft=0.109
DEBUG 08-14 23:24:32 replica.py:153] complete_request_prefill - replica_id=[2], request=444,self.replica_slo_budget-sum_pending_tokens==current_budget:True,1048576-0==1048576
DEBUG 08-14 23:24:32 replica.py:171] complete_request_decode:num_saved_toekens=16
DEBUG 08-14 23:24:32 open_ai.py:452] good request:https://u722127-b80a-4e3f9d5d.cqa1.seetacloud.com:8443:good,request._id=444,input=573,output=7
DEBUG 08-14 23:24:32 metrics_store.py:131] update_metrics:request_id=444
DEBUG 08-14 23:24:32 shared.py:180] Removed task for request 444 on https://u722127-b80a-4e3f9d5d.cqa1.seetacloud.com:8443
DEBUG 08-14 23:24:32 replica.py:171] complete_request_decode:num_saved_toekens=512
DEBUG 08-14 23:24:32 open_ai.py:452] good request:https://u722127-b80a-4e3f9d5d.cqa1.seetacloud.com:8443:good,request._id=429,input=848,output=526
DEBUG 08-14 23:24:32 metrics_store.py:131] update_metrics:request_id=429
DEBUG 08-14 23:24:32 shared.py:180] Removed task for request 429 on https://u722127-b80a-4e3f9d5d.cqa1.seetacloud.com:8443
INFO 08-14 23:24:32 shared.py:299] Adding task for request 445 to replica 2,session_id=445
DEBUG 08-14 23:24:32 replica.py:226] add_request - replica_id=[2], request=445,self.replica_slo_budget-sum_pending_tokens==current_budget:True,1048576-126==1048450
INFO 08-14 23:24:32 open_ai.py:115] async_send_request:request._id=445,session=445,https://u722127-b80a-4e3f9d5d.cqa1.seetacloud.com:8443
DEBUG 08-14 23:24:32 open_ai.py:335] async_send_request: request finish prefill, 445
INFO 08-14 23:24:32 open_ai.py:352] async_send_request: prefill completed: req=445,replica_id=2
DEBUG 08-14 23:24:32 replica.py:146] complete_request_prefill: replica_id=[2], request=445, current_budget=126,last_prefill_completed_at=30615081.12452584,last_ttft=0.093
DEBUG 08-14 23:24:32 replica.py:153] complete_request_prefill - replica_id=[2], request=445,self.replica_slo_budget-sum_pending_tokens==current_budget:True,1048576-0==1048576
INFO 08-14 23:24:33 shared.py:299] Adding task for request 446 to replica 2,session_id=446
DEBUG 08-14 23:24:33 replica.py:226] add_request - replica_id=[2], request=446,self.replica_slo_budget-sum_pending_tokens==current_budget:True,1048576-199==1048377
INFO 08-14 23:24:33 open_ai.py:115] async_send_request:request._id=446,session=446,https://u722127-b80a-4e3f9d5d.cqa1.seetacloud.com:8443
DEBUG 08-14 23:24:33 open_ai.py:335] async_send_request: request finish prefill, 446
INFO 08-14 23:24:33 open_ai.py:352] async_send_request: prefill completed: req=446,replica_id=2
DEBUG 08-14 23:24:33 replica.py:146] complete_request_prefill: replica_id=[2], request=446, current_budget=199,last_prefill_completed_at=30615081.52025036,last_ttft=0.0847
DEBUG 08-14 23:24:33 replica.py:153] complete_request_prefill - replica_id=[2], request=446,self.replica_slo_budget-sum_pending_tokens==current_budget:True,1048576-0==1048576
INFO 08-14 23:24:33 shared.py:299] Adding task for request 447 to replica 0,session_id=447
DEBUG 08-14 23:24:33 replica.py:226] add_request - replica_id=[0], request=447,self.replica_slo_budget-sum_pending_tokens==current_budget:True,1048576-444==1048132
INFO 08-14 23:24:33 open_ai.py:115] async_send_request:request._id=447,session=447,127.0.0.1:8000
DEBUG 08-14 23:24:33 replica.py:171] complete_request_decode:num_saved_toekens=32
DEBUG 08-14 23:24:33 open_ai.py:452] good request:https://u722127-b80a-4e3f9d5d.cqa1.seetacloud.com:8443:good,request._id=446,input=199,output=27
DEBUG 08-14 23:24:33 metrics_store.py:131] update_metrics:request_id=446
DEBUG 08-14 23:24:33 shared.py:180] Removed task for request 446 on https://u722127-b80a-4e3f9d5d.cqa1.seetacloud.com:8443
DEBUG 08-14 23:24:33 open_ai.py:335] async_send_request: request finish prefill, 447
INFO 08-14 23:24:33 open_ai.py:352] async_send_request: prefill completed: req=447,replica_id=0
DEBUG 08-14 23:24:33 replica.py:146] complete_request_prefill: replica_id=[0], request=447, current_budget=444,last_prefill_completed_at=30615081.865491867,last_ttft=0.046
DEBUG 08-14 23:24:33 replica.py:153] complete_request_prefill - replica_id=[0], request=447,self.replica_slo_budget-sum_pending_tokens==current_budget:True,1048576-0==1048576
INFO 08-14 23:24:34 shared.py:299] Adding task for request 448 to replica 2,session_id=448
DEBUG 08-14 23:24:34 replica.py:226] add_request - replica_id=[2], request=448,self.replica_slo_budget-sum_pending_tokens==current_budget:True,1048576-30==1048546
INFO 08-14 23:24:34 open_ai.py:115] async_send_request:request._id=448,session=448,https://u722127-b80a-4e3f9d5d.cqa1.seetacloud.com:8443
DEBUG 08-14 23:24:34 replica.py:171] complete_request_decode:num_saved_toekens=496
DEBUG 08-14 23:24:34 open_ai.py:452] good request:https://u722127-b80a-4e3f9d5d.cqa1.seetacloud.com:8443:good,request._id=433,input=185,output=498
DEBUG 08-14 23:24:34 metrics_store.py:131] update_metrics:request_id=433
DEBUG 08-14 23:24:34 shared.py:180] Removed task for request 433 on https://u722127-b80a-4e3f9d5d.cqa1.seetacloud.com:8443
DEBUG 08-14 23:24:34 open_ai.py:335] async_send_request: request finish prefill, 448
INFO 08-14 23:24:34 open_ai.py:352] async_send_request: prefill completed: req=448,replica_id=2
DEBUG 08-14 23:24:34 replica.py:146] complete_request_prefill: replica_id=[2], request=448, current_budget=30,last_prefill_completed_at=30615082.277196992,last_ttft=0.087
DEBUG 08-14 23:24:34 replica.py:153] complete_request_prefill - replica_id=[2], request=448,self.replica_slo_budget-sum_pending_tokens==current_budget:True,1048576-0==1048576
DEBUG 08-14 23:24:34 replica.py:171] complete_request_decode:num_saved_toekens=16
DEBUG 08-14 23:24:34 open_ai.py:452] good request:https://u722127-b80a-4e3f9d5d.cqa1.seetacloud.com:8443:good,request._id=448,input=30,output=8
DEBUG 08-14 23:24:34 metrics_store.py:131] update_metrics:request_id=448
DEBUG 08-14 23:24:34 shared.py:180] Removed task for request 448 on https://u722127-b80a-4e3f9d5d.cqa1.seetacloud.com:8443
INFO 08-14 23:24:34 shared.py:299] Adding task for request 449 to replica 3,session_id=449
DEBUG 08-14 23:24:34 replica.py:226] add_request - replica_id=[3], request=449,self.replica_slo_budget-sum_pending_tokens==current_budget:True,1048576-112==1048464
INFO 08-14 23:24:34 open_ai.py:115] async_send_request:request._id=449,session=449,https://uu722127-b80a-4e3f9d5d.cqa1.seetacloud.com:8443
DEBUG 08-14 23:24:34 open_ai.py:335] async_send_request: request finish prefill, 449
INFO 08-14 23:24:34 open_ai.py:352] async_send_request: prefill completed: req=449,replica_id=3
DEBUG 08-14 23:24:34 replica.py:146] complete_request_prefill: replica_id=[3], request=449, current_budget=112,last_prefill_completed_at=30615082.694736976,last_ttft=0.0935
DEBUG 08-14 23:24:34 replica.py:153] complete_request_prefill - replica_id=[3], request=449,self.replica_slo_budget-sum_pending_tokens==current_budget:True,1048576-0==1048576
INFO 08-14 23:24:34 shared.py:299] Adding task for request 450 to replica 4,session_id=450
DEBUG 08-14 23:24:34 replica.py:226] add_request - replica_id=[4], request=450,self.replica_slo_budget-sum_pending_tokens==current_budget:True,1048576-122==1048454
INFO 08-14 23:24:34 open_ai.py:115] async_send_request:request._id=450,session=450,https://u722127-8cb5-f6dc13db.nmb1.seetacloud.com:8443
DEBUG 08-14 23:24:34 replica.py:171] complete_request_decode:num_saved_toekens=32
DEBUG 08-14 23:24:34 open_ai.py:452] good request:https://uu722127-b80a-4e3f9d5d.cqa1.seetacloud.com:8443:good,request._id=449,input=112,output=34
DEBUG 08-14 23:24:34 metrics_store.py:131] update_metrics:request_id=449
DEBUG 08-14 23:24:34 shared.py:180] Removed task for request 449 on https://uu722127-b80a-4e3f9d5d.cqa1.seetacloud.com:8443
DEBUG 08-14 23:24:34 open_ai.py:335] async_send_request: request finish prefill, 450
INFO 08-14 23:24:34 open_ai.py:352] async_send_request: prefill completed: req=450,replica_id=4
DEBUG 08-14 23:24:34 replica.py:146] complete_request_prefill: replica_id=[4], request=450, current_budget=122,last_prefill_completed_at=30615083.100723814,last_ttft=0.1274
DEBUG 08-14 23:24:34 replica.py:153] complete_request_prefill - replica_id=[4], request=450,self.replica_slo_budget-sum_pending_tokens==current_budget:True,1048576-0==1048576
DEBUG 08-14 23:24:35 replica.py:171] complete_request_decode:num_saved_toekens=176
DEBUG 08-14 23:24:35 open_ai.py:452] good request:https://u722127-b80a-4e3f9d5d.cqa1.seetacloud.com:8443:good,request._id=445,input=126,output=177
DEBUG 08-14 23:24:35 metrics_store.py:131] update_metrics:request_id=445
DEBUG 08-14 23:24:35 shared.py:180] Removed task for request 445 on https://u722127-b80a-4e3f9d5d.cqa1.seetacloud.com:8443
INFO 08-14 23:24:35 shared.py:299] Adding task for request 451 to replica 2,session_id=451
DEBUG 08-14 23:24:35 replica.py:226] add_request - replica_id=[2], request=451,self.replica_slo_budget-sum_pending_tokens==current_budget:True,1048576-10==1048566
INFO 08-14 23:24:35 open_ai.py:115] async_send_request:request._id=451,session=451,https://u722127-b80a-4e3f9d5d.cqa1.seetacloud.com:8443
DEBUG 08-14 23:24:35 open_ai.py:335] async_send_request: request finish prefill, 451
INFO 08-14 23:24:35 open_ai.py:352] async_send_request: prefill completed: req=451,replica_id=2
DEBUG 08-14 23:24:35 replica.py:146] complete_request_prefill: replica_id=[2], request=451, current_budget=10,last_prefill_completed_at=30615083.447471708,last_ttft=0.0883
DEBUG 08-14 23:24:35 replica.py:153] complete_request_prefill - replica_id=[2], request=451,self.replica_slo_budget-sum_pending_tokens==current_budget:True,1048576-0==1048576
INFO 08-14 23:24:35 shared.py:299] Adding task for request 452 to replica 2,session_id=452
DEBUG 08-14 23:24:35 replica.py:226] add_request - replica_id=[2], request=452,self.replica_slo_budget-sum_pending_tokens==current_budget:True,1048576-64==1048512
INFO 08-14 23:24:35 open_ai.py:115] async_send_request:request._id=452,session=452,https://u722127-b80a-4e3f9d5d.cqa1.seetacloud.com:8443
DEBUG 08-14 23:24:35 replica.py:171] complete_request_decode:num_saved_toekens=128
DEBUG 08-14 23:24:35 open_ai.py:452] good request:127.0.0.1:8000:good,request._id=447,input=444,output=125
DEBUG 08-14 23:24:35 metrics_store.py:131] update_metrics:request_id=447
DEBUG 08-14 23:24:35 shared.py:180] Removed task for request 447 on 127.0.0.1:8000
DEBUG 08-14 23:24:35 open_ai.py:335] async_send_request: request finish prefill, 452
INFO 08-14 23:24:35 open_ai.py:352] async_send_request: prefill completed: req=452,replica_id=2
DEBUG 08-14 23:24:35 replica.py:146] complete_request_prefill: replica_id=[2], request=452, current_budget=64,last_prefill_completed_at=30615083.8456585,last_ttft=0.0955
DEBUG 08-14 23:24:35 replica.py:153] complete_request_prefill - replica_id=[2], request=452,self.replica_slo_budget-sum_pending_tokens==current_budget:True,1048576-0==1048576
DEBUG 08-14 23:24:35 replica.py:171] complete_request_decode:num_saved_toekens=32
DEBUG 08-14 23:24:35 replica.py:171] complete_request_decode:num_saved_toekens=0
DEBUG 08-14 23:24:35 open_ai.py:452] good request:https://u722127-b80a-4e3f9d5d.cqa1.seetacloud.com:8443:good,request._id=452,input=64,output=2
DEBUG 08-14 23:24:35 open_ai.py:452] good request:https://u722127-8cb5-f6dc13db.nmb1.seetacloud.com:8443:good,request._id=450,input=122,output=34
DEBUG 08-14 23:24:35 metrics_store.py:131] update_metrics:request_id=452
DEBUG 08-14 23:24:35 metrics_store.py:131] update_metrics:request_id=450
DEBUG 08-14 23:24:35 shared.py:180] Removed task for request 452 on https://u722127-b80a-4e3f9d5d.cqa1.seetacloud.com:8443
DEBUG 08-14 23:24:35 shared.py:180] Removed task for request 450 on https://u722127-8cb5-f6dc13db.nmb1.seetacloud.com:8443
INFO 08-14 23:24:36 shared.py:299] Adding task for request 453 to replica 1,session_id=453
DEBUG 08-14 23:24:36 replica.py:226] add_request - replica_id=[1], request=453,self.replica_slo_budget-sum_pending_tokens==current_budget:True,1048576-87==1048489
INFO 08-14 23:24:36 open_ai.py:115] async_send_request:request._id=453,session=453,127.0.0.1:8001
DEBUG 08-14 23:24:36 open_ai.py:335] async_send_request: request finish prefill, 453
INFO 08-14 23:24:36 open_ai.py:352] async_send_request: prefill completed: req=453,replica_id=1
DEBUG 08-14 23:24:36 replica.py:146] complete_request_prefill: replica_id=[1], request=453, current_budget=87,last_prefill_completed_at=30615084.232749183,last_ttft=0.0546
DEBUG 08-14 23:24:36 replica.py:153] complete_request_prefill - replica_id=[1], request=453,self.replica_slo_budget-sum_pending_tokens==current_budget:True,1048576-0==1048576
INFO 08-14 23:24:36 shared.py:299] Adding task for request 454 to replica 0,session_id=454
DEBUG 08-14 23:24:36 replica.py:226] add_request - replica_id=[0], request=454,self.replica_slo_budget-sum_pending_tokens==current_budget:True,1048576-10==1048566
INFO 08-14 23:24:36 open_ai.py:115] async_send_request:request._id=454,session=454,127.0.0.1:8000
DEBUG 08-14 23:24:36 open_ai.py:335] async_send_request: request finish prefill, 454
INFO 08-14 23:24:36 open_ai.py:352] async_send_request: prefill completed: req=454,replica_id=0
DEBUG 08-14 23:24:36 replica.py:146] complete_request_prefill: replica_id=[0], request=454, current_budget=10,last_prefill_completed_at=30615084.60423203,last_ttft=0.038
DEBUG 08-14 23:24:36 replica.py:153] complete_request_prefill - replica_id=[0], request=454,self.replica_slo_budget-sum_pending_tokens==current_budget:True,1048576-0==1048576
INFO 08-14 23:24:36 shared.py:299] Adding task for request 455 to replica 0,session_id=455
DEBUG 08-14 23:24:36 replica.py:226] add_request - replica_id=[0], request=455,self.replica_slo_budget-sum_pending_tokens==current_budget:True,1048576-22==1048554
INFO 08-14 23:24:36 open_ai.py:115] async_send_request:request._id=455,session=455,127.0.0.1:8000
DEBUG 08-14 23:24:36 open_ai.py:335] async_send_request: request finish prefill, 455
INFO 08-14 23:24:36 open_ai.py:352] async_send_request: prefill completed: req=455,replica_id=0
DEBUG 08-14 23:24:36 replica.py:146] complete_request_prefill: replica_id=[0], request=455, current_budget=22,last_prefill_completed_at=30615085.02055886,last_ttft=0.0594
DEBUG 08-14 23:24:36 replica.py:153] complete_request_prefill - replica_id=[0], request=455,self.replica_slo_budget-sum_pending_tokens==current_budget:True,1048576-0==1048576
INFO 08-14 23:24:37 shared.py:299] Adding task for request 456 to replica 2,session_id=456
DEBUG 08-14 23:24:37 replica.py:226] add_request - replica_id=[2], request=456,self.replica_slo_budget-sum_pending_tokens==current_budget:True,1048576-86==1048490
INFO 08-14 23:24:37 open_ai.py:115] async_send_request:request._id=456,session=456,https://u722127-b80a-4e3f9d5d.cqa1.seetacloud.com:8443
DEBUG 08-14 23:24:37 open_ai.py:335] async_send_request: request finish prefill, 456
INFO 08-14 23:24:37 open_ai.py:352] async_send_request: prefill completed: req=456,replica_id=2
DEBUG 08-14 23:24:37 replica.py:146] complete_request_prefill: replica_id=[2], request=456, current_budget=86,last_prefill_completed_at=30615085.45592292,last_ttft=0.0927
DEBUG 08-14 23:24:37 replica.py:153] complete_request_prefill - replica_id=[2], request=456,self.replica_slo_budget-sum_pending_tokens==current_budget:True,1048576-0==1048576
INFO 08-14 23:24:37 shared.py:299] Adding task for request 457 to replica 2,session_id=457
DEBUG 08-14 23:24:37 replica.py:226] add_request - replica_id=[2], request=457,self.replica_slo_budget-sum_pending_tokens==current_budget:True,1048576-66==1048510
INFO 08-14 23:24:37 open_ai.py:115] async_send_request:request._id=457,session=457,https://u722127-b80a-4e3f9d5d.cqa1.seetacloud.com:8443
DEBUG 08-14 23:24:37 open_ai.py:335] async_send_request: request finish prefill, 457
INFO 08-14 23:24:37 open_ai.py:352] async_send_request: prefill completed: req=457,replica_id=2
DEBUG 08-14 23:24:37 replica.py:146] complete_request_prefill: replica_id=[2], request=457, current_budget=66,last_prefill_completed_at=30615085.878127538,last_ttft=0.092
DEBUG 08-14 23:24:37 replica.py:153] complete_request_prefill - replica_id=[2], request=457,self.replica_slo_budget-sum_pending_tokens==current_budget:True,1048576-0==1048576
DEBUG 08-14 23:24:37 replica.py:171] complete_request_decode:num_saved_toekens=0
DEBUG 08-14 23:24:37 open_ai.py:452] good request:https://u722127-b80a-4e3f9d5d.cqa1.seetacloud.com:8443:good,request._id=457,input=66,output=9
DEBUG 08-14 23:24:37 metrics_store.py:131] update_metrics:request_id=457
DEBUG 08-14 23:24:37 shared.py:180] Removed task for request 457 on https://u722127-b80a-4e3f9d5d.cqa1.seetacloud.com:8443
INFO 08-14 23:24:38 shared.py:299] Adding task for request 458 to replica 3,session_id=458
DEBUG 08-14 23:24:38 replica.py:226] add_request - replica_id=[3], request=458,self.replica_slo_budget-sum_pending_tokens==current_budget:True,1048576-303==1048273
INFO 08-14 23:24:38 open_ai.py:115] async_send_request:request._id=458,session=458,https://uu722127-b80a-4e3f9d5d.cqa1.seetacloud.com:8443
DEBUG 08-14 23:24:38 open_ai.py:335] async_send_request: request finish prefill, 458
INFO 08-14 23:24:38 open_ai.py:352] async_send_request: prefill completed: req=458,replica_id=3
DEBUG 08-14 23:24:38 replica.py:146] complete_request_prefill: replica_id=[3], request=458, current_budget=303,last_prefill_completed_at=30615086.27516022,last_ttft=0.0925
DEBUG 08-14 23:24:38 replica.py:153] complete_request_prefill - replica_id=[3], request=458,self.replica_slo_budget-sum_pending_tokens==current_budget:True,1048576-0==1048576
DEBUG 08-14 23:24:38 replica.py:171] complete_request_decode:num_saved_toekens=16
DEBUG 08-14 23:24:38 open_ai.py:452] good request:https://uu722127-b80a-4e3f9d5d.cqa1.seetacloud.com:8443:good,request._id=458,input=303,output=8
DEBUG 08-14 23:24:38 metrics_store.py:131] update_metrics:request_id=458
DEBUG 08-14 23:24:38 shared.py:180] Removed task for request 458 on https://uu722127-b80a-4e3f9d5d.cqa1.seetacloud.com:8443
INFO 08-14 23:24:38 shared.py:299] Adding task for request 459 to replica 3,session_id=459
DEBUG 08-14 23:24:38 replica.py:226] add_request - replica_id=[3], request=459,self.replica_slo_budget-sum_pending_tokens==current_budget:True,1048576-43==1048533
INFO 08-14 23:24:38 open_ai.py:115] async_send_request:request._id=459,session=459,https://uu722127-b80a-4e3f9d5d.cqa1.seetacloud.com:8443
DEBUG 08-14 23:24:38 open_ai.py:335] async_send_request: request finish prefill, 459
INFO 08-14 23:24:38 open_ai.py:352] async_send_request: prefill completed: req=459,replica_id=3
DEBUG 08-14 23:24:38 replica.py:146] complete_request_prefill: replica_id=[3], request=459, current_budget=43,last_prefill_completed_at=30615086.696528383,last_ttft=0.0933
DEBUG 08-14 23:24:38 replica.py:153] complete_request_prefill - replica_id=[3], request=459,self.replica_slo_budget-sum_pending_tokens==current_budget:True,1048576-0==1048576
DEBUG 08-14 23:24:38 replica.py:171] complete_request_decode:num_saved_toekens=288
DEBUG 08-14 23:24:38 open_ai.py:452] good request:https://u722127-b80a-4e3f9d5d.cqa1.seetacloud.com:8443:good,request._id=451,input=10,output=284
DEBUG 08-14 23:24:38 metrics_store.py:131] update_metrics:request_id=451
DEBUG 08-14 23:24:38 shared.py:180] Removed task for request 451 on https://u722127-b80a-4e3f9d5d.cqa1.seetacloud.com:8443
INFO 08-14 23:24:38 shared.py:299] Adding task for request 460 to replica 2,session_id=460
DEBUG 08-14 23:24:38 replica.py:226] add_request - replica_id=[2], request=460,self.replica_slo_budget-sum_pending_tokens==current_budget:True,1048576-12==1048564
INFO 08-14 23:24:38 open_ai.py:115] async_send_request:request._id=460,session=460,https://u722127-b80a-4e3f9d5d.cqa1.seetacloud.com:8443
DEBUG 08-14 23:24:38 open_ai.py:335] async_send_request: request finish prefill, 460
INFO 08-14 23:24:38 open_ai.py:352] async_send_request: prefill completed: req=460,replica_id=2
DEBUG 08-14 23:24:38 replica.py:146] complete_request_prefill: replica_id=[2], request=460, current_budget=12,last_prefill_completed_at=30615087.096993335,last_ttft=0.1276
DEBUG 08-14 23:24:38 replica.py:153] complete_request_prefill - replica_id=[2], request=460,self.replica_slo_budget-sum_pending_tokens==current_budget:True,1048576-0==1048576
DEBUG 08-14 23:24:39 replica.py:171] complete_request_decode:num_saved_toekens=64
DEBUG 08-14 23:24:39 open_ai.py:452] good request:https://uu722127-b80a-4e3f9d5d.cqa1.seetacloud.com:8443:good,request._id=459,input=43,output=55
DEBUG 08-14 23:24:39 metrics_store.py:131] update_metrics:request_id=459
DEBUG 08-14 23:24:39 shared.py:180] Removed task for request 459 on https://uu722127-b80a-4e3f9d5d.cqa1.seetacloud.com:8443
INFO 08-14 23:24:39 shared.py:299] Adding task for request 461 to replica 0,session_id=461
DEBUG 08-14 23:24:39 replica.py:226] add_request - replica_id=[0], request=461,self.replica_slo_budget-sum_pending_tokens==current_budget:True,1048576-86==1048490
INFO 08-14 23:24:39 open_ai.py:115] async_send_request:request._id=461,session=461,127.0.0.1:8000
DEBUG 08-14 23:24:39 open_ai.py:335] async_send_request: request finish prefill, 461
INFO 08-14 23:24:39 open_ai.py:352] async_send_request: prefill completed: req=461,replica_id=0
DEBUG 08-14 23:24:39 replica.py:146] complete_request_prefill: replica_id=[0], request=461, current_budget=86,last_prefill_completed_at=30615087.41062068,last_ttft=0.0515
DEBUG 08-14 23:24:39 replica.py:153] complete_request_prefill - replica_id=[0], request=461,self.replica_slo_budget-sum_pending_tokens==current_budget:True,1048576-0==1048576
DEBUG 08-14 23:24:39 replica.py:171] complete_request_decode:num_saved_toekens=48
DEBUG 08-14 23:24:39 open_ai.py:452] good request:https://u722127-b80a-4e3f9d5d.cqa1.seetacloud.com:8443:good,request._id=460,input=12,output=46
DEBUG 08-14 23:24:39 metrics_store.py:131] update_metrics:request_id=460
DEBUG 08-14 23:24:39 shared.py:180] Removed task for request 460 on https://u722127-b80a-4e3f9d5d.cqa1.seetacloud.com:8443
DEBUG 08-14 23:24:39 replica.py:171] complete_request_decode:num_saved_toekens=832
DEBUG 08-14 23:24:39 open_ai.py:452] good request:127.0.0.1:8001:good,request._id=430,input=1211,output=822
DEBUG 08-14 23:24:39 metrics_store.py:131] update_metrics:request_id=430
DEBUG 08-14 23:24:39 shared.py:180] Removed task for request 430 on 127.0.0.1:8001
INFO 08-14 23:24:39 shared.py:299] Adding task for request 462 to replica 1,session_id=462
DEBUG 08-14 23:24:39 replica.py:226] add_request - replica_id=[1], request=462,self.replica_slo_budget-sum_pending_tokens==current_budget:True,1048576-117==1048459
INFO 08-14 23:24:39 open_ai.py:115] async_send_request:request._id=462,session=462,127.0.0.1:8001
DEBUG 08-14 23:24:39 open_ai.py:335] async_send_request: request finish prefill, 462
INFO 08-14 23:24:39 open_ai.py:352] async_send_request: prefill completed: req=462,replica_id=1
DEBUG 08-14 23:24:39 replica.py:146] complete_request_prefill: replica_id=[1], request=462, current_budget=117,last_prefill_completed_at=30615087.792406857,last_ttft=0.0502
DEBUG 08-14 23:24:39 replica.py:153] complete_request_prefill - replica_id=[1], request=462,self.replica_slo_budget-sum_pending_tokens==current_budget:True,1048576-0==1048576
DEBUG 08-14 23:24:39 replica.py:171] complete_request_decode:num_saved_toekens=16
DEBUG 08-14 23:24:39 open_ai.py:452] good request:127.0.0.1:8001:good,request._id=462,input=117,output=21
DEBUG 08-14 23:24:39 metrics_store.py:131] update_metrics:request_id=462
DEBUG 08-14 23:24:39 shared.py:180] Removed task for request 462 on 127.0.0.1:8001
DEBUG 08-14 23:24:39 replica.py:171] complete_request_decode:num_saved_toekens=48
DEBUG 08-14 23:24:39 open_ai.py:452] good request:127.0.0.1:8000:good,request._id=461,input=86,output=46
DEBUG 08-14 23:24:39 metrics_store.py:131] update_metrics:request_id=461
DEBUG 08-14 23:24:39 shared.py:180] Removed task for request 461 on 127.0.0.1:8000
INFO 08-14 23:24:40 shared.py:299] Adding task for request 463 to replica 1,session_id=463
DEBUG 08-14 23:24:40 replica.py:226] add_request - replica_id=[1], request=463,self.replica_slo_budget-sum_pending_tokens==current_budget:True,1048576-107==1048469
INFO 08-14 23:24:40 open_ai.py:115] async_send_request:request._id=463,session=463,127.0.0.1:8001
DEBUG 08-14 23:24:40 open_ai.py:335] async_send_request: request finish prefill, 463
INFO 08-14 23:24:40 open_ai.py:352] async_send_request: prefill completed: req=463,replica_id=1
DEBUG 08-14 23:24:40 replica.py:146] complete_request_prefill: replica_id=[1], request=463, current_budget=107,last_prefill_completed_at=30615088.210003145,last_ttft=0.0527
DEBUG 08-14 23:24:40 replica.py:153] complete_request_prefill - replica_id=[1], request=463,self.replica_slo_budget-sum_pending_tokens==current_budget:True,1048576-0==1048576
INFO 08-14 23:24:40 shared.py:299] Adding task for request 464 to replica 3,session_id=464
DEBUG 08-14 23:24:40 replica.py:226] add_request - replica_id=[3], request=464,self.replica_slo_budget-sum_pending_tokens==current_budget:True,1048576-23==1048553
INFO 08-14 23:24:40 open_ai.py:115] async_send_request:request._id=464,session=464,https://uu722127-b80a-4e3f9d5d.cqa1.seetacloud.com:8443
DEBUG 08-14 23:24:40 open_ai.py:335] async_send_request: request finish prefill, 464
INFO 08-14 23:24:40 open_ai.py:352] async_send_request: prefill completed: req=464,replica_id=3
DEBUG 08-14 23:24:40 replica.py:146] complete_request_prefill: replica_id=[3], request=464, current_budget=23,last_prefill_completed_at=30615088.668903507,last_ttft=0.0917
DEBUG 08-14 23:24:40 replica.py:153] complete_request_prefill - replica_id=[3], request=464,self.replica_slo_budget-sum_pending_tokens==current_budget:True,1048576-0==1048576
DEBUG 08-14 23:24:40 replica.py:171] complete_request_decode:num_saved_toekens=0
DEBUG 08-14 23:24:40 open_ai.py:452] good request:https://uu722127-b80a-4e3f9d5d.cqa1.seetacloud.com:8443:good,request._id=464,input=23,output=8
DEBUG 08-14 23:24:40 metrics_store.py:131] update_metrics:request_id=464
DEBUG 08-14 23:24:40 shared.py:180] Removed task for request 464 on https://uu722127-b80a-4e3f9d5d.cqa1.seetacloud.com:8443
DEBUG 08-14 23:24:40 replica.py:171] complete_request_decode:num_saved_toekens=272
DEBUG 08-14 23:24:40 open_ai.py:452] good request:127.0.0.1:8000:good,request._id=454,input=10,output=269
DEBUG 08-14 23:24:40 metrics_store.py:131] update_metrics:request_id=454
DEBUG 08-14 23:24:40 shared.py:180] Removed task for request 454 on 127.0.0.1:8000
INFO 08-14 23:24:40 shared.py:299] Adding task for request 465 to replica 2,session_id=465
DEBUG 08-14 23:24:40 replica.py:226] add_request - replica_id=[2], request=465,self.replica_slo_budget-sum_pending_tokens==current_budget:True,1048576-59==1048517
INFO 08-14 23:24:40 open_ai.py:115] async_send_request:request._id=465,session=465,https://u722127-b80a-4e3f9d5d.cqa1.seetacloud.com:8443
DEBUG 08-14 23:24:40 open_ai.py:335] async_send_request: request finish prefill, 465
INFO 08-14 23:24:40 open_ai.py:352] async_send_request: prefill completed: req=465,replica_id=2
DEBUG 08-14 23:24:40 replica.py:146] complete_request_prefill: replica_id=[2], request=465, current_budget=59,last_prefill_completed_at=30615089.074124247,last_ttft=0.0919
DEBUG 08-14 23:24:40 replica.py:153] complete_request_prefill - replica_id=[2], request=465,self.replica_slo_budget-sum_pending_tokens==current_budget:True,1048576-0==1048576
DEBUG 08-14 23:24:40 replica.py:171] complete_request_decode:num_saved_toekens=0
DEBUG 08-14 23:24:40 open_ai.py:452] good request:https://u722127-b80a-4e3f9d5d.cqa1.seetacloud.com:8443:good,request._id=465,input=59,output=3
DEBUG 08-14 23:24:40 metrics_store.py:131] update_metrics:request_id=465
DEBUG 08-14 23:24:40 shared.py:180] Removed task for request 465 on https://u722127-b80a-4e3f9d5d.cqa1.seetacloud.com:8443
INFO 08-14 23:24:41 shared.py:299] Adding task for request 466 to replica 0,session_id=466
DEBUG 08-14 23:24:41 replica.py:226] add_request - replica_id=[0], request=466,self.replica_slo_budget-sum_pending_tokens==current_budget:True,1048576-83==1048493
INFO 08-14 23:24:41 open_ai.py:115] async_send_request:request._id=466,session=466,127.0.0.1:8000
DEBUG 08-14 23:24:41 open_ai.py:335] async_send_request: request finish prefill, 466
INFO 08-14 23:24:41 open_ai.py:352] async_send_request: prefill completed: req=466,replica_id=0
DEBUG 08-14 23:24:41 replica.py:146] complete_request_prefill: replica_id=[0], request=466, current_budget=83,last_prefill_completed_at=30615089.39909073,last_ttft=0.0487
DEBUG 08-14 23:24:41 replica.py:153] complete_request_prefill - replica_id=[0], request=466,self.replica_slo_budget-sum_pending_tokens==current_budget:True,1048576-0==1048576
DEBUG 08-14 23:24:41 replica.py:171] complete_request_decode:num_saved_toekens=0
DEBUG 08-14 23:24:41 open_ai.py:452] good request:127.0.0.1:8000:good,request._id=466,input=83,output=2
DEBUG 08-14 23:24:41 metrics_store.py:131] update_metrics:request_id=466
DEBUG 08-14 23:24:41 shared.py:180] Removed task for request 466 on 127.0.0.1:8000
DEBUG 08-14 23:24:41 replica.py:171] complete_request_decode:num_saved_toekens=832
DEBUG 08-14 23:24:41 open_ai.py:452] good request:https://uu722127-b80a-4e3f9d5d.cqa1.seetacloud.com:8443:good,request._id=442,input=70,output=844
DEBUG 08-14 23:24:41 metrics_store.py:131] update_metrics:request_id=442
DEBUG 08-14 23:24:41 shared.py:180] Removed task for request 442 on https://uu722127-b80a-4e3f9d5d.cqa1.seetacloud.com:8443
INFO 08-14 23:24:41 shared.py:299] Adding task for request 467 to replica 4,session_id=467
DEBUG 08-14 23:24:41 replica.py:226] add_request - replica_id=[4], request=467,self.replica_slo_budget-sum_pending_tokens==current_budget:True,1048576-213==1048363
INFO 08-14 23:24:41 open_ai.py:115] async_send_request:request._id=467,session=467,https://u722127-8cb5-f6dc13db.nmb1.seetacloud.com:8443
DEBUG 08-14 23:24:41 open_ai.py:335] async_send_request: request finish prefill, 467
INFO 08-14 23:24:41 open_ai.py:352] async_send_request: prefill completed: req=467,replica_id=4
DEBUG 08-14 23:24:41 replica.py:146] complete_request_prefill: replica_id=[4], request=467, current_budget=213,last_prefill_completed_at=30615089.857967224,last_ttft=0.1004
DEBUG 08-14 23:24:41 replica.py:153] complete_request_prefill - replica_id=[4], request=467,self.replica_slo_budget-sum_pending_tokens==current_budget:True,1048576-0==1048576
DEBUG 08-14 23:24:41 replica.py:171] complete_request_decode:num_saved_toekens=368
DEBUG 08-14 23:24:41 open_ai.py:452] good request:127.0.0.1:8001:good,request._id=453,input=87,output=362
DEBUG 08-14 23:24:41 metrics_store.py:131] update_metrics:request_id=453
DEBUG 08-14 23:24:41 shared.py:180] Removed task for request 453 on 127.0.0.1:8001
INFO 08-14 23:24:42 shared.py:299] Adding task for request 468 to replica 2,session_id=468
DEBUG 08-14 23:24:42 replica.py:226] add_request - replica_id=[2], request=468,self.replica_slo_budget-sum_pending_tokens==current_budget:True,1048576-80==1048496
INFO 08-14 23:24:42 open_ai.py:115] async_send_request:request._id=468,session=468,https://u722127-b80a-4e3f9d5d.cqa1.seetacloud.com:8443
DEBUG 08-14 23:24:42 open_ai.py:335] async_send_request: request finish prefill, 468
INFO 08-14 23:24:42 open_ai.py:352] async_send_request: prefill completed: req=468,replica_id=2
DEBUG 08-14 23:24:42 replica.py:146] complete_request_prefill: replica_id=[2], request=468, current_budget=80,last_prefill_completed_at=30615090.249517165,last_ttft=0.0851
DEBUG 08-14 23:24:42 replica.py:153] complete_request_prefill - replica_id=[2], request=468,self.replica_slo_budget-sum_pending_tokens==current_budget:True,1048576-0==1048576
DEBUG 08-14 23:24:42 replica.py:171] complete_request_decode:num_saved_toekens=432
DEBUG 08-14 23:24:42 open_ai.py:452] good request:https://u722127-b80a-4e3f9d5d.cqa1.seetacloud.com:8443:good,request._id=456,input=86,output=427
DEBUG 08-14 23:24:42 metrics_store.py:131] update_metrics:request_id=456
DEBUG 08-14 23:24:42 shared.py:180] Removed task for request 456 on https://u722127-b80a-4e3f9d5d.cqa1.seetacloud.com:8443
INFO 08-14 23:24:42 shared.py:299] Adding task for request 469 to replica 3,session_id=469
DEBUG 08-14 23:24:42 replica.py:226] add_request - replica_id=[3], request=469,self.replica_slo_budget-sum_pending_tokens==current_budget:True,1048576-56==1048520
INFO 08-14 23:24:42 open_ai.py:115] async_send_request:request._id=469,session=469,https://uu722127-b80a-4e3f9d5d.cqa1.seetacloud.com:8443
DEBUG 08-14 23:24:42 open_ai.py:335] async_send_request: request finish prefill, 469
INFO 08-14 23:24:42 open_ai.py:352] async_send_request: prefill completed: req=469,replica_id=3
DEBUG 08-14 23:24:42 replica.py:146] complete_request_prefill: replica_id=[3], request=469, current_budget=56,last_prefill_completed_at=30615090.661040723,last_ttft=0.0868
DEBUG 08-14 23:24:42 replica.py:153] complete_request_prefill - replica_id=[3], request=469,self.replica_slo_budget-sum_pending_tokens==current_budget:True,1048576-0==1048576
INFO 08-14 23:24:42 shared.py:299] Adding task for request 470 to replica 0,session_id=470
DEBUG 08-14 23:24:42 replica.py:226] add_request - replica_id=[0], request=470,self.replica_slo_budget-sum_pending_tokens==current_budget:True,1048576-42==1048534
INFO 08-14 23:24:42 open_ai.py:115] async_send_request:request._id=470,session=470,127.0.0.1:8000
DEBUG 08-14 23:24:42 open_ai.py:335] async_send_request: request finish prefill, 470
INFO 08-14 23:24:42 open_ai.py:352] async_send_request: prefill completed: req=470,replica_id=0
DEBUG 08-14 23:24:42 replica.py:146] complete_request_prefill: replica_id=[0], request=470, current_budget=42,last_prefill_completed_at=30615091.03400247,last_ttft=0.0679
DEBUG 08-14 23:24:42 replica.py:153] complete_request_prefill - replica_id=[0], request=470,self.replica_slo_budget-sum_pending_tokens==current_budget:True,1048576-0==1048576
INFO 08-14 23:24:43 shared.py:299] Adding task for request 471 to replica 3,session_id=471
DEBUG 08-14 23:24:43 replica.py:226] add_request - replica_id=[3], request=471,self.replica_slo_budget-sum_pending_tokens==current_budget:True,1048576-186==1048390
INFO 08-14 23:24:43 open_ai.py:115] async_send_request:request._id=471,session=471,https://uu722127-b80a-4e3f9d5d.cqa1.seetacloud.com:8443
DEBUG 08-14 23:24:43 replica.py:171] complete_request_decode:num_saved_toekens=400
DEBUG 08-14 23:24:43 open_ai.py:452] good request:127.0.0.1:8000:good,request._id=455,input=22,output=395
DEBUG 08-14 23:24:43 metrics_store.py:131] update_metrics:request_id=455
DEBUG 08-14 23:24:43 shared.py:180] Removed task for request 455 on 127.0.0.1:8000
DEBUG 08-14 23:24:43 open_ai.py:335] async_send_request: request finish prefill, 471
INFO 08-14 23:24:43 open_ai.py:352] async_send_request: prefill completed: req=471,replica_id=3
DEBUG 08-14 23:24:43 replica.py:146] complete_request_prefill: replica_id=[3], request=471, current_budget=186,last_prefill_completed_at=30615091.453877006,last_ttft=0.0874
DEBUG 08-14 23:24:43 replica.py:153] complete_request_prefill - replica_id=[3], request=471,self.replica_slo_budget-sum_pending_tokens==current_budget:True,1048576-0==1048576
INFO 08-14 23:24:43 shared.py:299] Adding task for request 472 to replica 2,session_id=472
DEBUG 08-14 23:24:43 replica.py:226] add_request - replica_id=[2], request=472,self.replica_slo_budget-sum_pending_tokens==current_budget:True,1048576-18==1048558
INFO 08-14 23:24:43 open_ai.py:115] async_send_request:request._id=472,session=472,https://u722127-b80a-4e3f9d5d.cqa1.seetacloud.com:8443
DEBUG 08-14 23:24:43 open_ai.py:335] async_send_request: request finish prefill, 472
INFO 08-14 23:24:43 open_ai.py:352] async_send_request: prefill completed: req=472,replica_id=2
DEBUG 08-14 23:24:43 replica.py:146] complete_request_prefill: replica_id=[2], request=472, current_budget=18,last_prefill_completed_at=30615091.83799125,last_ttft=0.0949
DEBUG 08-14 23:24:43 replica.py:153] complete_request_prefill - replica_id=[2], request=472,self.replica_slo_budget-sum_pending_tokens==current_budget:True,1048576-0==1048576
INFO 08-14 23:24:44 shared.py:299] Adding task for request 473 to replica 1,session_id=473
DEBUG 08-14 23:24:44 replica.py:226] add_request - replica_id=[1], request=473,self.replica_slo_budget-sum_pending_tokens==current_budget:True,1048576-85==1048491
INFO 08-14 23:24:44 open_ai.py:115] async_send_request:request._id=473,session=473,127.0.0.1:8001
DEBUG 08-14 23:24:44 open_ai.py:335] async_send_request: request finish prefill, 473
INFO 08-14 23:24:44 open_ai.py:352] async_send_request: prefill completed: req=473,replica_id=1
DEBUG 08-14 23:24:44 replica.py:146] complete_request_prefill: replica_id=[1], request=473, current_budget=85,last_prefill_completed_at=30615092.19686254,last_ttft=0.0496
DEBUG 08-14 23:24:44 replica.py:153] complete_request_prefill - replica_id=[1], request=473,self.replica_slo_budget-sum_pending_tokens==current_budget:True,1048576-0==1048576
INFO 08-14 23:24:44 shared.py:299] Adding task for request 474 to replica 4,session_id=474
DEBUG 08-14 23:24:44 replica.py:226] add_request - replica_id=[4], request=474,self.replica_slo_budget-sum_pending_tokens==current_budget:True,1048576-61==1048515
INFO 08-14 23:24:44 open_ai.py:115] async_send_request:request._id=474,session=474,https://u722127-8cb5-f6dc13db.nmb1.seetacloud.com:8443
DEBUG 08-14 23:24:44 open_ai.py:335] async_send_request: request finish prefill, 474
INFO 08-14 23:24:44 open_ai.py:352] async_send_request: prefill completed: req=474,replica_id=4
DEBUG 08-14 23:24:44 replica.py:146] complete_request_prefill: replica_id=[4], request=474, current_budget=61,last_prefill_completed_at=30615092.654070675,last_ttft=0.0939
DEBUG 08-14 23:24:44 replica.py:153] complete_request_prefill - replica_id=[4], request=474,self.replica_slo_budget-sum_pending_tokens==current_budget:True,1048576-0==1048576
INFO 08-14 23:24:44 shared.py:299] Adding task for request 475 to replica 0,session_id=475
DEBUG 08-14 23:24:44 replica.py:226] add_request - replica_id=[0], request=475,self.replica_slo_budget-sum_pending_tokens==current_budget:True,1048576-10==1048566
INFO 08-14 23:24:44 open_ai.py:115] async_send_request:request._id=475,session=475,127.0.0.1:8000
DEBUG 08-14 23:24:44 open_ai.py:335] async_send_request: request finish prefill, 475
INFO 08-14 23:24:44 open_ai.py:352] async_send_request: prefill completed: req=475,replica_id=0
DEBUG 08-14 23:24:44 replica.py:146] complete_request_prefill: replica_id=[0], request=475, current_budget=10,last_prefill_completed_at=30615093.01937777,last_ttft=0.0511
DEBUG 08-14 23:24:44 replica.py:153] complete_request_prefill - replica_id=[0], request=475,self.replica_slo_budget-sum_pending_tokens==current_budget:True,1048576-0==1048576
INFO 08-14 23:24:45 shared.py:299] Adding task for request 476 to replica 2,session_id=476
DEBUG 08-14 23:24:45 replica.py:226] add_request - replica_id=[2], request=476,self.replica_slo_budget-sum_pending_tokens==current_budget:True,1048576-50==1048526
INFO 08-14 23:24:45 open_ai.py:115] async_send_request:request._id=476,session=476,https://u722127-b80a-4e3f9d5d.cqa1.seetacloud.com:8443
DEBUG 08-14 23:24:45 open_ai.py:335] async_send_request: request finish prefill, 476
INFO 08-14 23:24:45 open_ai.py:352] async_send_request: prefill completed: req=476,replica_id=2
DEBUG 08-14 23:24:45 replica.py:146] complete_request_prefill: replica_id=[2], request=476, current_budget=50,last_prefill_completed_at=30615093.47169636,last_ttft=0.0853
DEBUG 08-14 23:24:45 replica.py:153] complete_request_prefill - replica_id=[2], request=476,self.replica_slo_budget-sum_pending_tokens==current_budget:True,1048576-0==1048576
INFO 08-14 23:24:45 shared.py:299] Adding task for request 477 to replica 2,session_id=477
DEBUG 08-14 23:24:45 replica.py:226] add_request - replica_id=[2], request=477,self.replica_slo_budget-sum_pending_tokens==current_budget:True,1048576-252==1048324
INFO 08-14 23:24:45 open_ai.py:115] async_send_request:request._id=477,session=477,https://u722127-b80a-4e3f9d5d.cqa1.seetacloud.com:8443
DEBUG 08-14 23:24:45 open_ai.py:335] async_send_request: request finish prefill, 477
INFO 08-14 23:24:45 open_ai.py:352] async_send_request: prefill completed: req=477,replica_id=2
DEBUG 08-14 23:24:45 replica.py:146] complete_request_prefill: replica_id=[2], request=477, current_budget=252,last_prefill_completed_at=30615093.88052859,last_ttft=0.0913
DEBUG 08-14 23:24:45 replica.py:153] complete_request_prefill - replica_id=[2], request=477,self.replica_slo_budget-sum_pending_tokens==current_budget:True,1048576-0==1048576
INFO 08-14 23:24:46 shared.py:299] Adding task for request 478 to replica 2,session_id=478
DEBUG 08-14 23:24:46 replica.py:226] add_request - replica_id=[2], request=478,self.replica_slo_budget-sum_pending_tokens==current_budget:True,1048576-399==1048177
INFO 08-14 23:24:46 open_ai.py:115] async_send_request:request._id=478,session=478,https://u722127-b80a-4e3f9d5d.cqa1.seetacloud.com:8443
DEBUG 08-14 23:24:46 open_ai.py:335] async_send_request: request finish prefill, 478
INFO 08-14 23:24:46 open_ai.py:352] async_send_request: prefill completed: req=478,replica_id=2
DEBUG 08-14 23:24:46 replica.py:146] complete_request_prefill: replica_id=[2], request=478, current_budget=399,last_prefill_completed_at=30615094.286744665,last_ttft=0.1023
DEBUG 08-14 23:24:46 replica.py:153] complete_request_prefill - replica_id=[2], request=478,self.replica_slo_budget-sum_pending_tokens==current_budget:True,1048576-0==1048576
INFO 08-14 23:24:46 shared.py:299] Adding task for request 479 to replica 4,session_id=479
DEBUG 08-14 23:24:46 replica.py:226] add_request - replica_id=[4], request=479,self.replica_slo_budget-sum_pending_tokens==current_budget:True,1048576-264==1048312
INFO 08-14 23:24:46 open_ai.py:115] async_send_request:request._id=479,session=479,https://u722127-8cb5-f6dc13db.nmb1.seetacloud.com:8443
DEBUG 08-14 23:24:46 open_ai.py:335] async_send_request: request finish prefill, 479
INFO 08-14 23:24:46 open_ai.py:352] async_send_request: prefill completed: req=479,replica_id=4
DEBUG 08-14 23:24:46 replica.py:146] complete_request_prefill: replica_id=[4], request=479, current_budget=264,last_prefill_completed_at=30615094.72024401,last_ttft=0.1019
DEBUG 08-14 23:24:46 replica.py:153] complete_request_prefill - replica_id=[4], request=479,self.replica_slo_budget-sum_pending_tokens==current_budget:True,1048576-0==1048576
INFO 08-14 23:24:46 shared.py:299] Adding task for request 480 to replica 1,session_id=480
DEBUG 08-14 23:24:46 replica.py:226] add_request - replica_id=[1], request=480,self.replica_slo_budget-sum_pending_tokens==current_budget:True,1048576-15==1048561
INFO 08-14 23:24:46 open_ai.py:115] async_send_request:request._id=480,session=480,127.0.0.1:8001
DEBUG 08-14 23:24:46 open_ai.py:335] async_send_request: request finish prefill, 480
INFO 08-14 23:24:46 open_ai.py:352] async_send_request: prefill completed: req=480,replica_id=1
DEBUG 08-14 23:24:46 replica.py:146] complete_request_prefill: replica_id=[1], request=480, current_budget=15,last_prefill_completed_at=30615095.098732144,last_ttft=0.0776
DEBUG 08-14 23:24:46 replica.py:153] complete_request_prefill - replica_id=[1], request=480,self.replica_slo_budget-sum_pending_tokens==current_budget:True,1048576-0==1048576
DEBUG 08-14 23:24:46 replica.py:171] complete_request_decode:num_saved_toekens=112
DEBUG 08-14 23:24:46 open_ai.py:452] good request:https://u722127-b80a-4e3f9d5d.cqa1.seetacloud.com:8443:good,request._id=477,input=252,output=103
DEBUG 08-14 23:24:46 metrics_store.py:131] update_metrics:request_id=477
DEBUG 08-14 23:24:46 shared.py:180] Removed task for request 477 on https://u722127-b80a-4e3f9d5d.cqa1.seetacloud.com:8443
DEBUG 08-14 23:24:47 replica.py:171] complete_request_decode:num_saved_toekens=16
DEBUG 08-14 23:24:47 open_ai.py:452] good request:https://u722127-8cb5-f6dc13db.nmb1.seetacloud.com:8443:good,request._id=479,input=264,output=20
DEBUG 08-14 23:24:47 metrics_store.py:131] update_metrics:request_id=479
DEBUG 08-14 23:24:47 shared.py:180] Removed task for request 479 on https://u722127-8cb5-f6dc13db.nmb1.seetacloud.com:8443
DEBUG 08-14 23:24:47 replica.py:171] complete_request_decode:num_saved_toekens=416
DEBUG 08-14 23:24:47 open_ai.py:452] good request:https://u722127-b80a-4e3f9d5d.cqa1.seetacloud.com:8443:good,request._id=468,input=80,output=424
DEBUG 08-14 23:24:47 metrics_store.py:131] update_metrics:request_id=468
DEBUG 08-14 23:24:47 shared.py:180] Removed task for request 468 on https://u722127-b80a-4e3f9d5d.cqa1.seetacloud.com:8443
INFO 08-14 23:24:47 shared.py:299] Adding task for request 481 to replica 0,session_id=481
DEBUG 08-14 23:24:47 replica.py:226] add_request - replica_id=[0], request=481,self.replica_slo_budget-sum_pending_tokens==current_budget:True,1048576-46==1048530
INFO 08-14 23:24:47 open_ai.py:115] async_send_request:request._id=481,session=481,127.0.0.1:8000
DEBUG 08-14 23:24:47 open_ai.py:335] async_send_request: request finish prefill, 481
INFO 08-14 23:24:47 open_ai.py:352] async_send_request: prefill completed: req=481,replica_id=0
DEBUG 08-14 23:24:47 replica.py:146] complete_request_prefill: replica_id=[0], request=481, current_budget=46,last_prefill_completed_at=30615095.48691876,last_ttft=0.0527
DEBUG 08-14 23:24:47 replica.py:153] complete_request_prefill - replica_id=[0], request=481,self.replica_slo_budget-sum_pending_tokens==current_budget:True,1048576-0==1048576
DEBUG 08-14 23:24:47 replica.py:171] complete_request_decode:num_saved_toekens=416
DEBUG 08-14 23:24:47 open_ai.py:452] good request:https://uu722127-b80a-4e3f9d5d.cqa1.seetacloud.com:8443:good,request._id=469,input=56,output=415
DEBUG 08-14 23:24:47 metrics_store.py:131] update_metrics:request_id=469
DEBUG 08-14 23:24:47 shared.py:180] Removed task for request 469 on https://uu722127-b80a-4e3f9d5d.cqa1.seetacloud.com:8443
INFO 08-14 23:24:47 shared.py:299] Adding task for request 482 to replica 2,session_id=482
DEBUG 08-14 23:24:47 replica.py:226] add_request - replica_id=[2], request=482,self.replica_slo_budget-sum_pending_tokens==current_budget:True,1048576-31==1048545
INFO 08-14 23:24:47 open_ai.py:115] async_send_request:request._id=482,session=482,https://u722127-b80a-4e3f9d5d.cqa1.seetacloud.com:8443
DEBUG 08-14 23:24:47 replica.py:171] complete_request_decode:num_saved_toekens=256
DEBUG 08-14 23:24:47 open_ai.py:452] good request:127.0.0.1:8001:good,request._id=463,input=107,output=492
DEBUG 08-14 23:24:47 metrics_store.py:131] update_metrics:request_id=463
DEBUG 08-14 23:24:47 shared.py:180] Removed task for request 463 on 127.0.0.1:8001
DEBUG 08-14 23:24:47 open_ai.py:335] async_send_request: request finish prefill, 482
INFO 08-14 23:24:47 open_ai.py:352] async_send_request: prefill completed: req=482,replica_id=2
DEBUG 08-14 23:24:47 replica.py:146] complete_request_prefill: replica_id=[2], request=482, current_budget=31,last_prefill_completed_at=30615095.918861993,last_ttft=0.0959
DEBUG 08-14 23:24:47 replica.py:153] complete_request_prefill - replica_id=[2], request=482,self.replica_slo_budget-sum_pending_tokens==current_budget:True,1048576-0==1048576
DEBUG 08-14 23:24:47 replica.py:171] complete_request_decode:num_saved_toekens=320
DEBUG 08-14 23:24:47 open_ai.py:452] good request:127.0.0.1:8000:good,request._id=470,input=42,output=316
DEBUG 08-14 23:24:47 metrics_store.py:131] update_metrics:request_id=470
DEBUG 08-14 23:24:47 shared.py:180] Removed task for request 470 on 127.0.0.1:8000
INFO 08-14 23:24:48 shared.py:299] Adding task for request 483 to replica 0,session_id=483
DEBUG 08-14 23:24:48 replica.py:226] add_request - replica_id=[0], request=483,self.replica_slo_budget-sum_pending_tokens==current_budget:True,1048576-54==1048522
INFO 08-14 23:24:48 open_ai.py:115] async_send_request:request._id=483,session=483,127.0.0.1:8000
DEBUG 08-14 23:24:48 open_ai.py:335] async_send_request: request finish prefill, 483
INFO 08-14 23:24:48 open_ai.py:352] async_send_request: prefill completed: req=483,replica_id=0
DEBUG 08-14 23:24:48 replica.py:146] complete_request_prefill: replica_id=[0], request=483, current_budget=54,last_prefill_completed_at=30615096.274359506,last_ttft=0.049
DEBUG 08-14 23:24:48 replica.py:153] complete_request_prefill - replica_id=[0], request=483,self.replica_slo_budget-sum_pending_tokens==current_budget:True,1048576-0==1048576
DEBUG 08-14 23:24:48 replica.py:171] complete_request_decode:num_saved_toekens=192
DEBUG 08-14 23:24:48 open_ai.py:452] good request:https://u722127-b80a-4e3f9d5d.cqa1.seetacloud.com:8443:good,request._id=478,input=399,output=190
DEBUG 08-14 23:24:48 metrics_store.py:131] update_metrics:request_id=478
DEBUG 08-14 23:24:48 shared.py:180] Removed task for request 478 on https://u722127-b80a-4e3f9d5d.cqa1.seetacloud.com:8443
INFO 08-14 23:24:48 shared.py:299] Adding task for request 484 to replica 2,session_id=484
DEBUG 08-14 23:24:48 replica.py:226] add_request - replica_id=[2], request=484,self.replica_slo_budget-sum_pending_tokens==current_budget:True,1048576-47==1048529
INFO 08-14 23:24:48 open_ai.py:115] async_send_request:request._id=484,session=484,https://u722127-b80a-4e3f9d5d.cqa1.seetacloud.com:8443
DEBUG 08-14 23:24:48 open_ai.py:335] async_send_request: request finish prefill, 484
INFO 08-14 23:24:48 open_ai.py:352] async_send_request: prefill completed: req=484,replica_id=2
DEBUG 08-14 23:24:48 replica.py:146] complete_request_prefill: replica_id=[2], request=484, current_budget=47,last_prefill_completed_at=30615096.70349855,last_ttft=0.0874
DEBUG 08-14 23:24:48 replica.py:153] complete_request_prefill - replica_id=[2], request=484,self.replica_slo_budget-sum_pending_tokens==current_budget:True,1048576-0==1048576
INFO 08-14 23:24:48 shared.py:299] Adding task for request 485 to replica 3,session_id=485
DEBUG 08-14 23:24:48 replica.py:226] add_request - replica_id=[3], request=485,self.replica_slo_budget-sum_pending_tokens==current_budget:True,1048576-11==1048565
INFO 08-14 23:24:48 open_ai.py:115] async_send_request:request._id=485,session=485,https://uu722127-b80a-4e3f9d5d.cqa1.seetacloud.com:8443
DEBUG 08-14 23:24:48 open_ai.py:335] async_send_request: request finish prefill, 485
INFO 08-14 23:24:48 open_ai.py:352] async_send_request: prefill completed: req=485,replica_id=3
DEBUG 08-14 23:24:48 replica.py:146] complete_request_prefill: replica_id=[3], request=485, current_budget=11,last_prefill_completed_at=30615097.1353185,last_ttft=0.0952
DEBUG 08-14 23:24:48 replica.py:153] complete_request_prefill - replica_id=[3], request=485,self.replica_slo_budget-sum_pending_tokens==current_budget:True,1048576-0==1048576
INFO 08-14 23:24:49 shared.py:299] Adding task for request 486 to replica 1,session_id=486
DEBUG 08-14 23:24:49 replica.py:226] add_request - replica_id=[1], request=486,self.replica_slo_budget-sum_pending_tokens==current_budget:True,1048576-89==1048487
INFO 08-14 23:24:49 open_ai.py:115] async_send_request:request._id=486,session=486,127.0.0.1:8001
DEBUG 08-14 23:24:49 open_ai.py:335] async_send_request: request finish prefill, 486
INFO 08-14 23:24:49 open_ai.py:352] async_send_request: prefill completed: req=486,replica_id=1
DEBUG 08-14 23:24:49 replica.py:146] complete_request_prefill: replica_id=[1], request=486, current_budget=89,last_prefill_completed_at=30615097.451573968,last_ttft=0.0515
DEBUG 08-14 23:24:49 replica.py:153] complete_request_prefill - replica_id=[1], request=486,self.replica_slo_budget-sum_pending_tokens==current_budget:True,1048576-0==1048576
DEBUG 08-14 23:24:49 replica.py:171] complete_request_decode:num_saved_toekens=32
DEBUG 08-14 23:24:49 open_ai.py:452] good request:https://uu722127-b80a-4e3f9d5d.cqa1.seetacloud.com:8443:good,request._id=485,input=11,output=35
DEBUG 08-14 23:24:49 metrics_store.py:131] update_metrics:request_id=485
DEBUG 08-14 23:24:49 shared.py:180] Removed task for request 485 on https://uu722127-b80a-4e3f9d5d.cqa1.seetacloud.com:8443
INFO 08-14 23:24:49 shared.py:299] Adding task for request 487 to replica 3,session_id=487
DEBUG 08-14 23:24:49 replica.py:226] add_request - replica_id=[3], request=487,self.replica_slo_budget-sum_pending_tokens==current_budget:True,1048576-305==1048271
INFO 08-14 23:24:49 open_ai.py:115] async_send_request:request._id=487,session=487,https://uu722127-b80a-4e3f9d5d.cqa1.seetacloud.com:8443
DEBUG 08-14 23:24:49 open_ai.py:335] async_send_request: request finish prefill, 487
INFO 08-14 23:24:49 open_ai.py:352] async_send_request: prefill completed: req=487,replica_id=3
DEBUG 08-14 23:24:49 replica.py:146] complete_request_prefill: replica_id=[3], request=487, current_budget=305,last_prefill_completed_at=30615097.90125196,last_ttft=0.0879
DEBUG 08-14 23:24:49 replica.py:153] complete_request_prefill - replica_id=[3], request=487,self.replica_slo_budget-sum_pending_tokens==current_budget:True,1048576-0==1048576
INFO 08-14 23:24:50 shared.py:299] Adding task for request 488 to replica 0,session_id=488
DEBUG 08-14 23:24:50 replica.py:226] add_request - replica_id=[0], request=488,self.replica_slo_budget-sum_pending_tokens==current_budget:True,1048576-87==1048489
INFO 08-14 23:24:50 open_ai.py:115] async_send_request:request._id=488,session=488,127.0.0.1:8000
DEBUG 08-14 23:24:50 open_ai.py:335] async_send_request: request finish prefill, 488
INFO 08-14 23:24:50 open_ai.py:352] async_send_request: prefill completed: req=488,replica_id=0
DEBUG 08-14 23:24:50 replica.py:146] complete_request_prefill: replica_id=[0], request=488, current_budget=87,last_prefill_completed_at=30615098.27791074,last_ttft=0.0547
DEBUG 08-14 23:24:50 replica.py:153] complete_request_prefill - replica_id=[0], request=488,self.replica_slo_budget-sum_pending_tokens==current_budget:True,1048576-0==1048576
DEBUG 08-14 23:24:50 replica.py:171] complete_request_decode:num_saved_toekens=400
DEBUG 08-14 23:24:50 open_ai.py:452] good request:https://u722127-b80a-4e3f9d5d.cqa1.seetacloud.com:8443:good,request._id=476,input=50,output=405
DEBUG 08-14 23:24:50 metrics_store.py:131] update_metrics:request_id=476
DEBUG 08-14 23:24:50 shared.py:180] Removed task for request 476 on https://u722127-b80a-4e3f9d5d.cqa1.seetacloud.com:8443
DEBUG 08-14 23:24:50 replica.py:171] complete_request_decode:num_saved_toekens=400
DEBUG 08-14 23:24:50 open_ai.py:452] good request:127.0.0.1:8001:good,request._id=473,input=85,output=404
DEBUG 08-14 23:24:50 metrics_store.py:131] update_metrics:request_id=473
DEBUG 08-14 23:24:50 shared.py:180] Removed task for request 473 on 127.0.0.1:8001
INFO 08-14 23:24:50 shared.py:299] Adding task for request 489 to replica 2,session_id=489
DEBUG 08-14 23:24:50 replica.py:226] add_request - replica_id=[2], request=489,self.replica_slo_budget-sum_pending_tokens==current_budget:True,1048576-89==1048487
INFO 08-14 23:24:50 open_ai.py:115] async_send_request:request._id=489,session=489,https://u722127-b80a-4e3f9d5d.cqa1.seetacloud.com:8443
DEBUG 08-14 23:24:50 open_ai.py:335] async_send_request: request finish prefill, 489
INFO 08-14 23:24:50 open_ai.py:352] async_send_request: prefill completed: req=489,replica_id=2
DEBUG 08-14 23:24:50 replica.py:146] complete_request_prefill: replica_id=[2], request=489, current_budget=89,last_prefill_completed_at=30615098.68655848,last_ttft=0.0844
DEBUG 08-14 23:24:50 replica.py:153] complete_request_prefill - replica_id=[2], request=489,self.replica_slo_budget-sum_pending_tokens==current_budget:True,1048576-0==1048576
INFO 08-14 23:24:50 shared.py:299] Adding task for request 490 to replica 4,session_id=490
DEBUG 08-14 23:24:50 replica.py:226] add_request - replica_id=[4], request=490,self.replica_slo_budget-sum_pending_tokens==current_budget:True,1048576-33==1048543
INFO 08-14 23:24:50 open_ai.py:115] async_send_request:request._id=490,session=490,https://u722127-8cb5-f6dc13db.nmb1.seetacloud.com:8443
DEBUG 08-14 23:24:50 open_ai.py:335] async_send_request: request finish prefill, 490
INFO 08-14 23:24:50 open_ai.py:352] async_send_request: prefill completed: req=490,replica_id=4
DEBUG 08-14 23:24:50 replica.py:146] complete_request_prefill: replica_id=[4], request=490, current_budget=33,last_prefill_completed_at=30615099.10883253,last_ttft=0.1188
DEBUG 08-14 23:24:50 replica.py:153] complete_request_prefill - replica_id=[4], request=490,self.replica_slo_budget-sum_pending_tokens==current_budget:True,1048576-0==1048576
INFO 08-14 23:24:51 shared.py:299] Adding task for request 491 to replica 1,session_id=491
DEBUG 08-14 23:24:51 replica.py:226] add_request - replica_id=[1], request=491,self.replica_slo_budget-sum_pending_tokens==current_budget:True,1048576-817==1047759
INFO 08-14 23:24:51 open_ai.py:115] async_send_request:request._id=491,session=491,127.0.0.1:8001
DEBUG 08-14 23:24:51 open_ai.py:335] async_send_request: request finish prefill, 491
INFO 08-14 23:24:51 open_ai.py:352] async_send_request: prefill completed: req=491,replica_id=1
DEBUG 08-14 23:24:51 replica.py:146] complete_request_prefill: replica_id=[1], request=491, current_budget=817,last_prefill_completed_at=30615099.46258721,last_ttft=0.0599
DEBUG 08-14 23:24:51 replica.py:153] complete_request_prefill - replica_id=[1], request=491,self.replica_slo_budget-sum_pending_tokens==current_budget:True,1048576-0==1048576
INFO 08-14 23:24:51 shared.py:299] Adding task for request 492 to replica 2,session_id=492
DEBUG 08-14 23:24:51 replica.py:226] add_request - replica_id=[2], request=492,self.replica_slo_budget-sum_pending_tokens==current_budget:True,1048576-15==1048561
INFO 08-14 23:24:51 open_ai.py:115] async_send_request:request._id=492,session=492,https://u722127-b80a-4e3f9d5d.cqa1.seetacloud.com:8443
DEBUG 08-14 23:24:51 open_ai.py:335] async_send_request: request finish prefill, 492
INFO 08-14 23:24:51 open_ai.py:352] async_send_request: prefill completed: req=492,replica_id=2
DEBUG 08-14 23:24:51 replica.py:146] complete_request_prefill: replica_id=[2], request=492, current_budget=15,last_prefill_completed_at=30615099.873969983,last_ttft=0.0999
DEBUG 08-14 23:24:51 replica.py:153] complete_request_prefill - replica_id=[2], request=492,self.replica_slo_budget-sum_pending_tokens==current_budget:True,1048576-0==1048576
INFO 08-14 23:24:52 shared.py:299] Adding task for request 493 to replica 3,session_id=493
DEBUG 08-14 23:24:52 replica.py:226] add_request - replica_id=[3], request=493,self.replica_slo_budget-sum_pending_tokens==current_budget:True,1048576-58==1048518
INFO 08-14 23:24:52 open_ai.py:115] async_send_request:request._id=493,session=493,https://uu722127-b80a-4e3f9d5d.cqa1.seetacloud.com:8443
DEBUG 08-14 23:24:52 open_ai.py:335] async_send_request: request finish prefill, 493
INFO 08-14 23:24:52 open_ai.py:352] async_send_request: prefill completed: req=493,replica_id=3
DEBUG 08-14 23:24:52 replica.py:146] complete_request_prefill: replica_id=[3], request=493, current_budget=58,last_prefill_completed_at=30615100.27933439,last_ttft=0.0872
DEBUG 08-14 23:24:52 replica.py:153] complete_request_prefill - replica_id=[3], request=493,self.replica_slo_budget-sum_pending_tokens==current_budget:True,1048576-0==1048576
INFO 08-14 23:24:52 shared.py:299] Adding task for request 494 to replica 0,session_id=494
DEBUG 08-14 23:24:52 replica.py:226] add_request - replica_id=[0], request=494,self.replica_slo_budget-sum_pending_tokens==current_budget:True,1048576-14==1048562
INFO 08-14 23:24:52 open_ai.py:115] async_send_request:request._id=494,session=494,127.0.0.1:8000
DEBUG 08-14 23:24:52 open_ai.py:335] async_send_request: request finish prefill, 494
INFO 08-14 23:24:52 open_ai.py:352] async_send_request: prefill completed: req=494,replica_id=0
DEBUG 08-14 23:24:52 replica.py:146] complete_request_prefill: replica_id=[0], request=494, current_budget=14,last_prefill_completed_at=30615100.677506004,last_ttft=0.0535
DEBUG 08-14 23:24:52 replica.py:153] complete_request_prefill - replica_id=[0], request=494,self.replica_slo_budget-sum_pending_tokens==current_budget:True,1048576-0==1048576
DEBUG 08-14 23:24:52 replica.py:171] complete_request_decode:num_saved_toekens=800
DEBUG 08-14 23:24:52 open_ai.py:452] good request:https://uu722127-b80a-4e3f9d5d.cqa1.seetacloud.com:8443:good,request._id=471,input=186,output=791
DEBUG 08-14 23:24:52 metrics_store.py:131] update_metrics:request_id=471
DEBUG 08-14 23:24:52 shared.py:180] Removed task for request 471 on https://uu722127-b80a-4e3f9d5d.cqa1.seetacloud.com:8443
INFO 08-14 23:24:52 shared.py:299] Adding task for request 495 to replica 4,session_id=495
DEBUG 08-14 23:24:52 replica.py:226] add_request - replica_id=[4], request=495,self.replica_slo_budget-sum_pending_tokens==current_budget:True,1048576-45==1048531
INFO 08-14 23:24:52 open_ai.py:115] async_send_request:request._id=495,session=495,https://u722127-8cb5-f6dc13db.nmb1.seetacloud.com:8443
DEBUG 08-14 23:24:52 open_ai.py:335] async_send_request: request finish prefill, 495
INFO 08-14 23:24:52 open_ai.py:352] async_send_request: prefill completed: req=495,replica_id=4
DEBUG 08-14 23:24:52 replica.py:146] complete_request_prefill: replica_id=[4], request=495, current_budget=45,last_prefill_completed_at=30615101.104080524,last_ttft=0.095
DEBUG 08-14 23:24:52 replica.py:153] complete_request_prefill - replica_id=[4], request=495,self.replica_slo_budget-sum_pending_tokens==current_budget:True,1048576-0==1048576
DEBUG 08-14 23:24:53 replica.py:171] complete_request_decode:num_saved_toekens=416
DEBUG 08-14 23:24:53 open_ai.py:452] good request:127.0.0.1:8001:good,request._id=480,input=15,output=404
DEBUG 08-14 23:24:53 metrics_store.py:131] update_metrics:request_id=480
DEBUG 08-14 23:24:53 shared.py:180] Removed task for request 480 on 127.0.0.1:8001
DEBUG 08-14 23:24:53 replica.py:171] complete_request_decode:num_saved_toekens=528
DEBUG 08-14 23:24:53 open_ai.py:452] good request:127.0.0.1:8000:good,request._id=475,input=10,output=522
DEBUG 08-14 23:24:53 metrics_store.py:131] update_metrics:request_id=475
DEBUG 08-14 23:24:53 shared.py:180] Removed task for request 475 on 127.0.0.1:8000
INFO 08-14 23:24:53 shared.py:299] Adding task for request 496 to replica 2,session_id=496
DEBUG 08-14 23:24:53 replica.py:226] add_request - replica_id=[2], request=496,self.replica_slo_budget-sum_pending_tokens==current_budget:True,1048576-903==1047673
INFO 08-14 23:24:53 open_ai.py:115] async_send_request:request._id=496,session=496,https://u722127-b80a-4e3f9d5d.cqa1.seetacloud.com:8443
DEBUG 08-14 23:24:53 open_ai.py:335] async_send_request: request finish prefill, 496
INFO 08-14 23:24:53 open_ai.py:352] async_send_request: prefill completed: req=496,replica_id=2
DEBUG 08-14 23:24:53 replica.py:146] complete_request_prefill: replica_id=[2], request=496, current_budget=903,last_prefill_completed_at=30615101.55458604,last_ttft=0.12
DEBUG 08-14 23:24:53 replica.py:153] complete_request_prefill - replica_id=[2], request=496,self.replica_slo_budget-sum_pending_tokens==current_budget:True,1048576-0==1048576
INFO 08-14 23:24:53 shared.py:299] Adding task for request 497 to replica 0,session_id=497
DEBUG 08-14 23:24:53 replica.py:226] add_request - replica_id=[0], request=497,self.replica_slo_budget-sum_pending_tokens==current_budget:True,1048576-52==1048524
INFO 08-14 23:24:53 open_ai.py:115] async_send_request:request._id=497,session=497,127.0.0.1:8000
DEBUG 08-14 23:24:53 open_ai.py:335] async_send_request: request finish prefill, 497
INFO 08-14 23:24:53 open_ai.py:352] async_send_request: prefill completed: req=497,replica_id=0
DEBUG 08-14 23:24:53 replica.py:146] complete_request_prefill: replica_id=[0], request=497, current_budget=52,last_prefill_completed_at=30615101.891686726,last_ttft=0.0545
DEBUG 08-14 23:24:53 replica.py:153] complete_request_prefill - replica_id=[0], request=497,self.replica_slo_budget-sum_pending_tokens==current_budget:True,1048576-0==1048576
DEBUG 08-14 23:24:53 replica.py:171] complete_request_decode:num_saved_toekens=496
DEBUG 08-14 23:24:53 open_ai.py:452] good request:https://u722127-b80a-4e3f9d5d.cqa1.seetacloud.com:8443:good,request._id=482,input=31,output=496
DEBUG 08-14 23:24:53 metrics_store.py:131] update_metrics:request_id=482
DEBUG 08-14 23:24:53 shared.py:180] Removed task for request 482 on https://u722127-b80a-4e3f9d5d.cqa1.seetacloud.com:8443
DEBUG 08-14 23:24:53 replica.py:171] complete_request_decode:num_saved_toekens=448
DEBUG 08-14 23:24:53 open_ai.py:452] good request:https://u722127-b80a-4e3f9d5d.cqa1.seetacloud.com:8443:good,request._id=484,input=47,output=433
DEBUG 08-14 23:24:53 metrics_store.py:131] update_metrics:request_id=484
DEBUG 08-14 23:24:53 shared.py:180] Removed task for request 484 on https://u722127-b80a-4e3f9d5d.cqa1.seetacloud.com:8443
INFO 08-14 23:24:54 shared.py:299] Adding task for request 498 to replica 3,session_id=498
DEBUG 08-14 23:24:54 replica.py:226] add_request - replica_id=[3], request=498,self.replica_slo_budget-sum_pending_tokens==current_budget:True,1048576-161==1048415
INFO 08-14 23:24:54 open_ai.py:115] async_send_request:request._id=498,session=498,https://uu722127-b80a-4e3f9d5d.cqa1.seetacloud.com:8443
DEBUG 08-14 23:24:54 open_ai.py:335] async_send_request: request finish prefill, 498
INFO 08-14 23:24:54 open_ai.py:352] async_send_request: prefill completed: req=498,replica_id=3
DEBUG 08-14 23:24:54 replica.py:146] complete_request_prefill: replica_id=[3], request=498, current_budget=161,last_prefill_completed_at=30615102.35093268,last_ttft=0.1008
DEBUG 08-14 23:24:54 replica.py:153] complete_request_prefill - replica_id=[3], request=498,self.replica_slo_budget-sum_pending_tokens==current_budget:True,1048576-0==1048576
INFO 08-14 23:24:54 shared.py:299] Adding task for request 499 to replica 3,session_id=499
DEBUG 08-14 23:24:54 replica.py:226] add_request - replica_id=[3], request=499,self.replica_slo_budget-sum_pending_tokens==current_budget:True,1048576-123==1048453
INFO 08-14 23:24:54 open_ai.py:115] async_send_request:request._id=499,session=499,https://uu722127-b80a-4e3f9d5d.cqa1.seetacloud.com:8443
DEBUG 08-14 23:24:54 replica.py:171] complete_request_decode:num_saved_toekens=432
DEBUG 08-14 23:24:54 open_ai.py:452] good request:https://u722127-8cb5-f6dc13db.nmb1.seetacloud.com:8443:good,request._id=474,input=61,output=432
DEBUG 08-14 23:24:54 metrics_store.py:131] update_metrics:request_id=474
DEBUG 08-14 23:24:54 shared.py:180] Removed task for request 474 on https://u722127-8cb5-f6dc13db.nmb1.seetacloud.com:8443
DEBUG 08-14 23:24:54 open_ai.py:335] async_send_request: request finish prefill, 499
INFO 08-14 23:24:54 open_ai.py:352] async_send_request: prefill completed: req=499,replica_id=3
DEBUG 08-14 23:24:54 replica.py:146] complete_request_prefill: replica_id=[3], request=499, current_budget=123,last_prefill_completed_at=30615102.73427868,last_ttft=0.0952
DEBUG 08-14 23:24:54 replica.py:153] complete_request_prefill - replica_id=[3], request=499,self.replica_slo_budget-sum_pending_tokens==current_budget:True,1048576-0==1048576
DEBUG 08-14 23:24:54 replica.py:171] complete_request_decode:num_saved_toekens=368
DEBUG 08-14 23:24:54 open_ai.py:452] good request:https://u722127-b80a-4e3f9d5d.cqa1.seetacloud.com:8443:good,request._id=489,input=89,output=361
DEBUG 08-14 23:24:54 metrics_store.py:131] update_metrics:request_id=489
DEBUG 08-14 23:24:54 shared.py:180] Removed task for request 489 on https://u722127-b80a-4e3f9d5d.cqa1.seetacloud.com:8443
DEBUG 08-14 23:24:55 replica.py:171] complete_request_decode:num_saved_toekens=384
DEBUG 08-14 23:24:55 open_ai.py:452] good request:127.0.0.1:8001:good,request._id=486,input=89,output=386
DEBUG 08-14 23:24:55 metrics_store.py:131] update_metrics:request_id=486
DEBUG 08-14 23:24:55 shared.py:180] Removed task for request 486 on 127.0.0.1:8001
DEBUG 08-14 23:24:55 replica.py:171] complete_request_decode:num_saved_toekens=480
DEBUG 08-14 23:24:55 open_ai.py:452] good request:https://uu722127-b80a-4e3f9d5d.cqa1.seetacloud.com:8443:good,request._id=487,input=305,output=480
DEBUG 08-14 23:24:55 metrics_store.py:131] update_metrics:request_id=487
DEBUG 08-14 23:24:55 shared.py:180] Removed task for request 487 on https://uu722127-b80a-4e3f9d5d.cqa1.seetacloud.com:8443
DEBUG 08-14 23:24:55 replica.py:171] complete_request_decode:num_saved_toekens=128
DEBUG 08-14 23:24:55 open_ai.py:452] good request:https://uu722127-b80a-4e3f9d5d.cqa1.seetacloud.com:8443:good,request._id=498,input=161,output=128
DEBUG 08-14 23:24:55 metrics_store.py:131] update_metrics:request_id=498
DEBUG 08-14 23:24:55 shared.py:180] Removed task for request 498 on https://uu722127-b80a-4e3f9d5d.cqa1.seetacloud.com:8443
DEBUG 08-14 23:24:56 replica.py:171] complete_request_decode:num_saved_toekens=1024
DEBUG 08-14 23:24:56 open_ai.py:452] good request:https://u722127-b80a-4e3f9d5d.cqa1.seetacloud.com:8443:good,request._id=472,input=18,output=1025
DEBUG 08-14 23:24:56 metrics_store.py:131] update_metrics:request_id=472
DEBUG 08-14 23:24:56 shared.py:180] Removed task for request 472 on https://u722127-b80a-4e3f9d5d.cqa1.seetacloud.com:8443
DEBUG 08-14 23:24:57 replica.py:171] complete_request_decode:num_saved_toekens=624
DEBUG 08-14 23:24:57 open_ai.py:452] good request:127.0.0.1:8000:good,request._id=481,input=46,output=618
DEBUG 08-14 23:24:57 metrics_store.py:131] update_metrics:request_id=481
DEBUG 08-14 23:24:57 shared.py:180] Removed task for request 481 on 127.0.0.1:8000
DEBUG 08-14 23:24:57 replica.py:171] complete_request_decode:num_saved_toekens=432
DEBUG 08-14 23:24:57 open_ai.py:452] good request:https://uu722127-b80a-4e3f9d5d.cqa1.seetacloud.com:8443:good,request._id=493,input=58,output=431
DEBUG 08-14 23:24:57 metrics_store.py:131] update_metrics:request_id=493
DEBUG 08-14 23:24:57 shared.py:180] Removed task for request 493 on https://uu722127-b80a-4e3f9d5d.cqa1.seetacloud.com:8443
DEBUG 08-14 23:24:57 replica.py:171] complete_request_decode:num_saved_toekens=480
DEBUG 08-14 23:24:57 open_ai.py:452] good request:https://u722127-b80a-4e3f9d5d.cqa1.seetacloud.com:8443:good,request._id=492,input=15,output=474
DEBUG 08-14 23:24:57 metrics_store.py:131] update_metrics:request_id=492
DEBUG 08-14 23:24:57 shared.py:180] Removed task for request 492 on https://u722127-b80a-4e3f9d5d.cqa1.seetacloud.com:8443
DEBUG 08-14 23:24:58 replica.py:171] complete_request_decode:num_saved_toekens=640
DEBUG 08-14 23:24:58 open_ai.py:452] good request:127.0.0.1:8000:good,request._id=483,input=54,output=639
DEBUG 08-14 23:24:58 metrics_store.py:131] update_metrics:request_id=483
DEBUG 08-14 23:24:58 shared.py:180] Removed task for request 483 on 127.0.0.1:8000
DEBUG 08-14 23:24:59 replica.py:171] complete_request_decode:num_saved_toekens=384
DEBUG 08-14 23:24:59 open_ai.py:452] good request:https://uu722127-b80a-4e3f9d5d.cqa1.seetacloud.com:8443:good,request._id=499,input=123,output=378
DEBUG 08-14 23:24:59 metrics_store.py:131] update_metrics:request_id=499
DEBUG 08-14 23:24:59 shared.py:180] Removed task for request 499 on https://uu722127-b80a-4e3f9d5d.cqa1.seetacloud.com:8443
DEBUG 08-14 23:25:00 replica.py:171] complete_request_decode:num_saved_toekens=784
DEBUG 08-14 23:25:00 open_ai.py:452] good request:https://u722127-8cb5-f6dc13db.nmb1.seetacloud.com:8443:good,request._id=467,input=213,output=789
DEBUG 08-14 23:25:00 metrics_store.py:131] update_metrics:request_id=467
DEBUG 08-14 23:25:00 shared.py:180] Removed task for request 467 on https://u722127-8cb5-f6dc13db.nmb1.seetacloud.com:8443
DEBUG 08-14 23:25:01 replica.py:171] complete_request_decode:num_saved_toekens=544
DEBUG 08-14 23:25:01 open_ai.py:452] good request:127.0.0.1:8000:good,request._id=494,input=14,output=539
DEBUG 08-14 23:25:01 metrics_store.py:131] update_metrics:request_id=494
DEBUG 08-14 23:25:01 shared.py:180] Removed task for request 494 on 127.0.0.1:8000
DEBUG 08-14 23:25:02 replica.py:171] complete_request_decode:num_saved_toekens=496
DEBUG 08-14 23:25:02 open_ai.py:452] good request:https://u722127-8cb5-f6dc13db.nmb1.seetacloud.com:8443:good,request._id=490,input=33,output=496
DEBUG 08-14 23:25:02 metrics_store.py:131] update_metrics:request_id=490
DEBUG 08-14 23:25:02 shared.py:180] Removed task for request 490 on https://u722127-8cb5-f6dc13db.nmb1.seetacloud.com:8443
DEBUG 08-14 23:25:04 replica.py:171] complete_request_decode:num_saved_toekens=848
DEBUG 08-14 23:25:04 open_ai.py:452] good request:127.0.0.1:8001:good,request._id=491,input=817,output=860
DEBUG 08-14 23:25:04 metrics_store.py:131] update_metrics:request_id=491
DEBUG 08-14 23:25:04 shared.py:180] Removed task for request 491 on 127.0.0.1:8001
DEBUG 08-14 23:25:05 replica.py:171] complete_request_decode:num_saved_toekens=1024
DEBUG 08-14 23:25:05 open_ai.py:452] good request:https://u722127-b80a-4e3f9d5d.cqa1.seetacloud.com:8443:good,request._id=496,input=903,output=1025
DEBUG 08-14 23:25:05 metrics_store.py:131] update_metrics:request_id=496
DEBUG 08-14 23:25:05 shared.py:180] Removed task for request 496 on https://u722127-b80a-4e3f9d5d.cqa1.seetacloud.com:8443
DEBUG 08-14 23:25:06 replica.py:171] complete_request_decode:num_saved_toekens=768
DEBUG 08-14 23:25:06 open_ai.py:452] good request:127.0.0.1:8000:good,request._id=497,input=52,output=776
DEBUG 08-14 23:25:06 metrics_store.py:131] update_metrics:request_id=497
DEBUG 08-14 23:25:06 shared.py:180] Removed task for request 497 on 127.0.0.1:8000
DEBUG 08-14 23:25:06 replica.py:171] complete_request_decode:num_saved_toekens=1024
DEBUG 08-14 23:25:06 open_ai.py:452] good request:127.0.0.1:8000:good,request._id=488,input=87,output=1025
DEBUG 08-14 23:25:06 metrics_store.py:131] update_metrics:request_id=488
DEBUG 08-14 23:25:06 shared.py:180] Removed task for request 488 on 127.0.0.1:8000
DEBUG 08-14 23:25:11 replica.py:171] complete_request_decode:num_saved_toekens=832
DEBUG 08-14 23:25:11 open_ai.py:452] good request:https://u722127-8cb5-f6dc13db.nmb1.seetacloud.com:8443:good,request._id=495,input=45,output=824
DEBUG 08-14 23:25:11 metrics_store.py:131] update_metrics:request_id=495
DEBUG 08-14 23:25:11 shared.py:180] Removed task for request 495 on https://u722127-8cb5-f6dc13db.nmb1.seetacloud.com:8443
INFO 08-14 23:25:14 run_cluster.py:404] Validation passed: rows=500 successes=500 unique=500
